tick,name,pos_x,pos_y,pos_z,vel_x,vel_y,vel_z,yaw,grounded,fx_count,kudos,combo,nitro,riskboost,takedowns,skill_driver,crashbreaker,airspeed,air_lift,rotor_rpm,rotor_lift,fuel,cannon,missiles,lock,cargo,av_lock,threat,engine_dead,ctrl_loss,mission_score,medal,wing_score,shield,laser,heat,tank_left,tank_right,turret_yaw,turret_elev,tank_ammo,tank_fired,tank_pen,tank_effective,tank_spall,crew_shock,crew_alive,module_last,platoon_order,platoon_score
0,tank4_tiger_89,0,0,0,0,-5,0,0,0,0,0,0,50,0,0,0,0,0,0,0,0,0,0,0,0,0,0,0,0,0,0,0,0,100,100,0,0,0,0,0,0,0,0,0,0,0,4,-1,0,0
1,tank4_tiger_89,0,0,0,0,-4,0,0,0,0,0,0,50,0,0,0,0,0,0,0,0,0,0,0,0,0,0,0,0,0,0,0,0,100,100,0,0,0,0,0,0,0,0,0,0,0,4,-1,0,0
2,tank4_tiger_89,0,-1,0,0,-4,0,0,0,0,0,0,50,0,0,0,0,0,0,0,0,0,0,0,0,0,0,0,0,0,0,0,0,100,100,0,0,0,0,0,0,0,0,0,0,0,4,-1,0,0
3,tank4_tiger_89,0,-2,0,0,-3,1,0,0,0,0,0,50,0,0,0,0,0,0,0,0,0,0,0,0,0,0,0,0,0,0,0,0,100,100,0,0,0,0,0,0,0,0,0,0,0,4,-1,0,0
4,tank4_tiger_89,0,-3,1,0,-3,1,0,0,0,0,0,50,0,0,0,0,0,0,0,0,0,0,0,0,0,0,0,0,0,0,0,0,100,100,0,0,0,0,0,0,0,0,0,0,0,4,-1,0,0
5,tank4_tiger_89,0,-4,1,0,-2,1,0,0,0,0,0,51,0,0,0,0,0,0,0,0,0,0,0,0,0,0,0,0,0,0,0,0,100,100,0,0,0,0,0,0,0,0,0,0,0,4,-1,0,0
6,tank4_tiger_89,0,-5,1,0,-2,1,0,0,0,0,0,51,0,0,0,0,0,0,0,0,0,0,0,0,0,0,0,0,0,0,0,0,100,100,0,0,0,0,0,0,0,0,0,0,0,4,-1,0,0
7,tank4_tiger_89,0,-5,2,0,-2,1,0,0,0,0,0,51,0,0,0,0,0,0,0,0,0,0,0,0,0,0,0,0,0,0,0,0,100,100,0,0,0,0,0,0,0,0,0,0,0,4,-1,0,0
8,tank4_tiger_89,0,-6,2,0,-1,2,0,0,0,0,0,51,0,0,0,0,0,0,0,0,0,0,0,0,0,0,0,0,0,0,0,0,100,100,0,0,0,0,0,0,0,0,0,0,0,4,-1,0,0
9,tank4_tiger_89,0,-6,3,0,-1,2,0,0,0,0,0,51,0,0,0,0,0,0,0,0,0,0,0,0,0,0,0,0,0,0,0,0,100,100,0,0,0,0,0,0,0,0,0,0,0,4,-1,0,0
10,tank4_tiger_89,0,-7,4,0,-1,2,0,0,0,0,0,52,0,0,0,0,0,0,0,0,0,0,0,0,0,0,0,0,0,0,0,0,100,100,0,0,0,0,0,0,0,0,0,0,0,4,-1,0,0
11,tank4_tiger_89,0,-7,4,0,-1,2,0,0,0,0,0,52,0,0,0,0,0,0,0,0,0,0,0,0,0,0,0,0,0,0,0,0,100,100,0,0,0,0,0,0,0,0,0,0,0,4,-1,0,0
12,tank4_tiger_89,0,-7,5,0,-1,2,0,0,0,0,0,52,0,0,0,0,0,0,0,0,0,0,0,0,0,0,0,0,0,0,0,0,100,100,0,0,0,0,0,0,0,0,0,0,0,4,-1,0,0
13,tank4_tiger_89,0,-7,6,0,0,2,0,0,0,0,0,52,0,0,0,0,0,0,0,0,0,0,0,0,0,0,0,0,0,0,0,0,100,100,0,0,0,0,0,0,0,0,0,0,0,4,-1,0,0
14,tank4_tiger_89,0,-8,6,0,0,2,0,0,0,0,0,52,0,0,0,0,0,0,0,0,0,0,0,0,0,0,0,0,0,0,0,0,100,100,0,0,0,0,0,0,0,0,0,0,0,4,-1,0,0
15,tank4_tiger_89,0,-8,7,0,0,2,0,0,0,0,0,53,0,0,0,0,0,0,0,0,0,0,0,0,0,0,0,0,0,0,0,0,100,100,0,0,0,0,0,0,0,0,0,0,0,4,-1,0,0
16,tank4_tiger_89,0,-8,8,0,0,3,0,0,0,0,0,53,0,0,0,0,0,0,0,0,0,0,0,0,0,0,0,0,0,0,0,0,100,100,0,0,0,0,0,0,0,0,0,0,0,4,-1,0,0
17,tank4_tiger_89,0,-8,9,0,0,3,0,0,0,0,0,53,0,0,0,0,0,0,0,0,0,0,0,0,0,0,0,0,0,0,0,0,100,100,0,0,0,0,0,0,0,0,0,0,0,4,-1,0,0
18,tank4_tiger_89,0,-8,10,0,0,3,0,0,0,0,0,53,0,0,0,0,0,0,0,0,0,0,0,0,0,0,0,0,0,0,0,0,100,100,0,0,0,0,0,0,0,0,0,0,0,4,-1,0,0
19,tank4_tiger_89,0,-8,11,0,0,3,0,0,0,0,0,53,0,0,0,0,0,0,0,0,0,0,0,0,0,0,0,0,0,0,0,0,100,100,0,0,0,0,0,0,0,0,0,0,0,4,-1,0,0
20,tank4_tiger_89,0,-7,12,0,0,3,0,0,0,0,0,53,0,0,0,0,0,0,0,0,0,0,0,0,0,0,0,0,0,0,0,0,100,100,0,0,0,0,0,1,0,0,0,0,0,4,-1,0,0
21,tank4_tiger_89,0,-7,13,0,0,3,0,0,0,0,0,54,0,0,0,0,0,0,0,0,0,0,0,0,0,0,0,0,0,0,0,0,100,100,0,0,0,0,0,1,0,0,0,0,0,4,-1,0,0
22,tank4_tiger_89,0,-7,14,0,0,3,0,0,0,0,0,54,0,0,0,0,0,0,0,0,0,0,0,0,0,0,0,0,0,0,0,0,100,100,0,0,0,0,0,1,0,0,0,0,0,4,-1,0,0
23,tank4_tiger_89,0,-7,14,0,0,3,0,0,0,0,0,54,0,0,0,0,0,0,0,0,0,0,0,0,0,0,0,0,0,0,0,0,100,100,0,0,0,0,0,1,0,0,0,0,0,4,-1,0,0
24,tank4_tiger_89,0,-7,15,0,0,3,0,0,0,0,0,54,0,0,0,0,0,0,0,0,0,0,0,0,0,0,0,0,0,0,0,0,100,100,0,0,0,0,0,1,0,0,0,0,0,4,-1,0,0
25,tank4_tiger_89,0,-7,16,0,0,3,0,0,0,0,0,54,0,0,0,0,0,0,0,0,0,0,0,0,0,0,0,0,0,0,0,0,100,100,0,0,0,0,0,1,0,0,0,0,0,4,-1,0,0
26,tank4_tiger_89,0,-7,18,0,0,3,0,0,0,0,0,55,0,0,0,0,0,0,0,0,0,0,0,0,0,0,0,0,0,0,0,0,100,100,0,0,0,0,0,1,0,0,0,0,0,4,-1,0,0
27,tank4_tiger_89,0,-7,19,0,0,3,0,0,0,0,0,55,0,0,0,0,0,0,0,0,0,0,0,0,0,0,0,0,0,0,0,0,100,100,0,0,0,0,0,1,0,0,0,0,0,4,-1,0,0
28,tank4_tiger_89,0,-7,20,0,0,3,0,0,0,0,0,55,0,0,0,0,0,0,0,0,0,0,0,0,0,0,0,0,0,0,0,0,100,100,0,0,0,0,0,1,0,0,0,0,0,4,-1,0,0
29,tank4_tiger_89,0,-8,21,0,0,3,0,0,0,0,0,55,0,0,0,0,0,0,0,0,0,0,0,0,0,0,0,0,0,0,0,0,100,100,0,0,0,0,0,1,0,0,0,0,0,4,-1,0,0
30,tank4_tiger_89,0,-8,22,0,0,4,0,0,0,0,0,55,0,0,0,0,0,0,0,0,0,0,0,0,0,0,0,0,0,0,0,0,100,100,0,0,0,0,0,1,0,0,0,0,0,4,-1,0,0
31,tank4_tiger_89,0,-8,23,0,0,4,0,0,0,0,0,56,0,0,0,0,0,0,0,0,0,0,0,0,0,0,0,0,0,0,0,0,100,100,0,0,0,0,0,1,0,0,0,0,0,4,-1,0,0
32,tank4_tiger_89,0,-8,24,0,0,4,0,0,0,0,0,56,0,0,0,0,0,0,0,0,0,0,0,0,0,0,0,0,0,0,0,0,100,100,0,0,0,0,0,1,0,0,0,0,0,4,-1,0,0
33,tank4_tiger_89,0,-8,25,0,0,4,0,0,0,0,0,56,0,0,0,0,0,0,0,0,0,0,0,0,0,0,0,0,0,0,0,0,100,100,0,0,0,0,0,1,0,0,0,0,0,4,-1,0,0
34,tank4_tiger_89,0,-8,26,0,0,4,0,0,0,0,0,56,0,0,0,0,0,0,0,0,0,0,0,0,0,0,0,0,0,0,0,0,100,100,0,0,0,0,0,1,0,0,0,0,0,4,-1,0,0
35,tank4_tiger_89,0,-7,27,0,0,4,0,0,0,0,0,56,0,0,0,0,0,0,0,0,0,0,0,0,0,0,0,0,0,0,0,0,100,100,0,0,0,0,0,1,0,0,0,0,0,4,-1,0,0
36,tank4_tiger_89,0,-7,28,0,0,4,0,0,0,0,0,56,0,0,0,0,0,0,0,0,0,0,0,0,0,0,0,0,0,0,0,0,100,100,0,0,0,0,0,1,0,0,0,0,0,4,-1,0,0
37,tank4_tiger_89,0,-7,29,0,0,4,0,0,0,0,0,57,0,0,0,0,0,0,0,0,0,0,0,0,0,0,0,0,0,0,0,0,100,100,0,0,0,0,0,1,0,0,0,0,0,4,-1,0,0
38,tank4_tiger_89,0,-7,31,0,0,4,0,0,0,0,0,57,0,0,0,0,0,0,0,0,0,0,0,0,0,0,0,0,0,0,0,0,100,100,0,0,0,0,0,1,0,0,0,0,0,4,-1,0,0
39,tank4_tiger_89,0,-7,32,0,0,4,0,0,0,0,0,57,0,0,0,0,0,0,0,0,0,0,0,0,0,0,0,0,0,0,0,0,100,100,0,0,0,0,0,1,0,0,0,0,0,4,-1,0,0
40,tank4_tiger_89,0,-7,33,0,0,4,0,0,0,0,0,57,0,0,0,0,0,0,0,0,0,0,0,0,0,0,0,0,0,0,0,0,100,100,0,0,0,0,0,1,0,0,0,0,0,4,-1,1,0
41,tank4_tiger_89,0,-7,34,0,0,4,0,0,0,0,0,57,0,0,0,0,0,0,0,0,0,0,0,0,0,0,0,0,0,0,0,0,100,100,0,0,0,0,0,1,0,0,0,0,0,4,-1,1,0
42,tank4_tiger_89,0,-7,35,0,0,4,0,0,0,0,0,58,0,0,0,0,0,0,0,0,0,0,0,0,0,0,0,0,0,0,0,0,100,100,0,0,0,0,0,1,0,0,0,0,0,4,-1,1,0
43,tank4_tiger_89,0,-7,36,0,0,4,0,0,0,0,0,58,0,0,0,0,0,0,0,0,0,0,0,0,0,0,0,0,0,0,0,0,100,100,0,0,0,0,0,1,0,0,0,0,0,4,-1,1,0
44,tank4_tiger_89,0,-8,38,0,0,4,0,0,0,0,0,58,0,0,0,0,0,0,0,0,0,0,0,0,0,0,0,0,0,0,0,0,100,100,0,0,0,0,0,1,0,0,0,0,0,4,-1,1,0
45,tank4_tiger_89,0,-8,39,0,0,4,0,0,0,0,0,58,0,0,0,0,0,0,0,0,0,0,0,0,0,0,0,0,0,0,0,0,100,100,0,0,0,0,0,1,0,0,0,0,0,4,-1,1,0
46,tank4_tiger_89,0,-8,40,0,0,4,0,0,0,0,0,58,0,0,0,0,0,0,0,0,0,0,0,0,0,0,0,0,0,0,0,0,100,100,0,0,0,0,0,1,0,0,0,0,0,4,-1,1,0
47,tank4_tiger_89,0,-8,41,0,0,4,0,0,0,0,0,59,0,0,0,0,0,0,0,0,0,0,0,0,0,0,0,0,0,0,0,0,100,100,0,0,0,0,0,1,0,0,0,0,0,4,-1,1,0
48,tank4_tiger_89,0,-8,42,0,0,4,0,0,0,0,0,59,0,0,0,0,0,0,0,0,0,0,0,0,0,0,0,0,0,0,0,0,100,100,0,0,0,0,0,1,0,0,0,0,0,4,-1,1,0
49,tank4_tiger_89,0,-8,43,0,0,4,0,0,0,0,0,59,0,0,0,0,0,0,0,0,0,0,0,0,0,0,0,0,0,0,0,0,100,100,0,0,0,0,0,1,0,0,0,0,0,4,-1,1,0
50,tank4_tiger_89,0,-7,45,0,0,4,0,0,0,0,0,59,0,0,0,0,0,0,0,0,0,0,0,0,0,0,0,0,0,0,0,0,100,100,0,0,0,0,0,1,0,0,0,0,0,4,-1,1,0
51,tank4_tiger_89,0,-7,46,0,0,4,0,0,0,0,0,59,0,0,0,0,0,0,0,0,0,0,0,0,0,0,0,0,0,0,0,0,100,100,0,0,0,0,0,1,0,0,0,0,0,4,-1,1,0
52,tank4_tiger_89,0,-7,47,0,0,4,0,0,0,0,0,59,0,0,0,0,0,0,0,0,0,0,0,0,0,0,0,0,0,0,0,0,100,100,0,0,0,0,0,1,0,0,0,0,0,4,-1,1,0
53,tank4_tiger_89,0,-7,48,0,0,4,0,0,0,0,0,60,0,0,0,0,0,0,0,0,0,0,0,0,0,0,0,0,0,0,0,0,100,100,0,0,0,0,0,1,0,0,0,0,0,4,-1,1,0
54,tank4_tiger_89,0,-7,49,0,0,4,0,0,0,0,0,60,0,0,0,0,0,0,0,0,0,0,0,0,0,0,0,0,0,0,0,0,100,100,0,0,0,0,0,1,0,0,0,0,0,4,-1,1,0
55,tank4_tiger_89,0,-7,51,0,0,4,0,0,0,0,0,60,0,0,0,0,0,0,0,0,0,0,0,0,0,0,0,0,0,0,0,0,100,100,0,0,0,0,0,1,0,0,0,0,0,4,-1,1,0
56,tank4_tiger_89,0,-7,52,0,0,4,0,0,0,0,0,60,0,0,0,0,0,0,0,0,0,0,0,0,0,0,0,0,0,0,0,0,100,100,0,0,0,0,0,1,0,0,0,0,0,4,-1,1,0
57,tank4_tiger_89,0,-7,53,0,0,4,0,0,0,0,0,60,0,0,0,0,0,0,0,0,0,0,0,0,0,0,0,0,0,0,0,0,100,100,0,0,0,0,0,1,0,0,0,0,0,4,-1,1,0
58,tank4_tiger_89,0,-8,54,0,0,4,0,0,0,0,0,61,0,0,0,0,0,0,0,0,0,0,0,0,0,0,0,0,0,0,0,0,100,100,0,0,0,0,0,1,0,0,0,0,0,4,-1,1,0
59,tank4_tiger_89,0,-8,56,0,0,4,0,0,0,0,0,61,0,0,0,0,0,0,0,0,0,0,0,0,0,0,0,0,0,0,0,0,100,100,0,0,0,0,0,1,0,0,0,0,0,4,-1,1,0
60,tank4_tiger_89,0,-8,57,0,0,4,0,0,0,0,0,61,0,0,0,0,0,0,0,0,0,0,0,0,0,0,0,0,0,0,0,0,100,100,0,0,0,0,0,1,0,0,0,0,0,4,-1,1,0
61,tank4_tiger_89,0,-8,58,0,0,4,0,0,0,0,0,61,0,0,0,0,0,0,0,0,0,0,0,0,0,0,0,0,0,0,0,0,100,100,0,0,0,0,0,1,0,0,0,0,0,4,-1,1,0
62,tank4_tiger_89,0,-8,59,0,0,4,0,0,0,0,0,61,0,0,0,0,0,0,0,0,0,0,0,0,0,0,0,0,0,0,0,0,100,100,0,0,0,0,0,1,0,0,0,0,0,4,-1,1,0
63,tank4_tiger_89,0,-8,60,0,0,4,0,0,0,0,0,62,0,0,0,0,0,0,0,0,0,0,0,0,0,0,0,0,0,0,0,0,100,100,0,0,0,0,0,1,0,0,0,0,0,4,-1,1,0
64,tank4_tiger_89,0,-7,62,0,0,4,0,0,0,0,0,62,0,0,0,0,0,0,0,0,0,0,0,0,0,0,0,0,0,0,0,0,100,100,0,0,0,0,0,1,0,0,0,0,0,4,-1,1,0
65,tank4_tiger_89,0,-7,63,0,0,4,0,0,0,0,0,62,0,0,0,0,0,0,0,0,0,0,0,0,0,0,0,0,0,0,0,0,100,100,0,0,0,0,0,1,0,0,0,0,0,4,-1,1,0
66,tank4_tiger_89,0,-7,64,0,0,4,0,0,0,0,0,62,0,0,0,0,0,0,0,0,0,0,0,0,0,0,0,0,0,0,0,0,100,100,0,0,0,0,0,1,0,0,0,0,0,4,-1,1,0
67,tank4_tiger_89,0,-7,65,0,0,4,0,0,0,0,0,62,0,0,0,0,0,0,0,0,0,0,0,0,0,0,0,0,0,0,0,0,100,100,0,0,0,0,0,1,0,0,0,0,0,4,-1,1,0
68,tank4_tiger_89,0,-7,67,0,0,4,0,0,0,0,0,62,0,0,0,0,0,0,0,0,0,0,0,0,0,0,0,0,0,0,0,0,100,100,0,0,0,0,0,1,0,0,0,0,0,4,-1,1,0
69,tank4_tiger_89,0,-7,68,0,0,4,0,0,0,0,0,63,0,0,0,0,0,0,0,0,0,0,0,0,0,0,0,0,0,0,0,0,100,100,0,0,0,0,0,1,0,0,0,0,0,4,-1,1,0
70,tank4_tiger_89,0,-7,69,0,0,4,0,0,2,0,0,63,0,0,0,0,0,0,0,0,0,0,0,0,0,0,0,0,0,0,0,0,100,100,0,0,0,0,0,1,1,0,147,0,0,4,-1,1,1
71,tank4_tiger_89,0,-7,70,0,0,4,0,0,0,0,0,63,0,0,0,0,0,0,0,0,0,0,0,0,0,0,0,0,0,0,0,0,100,100,0,0,0,0,-5,1,0,0,147,0,0,4,-1,1,1
72,tank4_tiger_89,0,-8,71,0,0,4,0,0,0,0,0,63,0,0,0,0,0,0,0,0,0,0,0,0,0,0,0,0,0,0,0,0,100,100,0,0,0,0,-9,1,0,0,147,0,0,4,-1,1,1
73,tank4_tiger_89,0,-8,73,0,0,4,0,0,0,0,0,63,0,0,0,0,0,0,0,0,0,0,0,0,0,0,0,0,0,0,0,0,100,100,0,0,0,0,-12,1,0,0,147,0,0,4,-1,1,1
74,tank4_tiger_89,0,-8,74,0,0,4,0,0,0,0,0,64,0,0,0,0,0,0,0,0,0,0,0,0,0,0,0,0,0,0,0,0,100,100,0,0,0,0,-14,1,0,0,147,0,0,4,-1,1,1
75,tank4_tiger_89,0,-8,75,0,0,4,0,0,0,0,0,64,0,0,0,0,0,0,0,0,0,0,0,0,0,0,0,0,0,0,0,0,100,100,0,0,0,0,-15,1,0,0,147,0,0,4,-1,1,1
76,tank4_tiger_89,0,-8,76,0,0,4,0,0,0,0,0,64,0,0,0,0,0,0,0,0,0,0,0,0,0,0,0,0,0,0,0,0,100,100,0,0,0,0,-15,1,0,0,147,0,0,4,-1,1,1
77,tank4_tiger_89,0,-8,78,0,0,4,0,0,0,0,0,64,0,0,0,0,0,0,0,0,0,0,0,0,0,0,0,0,0,0,0,0,100,100,0,0,0,0,-15,1,0,0,147,0,0,4,-1,1,1
78,tank4_tiger_89,0,-7,79,0,0,4,0,0,0,0,0,64,0,0,0,0,0,0,0,0,0,0,0,0,0,0,0,0,0,0,0,0,100,100,0,0,0,0,-15,1,0,0,147,0,0,4,-1,1,1
79,tank4_tiger_89,0,-7,80,0,0,4,0,0,0,0,0,65,0,0,0,0,0,0,0,0,0,0,0,0,0,0,0,0,0,0,0,0,100,100,0,0,0,0,-15,1,0,0,147,0,0,4,-1,1,1
80,tank4_tiger_89,0,-7,81,0,0,4,0,0,0,0,0,65,0,0,0,0,0,0,0,0,0,0,0,0,0,0,0,0,0,0,0,0,100,100,0,0,0,0,-15,1,0,0,147,0,0,4,-1,1,1
81,tank4_tiger_89,0,-7,82,0,0,4,0,0,0,0,0,65,0,0,0,0,0,0,0,0,0,0,0,0,0,0,0,0,0,0,0,0,100,100,0,0,0,0,-15,1,0,0,147,0,0,4,-1,1,1
82,tank4_tiger_89,0,-7,84,0,0,4,0,0,0,0,0,65,0,0,0,0,0,0,0,0,0,0,0,0,0,0,0,0,0,0,0,0,100,100,0,0,0,0,-15,1,0,0,147,0,0,4,-1,1,1
83,tank4_tiger_89,0,-7,85,0,0,4,0,0,0,0,0,65,0,0,0,0,0,0,0,0,0,0,0,0,0,0,0,0,0,0,0,0,100,100,0,0,0,0,-15,1,0,0,147,0,0,4,-1,1,1
84,tank4_tiger_89,0,-7,86,0,0,4,0,0,0,0,0,65,0,0,0,0,0,0,0,0,0,0,0,0,0,0,0,0,0,0,0,0,100,100,0,0,0,0,-15,1,0,0,147,0,0,4,-1,1,1
85,tank4_tiger_89,0,-8,87,0,0,4,0,0,0,0,0,66,0,0,0,0,0,0,0,0,0,0,0,0,0,0,0,0,0,0,0,0,100,100,0,0,0,0,-15,1,0,0,147,0,0,4,-1,1,1
86,tank4_tiger_89,0,-8,89,0,0,4,0,0,0,0,0,66,0,0,0,0,0,0,0,0,0,0,0,0,0,0,0,0,0,0,0,0,100,100,0,0,0,0,-15,1,0,0,147,0,0,4,-1,1,1
87,tank4_tiger_89,0,-8,90,0,0,4,0,0,0,0,0,66,0,0,0,0,0,0,0,0,0,0,0,0,0,0,0,0,0,0,0,0,100,100,0,0,0,0,-15,1,0,0,147,0,0,4,-1,1,1
88,tank4_tiger_89,0,-8,91,0,0,4,0,0,0,0,0,66,0,0,0,0,0,0,0,0,0,0,0,0,0,0,0,0,0,0,0,0,100,100,0,0,0,0,-15,1,0,0,147,0,0,4,-1,1,1
89,tank4_tiger_89,0,-8,92,0,0,4,0,0,0,0,0,66,0,0,0,0,0,0,0,0,0,0,0,0,0,0,0,0,0,0,0,0,100,100,0,0,0,0,-15,1,0,0,147,0,0,4,-1,1,1
90,tank4_tiger_89,0,-8,94,0,0,4,0,0,0,0,0,67,0,0,0,0,0,0,0,0,0,0,0,0,0,0,0,0,0,0,0,0,100,100,0,0,0,0,-15,1,0,0,147,0,0,4,-1,1,1
91,tank4_tiger_89,0,-7,95,0,0,4,0,0,0,0,0,67,0,0,0,0,0,0,0,0,0,0,0,0,0,0,0,0,0,0,0,0,100,100,0,0,0,0,-15,1,0,0,147,0,0,4,-1,1,1
92,tank4_tiger_89,0,-7,96,0,0,4,0,0,0,0,0,67,0,0,0,0,0,0,0,0,0,0,0,0,0,0,0,0,0,0,0,0,100,100,0,0,0,0,-15,1,0,0,147,0,0,4,-1,1,1
93,tank4_tiger_89,0,-7,97,0,0,4,0,0,0,0,0,67,0,0,0,0,0,0,0,0,0,0,0,0,0,0,0,0,0,0,0,0,100,100,0,0,0,0,-15,1,0,0,147,0,0,4,-1,1,1
94,tank4_tiger_89,0,-7,98,0,0,4,0,0,0,0,0,67,0,0,0,0,0,0,0,0,0,0,0,0,0,0,0,0,0,0,0,0,100,100,0,0,0,0,-15,1,0,0,147,0,0,4,-1,1,1
95,tank4_tiger_89,0,-7,100,0,0,4,0,0,0,0,0,68,0,0,0,0,0,0,0,0,0,0,0,0,0,0,0,0,0,0,0,0,100,100,0,0,0,0,-15,1,0,0,147,0,0,4,-1,1,1
96,tank4_tiger_89,0,-7,101,0,0,4,0,0,0,0,0,68,0,0,0,0,0,0,0,0,0,0,0,0,0,0,0,0,0,0,0,0,100,100,0,0,0,0,-15,1,0,0,147,0,0,4,-1,1,1
97,tank4_tiger_89,0,-7,102,0,0,4,0,0,0,0,0,68,0,0,0,0,0,0,0,0,0,0,0,0,0,0,0,0,0,0,0,0,100,100,0,0,0,0,-15,1,0,0,147,0,0,4,-1,1,1
98,tank4_tiger_89,0,-7,103,0,0,4,0,0,0,0,0,68,0,0,0,0,0,0,0,0,0,0,0,0,0,0,0,0,0,0,0,0,100,100,0,0,0,0,-15,1,0,0,147,0,0,4,-1,1,1
99,tank4_tiger_89,0,-8,105,0,0,4,0,0,0,0,0,68,0,0,0,0,0,0,0,0,0,0,0,0,0,0,0,0,0,0,0,0,100,100,0,0,0,0,-15,1,0,0,147,0,0,4,-1,1,1
100,tank4_tiger_89,0,-8,106,0,0,4,0,0,0,0,0,68,0,0,0,0,0,0,0,0,0,0,0,0,0,0,0,0,0,0,0,0,100,100,0,0,0,0,-15,1,0,0,147,0,0,4,-1,1,1
101,tank4_tiger_89,0,-8,107,0,0,4,0,0,0,0,0,69,0,0,0,0,0,0,0,0,0,0,0,0,0,0,0,0,0,0,0,0,100,100,0,0,0,0,-15,1,0,0,147,0,0,4,-1,1,1
102,tank4_tiger_89,0,-8,108,0,0,4,0,0,0,0,0,69,0,0,0,0,0,0,0,0,0,0,0,0,0,0,0,0,0,0,0,0,100,100,0,0,0,0,-15,1,0,0,147,0,0,4,-1,1,1
103,tank4_tiger_89,0,-8,110,0,0,4,0,0,0,0,0,69,0,0,0,0,0,0,0,0,0,0,0,0,0,0,0,0,0,0,0,0,100,100,0,0,0,0,-15,1,0,0,147,0,0,4,-1,1,1
104,tank4_tiger_89,0,-7,111,0,0,4,0,0,0,0,0,69,0,0,0,0,0,0,0,0,0,0,0,0,0,0,0,0,0,0,0,0,100,100,0,0,0,0,-15,1,0,0,147,0,0,4,-1,1,1
105,tank4_tiger_89,0,-7,112,0,0,4,0,0,0,0,0,69,0,0,0,0,0,0,0,0,0,0,0,0,0,0,0,0,0,0,0,0,100,100,0,0,0,0,-15,1,0,0,147,0,0,4,-1,1,1
106,tank4_tiger_89,0,-7,113,0,0,4,0,0,0,0,0,70,0,0,0,0,0,0,0,0,0,0,0,0,0,0,0,0,0,0,0,0,100,100,0,0,0,0,-15,1,0,0,147,0,0,4,-1,1,1
107,tank4_tiger_89,0,-7,115,0,0,4,0,0,0,0,0,70,0,0,0,0,0,0,0,0,0,0,0,0,0,0,0,0,0,0,0,0,100,100,0,0,0,0,-15,1,0,0,147,0,0,4,-1,1,1
108,tank4_tiger_89,0,-7,116,0,0,4,0,0,0,0,0,70,0,0,0,0,0,0,0,0,0,0,0,0,0,0,0,0,0,0,0,0,100,100,0,0,0,0,-15,1,0,0,147,0,0,4,-1,1,1
109,tank4_tiger_89,0,-7,117,0,0,4,0,0,0,0,0,70,0,0,0,0,0,0,0,0,0,0,0,0,0,0,0,0,0,0,0,0,100,100,0,0,0,0,-15,1,0,0,147,0,0,4,-1,1,1
110,tank4_tiger_89,0,-7,118,0,0,4,0,0,0,0,0,70,0,0,0,0,0,0,0,0,0,0,0,0,0,0,0,0,0,0,0,0,100,100,0,0,0,0,-15,1,0,0,147,0,0,4,-1,1,1
111,tank4_tiger_89,0,-7,119,0,0,4,0,0,0,0,0,71,0,0,0,0,0,0,0,0,0,0,0,0,0,0,0,0,0,0,0,0,100,100,0,0,0,0,-15,1,0,0,147,0,0,4,-1,1,1
112,tank4_tiger_89,0,-8,121,0,0,4,0,0,0,0,0,71,0,0,0,0,0,0,0,0,0,0,0,0,0,0,0,0,0,0,0,0,100,100,0,0,0,0,-15,1,0,0,147,0,0,4,-1,1,1
113,tank4_tiger_89,0,-8,122,0,0,4,0,0,0,0,0,71,0,0,0,0,0,0,0,0,0,0,0,0,0,0,0,0,0,0,0,0,100,100,0,0,0,0,-15,1,0,0,147,0,0,4,-1,1,1
114,tank4_tiger_89,0,-8,123,0,0,4,0,0,0,0,0,71,0,0,0,0,0,0,0,0,0,0,0,0,0,0,0,0,0,0,0,0,100,100,0,0,0,0,-15,1,0,0,147,0,0,4,-1,1,1
115,tank4_tiger_89,0,-8,124,0,0,4,0,0,0,0,0,71,0,0,0,0,0,0,0,0,0,0,0,0,0,0,0,0,0,0,0,0,100,100,0,0,0,0,-15,1,0,0,147,0,0,4,-1,1,1
116,tank4_tiger_89,0,-8,126,0,0,4,0,0,0,0,0,71,0,0,0,0,0,0,0,0,0,0,0,0,0,0,0,0,0,0,0,0,100,100,0,0,0,0,-15,1,0,0,147,0,0,4,-1,1,1
117,tank4_tiger_89,0,-7,127,0,0,4,0,0,0,0,0,72,0,0,0,0,0,0,0,0,0,0,0,0,0,0,0,0,0,0,0,0,100,100,0,0,0,0,-15,1,0,0,147,0,0,4,-1,1,1
118,tank4_tiger_89,0,-7,128,0,0,4,0,0,0,0,0,72,0,0,0,0,0,0,0,0,0,0,0,0,0,0,0,0,0,0,0,0,100,100,0,0,0,0,-15,1,0,0,147,0,0,4,-1,1,1
119,tank4_tiger_89,0,-7,129,0,0,4,0,0,0,0,0,72,0,0,0,0,0,0,0,0,0,0,0,0,0,0,0,0,0,0,0,0,100,100,0,0,0,0,-15,1,0,0,147,0,0,4,-1,1,1
120,tank4_tiger_89,0,-7,131,0,0,4,0,0,0,0,0,72,0,0,0,0,0,0,0,0,0,0,0,0,0,0,0,0,0,0,0,0,100,100,0,0,0,0,-15,1,0,0,147,0,0,4,-1,1,1
121,tank4_tiger_89,0,-7,132,0,0,4,0,0,0,0,0,72,0,0,0,0,0,0,0,0,0,0,0,0,0,0,0,0,0,0,0,0,100,100,0,0,0,0,-15,1,0,0,147,0,0,4,-1,1,1
122,tank4_tiger_89,0,-7,133,0,0,4,0,0,0,0,0,73,0,0,0,0,0,0,0,0,0,0,0,0,0,0,0,0,0,0,0,0,100,100,0,0,0,0,-15,1,0,0,147,0,0,4,-1,1,1
123,tank4_tiger_89,0,-7,134,0,0,4,0,0,0,0,0,73,0,0,0,0,0,0,0,0,0,0,0,0,0,0,0,0,0,0,0,0,100,100,0,0,0,0,-15,1,0,0,147,0,0,4,-1,1,1
124,tank4_tiger_89,0,-7,136,0,0,4,0,0,0,0,0,73,0,0,0,0,0,0,0,0,0,0,0,0,0,0,0,0,0,0,0,0,100,100,0,0,0,0,-15,1,0,0,147,0,0,4,-1,1,1
125,tank4_tiger_89,0,-8,137,0,0,4,0,0,0,0,0,73,0,0,0,0,0,0,0,0,0,0,0,0,0,0,0,0,0,0,0,0,100,100,0,0,0,0,-15,1,0,0,147,0,0,4,-1,1,1
126,tank4_tiger_89,0,-8,138,0,0,4,0,0,0,0,0,73,0,0,0,0,0,0,0,0,0,0,0,0,0,0,0,0,0,0,0,0,100,100,0,0,0,0,-15,1,0,0,147,0,0,4,-1,1,1
127,tank4_tiger_89,0,-8,139,0,0,4,0,0,0,0,0,74,0,0,0,0,0,0,0,0,0,0,0,0,0,0,0,0,0,0,0,0,100,100,0,0,0,0,-15,1,0,0,147,0,0,4,-1,1,1
128,tank4_tiger_89,0,-8,140,0,0,4,0,0,0,0,0,74,0,0,0,0,0,0,0,0,0,0,0,0,0,0,0,0,0,0,0,0,100,100,0,0,0,0,-15,1,0,0,147,0,0,4,-1,1,1
129,tank4_tiger_89,0,-8,142,0,0,4,0,0,0,0,0,74,0,0,0,0,0,0,0,0,0,0,0,0,0,0,0,0,0,0,0,0,100,100,0,0,0,0,-15,1,0,0,147,0,0,4,-1,1,1
130,tank4_tiger_89,0,-7,143,0,0,4,0,0,0,0,0,74,0,0,0,0,0,0,0,0,0,0,0,0,0,0,0,0,0,0,0,0,100,100,0,0,0,0,-15,1,0,0,147,0,0,4,-1,1,1
131,tank4_tiger_89,0,-7,144,0,0,4,0,0,0,0,0,74,0,0,0,0,0,0,0,0,0,0,0,0,0,0,0,0,0,0,0,0,100,100,0,0,0,0,-15,1,0,0,147,0,0,4,-1,1,1
132,tank4_tiger_89,0,-7,145,0,0,4,0,0,0,0,0,74,0,0,0,0,0,0,0,0,0,0,0,0,0,0,0,0,0,0,0,0,100,100,0,0,0,0,-15,1,0,0,147,0,0,4,-1,1,1
133,tank4_tiger_89,0,-7,147,0,0,4,0,0,0,0,0,75,0,0,0,0,0,0,0,0,0,0,0,0,0,0,0,0,0,0,0,0,100,100,0,0,0,0,-15,1,0,0,147,0,0,4,-1,1,1
134,tank4_tiger_89,0,-7,148,0,0,4,0,0,0,0,0,75,0,0,0,0,0,0,0,0,0,0,0,0,0,0,0,0,0,0,0,0,100,100,0,0,0,0,-15,1,0,0,147,0,0,4,-1,1,1
135,tank4_tiger_89,0,-7,149,0,0,4,0,0,0,0,0,75,0,0,0,0,0,0,0,0,0,0,0,0,0,0,0,0,0,0,0,0,100,100,0,0,0,0,-15,1,0,0,147,0,0,4,-1,1,1
136,tank4_tiger_89,0,-7,150,0,0,4,0,0,0,0,0,75,0,0,0,0,0,0,0,0,0,0,0,0,0,0,0,0,0,0,0,0,100,100,0,0,0,0,-15,1,0,0,147,0,0,4,-1,1,1
137,tank4_tiger_89,0,-7,152,0,0,4,0,0,0,0,0,75,0,0,0,0,0,0,0,0,0,0,0,0,0,0,0,0,0,0,0,0,100,100,0,0,0,0,-15,1,0,0,147,0,0,4,-1,1,1
138,tank4_tiger_89,0,-7,153,0,0,4,0,0,0,0,0,76,0,0,0,0,0,0,0,0,0,0,0,0,0,0,0,0,0,0,0,0,100,100,0,0,0,0,-15,1,0,0,147,0,0,4,-1,1,1
139,tank4_tiger_89,0,-8,154,0,0,4,0,0,0,0,0,76,0,0,0,0,0,0,0,0,0,0,0,0,0,0,0,0,0,0,0,0,100,100,0,0,0,0,-15,1,0,0,147,0,0,4,-1,1,1
140,tank4_tiger_89,0,-8,155,0,0,4,0,0,0,0,0,76,0,0,0,0,0,0,0,0,0,0,0,0,0,0,0,0,0,0,0,0,100,100,0,0,0,0,-15,1,0,0,147,0,0,4,-1,1,1
141,tank4_tiger_89,0,-8,156,0,0,4,0,0,0,0,0,76,0,0,0,0,0,0,0,0,0,0,0,0,0,0,0,0,0,0,0,0,100,100,0,0,0,0,-15,1,0,0,147,0,0,4,-1,1,1
142,tank4_tiger_89,0,-8,158,0,0,4,0,0,0,0,0,76,0,0,0,0,0,0,0,0,0,0,0,0,0,0,0,0,0,0,0,0,100,100,0,0,0,0,-15,1,0,0,147,0,0,4,-1,1,1
143,tank4_tiger_89,0,-8,159,0,0,4,0,0,0,0,0,77,0,0,0,0,0,0,0,0,0,0,0,0,0,0,0,0,0,0,0,0,100,100,0,0,0,0,-15,1,0,0,147,0,0,4,-1,1,1
144,tank4_tiger_89,0,-7,160,0,0,4,0,0,0,0,0,77,0,0,0,0,0,0,0,0,0,0,0,0,0,0,0,0,0,0,0,0,100,100,0,0,0,0,-15,1,0,0,147,0,0,4,-1,1,1
145,tank4_tiger_89,0,-7,161,0,0,4,0,0,0,0,0,77,0,0,0,0,0,0,0,0,0,0,0,0,0,0,0,0,0,0,0,0,100,100,0,0,0,0,-15,1,0,0,147,0,0,4,-1,1,1
146,tank4_tiger_89,0,-7,163,0,0,4,0,0,0,0,0,77,0,0,0,0,0,0,0,0,0,0,0,0,0,0,0,0,0,0,0,0,100,100,0,0,0,0,-15,1,0,0,147,0,0,4,-1,1,1
147,tank4_tiger_89,0,-7,164,0,0,4,0,0,0,0,0,77,0,0,0,0,0,0,0,0,0,0,0,0,0,0,0,0,0,0,0,0,100,100,0,0,0,0,-15,1,0,0,147,0,0,4,-1,1,1
148,tank4_tiger_89,0,-7,165,0,0,4,0,0,0,0,0,77,0,0,0,0,0,0,0,0,0,0,0,0,0,0,0,0,0,0,0,0,100,100,0,0,0,0,-15,1,0,0,147,0,0,4,-1,1,1
149,tank4_tiger_89,0,-7,166,0,0,4,0,0,0,0,0,78,0,0,0,0,0,0,0,0,0,0,0,0,0,0,0,0,0,0,0,0,100,100,0,0,0,0,-15,1,0,0,147,0,0,4,-1,1,1
150,tank4_tiger_89,0,-7,168,0,0,4,0,0,0,0,0,78,0,0,0,0,0,0,0,0,0,0,0,0,0,0,0,0,0,0,0,0,100,100,0,0,0,0,-15,1,0,0,147,0,0,4,-1,1,1
151,tank4_tiger_89,0,-7,169,0,0,4,0,0,0,0,0,78,0,0,0,0,0,0,0,0,0,0,0,0,0,0,0,0,0,0,0,0,100,100,0,0,0,0,-15,1,0,0,147,0,0,4,-1,1,1
152,tank4_tiger_89,0,-7,170,0,0,4,0,0,0,0,0,78,0,0,0,0,0,0,0,0,0,0,0,0,0,0,0,0,0,0,0,0,100,100,0,0,0,0,-15,1,0,0,147,0,0,4,-1,1,1
153,tank4_tiger_89,0,-7,171,0,0,4,0,0,0,0,0,78,0,0,0,0,0,0,0,0,0,0,0,0,0,0,0,0,0,0,0,0,100,100,0,0,0,0,-15,1,0,0,147,0,0,4,-1,1,1
154,tank4_tiger_89,0,-8,173,0,0,4,0,0,0,0,0,79,0,0,0,0,0,0,0,0,0,0,0,0,0,0,0,0,0,0,0,0,100,100,0,0,0,0,-15,1,0,0,147,0,0,4,-1,1,1
155,tank4_tiger_89,0,-8,174,0,0,4,0,0,0,0,0,79,0,0,0,0,0,0,0,0,0,0,0,0,0,0,0,0,0,0,0,0,100,100,0,0,0,0,-15,1,0,0,147,0,0,4,-1,1,1
156,tank4_tiger_89,0,-8,175,0,0,4,0,0,0,0,0,79,0,0,0,0,0,0,0,0,0,0,0,0,0,0,0,0,0,0,0,0,100,100,0,0,0,0,-15,1,0,0,147,0,0,4,-1,1,1
157,tank4_tiger_89,0,-8,176,0,0,4,0,0,0,0,0,79,0,0,0,0,0,0,0,0,0,0,0,0,0,0,0,0,0,0,0,0,100,100,0,0,0,0,-15,1,0,0,147,0,0,4,-1,1,1
158,tank4_tiger_89,0,-7,177,0,0,4,0,0,0,0,0,79,0,0,0,0,0,0,0,0,0,0,0,0,0,0,0,0,0,0,0,0,100,100,0,0,0,0,-15,1,0,0,147,0,0,4,-1,1,1
159,tank4_tiger_89,0,-7,179,0,0,4,0,0,0,0,0,80,0,0,0,0,0,0,0,0,0,0,0,0,0,0,0,0,0,0,0,0,100,100,0,0,0,0,-15,1,0,0,147,0,0,4,-1,1,1
160,tank4_tiger_89,0,-7,180,0,0,4,0,0,0,0,0,80,0,0,0,0,0,0,0,0,0,0,0,0,0,0,0,0,0,0,0,0,100,100,0,0,0,0,-15,1,0,0,147,0,0,4,-1,1,1
161,tank4_tiger_89,0,-7,181,0,0,4,0,0,0,0,0,80,0,0,0,0,0,0,0,0,0,0,0,0,0,0,0,0,0,0,0,0,100,100,0,0,0,0,-15,1,0,0,147,0,0,4,-1,1,1
162,tank4_tiger_89,0,-7,182,0,0,4,0,0,0,0,0,80,0,0,0,0,0,0,0,0,0,0,0,0,0,0,0,0,0,0,0,0,100,100,0,0,0,0,-15,1,0,0,147,0,0,4,-1,1,1
163,tank4_tiger_89,0,-7,184,0,0,4,0,0,0,0,0,80,0,0,0,0,0,0,0,0,0,0,0,0,0,0,0,0,0,0,0,0,100,100,0,0,0,0,-15,1,0,0,147,0,0,4,-1,1,1
164,tank4_tiger_89,0,-7,185,0,0,4,0,0,0,0,0,80,0,0,0,0,0,0,0,0,0,0,0,0,0,0,0,0,0,0,0,0,100,100,0,0,0,0,-15,1,0,0,147,0,0,4,-1,1,1
165,tank4_tiger_89,0,-7,186,0,0,4,0,0,0,0,0,81,0,0,0,0,0,0,0,0,0,0,0,0,0,0,0,0,0,0,0,0,100,100,0,0,0,0,-15,1,0,0,147,0,0,4,-1,1,1
166,tank4_tiger_89,0,-7,187,0,0,4,0,0,0,0,0,81,0,0,0,0,0,0,0,0,0,0,0,0,0,0,0,0,0,0,0,0,100,100,0,0,0,0,-15,1,0,0,147,0,0,4,-1,1,1
167,tank4_tiger_89,0,-7,189,0,0,4,0,0,0,0,0,81,0,0,0,0,0,0,0,0,0,0,0,0,0,0,0,0,0,0,0,0,100,100,0,0,0,0,-15,1,0,0,147,0,0,4,-1,1,1
168,tank4_tiger_89,0,-8,190,0,0,4,0,0,0,0,0,81,0,0,0,0,0,0,0,0,0,0,0,0,0,0,0,0,0,0,0,0,100,100,0,0,0,0,-15,1,0,0,147,0,0,4,-1,1,1
169,tank4_tiger_89,0,-8,191,0,0,4,0,0,0,0,0,81,0,0,0,0,0,0,0,0,0,0,0,0,0,0,0,0,0,0,0,0,100,100,0,0,0,0,-15,1,0,0,147,0,0,4,-1,1,1
170,tank4_tiger_89,0,-7,192,0,0,4,0,0,0,0,0,82,0,0,0,0,0,0,0,0,0,0,0,0,0,0,0,0,0,0,0,0,100,100,0,0,0,0,-15,1,0,0,147,0,0,4,-1,1,1
171,tank4_tiger_89,0,-7,194,0,0,4,0,0,0,0,0,82,0,0,0,0,0,0,0,0,0,0,0,0,0,0,0,0,0,0,0,0,100,100,0,0,0,0,-15,1,0,0,147,0,0,4,-1,1,1
172,tank4_tiger_89,0,-7,195,0,0,4,0,0,0,0,0,82,0,0,0,0,0,0,0,0,0,0,0,0,0,0,0,0,0,0,0,0,100,100,0,0,0,0,-15,1,0,0,147,0,0,4,-1,1,1
173,tank4_tiger_89,0,-7,196,0,0,4,0,0,0,0,0,82,0,0,0,0,0,0,0,0,0,0,0,0,0,0,0,0,0,0,0,0,100,100,0,0,0,0,-15,1,0,0,147,0,0,4,-1,1,1
174,tank4_tiger_89,0,-7,197,0,0,4,0,0,0,0,0,82,0,0,0,0,0,0,0,0,0,0,0,0,0,0,0,0,0,0,0,0,100,100,0,0,0,0,-15,1,0,0,147,0,0,4,-1,1,1
175,tank4_tiger_89,0,-7,198,0,0,4,0,0,0,0,0,83,0,0,0,0,0,0,0,0,0,0,0,0,0,0,0,0,0,0,0,0,100,100,0,0,0,0,-15,1,0,0,147,0,0,4,-1,1,1
176,tank4_tiger_89,0,-7,200,0,0,4,0,0,0,0,0,83,0,0,0,0,0,0,0,0,0,0,0,0,0,0,0,0,0,0,0,0,100,100,0,0,0,0,-15,1,0,0,147,0,0,4,-1,1,1
177,tank4_tiger_89,0,-7,201,0,0,4,0,0,0,0,0,83,0,0,0,0,0,0,0,0,0,0,0,0,0,0,0,0,0,0,0,0,100,100,0,0,0,0,-15,1,0,0,147,0,0,4,-1,1,1
178,tank4_tiger_89,0,-7,202,0,0,4,0,0,0,0,0,83,0,0,0,0,0,0,0,0,0,0,0,0,0,0,0,0,0,0,0,0,100,100,0,0,0,0,-15,1,0,0,147,0,0,4,-1,1,1
179,tank4_tiger_89,0,-7,203,0,0,4,0,0,0,0,0,83,0,0,0,0,0,0,0,0,0,0,0,0,0,0,0,0,0,0,0,0,100,100,0,0,0,0,-15,1,0,0,147,0,0,4,-1,1,1
180,tank4_tiger_89,0,-7,205,0,0,4,0,0,0,0,0,83,0,0,0,0,0,0,0,0,0,0,0,0,0,0,0,0,0,0,0,0,100,100,0,0,0,0,-15,1,0,0,147,0,0,4,-1,1,1
181,tank4_tiger_89,0,-7,206,0,0,4,0,0,0,0,0,84,0,0,0,0,0,0,0,0,0,0,0,0,0,0,0,0,0,0,0,0,100,100,0,0,0,0,-15,1,0,0,147,0,0,4,-1,1,1
182,tank4_tiger_89,0,-7,207,0,0,4,0,0,0,0,0,84,0,0,0,0,0,0,0,0,0,0,0,0,0,0,0,0,0,0,0,0,100,100,0,0,0,0,-15,1,0,0,147,0,0,4,-1,1,1
183,tank4_tiger_89,0,-7,208,0,0,4,0,0,0,0,0,84,0,0,0,0,0,0,0,0,0,0,0,0,0,0,0,0,0,0,0,0,100,100,0,0,0,0,-15,1,0,0,147,0,0,4,-1,1,1
184,tank4_tiger_89,0,-7,210,0,0,4,0,0,0,0,0,84,0,0,0,0,0,0,0,0,0,0,0,0,0,0,0,0,0,0,0,0,100,100,0,0,0,0,-15,1,0,0,147,0,0,4,-1,1,1
185,tank4_tiger_89,0,-7,211,0,0,4,0,0,0,0,0,84,0,0,0,0,0,0,0,0,0,0,0,0,0,0,0,0,0,0,0,0,100,100,0,0,0,0,-15,1,0,0,147,0,0,4,-1,1,1
186,tank4_tiger_89,0,-7,212,0,0,4,0,0,0,0,0,85,0,0,0,0,0,0,0,0,0,0,0,0,0,0,0,0,0,0,0,0,100,100,0,0,0,0,-15,1,0,0,147,0,0,4,-1,1,1
187,tank4_tiger_89,0,-7,213,0,0,4,0,0,0,0,0,85,0,0,0,0,0,0,0,0,0,0,0,0,0,0,0,0,0,0,0,0,100,100,0,0,0,0,-15,1,0,0,147,0,0,4,-1,1,1
188,tank4_tiger_89,0,-7,215,0,0,4,0,0,0,0,0,85,0,0,0,0,0,0,0,0,0,0,0,0,0,0,0,0,0,0,0,0,100,100,0,0,0,0,-15,1,0,0,147,0,0,4,-1,1,1
189,tank4_tiger_89,0,-7,216,0,0,4,0,0,0,0,0,85,0,0,0,0,0,0,0,0,0,0,0,0,0,0,0,0,0,0,0,0,100,100,0,0,0,0,-15,1,0,0,147,0,0,4,-1,1,1
190,tank4_tiger_89,0,-7,217,0,0,4,0,0,0,0,0,85,0,0,0,0,0,0,0,0,0,0,0,0,0,0,0,0,0,0,0,0,100,100,0,0,0,0,-15,1,0,0,147,0,0,4,-1,2,1
191,tank4_tiger_89,0,-7,218,0,0,4,0,0,0,0,0,86,0,0,0,0,0,0,0,0,0,0,0,0,0,0,0,0,0,0,0,0,100,100,0,0,0,0,-15,1,0,0,147,0,0,4,-1,2,1
192,tank4_tiger_89,0,-7,219,0,0,4,0,0,0,0,0,86,0,0,0,0,0,0,0,0,0,0,0,0,0,0,0,0,0,0,0,0,100,100,0,0,0,0,-15,1,0,0,147,0,0,4,-1,2,1
193,tank4_tiger_89,0,-7,221,0,0,4,0,0,0,0,0,86,0,0,0,0,0,0,0,0,0,0,0,0,0,0,0,0,0,0,0,0,100,100,0,0,0,0,-15,1,0,0,147,0,0,4,-1,2,1
194,tank4_tiger_89,0,-7,222,0,0,4,0,0,0,0,0,86,0,0,0,0,0,0,0,0,0,0,0,0,0,0,0,0,0,0,0,0,100,100,0,0,0,0,-15,1,0,0,147,0,0,4,-1,2,1
195,tank4_tiger_89,0,-7,223,0,0,4,0,0,0,0,0,86,0,0,0,0,0,0,0,0,0,0,0,0,0,0,0,0,0,0,0,0,100,100,0,0,0,0,-15,1,0,0,147,0,0,4,-1,2,1
196,tank4_tiger_89,0,-7,224,0,0,4,0,0,0,0,0,86,0,0,0,0,0,0,0,0,0,0,0,0,0,0,0,0,0,0,0,0,100,100,0,0,0,0,-15,1,0,0,147,0,0,4,-1,2,1
197,tank4_tiger_89,0,-7,226,0,0,4,0,0,0,0,0,87,0,0,0,0,0,0,0,0,0,0,0,0,0,0,0,0,0,0,0,0,100,100,0,0,0,0,-15,1,0,0,147,0,0,4,-1,2,1
198,tank4_tiger_89,0,-7,227,0,0,4,0,0,0,0,0,87,0,0,0,0,0,0,0,0,0,0,0,0,0,0,0,0,0,0,0,0,100,100,0,0,0,0,-15,1,0,0,147,0,0,4,-1,2,1
199,tank4_tiger_89,0,-7,228,0,0,4,0,0,0,0,0,87,0,0,0,0,0,0,0,0,0,0,0,0,0,0,0,0,0,0,0,0,100,100,0,0,0,0,-15,1,0,0,147,0,0,4,-1,2,1
200,tank4_tiger_89,0,-7,229,0,0,4,0,0,0,0,0,87,0,0,0,0,0,0,0,0,0,0,0,0,0,0,0,0,0,0,0,0,100,100,0,0,0,0,-15,3,0,0,147,0,0,4,-1,2,1
201,tank4_tiger_89,0,-7,231,0,0,4,0,0,0,0,0,87,0,0,0,0,0,0,0,0,0,0,0,0,0,0,0,0,0,0,0,0,100,100,0,0,0,0,-15,3,0,0,147,0,0,4,-1,2,1
202,tank4_tiger_89,0,-7,232,0,0,4,0,0,0,0,0,88,0,0,0,0,0,0,0,0,0,0,0,0,0,0,0,0,0,0,0,0,100,100,0,0,0,0,-15,3,0,0,147,0,0,4,-1,2,1
203,tank4_tiger_89,0,-7,233,0,0,4,0,0,0,0,0,88,0,0,0,0,0,0,0,0,0,0,0,0,0,0,0,0,0,0,0,0,100,100,0,0,0,0,-15,3,0,0,147,0,0,4,-1,2,1
204,tank4_tiger_89,0,-7,234,0,0,4,0,0,0,0,0,88,0,0,0,0,0,0,0,0,0,0,0,0,0,0,0,0,0,0,0,0,100,100,0,0,0,0,-15,3,0,0,147,0,0,4,-1,2,1
205,tank4_tiger_89,0,-7,235,0,0,4,0,0,0,0,0,88,0,0,0,0,0,0,0,0,0,0,0,0,0,0,0,0,0,0,0,0,100,100,0,0,0,0,-15,3,0,0,147,0,0,4,-1,2,1
206,tank4_tiger_89,0,-7,237,0,0,4,0,0,0,0,0,88,0,0,0,0,0,0,0,0,0,0,0,0,0,0,0,0,0,0,0,0,100,100,0,0,0,0,-15,3,0,0,147,0,0,4,-1,2,1
207,tank4_tiger_89,0,-7,238,0,0,4,0,0,0,0,0,89,0,0,0,0,0,0,0,0,0,0,0,0,0,0,0,0,0,0,0,0,100,100,0,0,0,0,-15,3,0,0,147,0,0,4,-1,2,1
208,tank4_tiger_89,0,-7,239,0,0,4,0,0,0,0,0,89,0,0,0,0,0,0,0,0,0,0,0,0,0,0,0,0,0,0,0,0,100,100,0,0,0,0,-15,3,0,0,147,0,0,4,-1,2,1
209,tank4_tiger_89,0,-7,240,0,0,4,0,0,0,0,0,89,0,0,0,0,0,0,0,0,0,0,0,0,0,0,0,0,0,0,0,0,100,100,0,0,0,0,-15,3,0,0,147,0,0,4,-1,2,1
210,tank4_tiger_89,0,-7,242,0,0,4,0,0,0,0,0,89,0,0,0,0,0,0,0,0,0,0,0,0,0,0,0,0,0,0,0,0,100,100,0,0,0,0,-15,3,0,0,147,0,0,4,-1,2,1
211,tank4_tiger_89,0,-7,243,0,0,4,0,0,0,0,0,89,0,0,0,0,0,0,0,0,0,0,0,0,0,0,0,0,0,0,0,0,100,100,0,0,0,0,-15,3,0,0,147,0,0,4,-1,2,1
212,tank4_tiger_89,0,-7,244,0,0,4,0,0,0,0,0,89,0,0,0,0,0,0,0,0,0,0,0,0,0,0,0,0,0,0,0,0,100,100,0,0,0,0,-15,3,0,0,147,0,0,4,-1,2,1
213,tank4_tiger_89,0,-7,245,0,0,4,0,0,0,0,0,90,0,0,0,0,0,0,0,0,0,0,0,0,0,0,0,0,0,0,0,0,100,100,0,0,0,0,-15,3,0,0,147,0,0,4,-1,2,1
214,tank4_tiger_89,0,-7,247,0,0,4,0,0,0,0,0,90,0,0,0,0,0,0,0,0,0,0,0,0,0,0,0,0,0,0,0,0,100,100,0,0,0,0,-15,3,0,0,147,0,0,4,-1,2,1
215,tank4_tiger_89,0,-7,248,0,0,4,0,0,0,0,0,90,0,0,0,0,0,0,0,0,0,0,0,0,0,0,0,0,0,0,0,0,100,100,0,0,0,0,-15,3,0,0,147,0,0,4,-1,2,1
216,tank4_tiger_89,0,-7,249,0,0,4,0,0,0,0,0,90,0,0,0,0,0,0,0,0,0,0,0,0,0,0,0,0,0,0,0,0,100,100,0,0,0,0,-15,3,0,0,147,0,0,4,-1,2,1
217,tank4_tiger_89,0,-8,250,0,0,4,0,0,0,0,0,90,0,0,0,0,0,0,0,0,0,0,0,0,0,0,0,0,0,0,0,0,100,100,0,0,0,0,-15,3,0,0,147,0,0,4,-1,2,1
218,tank4_tiger_89,0,-8,252,0,0,4,0,0,0,0,0,91,0,0,0,0,0,0,0,0,0,0,0,0,0,0,0,0,0,0,0,0,100,100,0,0,0,0,-15,3,0,0,147,0,0,4,-1,2,1
219,tank4_tiger_89,0,-7,253,0,0,4,0,0,0,0,0,91,0,0,0,0,0,0,0,0,0,0,0,0,0,0,0,0,0,0,0,0,100,100,0,0,0,0,-15,3,0,0,147,0,0,4,-1,2,1
220,tank4_tiger_89,0,-7,254,0,0,4,0,0,0,0,0,91,0,0,0,0,0,0,0,0,0,0,0,0,0,0,0,0,0,0,0,0,100,100,0,0,0,0,-15,3,0,0,147,0,0,4,-1,2,1
221,tank4_tiger_89,0,-7,255,0,0,4,0,0,0,0,0,91,0,0,0,0,0,0,0,0,0,0,0,0,0,0,0,0,0,0,0,0,100,100,0,0,0,0,-15,3,0,0,147,0,0,4,-1,2,1
222,tank4_tiger_89,0,-7,256,0,0,4,0,0,0,0,0,91,0,0,0,0,0,0,0,0,0,0,0,0,0,0,0,0,0,0,0,0,100,100,0,0,0,0,-15,3,0,0,147,0,0,4,-1,2,1
223,tank4_tiger_89,0,-7,258,0,0,4,0,0,0,0,0,92,0,0,0,0,0,0,0,0,0,0,0,0,0,0,0,0,0,0,0,0,100,100,0,0,0,0,-15,3,0,0,147,0,0,4,-1,2,1
224,tank4_tiger_89,0,-7,259,0,0,4,0,0,0,0,0,92,0,0,0,0,0,0,0,0,0,0,0,0,0,0,0,0,0,0,0,0,100,100,0,0,0,0,-15,3,0,0,147,0,0,4,-1,2,1
225,tank4_tiger_89,0,-7,260,0,0,4,0,0,0,0,0,92,0,0,0,0,0,0,0,0,0,0,0,0,0,0,0,0,0,0,0,0,100,100,0,0,0,0,-15,3,0,0,147,0,0,4,-1,2,1
226,tank4_tiger_89,0,-7,261,0,0,4,0,0,0,0,0,92,0,0,0,0,0,0,0,0,0,0,0,0,0,0,0,0,0,0,0,0,100,100,0,0,0,0,-15,3,0,0,147,0,0,4,-1,2,1
227,tank4_tiger_89,0,-7,263,0,0,4,0,0,0,0,0,92,0,0,0,0,0,0,0,0,0,0,0,0,0,0,0,0,0,0,0,0,100,100,0,0,0,0,-15,3,0,0,147,0,0,4,-1,2,1
228,tank4_tiger_89,0,-7,264,0,0,4,0,0,0,0,0,92,0,0,0,0,0,0,0,0,0,0,0,0,0,0,0,0,0,0,0,0,100,100,0,0,0,0,-15,3,0,0,147,0,0,4,-1,2,1
229,tank4_tiger_89,0,-8,265,0,0,4,0,0,0,0,0,93,0,0,0,0,0,0,0,0,0,0,0,0,0,0,0,0,0,0,0,0,100,100,0,0,0,0,-15,3,0,0,147,0,0,4,-1,2,1
230,tank4_tiger_89,0,-8,266,0,0,4,0,0,0,0,0,93,0,0,0,0,0,0,0,0,0,0,0,0,0,0,0,0,0,0,0,0,100,100,0,0,0,0,-15,3,0,0,147,0,0,4,-1,2,1
231,tank4_tiger_89,0,-8,268,0,0,4,0,0,0,0,0,93,0,0,0,0,0,0,0,0,0,0,0,0,0,0,0,0,0,0,0,0,100,100,0,0,0,0,-15,3,0,0,147,0,0,4,-1,2,1
232,tank4_tiger_89,0,-8,269,0,0,4,0,0,0,0,0,93,0,0,0,0,0,0,0,0,0,0,0,0,0,0,0,0,0,0,0,0,100,100,0,0,0,0,-15,3,0,0,147,0,0,4,-1,2,1
233,tank4_tiger_89,0,-8,270,0,0,4,0,0,0,0,0,93,0,0,0,0,0,0,0,0,0,0,0,0,0,0,0,0,0,0,0,0,100,100,0,0,0,0,-15,3,0,0,147,0,0,4,-1,2,1
234,tank4_tiger_89,0,-7,271,0,0,4,0,0,0,0,0,94,0,0,0,0,0,0,0,0,0,0,0,0,0,0,0,0,0,0,0,0,100,100,0,0,0,0,-15,3,0,0,147,0,0,4,-1,2,1
235,tank4_tiger_89,0,-7,273,0,0,4,0,0,0,0,0,94,0,0,0,0,0,0,0,0,0,0,0,0,0,0,0,0,0,0,0,0,100,100,0,0,0,0,-15,3,0,0,147,0,0,4,-1,2,1
236,tank4_tiger_89,0,-7,274,0,0,4,0,0,0,0,0,94,0,0,0,0,0,0,0,0,0,0,0,0,0,0,0,0,0,0,0,0,100,100,0,0,0,0,-15,3,0,0,147,0,0,4,-1,2,1
237,tank4_tiger_89,0,-7,275,0,0,4,0,0,0,0,0,94,0,0,0,0,0,0,0,0,0,0,0,0,0,0,0,0,0,0,0,0,100,100,0,0,0,0,-15,3,0,0,147,0,0,4,-1,2,1
238,tank4_tiger_89,0,-7,276,0,0,4,0,0,0,0,0,94,0,0,0,0,0,0,0,0,0,0,0,0,0,0,0,0,0,0,0,0,100,100,0,0,0,0,-15,3,0,0,147,0,0,4,-1,2,1
239,tank4_tiger_89,0,-7,277,0,0,4,0,0,0,0,0,95,0,0,0,0,0,0,0,0,0,0,0,0,0,0,0,0,0,0,0,0,100,100,0,0,0,0,-15,3,0,0,147,0,0,4,-1,2,1
240,tank4_tiger_89,0,-7,279,0,0,4,0,0,0,0,0,95,0,0,0,0,0,0,0,0,0,0,0,0,0,0,0,0,0,0,0,0,100,100,0,0,0,0,-15,3,0,0,147,0,0,4,-1,2,1
241,tank4_tiger_89,0,-7,280,0,0,4,0,0,0,0,0,95,0,0,0,0,0,0,0,0,0,0,0,0,0,0,0,0,0,0,0,0,100,100,0,0,0,0,-15,3,0,0,147,0,0,4,-1,2,1
242,tank4_tiger_89,0,-8,281,0,0,4,0,0,0,0,0,95,0,0,0,0,0,0,0,0,0,0,0,0,0,0,0,0,0,0,0,0,100,100,0,0,0,0,-15,3,0,0,147,0,0,4,-1,2,1
243,tank4_tiger_89,0,-8,282,0,0,4,0,0,0,0,0,95,0,0,0,0,0,0,0,0,0,0,0,0,0,0,0,0,0,0,0,0,100,100,0,0,0,0,-15,3,0,0,147,0,0,4,-1,2,1
244,tank4_tiger_89,0,-8,284,0,0,4,0,0,0,0,0,95,0,0,0,0,0,0,0,0,0,0,0,0,0,0,0,0,0,0,0,0,100,100,0,0,0,0,-15,3,0,0,147,0,0,4,-1,2,1
245,tank4_tiger_89,0,-8,285,0,0,4,0,0,0,0,0,96,0,0,0,0,0,0,0,0,0,0,0,0,0,0,0,0,0,0,0,0,100,100,0,0,0,0,-15,3,0,0,147,0,0,4,-1,2,1
246,tank4_tiger_89,0,-8,286,0,0,4,0,0,0,0,0,96,0,0,0,0,0,0,0,0,0,0,0,0,0,0,0,0,0,0,0,0,100,100,0,0,0,0,-15,3,0,0,147,0,0,4,-1,2,1
247,tank4_tiger_89,0,-7,287,0,0,4,0,0,0,0,0,96,0,0,0,0,0,0,0,0,0,0,0,0,0,0,0,0,0,0,0,0,100,100,0,0,0,0,-15,3,0,0,147,0,0,4,-1,2,1
248,tank4_tiger_89,0,-7,289,0,0,4,0,0,0,0,0,96,0,0,0,0,0,0,0,0,0,0,0,0,0,0,0,0,0,0,0,0,100,100,0,0,0,0,-15,3,0,0,147,0,0,4,-1,2,1
249,tank4_tiger_89,0,-7,290,0,0,4,0,0,0,0,0,96,0,0,0,0,0,0,0,0,0,0,0,0,0,0,0,0,0,0,0,0,100,100,0,0,0,0,-15,3,0,0,147,0,0,4,-1,2,1
250,tank4_tiger_89,0,-7,291,0,0,4,0,0,0,0,0,97,0,0,0,0,0,0,0,0,0,0,0,0,0,0,0,0,0,0,0,0,100,100,0,0,0,0,-15,3,0,0,147,0,0,4,-1,2,1
251,tank4_tiger_89,0,-7,292,0,0,4,0,0,0,0,0,97,0,0,0,0,0,0,0,0,0,0,0,0,0,0,0,0,0,0,0,0,100,100,0,0,0,0,-15,3,0,0,147,0,0,4,-1,2,1
252,tank4_tiger_89,0,-7,294,0,0,4,0,0,0,0,0,97,0,0,0,0,0,0,0,0,0,0,0,0,0,0,0,0,0,0,0,0,100,100,0,0,0,0,-15,3,0,0,147,0,0,4,-1,2,1
253,tank4_tiger_89,0,-7,295,0,0,4,0,0,0,0,0,97,0,0,0,0,0,0,0,0,0,0,0,0,0,0,0,0,0,0,0,0,100,100,0,0,0,0,-15,3,0,0,147,0,0,4,-1,2,1
254,tank4_tiger_89,0,-7,296,0,0,4,0,0,0,0,0,97,0,0,0,0,0,0,0,0,0,0,0,0,0,0,0,0,0,0,0,0,100,100,0,0,0,0,-15,3,0,0,147,0,0,4,-1,2,1
255,tank4_tiger_89,0,-8,297,0,0,4,0,0,0,0,0,98,0,0,0,0,0,0,0,0,0,0,0,0,0,0,0,0,0,0,0,0,100,100,0,0,0,0,-15,3,0,0,147,0,0,4,-1,2,1
256,tank4_tiger_89,0,-8,298,0,0,4,0,0,0,0,0,98,0,0,0,0,0,0,0,0,0,0,0,0,0,0,0,0,0,0,0,0,100,100,0,0,0,0,-15,3,0,0,147,0,0,4,-1,2,1
257,tank4_tiger_89,0,-8,300,0,0,4,0,0,0,0,0,98,0,0,0,0,0,0,0,0,0,0,0,0,0,0,0,0,0,0,0,0,100,100,0,0,0,0,-15,3,0,0,147,0,0,4,-1,2,1
258,tank4_tiger_89,0,-8,301,0,0,4,0,0,0,0,0,98,0,0,0,0,0,0,0,0,0,0,0,0,0,0,0,0,0,0,0,0,100,100,0,0,0,0,-15,3,0,0,147,0,0,4,-1,2,1
259,tank4_tiger_89,0,-8,302,0,0,4,0,0,0,0,0,98,0,0,0,0,0,0,0,0,0,0,0,0,0,0,0,0,0,0,0,0,100,100,0,0,0,0,-15,3,0,0,147,0,0,4,-1,2,1
260,tank4_tiger_89,0,-7,303,0,0,4,0,0,0,0,0,98,0,0,0,0,0,0,0,0,0,0,0,0,0,0,0,0,0,0,0,0,100,100,0,0,0,0,-15,3,0,0,147,0,0,4,-1,2,1
261,tank4_tiger_89,0,-7,305,0,0,4,0,0,0,0,0,99,0,0,0,0,0,0,0,0,0,0,0,0,0,0,0,0,0,0,0,0,100,100,0,0,0,0,-15,3,0,0,147,0,0,4,-1,2,1
262,tank4_tiger_89,0,-7,306,0,0,4,0,0,0,0,0,99,0,0,0,0,0,0,0,0,0,0,0,0,0,0,0,0,0,0,0,0,100,100,0,0,0,0,-15,3,0,0,147,0,0,4,-1,2,1
263,tank4_tiger_89,0,-7,307,0,0,4,0,0,0,0,0,99,0,0,0,0,0,0,0,0,0,0,0,0,0,0,0,0,0,0,0,0,100,100,0,0,0,0,-15,3,0,0,147,0,0,4,-1,2,1
264,tank4_tiger_89,0,-7,308,0,0,4,0,0,0,0,0,99,0,0,0,0,0,0,0,0,0,0,0,0,0,0,0,0,0,0,0,0,100,100,0,0,0,0,-15,3,0,0,147,0,0,4,-1,2,1
265,tank4_tiger_89,0,-7,310,0,0,4,0,0,0,0,0,99,0,0,0,0,0,0,0,0,0,0,0,0,0,0,0,0,0,0,0,0,100,100,0,0,0,0,-15,3,0,0,147,0,0,4,-1,2,1
266,tank4_tiger_89,0,-7,311,0,0,4,0,0,0,0,0,100,0,0,0,0,0,0,0,0,0,0,0,0,0,0,0,0,0,0,0,0,100,100,0,0,0,0,-15,3,0,0,147,0,0,4,-1,2,1
267,tank4_tiger_89,0,-7,312,0,0,4,0,0,0,0,0,100,0,0,0,0,0,0,0,0,0,0,0,0,0,0,0,0,0,0,0,0,100,100,0,0,0,0,-15,3,0,0,147,0,0,4,-1,2,1
268,tank4_tiger_89,0,-8,313,0,0,4,0,0,0,0,0,100,0,0,0,0,0,0,0,0,0,0,0,0,0,0,0,0,0,0,0,0,100,100,0,0,0,0,-15,3,0,0,147,0,0,4,-1,2,1
269,tank4_tiger_89,0,-8,314,0,0,4,0,0,0,0,0,100,0,0,0,0,0,0,0,0,0,0,0,0,0,0,0,0,0,0,0,0,100,100,0,0,0,0,-15,3,0,0,147,0,0,4,-1,2,1
270,tank4_tiger_89,0,-8,316,0,0,4,0,0,0,0,0,100,0,0,0,0,0,0,0,0,0,0,0,0,0,0,0,0,0,0,0,0,100,100,0,0,0,0,-15,3,0,0,147,0,0,4,-1,2,1
271,tank4_tiger_89,0,-8,317,0,0,4,0,0,0,0,0,100,0,0,0,0,0,0,0,0,0,0,0,0,0,0,0,0,0,0,0,0,100,100,0,0,0,0,-15,3,0,0,147,0,0,4,-1,2,1
272,tank4_tiger_89,0,-8,318,0,0,4,0,0,0,0,0,100,0,0,0,0,0,0,0,0,0,0,0,0,0,0,0,0,0,0,0,0,100,100,0,0,0,0,-15,3,0,0,147,0,0,4,-1,2,1
273,tank4_tiger_89,0,-8,319,0,0,4,0,0,0,0,0,100,0,0,0,0,0,0,0,0,0,0,0,0,0,0,0,0,0,0,0,0,100,100,0,0,0,0,-15,3,0,0,147,0,0,4,-1,2,1
274,tank4_tiger_89,0,-7,321,0,0,4,0,0,0,0,0,100,0,0,0,0,0,0,0,0,0,0,0,0,0,0,0,0,0,0,0,0,100,100,0,0,0,0,-15,3,0,0,147,0,0,4,-1,2,1
275,tank4_tiger_89,0,-7,322,0,0,4,0,0,0,0,0,100,0,0,0,0,0,0,0,0,0,0,0,0,0,0,0,0,0,0,0,0,100,100,0,0,0,0,-15,3,0,0,147,0,0,4,-1,2,1
276,tank4_tiger_89,0,-7,323,0,0,4,0,0,0,0,0,100,0,0,0,0,0,0,0,0,0,0,0,0,0,0,0,0,0,0,0,0,100,100,0,0,0,0,-15,3,0,0,147,0,0,4,-1,2,1
277,tank4_tiger_89,0,-7,324,0,0,4,0,0,0,0,0,100,0,0,0,0,0,0,0,0,0,0,0,0,0,0,0,0,0,0,0,0,100,100,0,0,0,0,-15,3,0,0,147,0,0,4,-1,2,1
278,tank4_tiger_89,0,-7,326,0,0,4,0,0,0,0,0,100,0,0,0,0,0,0,0,0,0,0,0,0,0,0,0,0,0,0,0,0,100,100,0,0,0,0,-15,3,0,0,147,0,0,4,-1,2,1
279,tank4_tiger_89,0,-7,327,0,0,4,0,0,0,0,0,100,0,0,0,0,0,0,0,0,0,0,0,0,0,0,0,0,0,0,0,0,100,100,0,0,0,0,-15,3,0,0,147,0,0,4,-1,2,1
280,tank4_tiger_89,0,-7,328,0,0,4,0,0,0,0,0,100,0,0,0,0,0,0,0,0,0,0,0,0,0,0,0,0,0,0,0,0,100,100,0,0,0,0,-15,3,0,0,147,0,0,4,-1,2,1
281,tank4_tiger_89,0,-7,329,0,0,4,0,0,0,0,0,100,0,0,0,0,0,0,0,0,0,0,0,0,0,0,0,0,0,0,0,0,100,100,0,0,0,0,-15,3,0,0,147,0,0,4,-1,2,1
282,tank4_tiger_89,0,-7,331,0,0,4,0,0,0,0,0,100,0,0,0,0,0,0,0,0,0,0,0,0,0,0,0,0,0,0,0,0,100,100,0,0,0,0,-15,3,0,0,147,0,0,4,-1,2,1
283,tank4_tiger_89,0,-8,332,0,0,4,0,0,0,0,0,100,0,0,0,0,0,0,0,0,0,0,0,0,0,0,0,0,0,0,0,0,100,100,0,0,0,0,-15,3,0,0,147,0,0,4,-1,2,1
284,tank4_tiger_89,0,-8,333,0,0,4,0,0,0,0,0,100,0,0,0,0,0,0,0,0,0,0,0,0,0,0,0,0,0,0,0,0,100,100,0,0,0,0,-15,3,0,0,147,0,0,4,-1,2,1
285,tank4_tiger_89,0,-8,334,0,0,4,0,0,0,0,0,100,0,0,0,0,0,0,0,0,0,0,0,0,0,0,0,0,0,0,0,0,100,100,0,0,0,0,-15,3,0,0,147,0,0,4,-1,2,1
286,tank4_tiger_89,0,-8,335,0,0,4,0,0,0,0,0,100,0,0,0,0,0,0,0,0,0,0,0,0,0,0,0,0,0,0,0,0,100,100,0,0,0,0,-15,3,0,0,147,0,0,4,-1,2,1
287,tank4_tiger_89,0,-7,337,0,0,4,0,0,0,0,0,100,0,0,0,0,0,0,0,0,0,0,0,0,0,0,0,0,0,0,0,0,100,100,0,0,0,0,-15,3,0,0,147,0,0,4,-1,2,1
288,tank4_tiger_89,0,-7,338,0,0,4,0,0,0,0,0,100,0,0,0,0,0,0,0,0,0,0,0,0,0,0,0,0,0,0,0,0,100,100,0,0,0,0,-15,3,0,0,147,0,0,4,-1,2,1
289,tank4_tiger_89,0,-7,339,0,0,4,0,0,0,0,0,100,0,0,0,0,0,0,0,0,0,0,0,0,0,0,0,0,0,0,0,0,100,100,0,0,0,0,-15,3,0,0,147,0,0,4,-1,2,1
290,tank4_tiger_89,0,-7,340,0,0,4,0,0,0,0,0,100,0,0,0,0,0,0,0,0,0,0,0,0,0,0,0,0,0,0,0,0,100,100,0,0,0,0,-15,3,0,0,147,0,0,4,-1,2,1
291,tank4_tiger_89,0,-7,342,0,0,4,0,0,0,0,0,100,0,0,0,0,0,0,0,0,0,0,0,0,0,0,0,0,0,0,0,0,100,100,0,0,0,0,-15,3,0,0,147,0,0,4,-1,2,1
292,tank4_tiger_89,0,-7,343,0,0,4,0,0,0,0,0,100,0,0,0,0,0,0,0,0,0,0,0,0,0,0,0,0,0,0,0,0,100,100,0,0,0,0,-15,3,0,0,147,0,0,4,-1,2,1
293,tank4_tiger_89,0,-7,344,0,0,4,0,0,0,0,0,100,0,0,0,0,0,0,0,0,0,0,0,0,0,0,0,0,0,0,0,0,100,100,0,0,0,0,-15,3,0,0,147,0,0,4,-1,2,1
294,tank4_tiger_89,0,-7,345,0,0,4,0,0,0,0,0,100,0,0,0,0,0,0,0,0,0,0,0,0,0,0,0,0,0,0,0,0,100,100,0,0,0,0,-15,3,0,0,147,0,0,4,-1,2,1
295,tank4_tiger_89,0,-7,347,0,0,4,0,0,0,0,0,100,0,0,0,0,0,0,0,0,0,0,0,0,0,0,0,0,0,0,0,0,100,100,0,0,0,0,-15,3,0,0,147,0,0,4,-1,2,1
296,tank4_tiger_89,0,-7,348,0,0,4,0,0,0,0,0,100,0,0,0,0,0,0,0,0,0,0,0,0,0,0,0,0,0,0,0,0,100,100,0,0,0,0,-15,3,0,0,147,0,0,4,-1,2,1
297,tank4_tiger_89,0,-7,349,0,0,4,0,0,0,0,0,100,0,0,0,0,0,0,0,0,0,0,0,0,0,0,0,0,0,0,0,0,100,100,0,0,0,0,-15,3,0,0,147,0,0,4,-1,2,1
298,tank4_tiger_89,0,-8,350,0,0,4,0,0,0,0,0,100,0,0,0,0,0,0,0,0,0,0,0,0,0,0,0,0,0,0,0,0,100,100,0,0,0,0,-15,3,0,0,147,0,0,4,-1,2,1
299,tank4_tiger_89,0,-8,352,0,0,4,0,0,0,0,0,100,0,0,0,0,0,0,0,0,0,0,0,0,0,0,0,0,0,0,0,0,100,100,0,0,0,0,-15,3,0,0,147,0,0,4,-1,2,1
300,tank4_tiger_89,0,-8,353,0,0,4,0,0,0,0,0,100,0,0,0,0,0,0,0,0,0,0,0,0,0,0,0,0,0,0,0,0,100,100,0,0,0,0,-15,3,0,0,147,0,0,4,-1,2,1
301,tank4_tiger_89,0,-8,354,0,0,4,0,0,0,0,0,100,0,0,0,0,0,0,0,0,0,0,0,0,0,0,0,0,0,0,0,0,100,100,0,0,0,0,-15,3,0,0,147,0,0,4,-1,2,1
302,tank4_tiger_89,0,-8,355,0,0,4,0,0,0,0,0,100,0,0,0,0,0,0,0,0,0,0,0,0,0,0,0,0,0,0,0,0,100,100,0,0,0,0,-15,3,0,0,147,0,0,4,-1,2,1
303,tank4_tiger_89,0,-7,356,0,0,4,0,0,0,0,0,100,0,0,0,0,0,0,0,0,0,0,0,0,0,0,0,0,0,0,0,0,100,100,0,0,0,0,-15,3,0,0,147,0,0,4,-1,2,1
304,tank4_tiger_89,0,-7,358,0,0,4,0,0,0,0,0,100,0,0,0,0,0,0,0,0,0,0,0,0,0,0,0,0,0,0,0,0,100,100,0,0,0,0,-15,3,0,0,147,0,0,4,-1,2,1
305,tank4_tiger_89,0,-7,359,0,0,4,0,0,0,0,0,100,0,0,0,0,0,0,0,0,0,0,0,0,0,0,0,0,0,0,0,0,100,100,0,0,0,0,-15,3,0,0,147,0,0,4,-1,2,1
306,tank4_tiger_89,0,-7,360,0,0,4,0,0,0,0,0,100,0,0,0,0,0,0,0,0,0,0,0,0,0,0,0,0,0,0,0,0,100,100,0,0,0,0,-15,3,0,0,147,0,0,4,-1,2,1
307,tank4_tiger_89,0,-7,361,0,0,4,0,0,0,0,0,100,0,0,0,0,0,0,0,0,0,0,0,0,0,0,0,0,0,0,0,0,100,100,0,0,0,0,-15,3,0,0,147,0,0,4,-1,2,1
308,tank4_tiger_89,0,-7,363,0,0,4,0,0,0,0,0,100,0,0,0,0,0,0,0,0,0,0,0,0,0,0,0,0,0,0,0,0,100,100,0,0,0,0,-15,3,0,0,147,0,0,4,-1,2,1
309,tank4_tiger_89,0,-7,364,0,0,4,0,0,0,0,0,100,0,0,0,0,0,0,0,0,0,0,0,0,0,0,0,0,0,0,0,0,100,100,0,0,0,0,-15,3,0,0,147,0,0,4,-1,2,1
310,tank4_tiger_89,0,-7,365,0,0,4,0,0,0,0,0,100,0,0,0,0,0,0,0,0,0,0,0,0,0,0,0,0,0,0,0,0,100,100,0,0,0,0,-15,3,0,0,147,0,0,4,-1,2,1
311,tank4_tiger_89,0,-7,366,0,0,4,0,0,0,0,0,100,0,0,0,0,0,0,0,0,0,0,0,0,0,0,0,0,0,0,0,0,100,100,0,0,0,0,-15,3,0,0,147,0,0,4,-1,2,1
312,tank4_tiger_89,0,-7,368,0,0,4,0,0,0,0,0,100,0,0,0,0,0,0,0,0,0,0,0,0,0,0,0,0,0,0,0,0,100,100,0,0,0,0,-15,3,0,0,147,0,0,4,-1,2,1
313,tank4_tiger_89,0,-8,369,0,0,4,0,0,0,0,0,100,0,0,0,0,0,0,0,0,0,0,0,0,0,0,0,0,0,0,0,0,100,100,0,0,0,0,-15,3,0,0,147,0,0,4,-1,2,1
314,tank4_tiger_89,0,-8,370,0,0,4,0,0,0,0,0,100,0,0,0,0,0,0,0,0,0,0,0,0,0,0,0,0,0,0,0,0,100,100,0,0,0,0,-15,3,0,0,147,0,0,4,-1,2,1
315,tank4_tiger_89,0,-7,371,0,0,4,0,0,0,0,0,100,0,0,0,0,0,0,0,0,0,0,0,0,0,0,0,0,0,0,0,0,100,100,0,0,0,0,-15,3,0,0,147,0,0,4,-1,2,1
316,tank4_tiger_89,0,-7,373,0,0,4,0,0,0,0,0,100,0,0,0,0,0,0,0,0,0,0,0,0,0,0,0,0,0,0,0,0,100,100,0,0,0,0,-15,3,0,0,147,0,0,4,-1,2,1
317,tank4_tiger_89,0,-7,374,0,0,4,0,0,0,0,0,100,0,0,0,0,0,0,0,0,0,0,0,0,0,0,0,0,0,0,0,0,100,100,0,0,0,0,-15,3,0,0,147,0,0,4,-1,2,1
318,tank4_tiger_89,0,-7,375,0,0,4,0,0,0,0,0,100,0,0,0,0,0,0,0,0,0,0,0,0,0,0,0,0,0,0,0,0,100,100,0,0,0,0,-15,3,0,0,147,0,0,4,-1,2,1
319,tank4_tiger_89,0,-7,376,0,0,4,0,0,0,0,0,100,0,0,0,0,0,0,0,0,0,0,0,0,0,0,0,0,0,0,0,0,100,100,0,0,0,0,-15,3,0,0,147,0,0,4,-1,2,1
320,tank4_tiger_89,0,-7,377,0,0,4,0,0,0,0,0,100,0,0,0,0,0,0,0,0,0,0,0,0,0,0,0,0,0,0,0,0,100,100,0,0,0,0,-15,3,0,0,147,0,0,4,-1,2,1
321,tank4_tiger_89,0,-7,379,0,0,4,0,0,0,0,0,100,0,0,0,0,0,0,0,0,0,0,0,0,0,0,0,0,0,0,0,0,100,100,0,0,0,0,-15,3,0,0,147,0,0,4,-1,2,1
322,tank4_tiger_89,0,-7,380,0,0,4,0,0,0,0,0,100,0,0,0,0,0,0,0,0,0,0,0,0,0,0,0,0,0,0,0,0,100,100,0,0,0,0,-15,3,0,0,147,0,0,4,-1,2,1
323,tank4_tiger_89,0,-7,381,0,0,4,0,0,0,0,0,100,0,0,0,0,0,0,0,0,0,0,0,0,0,0,0,0,0,0,0,0,100,100,0,0,0,0,-15,3,0,0,147,0,0,4,-1,2,1
324,tank4_tiger_89,0,-7,382,0,0,4,0,0,0,0,0,100,0,0,0,0,0,0,0,0,0,0,0,0,0,0,0,0,0,0,0,0,100,100,0,0,0,0,-15,3,0,0,147,0,0,4,-1,2,1
325,tank4_tiger_89,0,-7,384,0,0,4,0,0,0,0,0,100,0,0,0,0,0,0,0,0,0,0,0,0,0,0,0,0,0,0,0,0,100,100,0,0,0,0,-15,3,0,0,147,0,0,4,-1,2,1
326,tank4_tiger_89,0,-7,385,0,0,4,0,0,0,0,0,100,0,0,0,0,0,0,0,0,0,0,0,0,0,0,0,0,0,0,0,0,100,100,0,0,0,0,-15,3,0,0,147,0,0,4,-1,2,1
327,tank4_tiger_89,0,-7,386,0,0,4,0,0,0,0,0,100,0,0,0,0,0,0,0,0,0,0,0,0,0,0,0,0,0,0,0,0,100,100,0,0,0,0,-15,3,0,0,147,0,0,4,-1,2,1
328,tank4_tiger_89,0,-7,387,0,0,4,0,0,0,0,0,100,0,0,0,0,0,0,0,0,0,0,0,0,0,0,0,0,0,0,0,0,100,100,0,0,0,0,-15,3,0,0,147,0,0,4,-1,2,1
329,tank4_tiger_89,0,-7,389,0,0,4,0,0,0,0,0,100,0,0,0,0,0,0,0,0,0,0,0,0,0,0,0,0,0,0,0,0,100,100,0,0,0,0,-15,3,0,0,147,0,0,4,-1,2,1
330,tank4_tiger_89,0,-8,390,0,0,4,0,0,0,0,0,100,0,0,0,0,0,0,0,0,0,0,0,0,0,0,0,0,0,0,0,0,100,100,0,0,0,0,-15,3,0,0,147,0,0,4,-1,2,1
331,tank4_tiger_89,0,-8,391,0,0,4,0,0,0,0,0,100,0,0,0,0,0,0,0,0,0,0,0,0,0,0,0,0,0,0,0,0,100,100,0,0,0,0,-15,3,0,0,147,0,0,4,-1,2,1
332,tank4_tiger_89,0,-7,392,0,0,4,0,0,0,0,0,100,0,0,0,0,0,0,0,0,0,0,0,0,0,0,0,0,0,0,0,0,100,100,0,0,0,0,-15,3,0,0,147,0,0,4,-1,2,1
333,tank4_tiger_89,0,-7,393,0,0,4,0,0,0,0,0,100,0,0,0,0,0,0,0,0,0,0,0,0,0,0,0,0,0,0,0,0,100,100,0,0,0,0,-15,3,0,0,147,0,0,4,-1,2,1
334,tank4_tiger_89,0,-7,395,0,0,4,0,0,0,0,0,100,0,0,0,0,0,0,0,0,0,0,0,0,0,0,0,0,0,0,0,0,100,100,0,0,0,0,-15,3,0,0,147,0,0,4,-1,2,1
335,tank4_tiger_89,0,-7,396,0,0,4,0,0,0,0,0,100,0,0,0,0,0,0,0,0,0,0,0,0,0,0,0,0,0,0,0,0,100,100,0,0,0,0,-15,3,0,0,147,0,0,4,-1,2,1
336,tank4_tiger_89,0,-7,397,0,0,4,0,0,0,0,0,100,0,0,0,0,0,0,0,0,0,0,0,0,0,0,0,0,0,0,0,0,100,100,0,0,0,0,-15,3,0,0,147,0,0,4,-1,2,1
337,tank4_tiger_89,0,-7,398,0,0,4,0,0,0,0,0,100,0,0,0,0,0,0,0,0,0,0,0,0,0,0,0,0,0,0,0,0,100,100,0,0,0,0,-15,3,0,0,147,0,0,4,-1,2,1
338,tank4_tiger_89,0,-7,400,0,0,4,0,0,0,0,0,100,0,0,0,0,0,0,0,0,0,0,0,0,0,0,0,0,0,0,0,0,100,100,0,0,0,0,-15,3,0,0,147,0,0,4,-1,2,1
339,tank4_tiger_89,0,-7,401,0,0,4,0,0,0,0,0,100,0,0,0,0,0,0,0,0,0,0,0,0,0,0,0,0,0,0,0,0,100,100,0,0,0,0,-15,3,0,0,147,0,0,4,-1,2,1
340,tank4_tiger_89,0,-7,402,0,0,4,0,0,0,0,0,100,0,0,0,0,0,0,0,0,0,0,0,0,0,0,0,0,0,0,0,0,100,100,0,0,0,0,-15,3,0,0,147,0,0,4,-1,3,1
341,tank4_tiger_89,0,-7,403,0,0,4,0,0,0,0,0,100,0,0,0,0,0,0,0,0,0,0,0,0,0,0,0,0,0,0,0,0,100,100,0,0,0,0,-15,3,0,0,147,0,0,4,-1,3,1
342,tank4_tiger_89,0,-7,405,0,0,4,0,0,0,0,0,100,0,0,0,0,0,0,0,0,0,0,0,0,0,0,0,0,0,0,0,0,100,100,0,0,0,0,-15,3,0,0,147,0,0,4,-1,3,1
343,tank4_tiger_89,0,-7,406,0,0,4,0,0,0,0,0,100,0,0,0,0,0,0,0,0,0,0,0,0,0,0,0,0,0,0,0,0,100,100,0,0,0,0,-15,3,0,0,147,0,0,4,-1,3,1
344,tank4_tiger_89,0,-7,407,0,0,4,0,0,0,0,0,100,0,0,0,0,0,0,0,0,0,0,0,0,0,0,0,0,0,0,0,0,100,100,0,0,0,0,-15,3,0,0,147,0,0,4,-1,3,1
345,tank4_tiger_89,0,-7,408,0,0,4,0,0,0,0,0,100,0,0,0,0,0,0,0,0,0,0,0,0,0,0,0,0,0,0,0,0,100,100,0,0,0,0,-15,3,0,0,147,0,0,4,-1,3,1
346,tank4_tiger_89,0,-8,410,0,0,4,0,0,0,0,0,100,0,0,0,0,0,0,0,0,0,0,0,0,0,0,0,0,0,0,0,0,100,100,0,0,0,0,-15,3,0,0,147,0,0,4,-1,3,1
347,tank4_tiger_89,0,-8,411,0,0,4,0,0,0,0,0,100,0,0,0,0,0,0,0,0,0,0,0,0,0,0,0,0,0,0,0,0,100,100,0,0,0,0,-15,3,0,0,147,0,0,4,-1,3,1
348,tank4_tiger_89,0,-7,412,0,0,4,0,0,0,0,0,100,0,0,0,0,0,0,0,0,0,0,0,0,0,0,0,0,0,0,0,0,100,100,0,0,0,0,-15,3,0,0,147,0,0,4,-1,3,1
349,tank4_tiger_89,0,-7,413,0,0,4,0,0,0,0,0,100,0,0,0,0,0,0,0,0,0,0,0,0,0,0,0,0,0,0,0,0,100,100,0,0,0,0,-15,3,0,0,147,0,0,4,-1,3,1
350,tank4_tiger_89,0,-7,414,0,0,4,0,0,0,0,0,100,0,0,0,0,0,0,0,0,0,0,0,0,0,0,0,0,0,0,0,0,100,100,0,0,0,0,-15,3,0,0,147,0,0,4,-1,3,1
351,tank4_tiger_89,0,-7,416,0,0,4,0,0,0,0,0,100,0,0,0,0,0,0,0,0,0,0,0,0,0,0,0,0,0,0,0,0,100,100,0,0,0,0,-15,3,0,0,147,0,0,4,-1,3,1
352,tank4_tiger_89,0,-7,417,0,0,4,0,0,0,0,0,100,0,0,0,0,0,0,0,0,0,0,0,0,0,0,0,0,0,0,0,0,100,100,0,0,0,0,-15,3,0,0,147,0,0,4,-1,3,1
353,tank4_tiger_89,0,-7,418,0,0,4,0,0,0,0,0,100,0,0,0,0,0,0,0,0,0,0,0,0,0,0,0,0,0,0,0,0,100,100,0,0,0,0,-15,3,0,0,147,0,0,4,-1,3,1
354,tank4_tiger_89,0,-7,419,0,0,4,0,0,0,0,0,100,0,0,0,0,0,0,0,0,0,0,0,0,0,0,0,0,0,0,0,0,100,100,0,0,0,0,-15,3,0,0,147,0,0,4,-1,3,1
355,tank4_tiger_89,0,-7,421,0,0,4,0,0,0,0,0,100,0,0,0,0,0,0,0,0,0,0,0,0,0,0,0,0,0,0,0,0,100,100,0,0,0,0,-15,3,0,0,147,0,0,4,-1,3,1
356,tank4_tiger_89,0,-7,422,0,0,4,0,0,0,0,0,100,0,0,0,0,0,0,0,0,0,0,0,0,0,0,0,0,0,0,0,0,100,100,0,0,0,0,-15,3,0,0,147,0,0,4,-1,3,1
357,tank4_tiger_89,0,-7,423,0,0,4,0,0,0,0,0,100,0,0,0,0,0,0,0,0,0,0,0,0,0,0,0,0,0,0,0,0,100,100,0,0,0,0,-15,3,0,0,147,0,0,4,-1,3,1
358,tank4_tiger_89,0,-8,424,0,0,4,0,0,0,0,0,100,0,0,0,0,0,0,0,0,0,0,0,0,0,0,0,0,0,0,0,0,100,100,0,0,0,0,-15,3,0,0,147,0,0,4,-1,3,1
359,tank4_tiger_89,0,-8,426,0,0,4,0,0,0,0,0,100,0,0,0,0,0,0,0,0,0,0,0,0,0,0,0,0,0,0,0,0,100,100,0,0,0,0,-15,3,0,0,147,0,0,4,-1,3,1
360,tank4_tiger_89,0,-8,427,0,0,4,0,0,0,0,0,100,0,0,0,0,0,0,0,0,0,0,0,0,0,0,0,0,0,0,0,0,100,100,0,0,0,0,-15,3,0,0,147,0,0,4,-1,3,1
361,tank4_tiger_89,0,-8,428,0,0,4,0,0,0,0,0,100,0,0,0,0,0,0,0,0,0,0,0,0,0,0,0,0,0,0,0,0,100,100,0,0,0,0,-15,3,0,0,147,0,0,4,-1,3,1
362,tank4_tiger_89,0,-7,429,0,0,4,0,0,0,0,0,100,0,0,0,0,0,0,0,0,0,0,0,0,0,0,0,0,0,0,0,0,100,100,0,0,0,0,-15,3,0,0,147,0,0,4,-1,3,1
363,tank4_tiger_89,0,-7,431,0,0,4,0,0,0,0,0,100,0,0,0,0,0,0,0,0,0,0,0,0,0,0,0,0,0,0,0,0,100,100,0,0,0,0,-15,3,0,0,147,0,0,4,-1,3,1
364,tank4_tiger_89,0,-7,432,0,0,4,0,0,0,0,0,100,0,0,0,0,0,0,0,0,0,0,0,0,0,0,0,0,0,0,0,0,100,100,0,0,0,0,-15,3,0,0,147,0,0,4,-1,3,1
365,tank4_tiger_89,0,-7,433,0,0,4,0,0,0,0,0,100,0,0,0,0,0,0,0,0,0,0,0,0,0,0,0,0,0,0,0,0,100,100,0,0,0,0,-15,3,0,0,147,0,0,4,-1,3,1
366,tank4_tiger_89,0,-7,434,0,0,4,0,0,0,0,0,100,0,0,0,0,0,0,0,0,0,0,0,0,0,0,0,0,0,0,0,0,100,100,0,0,0,0,-15,3,0,0,147,0,0,4,-1,3,1
367,tank4_tiger_89,0,-7,435,0,0,4,0,0,0,0,0,100,0,0,0,0,0,0,0,0,0,0,0,0,0,0,0,0,0,0,0,0,100,100,0,0,0,0,-15,3,0,0,147,0,0,4,-1,3,1
368,tank4_tiger_89,0,-7,437,0,0,4,0,0,0,0,0,100,0,0,0,0,0,0,0,0,0,0,0,0,0,0,0,0,0,0,0,0,100,100,0,0,0,0,-15,3,0,0,147,0,0,4,-1,3,1
369,tank4_tiger_89,0,-7,438,0,0,4,0,0,0,0,0,100,0,0,0,0,0,0,0,0,0,0,0,0,0,0,0,0,0,0,0,0,100,100,0,0,0,0,-15,3,0,0,147,0,0,4,-1,3,1
370,tank4_tiger_89,0,-7,439,0,0,4,0,0,2,0,0,100,0,0,0,0,0,0,0,0,0,0,0,0,0,0,0,0,0,0,0,0,100,100,0,0,0,0,-15,3,1,0,103,0,22,4,-1,3,2
371,tank4_tiger_89,0,-7,440,0,0,4,0,0,0,0,0,100,0,0,0,0,0,0,0,0,0,0,0,0,0,0,0,0,0,0,0,0,100,100,0,0,0,0,-16,3,0,0,103,0,22,4,-1,3,2
372,tank4_tiger_89,0,-7,442,0,0,4,0,0,0,0,0,100,0,0,0,0,0,0,0,0,0,0,0,0,0,0,0,0,0,0,0,0,100,100,0,0,0,0,-16,3,0,0,103,0,22,4,-1,3,2
373,tank4_tiger_89,0,-8,443,0,0,4,0,0,0,0,0,100,0,0,0,0,0,0,0,0,0,0,0,0,0,0,0,0,0,0,0,0,100,100,0,0,0,0,-16,3,0,0,103,0,22,4,-1,3,2
374,tank4_tiger_89,0,-8,444,0,0,4,0,0,0,0,0,100,0,0,0,0,0,0,0,0,0,0,0,0,0,0,0,0,0,0,0,0,100,100,0,0,0,0,-16,3,0,0,103,0,22,4,-1,3,2
375,tank4_tiger_89,0,-8,445,0,0,4,0,0,0,0,0,100,0,0,0,0,0,0,0,0,0,0,0,0,0,0,0,0,0,0,0,0,100,100,0,0,0,0,-16,3,0,0,103,0,22,4,-1,3,2
376,tank4_tiger_89,0,-7,447,0,0,4,0,0,0,0,0,100,0,0,0,0,0,0,0,0,0,0,0,0,0,0,0,0,0,0,0,0,100,100,0,0,0,0,-16,3,0,0,103,0,22,4,-1,3,2
377,tank4_tiger_89,0,-7,448,0,0,4,0,0,0,0,0,100,0,0,0,0,0,0,0,0,0,0,0,0,0,0,0,0,0,0,0,0,100,100,0,0,0,0,-16,3,0,0,103,0,22,4,-1,3,2
378,tank4_tiger_89,0,-7,449,0,0,4,0,0,0,0,0,100,0,0,0,0,0,0,0,0,0,0,0,0,0,0,0,0,0,0,0,0,100,100,0,0,0,0,-16,3,0,0,103,0,22,4,-1,3,2
379,tank4_tiger_89,0,-7,450,0,0,4,0,0,0,0,0,100,0,0,0,0,0,0,0,0,0,0,0,0,0,0,0,0,0,0,0,0,100,100,0,0,0,0,-16,3,0,0,103,0,22,4,-1,3,2
380,tank4_tiger_89,0,-7,451,0,0,4,0,0,0,0,0,100,0,0,0,0,0,0,0,0,0,0,0,0,0,0,0,0,0,0,0,0,100,100,0,0,0,0,-16,6,0,0,103,0,22,4,-1,3,2
381,tank4_tiger_89,0,-7,453,0,0,4,0,0,0,0,0,100,0,0,0,0,0,0,0,0,0,0,0,0,0,0,0,0,0,0,0,0,100,100,0,0,0,0,-16,6,0,0,103,0,22,4,-1,3,2
382,tank4_tiger_89,0,-7,454,0,0,4,0,0,0,0,0,100,0,0,0,0,0,0,0,0,0,0,0,0,0,0,0,0,0,0,0,0,100,100,0,0,0,0,-16,6,0,0,103,0,22,4,-1,3,2
383,tank4_tiger_89,0,-7,455,0,0,4,0,0,0,0,0,100,0,0,0,0,0,0,0,0,0,0,0,0,0,0,0,0,0,0,0,0,100,100,0,0,0,0,-16,6,0,0,103,0,22,4,-1,3,2
384,tank4_tiger_89,0,-7,456,0,0,4,0,0,0,0,0,100,0,0,0,0,0,0,0,0,0,0,0,0,0,0,0,0,0,0,0,0,100,100,0,0,0,0,-16,6,0,0,103,0,22,4,-1,3,2
385,tank4_tiger_89,0,-7,458,0,0,4,0,0,0,0,0,100,0,0,0,0,0,0,0,0,0,0,0,0,0,0,0,0,0,0,0,0,100,100,0,0,0,0,-16,6,0,0,103,0,22,4,-1,3,2
386,tank4_tiger_89,0,-7,459,0,0,4,0,0,0,0,0,100,0,0,0,0,0,0,0,0,0,0,0,0,0,0,0,0,0,0,0,0,100,100,0,0,0,0,-16,6,0,0,103,0,22,4,-1,3,2
387,tank4_tiger_89,0,-8,460,0,0,4,0,0,0,0,0,100,0,0,0,0,0,0,0,0,0,0,0,0,0,0,0,0,0,0,0,0,100,100,0,0,0,0,-16,6,0,0,103,0,22,4,-1,3,2
388,tank4_tiger_89,0,-8,461,0,0,4,0,0,0,0,0,100,0,0,0,0,0,0,0,0,0,0,0,0,0,0,0,0,0,0,0,0,100,100,0,0,0,0,-16,6,0,0,103,0,22,4,-1,3,2
389,tank4_tiger_89,0,-8,463,0,0,4,0,0,0,0,0,100,0,0,0,0,0,0,0,0,0,0,0,0,0,0,0,0,0,0,0,0,100,100,0,0,0,0,-16,6,0,0,103,0,22,4,-1,3,2
390,tank4_tiger_89,0,-8,464,0,0,4,0,0,0,0,0,100,0,0,0,0,0,0,0,0,0,0,0,0,0,0,0,0,0,0,0,0,100,100,0,0,0,0,-16,6,0,0,103,0,22,4,-1,3,2
391,tank4_tiger_89,0,-7,465,0,0,4,0,0,0,0,0,100,0,0,0,0,0,0,0,0,0,0,0,0,0,0,0,0,0,0,0,0,100,100,0,0,0,0,-16,6,0,0,103,0,22,4,-1,3,2
392,tank4_tiger_89,0,-7,466,0,0,4,0,0,0,0,0,100,0,0,0,0,0,0,0,0,0,0,0,0,0,0,0,0,0,0,0,0,100,100,0,0,0,0,-16,6,0,0,103,0,22,4,-1,3,2
393,tank4_tiger_89,0,-7,467,0,0,4,0,0,0,0,0,100,0,0,0,0,0,0,0,0,0,0,0,0,0,0,0,0,0,0,0,0,100,100,0,0,0,0,-16,6,0,0,103,0,22,4,-1,3,2
394,tank4_tiger_89,0,-7,469,0,0,4,0,0,0,0,0,100,0,0,0,0,0,0,0,0,0,0,0,0,0,0,0,0,0,0,0,0,100,100,0,0,0,0,-16,6,0,0,103,0,22,4,-1,3,2
395,tank4_tiger_89,0,-7,470,0,0,4,0,0,0,0,0,100,0,0,0,0,0,0,0,0,0,0,0,0,0,0,0,0,0,0,0,0,100,100,0,0,0,0,-16,6,0,0,103,0,22,4,-1,3,2
396,tank4_tiger_89,0,-7,471,0,0,4,0,0,0,0,0,100,0,0,0,0,0,0,0,0,0,0,0,0,0,0,0,0,0,0,0,0,100,100,0,0,0,0,-16,6,0,0,103,0,22,4,-1,3,2
397,tank4_tiger_89,0,-7,472,0,0,4,0,0,0,0,0,100,0,0,0,0,0,0,0,0,0,0,0,0,0,0,0,0,0,0,0,0,100,100,0,0,0,0,-16,6,0,0,103,0,22,4,-1,3,2
398,tank4_tiger_89,0,-7,474,0,0,4,0,0,0,0,0,100,0,0,0,0,0,0,0,0,0,0,0,0,0,0,0,0,0,0,0,0,100,100,0,0,0,0,-16,6,0,0,103,0,22,4,-1,3,2
399,tank4_tiger_89,0,-7,475,0,0,4,0,0,0,0,0,100,0,0,0,0,0,0,0,0,0,0,0,0,0,0,0,0,0,0,0,0,100,100,0,0,0,0,-16,6,0,0,103,0,22,4,-1,3,2
400,tank4_tiger_89,0,-7,476,0,0,4,0,0,0,0,0,100,0,0,0,0,0,0,0,0,0,0,0,0,0,0,0,0,0,0,0,0,100,100,0,0,0,0,-16,6,0,0,103,0,22,4,-1,3,2
401,tank4_tiger_89,0,-7,477,0,0,4,0,0,0,0,0,100,0,0,0,0,0,0,0,0,0,0,0,0,0,0,0,0,0,0,0,0,100,100,0,0,0,0,-16,6,0,0,103,0,22,4,-1,3,2
402,tank4_tiger_89,0,-7,479,0,0,4,0,0,0,0,0,100,0,0,0,0,0,0,0,0,0,0,0,0,0,0,0,0,0,0,0,0,100,100,0,0,0,0,-16,6,0,0,103,0,22,4,-1,3,2
403,tank4_tiger_89,0,-7,480,0,0,4,0,0,0,0,0,100,0,0,0,0,0,0,0,0,0,0,0,0,0,0,0,0,0,0,0,0,100,100,0,0,0,0,-16,6,0,0,103,0,22,4,-1,3,2
404,tank4_tiger_89,0,-7,481,0,0,4,0,0,0,0,0,100,0,0,0,0,0,0,0,0,0,0,0,0,0,0,0,0,0,0,0,0,100,100,0,0,0,0,-16,6,0,0,103,0,22,4,-1,3,2
405,tank4_tiger_89,0,-7,482,0,0,4,0,0,0,0,0,100,0,0,0,0,0,0,0,0,0,0,0,0,0,0,0,0,0,0,0,0,100,100,0,0,0,0,-16,6,0,0,103,0,22,4,-1,3,2
406,tank4_tiger_89,0,-7,484,0,0,4,0,0,0,0,0,100,0,0,0,0,0,0,0,0,0,0,0,0,0,0,0,0,0,0,0,0,100,100,0,0,0,0,-16,6,0,0,103,0,22,4,-1,3,2
407,tank4_tiger_89,0,-7,485,0,0,4,0,0,0,0,0,100,0,0,0,0,0,0,0,0,0,0,0,0,0,0,0,0,0,0,0,0,100,100,0,0,0,0,-16,6,0,0,103,0,22,4,-1,3,2
408,tank4_tiger_89,0,-7,486,0,0,4,0,0,0,0,0,100,0,0,0,0,0,0,0,0,0,0,0,0,0,0,0,0,0,0,0,0,100,100,0,0,0,0,-16,6,0,0,103,0,22,4,-1,3,2
409,tank4_tiger_89,0,-7,487,0,0,4,0,0,0,0,0,100,0,0,0,0,0,0,0,0,0,0,0,0,0,0,0,0,0,0,0,0,100,100,0,0,0,0,-16,6,0,0,103,0,22,4,-1,3,2
410,tank4_tiger_89,0,-7,488,0,0,4,0,0,0,0,0,100,0,0,0,0,0,0,0,0,0,0,0,0,0,0,0,0,0,0,0,0,100,100,0,0,0,0,-16,6,0,0,103,0,22,4,-1,3,2
411,tank4_tiger_89,0,-7,490,0,0,4,0,0,0,0,0,100,0,0,0,0,0,0,0,0,0,0,0,0,0,0,0,0,0,0,0,0,100,100,0,0,0,0,-16,6,0,0,103,0,22,4,-1,3,2
412,tank4_tiger_89,0,-7,491,0,0,4,0,0,0,0,0,100,0,0,0,0,0,0,0,0,0,0,0,0,0,0,0,0,0,0,0,0,100,100,0,0,0,0,-16,6,0,0,103,0,22,4,-1,3,2
413,tank4_tiger_89,0,-7,492,0,0,4,0,0,0,0,0,100,0,0,0,0,0,0,0,0,0,0,0,0,0,0,0,0,0,0,0,0,100,100,0,0,0,0,-16,6,0,0,103,0,22,4,-1,3,2
414,tank4_tiger_89,0,-7,493,0,0,4,0,0,0,0,0,100,0,0,0,0,0,0,0,0,0,0,0,0,0,0,0,0,0,0,0,0,100,100,0,0,0,0,-16,6,0,0,103,0,22,4,-1,3,2
415,tank4_tiger_89,0,-7,495,0,0,4,0,0,0,0,0,100,0,0,0,0,0,0,0,0,0,0,0,0,0,0,0,0,0,0,0,0,100,100,0,0,0,0,-16,6,0,0,103,0,22,4,-1,3,2
416,tank4_tiger_89,0,-7,496,0,0,4,0,0,0,0,0,100,0,0,0,0,0,0,0,0,0,0,0,0,0,0,0,0,0,0,0,0,100,100,0,0,0,0,-16,6,0,0,103,0,22,4,-1,3,2
417,tank4_tiger_89,0,-7,497,0,0,4,0,0,0,0,0,100,0,0,0,0,0,0,0,0,0,0,0,0,0,0,0,0,0,0,0,0,100,100,0,0,0,0,-16,6,0,0,103,0,22,4,-1,3,2
418,tank4_tiger_89,0,-7,498,0,0,4,0,0,0,0,0,100,0,0,0,0,0,0,0,0,0,0,0,0,0,0,0,0,0,0,0,0,100,100,0,0,0,0,-16,6,0,0,103,0,22,4,-1,3,2
419,tank4_tiger_89,0,-7,500,0,0,4,0,0,0,0,0,100,0,0,0,0,0,0,0,0,0,0,0,0,0,0,0,0,0,0,0,0,100,100,0,0,0,0,-16,6,0,0,103,0,22,4,-1,3,2
420,tank4_tiger_89,0,-7,501,0,0,4,0,0,0,0,0,100,0,0,0,0,0,0,0,0,0,0,0,0,0,0,0,0,0,0,0,0,100,100,0,0,0,0,-16,6,0,0,103,0,22,4,-1,3,2
421,tank4_tiger_89,0,-7,502,0,0,4,0,0,0,0,0,100,0,0,0,0,0,0,0,0,0,0,0,0,0,0,0,0,0,0,0,0,100,100,0,0,0,0,-16,6,0,0,103,0,22,4,-1,3,2
422,tank4_tiger_89,0,-7,503,0,0,4,0,0,0,0,0,100,0,0,0,0,0,0,0,0,0,0,0,0,0,0,0,0,0,0,0,0,100,100,0,0,0,0,-16,6,0,0,103,0,22,4,-1,3,2
423,tank4_tiger_89,0,-7,505,0,0,4,0,0,0,0,0,100,0,0,0,0,0,0,0,0,0,0,0,0,0,0,0,0,0,0,0,0,100,100,0,0,0,0,-16,6,0,0,103,0,22,4,-1,3,2
424,tank4_tiger_89,0,-7,506,0,0,4,0,0,0,0,0,100,0,0,0,0,0,0,0,0,0,0,0,0,0,0,0,0,0,0,0,0,100,100,0,0,0,0,-16,6,0,0,103,0,22,4,-1,3,2
425,tank4_tiger_89,0,-7,507,0,0,4,0,0,0,0,0,100,0,0,0,0,0,0,0,0,0,0,0,0,0,0,0,0,0,0,0,0,100,100,0,0,0,0,-16,6,0,0,103,0,22,4,-1,3,2
426,tank4_tiger_89,0,-7,508,0,0,4,0,0,0,0,0,100,0,0,0,0,0,0,0,0,0,0,0,0,0,0,0,0,0,0,0,0,100,100,0,0,0,0,-16,6,0,0,103,0,22,4,-1,3,2
427,tank4_tiger_89,0,-7,509,0,0,4,0,0,0,0,0,100,0,0,0,0,0,0,0,0,0,0,0,0,0,0,0,0,0,0,0,0,100,100,0,0,0,0,-16,6,0,0,103,0,22,4,-1,3,2
428,tank4_tiger_89,0,-7,511,0,0,4,0,0,0,0,0,100,0,0,0,0,0,0,0,0,0,0,0,0,0,0,0,0,0,0,0,0,100,100,0,0,0,0,-16,6,0,0,103,0,22,4,-1,3,2
429,tank4_tiger_89,0,-7,512,0,0,4,0,0,0,0,0,100,0,0,0,0,0,0,0,0,0,0,0,0,0,0,0,0,0,0,0,0,100,100,0,0,0,0,-16,6,0,0,103,0,22,4,-1,3,2
430,tank4_tiger_89,0,-7,513,0,0,4,0,0,0,0,0,100,0,0,0,0,0,0,0,0,0,0,0,0,0,0,0,0,0,0,0,0,100,100,0,0,0,0,-16,6,0,0,103,0,22,4,-1,3,2
431,tank4_tiger_89,0,-7,514,0,0,4,0,0,0,0,0,100,0,0,0,0,0,0,0,0,0,0,0,0,0,0,0,0,0,0,0,0,100,100,0,0,0,0,-16,6,0,0,103,0,22,4,-1,3,2
432,tank4_tiger_89,0,-7,516,0,0,4,0,0,0,0,0,100,0,0,0,0,0,0,0,0,0,0,0,0,0,0,0,0,0,0,0,0,100,100,0,0,0,0,-16,6,0,0,103,0,22,4,-1,3,2
433,tank4_tiger_89,0,-7,517,0,0,4,0,0,0,0,0,100,0,0,0,0,0,0,0,0,0,0,0,0,0,0,0,0,0,0,0,0,100,100,0,0,0,0,-16,6,0,0,103,0,22,4,-1,3,2
434,tank4_tiger_89,0,-7,518,0,0,4,0,0,0,0,0,100,0,0,0,0,0,0,0,0,0,0,0,0,0,0,0,0,0,0,0,0,100,100,0,0,0,0,-16,6,0,0,103,0,22,4,-1,3,2
435,tank4_tiger_89,0,-8,519,0,0,4,0,0,0,0,0,100,0,0,0,0,0,0,0,0,0,0,0,0,0,0,0,0,0,0,0,0,100,100,0,0,0,0,-16,6,0,0,103,0,22,4,-1,3,2
436,tank4_tiger_89,0,-8,521,0,0,4,0,0,0,0,0,100,0,0,0,0,0,0,0,0,0,0,0,0,0,0,0,0,0,0,0,0,100,100,0,0,0,0,-16,6,0,0,103,0,22,4,-1,3,2
437,tank4_tiger_89,0,-8,522,0,0,4,0,0,0,0,0,100,0,0,0,0,0,0,0,0,0,0,0,0,0,0,0,0,0,0,0,0,100,100,0,0,0,0,-16,6,0,0,103,0,22,4,-1,3,2
438,tank4_tiger_89,0,-8,523,0,0,4,0,0,0,0,0,100,0,0,0,0,0,0,0,0,0,0,0,0,0,0,0,0,0,0,0,0,100,100,0,0,0,0,-16,6,0,0,103,0,22,4,-1,3,2
439,tank4_tiger_89,0,-8,524,0,0,4,0,0,0,0,0,100,0,0,0,0,0,0,0,0,0,0,0,0,0,0,0,0,0,0,0,0,100,100,0,0,0,0,-16,6,0,0,103,0,22,4,-1,3,2
440,tank4_tiger_89,0,-7,526,0,0,4,0,0,0,0,0,100,0,0,0,0,0,0,0,0,0,0,0,0,0,0,0,0,0,0,0,0,100,100,0,0,0,0,-16,6,0,0,103,0,22,4,-1,3,2
441,tank4_tiger_89,0,-7,527,0,0,4,0,0,0,0,0,100,0,0,0,0,0,0,0,0,0,0,0,0,0,0,0,0,0,0,0,0,100,100,0,0,0,0,-16,6,0,0,103,0,22,4,-1,3,2
442,tank4_tiger_89,0,-7,528,0,0,4,0,0,0,0,0,100,0,0,0,0,0,0,0,0,0,0,0,0,0,0,0,0,0,0,0,0,100,100,0,0,0,0,-16,6,0,0,103,0,22,4,-1,3,2
443,tank4_tiger_89,0,-7,529,0,0,4,0,0,0,0,0,100,0,0,0,0,0,0,0,0,0,0,0,0,0,0,0,0,0,0,0,0,100,100,0,0,0,0,-16,6,0,0,103,0,22,4,-1,3,2
444,tank4_tiger_89,0,-7,530,0,0,4,0,0,0,0,0,100,0,0,0,0,0,0,0,0,0,0,0,0,0,0,0,0,0,0,0,0,100,100,0,0,0,0,-16,6,0,0,103,0,22,4,-1,3,2
445,tank4_tiger_89,0,-7,532,0,0,4,0,0,0,0,0,100,0,0,0,0,0,0,0,0,0,0,0,0,0,0,0,0,0,0,0,0,100,100,0,0,0,0,-16,6,0,0,103,0,22,4,-1,3,2
446,tank4_tiger_89,0,-7,533,0,0,4,0,0,0,0,0,100,0,0,0,0,0,0,0,0,0,0,0,0,0,0,0,0,0,0,0,0,100,100,0,0,0,0,-16,6,0,0,103,0,22,4,-1,3,2
447,tank4_tiger_89,0,-8,534,0,0,4,0,0,0,0,0,100,0,0,0,0,0,0,0,0,0,0,0,0,0,0,0,0,0,0,0,0,100,100,0,0,0,0,-16,6,0,0,103,0,22,4,-1,3,2
448,tank4_tiger_89,0,-8,535,0,0,4,0,0,0,0,0,100,0,0,0,0,0,0,0,0,0,0,0,0,0,0,0,0,0,0,0,0,100,100,0,0,0,0,-16,6,0,0,103,0,22,4,-1,3,2
449,tank4_tiger_89,0,-8,537,0,0,4,0,0,0,0,0,100,0,0,0,0,0,0,0,0,0,0,0,0,0,0,0,0,0,0,0,0,100,100,0,0,0,0,-16,6,0,0,103,0,22,4,-1,3,2
450,tank4_tiger_89,0,-8,538,0,0,4,0,0,0,0,0,100,0,0,0,0,0,0,0,0,0,0,0,0,0,0,0,0,0,0,0,0,100,100,0,0,0,0,-16,6,0,0,103,0,22,4,-1,3,2
451,tank4_tiger_89,0,-8,539,0,0,4,0,0,0,0,0,100,0,0,0,0,0,0,0,0,0,0,0,0,0,0,0,0,0,0,0,0,100,100,0,0,0,0,-16,6,0,0,103,0,22,4,-1,3,2
452,tank4_tiger_89,0,-8,540,0,0,4,0,0,0,0,0,100,0,0,0,0,0,0,0,0,0,0,0,0,0,0,0,0,0,0,0,0,100,100,0,0,0,0,-16,6,0,0,103,0,22,4,-1,3,2
453,tank4_tiger_89,0,-7,542,0,0,4,0,0,0,0,0,100,0,0,0,0,0,0,0,0,0,0,0,0,0,0,0,0,0,0,0,0,100,100,0,0,0,0,-16,6,0,0,103,0,22,4,-1,3,2
454,tank4_tiger_89,0,-7,543,0,0,4,0,0,0,0,0,100,0,0,0,0,0,0,0,0,0,0,0,0,0,0,0,0,0,0,0,0,100,100,0,0,0,0,-16,6,0,0,103,0,22,4,-1,3,2
455,tank4_tiger_89,0,-7,544,0,0,4,0,0,0,0,0,100,0,0,0,0,0,0,0,0,0,0,0,0,0,0,0,0,0,0,0,0,100,100,0,0,0,0,-16,6,0,0,103,0,22,4,-1,3,2
456,tank4_tiger_89,0,-7,545,0,0,4,0,0,0,0,0,100,0,0,0,0,0,0,0,0,0,0,0,0,0,0,0,0,0,0,0,0,100,100,0,0,0,0,-16,6,0,0,103,0,22,4,-1,3,2
457,tank4_tiger_89,0,-7,546,0,0,4,0,0,0,0,0,100,0,0,0,0,0,0,0,0,0,0,0,0,0,0,0,0,0,0,0,0,100,100,0,0,0,0,-16,6,0,0,103,0,22,4,-1,3,2
458,tank4_tiger_89,0,-7,548,0,0,4,0,0,0,0,0,100,0,0,0,0,0,0,0,0,0,0,0,0,0,0,0,0,0,0,0,0,100,100,0,0,0,0,-16,6,0,0,103,0,22,4,-1,3,2
459,tank4_tiger_89,0,-7,549,0,0,4,0,0,0,0,0,100,0,0,0,0,0,0,0,0,0,0,0,0,0,0,0,0,0,0,0,0,100,100,0,0,0,0,-16,6,0,0,103,0,22,4,-1,3,2
460,tank4_tiger_89,0,-7,550,0,0,4,0,0,0,0,0,100,0,0,0,0,0,0,0,0,0,0,0,0,0,0,0,0,0,0,0,0,100,100,0,0,0,0,-16,6,0,0,103,0,22,4,-1,3,2
461,tank4_tiger_89,0,-8,551,0,0,4,0,0,0,0,0,100,0,0,0,0,0,0,0,0,0,0,0,0,0,0,0,0,0,0,0,0,100,100,0,0,0,0,-16,6,0,0,103,0,22,4,-1,3,2
462,tank4_tiger_89,0,-8,553,0,0,4,0,0,0,0,0,100,0,0,0,0,0,0,0,0,0,0,0,0,0,0,0,0,0,0,0,0,100,100,0,0,0,0,-16,6,0,0,103,0,22,4,-1,3,2
463,tank4_tiger_89,0,-8,554,0,0,4,0,0,0,0,0,100,0,0,0,0,0,0,0,0,0,0,0,0,0,0,0,0,0,0,0,0,100,100,0,0,0,0,-16,6,0,0,103,0,22,4,-1,3,2
464,tank4_tiger_89,0,-8,555,0,0,4,0,0,0,0,0,100,0,0,0,0,0,0,0,0,0,0,0,0,0,0,0,0,0,0,0,0,100,100,0,0,0,0,-16,6,0,0,103,0,22,4,-1,3,2
465,tank4_tiger_89,0,-8,556,0,0,4,0,0,0,0,0,100,0,0,0,0,0,0,0,0,0,0,0,0,0,0,0,0,0,0,0,0,100,100,0,0,0,0,-16,6,0,0,103,0,22,4,-1,3,2
466,tank4_tiger_89,0,-7,558,0,0,4,0,0,0,0,0,100,0,0,0,0,0,0,0,0,0,0,0,0,0,0,0,0,0,0,0,0,100,100,0,0,0,0,-16,6,0,0,103,0,22,4,-1,3,2
467,tank4_tiger_89,0,-7,559,0,0,4,0,0,0,0,0,100,0,0,0,0,0,0,0,0,0,0,0,0,0,0,0,0,0,0,0,0,100,100,0,0,0,0,-16,6,0,0,103,0,22,4,-1,3,2
468,tank4_tiger_89,0,-7,560,0,0,4,0,0,0,0,0,100,0,0,0,0,0,0,0,0,0,0,0,0,0,0,0,0,0,0,0,0,100,100,0,0,0,0,-16,6,0,0,103,0,22,4,-1,3,2
469,tank4_tiger_89,0,-7,561,0,0,4,0,0,0,0,0,100,0,0,0,0,0,0,0,0,0,0,0,0,0,0,0,0,0,0,0,0,100,100,0,0,0,0,-16,6,0,0,103,0,22,4,-1,3,2
470,tank4_tiger_89,0,-7,563,0,0,4,0,0,0,0,0,100,0,0,0,0,0,0,0,0,0,0,0,0,0,0,0,0,0,0,0,0,100,100,0,0,0,0,-16,6,0,0,103,0,22,4,-1,3,2
471,tank4_tiger_89,0,-7,564,0,0,4,0,0,0,0,0,100,0,0,0,0,0,0,0,0,0,0,0,0,0,0,0,0,0,0,0,0,100,100,0,0,0,0,-16,6,0,0,103,0,22,4,-1,3,2
472,tank4_tiger_89,0,-7,565,0,0,4,0,0,0,0,0,100,0,0,0,0,0,0,0,0,0,0,0,0,0,0,0,0,0,0,0,0,100,100,0,0,0,0,-16,6,0,0,103,0,22,4,-1,3,2
473,tank4_tiger_89,0,-7,566,0,0,4,0,0,0,0,0,100,0,0,0,0,0,0,0,0,0,0,0,0,0,0,0,0,0,0,0,0,100,100,0,0,0,0,-16,6,0,0,103,0,22,4,-1,3,2
474,tank4_tiger_89,0,-8,567,0,0,4,0,0,0,0,0,100,0,0,0,0,0,0,0,0,0,0,0,0,0,0,0,0,0,0,0,0,100,100,0,0,0,0,-16,6,0,0,103,0,22,4,-1,3,2
475,tank4_tiger_89,0,-8,569,0,0,4,0,0,0,0,0,100,0,0,0,0,0,0,0,0,0,0,0,0,0,0,0,0,0,0,0,0,100,100,0,0,0,0,-16,6,0,0,103,0,22,4,-1,3,2
476,tank4_tiger_89,0,-8,570,0,0,4,0,0,0,0,0,100,0,0,0,0,0,0,0,0,0,0,0,0,0,0,0,0,0,0,0,0,100,100,0,0,0,0,-16,6,0,0,103,0,22,4,-1,3,2
477,tank4_tiger_89,0,-8,571,0,0,4,0,0,0,0,0,100,0,0,0,0,0,0,0,0,0,0,0,0,0,0,0,0,0,0,0,0,100,100,0,0,0,0,-16,6,0,0,103,0,22,4,-1,3,2
478,tank4_tiger_89,0,-8,572,0,0,4,0,0,0,0,0,100,0,0,0,0,0,0,0,0,0,0,0,0,0,0,0,0,0,0,0,0,100,100,0,0,0,0,-16,6,0,0,103,0,22,4,-1,3,2
479,tank4_tiger_89,0,-8,574,0,0,4,0,0,0,0,0,100,0,0,0,0,0,0,0,0,0,0,0,0,0,0,0,0,0,0,0,0,100,100,0,0,0,0,-16,6,0,0,103,0,22,4,-1,3,2
480,tank4_tiger_89,0,-7,575,0,0,4,0,0,0,0,0,100,0,0,0,0,0,0,0,0,0,0,0,0,0,0,0,0,0,0,0,0,100,100,0,0,0,0,-16,6,0,0,103,0,22,4,-1,3,2
481,tank4_tiger_89,0,-7,576,0,0,4,0,0,0,0,0,100,0,0,0,0,0,0,0,0,0,0,0,0,0,0,0,0,0,0,0,0,100,100,0,0,0,0,-16,6,0,0,103,0,22,4,-1,3,2
482,tank4_tiger_89,0,-7,577,0,0,4,0,0,0,0,0,100,0,0,0,0,0,0,0,0,0,0,0,0,0,0,0,0,0,0,0,0,100,100,0,0,0,0,-16,6,0,0,103,0,22,4,-1,3,2
483,tank4_tiger_89,0,-7,579,0,0,4,0,0,0,0,0,100,0,0,0,0,0,0,0,0,0,0,0,0,0,0,0,0,0,0,0,0,100,100,0,0,0,0,-16,6,0,0,103,0,22,4,-1,3,2
484,tank4_tiger_89,0,-7,580,0,0,4,0,0,0,0,0,100,0,0,0,0,0,0,0,0,0,0,0,0,0,0,0,0,0,0,0,0,100,100,0,0,0,0,-16,6,0,0,103,0,22,4,-1,3,2
485,tank4_tiger_89,0,-7,581,0,0,4,0,0,0,0,0,100,0,0,0,0,0,0,0,0,0,0,0,0,0,0,0,0,0,0,0,0,100,100,0,0,0,0,-16,6,0,0,103,0,22,4,-1,3,2
486,tank4_tiger_89,0,-7,582,0,0,4,0,0,0,0,0,100,0,0,0,0,0,0,0,0,0,0,0,0,0,0,0,0,0,0,0,0,100,100,0,0,0,0,-16,6,0,0,103,0,22,4,-1,3,2
487,tank4_tiger_89,0,-7,584,0,0,4,0,0,0,0,0,100,0,0,0,0,0,0,0,0,0,0,0,0,0,0,0,0,0,0,0,0,100,100,0,0,0,0,-16,6,0,0,103,0,22,4,-1,3,2
488,tank4_tiger_89,0,-8,585,0,0,4,0,0,0,0,0,100,0,0,0,0,0,0,0,0,0,0,0,0,0,0,0,0,0,0,0,0,100,100,0,0,0,0,-16,6,0,0,103,0,22,4,-1,3,2
489,tank4_tiger_89,0,-8,586,0,0,4,0,0,0,0,0,100,0,0,0,0,0,0,0,0,0,0,0,0,0,0,0,0,0,0,0,0,100,100,0,0,0,0,-16,6,0,0,103,0,22,4,-1,3,2
490,tank4_tiger_89,0,-8,587,0,0,4,0,0,0,0,0,100,0,0,0,0,0,0,0,0,0,0,0,0,0,0,0,0,0,0,0,0,100,100,0,0,0,0,-16,6,0,0,103,0,22,4,-1,4,2
491,tank4_tiger_89,0,-8,588,0,0,4,0,0,0,0,0,100,0,0,0,0,0,0,0,0,0,0,0,0,0,0,0,0,0,0,0,0,100,100,0,0,0,0,-16,6,0,0,103,0,22,4,-1,4,2
492,tank4_tiger_89,0,-8,590,0,0,4,0,0,0,0,0,100,0,0,0,0,0,0,0,0,0,0,0,0,0,0,0,0,0,0,0,0,100,100,0,0,0,0,-16,6,0,0,103,0,22,4,-1,4,2
493,tank4_tiger_89,0,-7,591,0,0,4,0,0,0,0,0,100,0,0,0,0,0,0,0,0,0,0,0,0,0,0,0,0,0,0,0,0,100,100,0,0,0,0,-16,6,0,0,103,0,22,4,-1,4,2
494,tank4_tiger_89,0,-7,592,0,0,4,0,0,0,0,0,100,0,0,0,0,0,0,0,0,0,0,0,0,0,0,0,0,0,0,0,0,100,100,0,0,0,0,-16,6,0,0,103,0,22,4,-1,4,2
495,tank4_tiger_89,0,-7,593,0,0,4,0,0,0,0,0,100,0,0,0,0,0,0,0,0,0,0,0,0,0,0,0,0,0,0,0,0,100,100,0,0,0,0,-16,6,0,0,103,0,22,4,-1,4,2
496,tank4_tiger_89,0,-7,595,0,0,4,0,0,0,0,0,100,0,0,0,0,0,0,0,0,0,0,0,0,0,0,0,0,0,0,0,0,100,100,0,0,0,0,-16,6,0,0,103,0,22,4,-1,4,2
497,tank4_tiger_89,0,-7,596,0,0,4,0,0,0,0,0,100,0,0,0,0,0,0,0,0,0,0,0,0,0,0,0,0,0,0,0,0,100,100,0,0,0,0,-16,6,0,0,103,0,22,4,-1,4,2
498,tank4_tiger_89,0,-7,597,0,0,4,0,0,0,0,0,100,0,0,0,0,0,0,0,0,0,0,0,0,0,0,0,0,0,0,0,0,100,100,0,0,0,0,-16,6,0,0,103,0,22,4,-1,4,2
499,tank4_tiger_89,0,-7,598,0,0,4,0,0,0,0,0,100,0,0,0,0,0,0,0,0,0,0,0,0,0,0,0,0,0,0,0,0,100,100,0,0,0,0,-16,6,0,0,103,0,22,4,-1,4,2
500,tank4_tiger_89,0,-7,600,0,0,4,0,0,0,0,0,100,0,0,0,0,0,0,0,0,0,0,0,0,0,0,0,0,0,0,0,0,100,100,0,0,0,0,-16,6,0,0,103,0,22,4,-1,4,2
501,tank4_tiger_89,0,-7,601,0,0,4,0,0,0,10,1,100,0,0,0,10,0,0,0,0,0,0,0,0,0,0,0,0,0,0,0,0,100,100,0,0,0,0,-16,6,0,0,103,0,22,4,-1,4,2
502,tank4_tiger_89,0,-8,602,0,0,4,0,0,0,20,2,100,1,0,0,20,0,0,0,0,0,0,0,0,0,0,0,0,0,0,0,0,100,100,0,0,0,0,-16,6,0,0,103,0,22,4,-1,4,2
503,tank4_tiger_89,0,-8,603,0,0,4,0,0,0,30,3,100,2,0,0,30,0,0,0,0,0,0,0,0,0,0,0,0,0,0,0,0,100,100,0,0,0,0,-16,6,0,0,103,0,22,4,-1,4,2
504,tank4_tiger_89,0,-8,605,0,0,4,0,0,0,40,4,100,3,0,0,40,0,0,0,0,0,0,0,0,0,0,0,0,0,0,0,0,100,100,0,0,0,0,-16,6,0,0,103,0,22,4,-1,4,2
505,tank4_tiger_89,0,-8,606,0,0,4,0,0,0,50,5,100,3,0,0,50,0,0,0,0,0,0,0,0,0,0,0,0,0,0,0,0,100,100,0,0,0,0,-16,6,0,0,103,0,22,4,-1,4,2
506,tank4_tiger_89,0,-8,607,0,0,4,0,0,0,60,6,100,4,0,0,60,0,0,0,0,0,0,0,0,0,0,0,0,0,0,0,0,100,100,0,0,0,0,-16,6,0,0,103,0,22,4,-1,4,2
507,tank4_tiger_89,0,-7,608,0,0,4,0,0,0,70,7,100,5,0,0,70,0,0,0,0,0,0,0,0,0,0,0,0,0,0,0,0,100,100,0,0,0,0,-16,6,0,0,103,0,22,4,-1,4,2
508,tank4_tiger_89,0,-7,609,0,0,4,0,0,0,90,8,100,6,0,0,80,0,0,0,0,0,0,0,0,0,0,0,0,0,0,0,0,100,100,0,0,0,0,-16,6,0,0,103,0,22,4,-1,4,2
509,tank4_tiger_89,0,-7,611,0,0,4,0,0,0,110,9,100,7,0,0,90,0,0,0,0,0,0,0,0,0,0,0,0,0,0,0,0,100,100,0,0,0,0,-16,6,0,0,103,0,22,4,-1,4,2
510,tank4_tiger_89,0,-7,612,0,0,4,0,0,0,130,10,100,7,0,0,100,0,0,0,0,0,0,0,0,0,0,0,0,0,0,0,0,100,100,0,0,0,0,-16,6,0,0,103,0,22,4,-1,4,2
511,tank4_tiger_89,0,-7,613,0,0,4,0,0,0,150,11,100,8,0,0,100,0,0,0,0,0,0,0,0,0,0,0,0,0,0,0,0,100,100,0,0,0,0,-16,6,0,0,103,0,22,4,-1,4,2
512,tank4_tiger_89,0,-7,614,0,0,4,0,0,0,170,12,100,9,0,0,100,0,0,0,0,0,0,0,0,0,0,0,0,0,0,0,0,100,100,0,0,0,0,-16,6,0,0,103,0,22,4,-1,4,2
513,tank4_tiger_89,0,-7,616,0,0,4,0,0,0,190,13,100,10,0,0,100,0,0,0,0,0,0,0,0,0,0,0,0,0,0,0,0,100,100,0,0,0,0,-16,6,0,0,103,0,22,4,-1,4,2
514,tank4_tiger_89,0,-7,617,0,0,4,0,0,0,210,14,100,10,0,0,100,0,0,0,0,0,0,0,0,0,0,0,0,0,0,0,0,100,100,0,0,0,0,-16,6,0,0,103,0,22,4,-1,4,2
515,tank4_tiger_89,0,-8,618,0,0,4,0,0,0,230,15,100,11,0,0,100,0,0,0,0,0,0,0,0,0,0,0,0,0,0,0,0,100,100,0,0,0,0,-16,6,0,0,103,0,22,4,-1,4,2
516,tank4_tiger_89,0,-8,619,0,0,4,0,0,0,260,16,100,12,0,0,100,0,0,0,0,0,0,0,0,0,0,0,0,0,0,0,0,100,100,0,0,0,0,-16,6,0,0,103,0,22,4,-1,4,2
517,tank4_tiger_89,0,-8,621,0,0,4,0,0,0,290,17,100,13,0,0,100,0,0,0,0,0,0,0,0,0,0,0,0,0,0,0,0,100,100,0,0,0,0,-16,6,0,0,103,0,22,4,-1,4,2
518,tank4_tiger_89,0,-8,622,0,0,4,0,0,0,320,18,100,14,0,0,100,0,0,0,0,0,0,0,0,0,0,0,0,0,0,0,0,100,100,0,0,0,0,-16,6,0,0,103,0,22,4,-1,4,2
519,tank4_tiger_89,0,-8,623,0,0,4,0,0,0,350,19,100,14,0,0,100,0,0,0,0,0,0,0,0,0,0,0,0,0,0,0,0,100,100,0,0,0,0,-16,6,0,0,103,0,22,4,-1,4,2
520,tank4_tiger_89,0,-8,624,0,0,4,0,0,0,380,20,100,15,0,0,100,0,0,0,0,0,0,0,0,0,0,0,0,0,0,0,0,100,100,0,0,0,0,-16,6,0,0,103,0,22,4,-1,4,2
521,tank4_tiger_89,0,-7,625,0,0,4,0,0,0,410,21,100,16,0,0,100,0,0,0,0,0,0,0,0,0,0,0,0,0,0,0,0,100,100,0,0,0,0,-16,6,0,0,103,0,22,4,-1,4,2
522,tank4_tiger_89,0,-7,627,0,0,4,0,0,0,440,22,100,17,0,0,100,0,0,0,0,0,0,0,0,0,0,0,0,0,0,0,0,100,100,0,0,0,0,-16,6,0,0,103,0,22,4,-1,4,2
523,tank4_tiger_89,0,-7,628,0,0,4,0,0,0,470,23,100,17,0,0,100,0,0,0,0,0,0,0,0,0,0,0,0,0,0,0,0,100,100,0,0,0,0,-16,6,0,0,103,0,22,4,-1,4,2
524,tank4_tiger_89,0,-7,629,0,0,4,0,0,0,510,24,100,18,0,0,100,0,0,0,0,0,0,0,0,0,0,0,0,0,0,0,0,100,100,0,0,0,0,-16,6,0,0,103,0,22,4,-1,4,2
525,tank4_tiger_89,0,-7,630,0,0,4,0,0,0,550,25,100,19,0,0,100,0,0,0,0,0,0,0,0,0,0,0,0,0,0,0,0,100,100,0,0,0,0,-16,6,0,0,103,0,22,4,-1,4,2
526,tank4_tiger_89,0,-7,632,0,0,4,0,0,0,590,26,100,20,0,0,100,0,0,0,0,0,0,0,0,0,0,0,0,0,0,0,0,100,100,0,0,0,0,-16,6,0,0,103,0,22,4,-1,4,2
527,tank4_tiger_89,0,-7,633,0,0,4,0,0,0,630,27,100,21,0,0,100,0,0,0,0,0,0,0,0,0,0,0,0,0,0,0,0,100,100,0,0,0,0,-16,6,0,0,103,0,22,4,-1,4,2
528,tank4_tiger_89,0,-7,634,0,0,4,0,0,0,670,28,100,21,0,0,100,0,0,0,0,0,0,0,0,0,0,0,0,0,0,0,0,100,100,0,0,0,0,-16,6,0,0,103,0,22,4,-1,4,2
529,tank4_tiger_89,0,-7,635,0,0,4,0,0,0,710,29,100,22,0,0,100,0,0,0,0,0,0,0,0,0,0,0,0,0,0,0,0,100,100,0,0,0,0,-16,6,0,0,103,0,22,4,-1,4,2
530,tank4_tiger_89,0,-8,637,0,0,4,0,0,0,750,30,100,23,0,0,100,0,0,0,0,0,0,0,0,0,0,0,0,0,0,0,0,100,100,0,0,0,0,-16,6,0,0,103,0,22,4,-1,4,2
531,tank4_tiger_89,0,-8,638,0,0,4,0,0,0,790,31,100,24,0,0,100,0,0,0,0,0,0,0,0,0,0,0,0,0,0,0,0,100,100,0,0,0,0,-16,6,0,0,103,0,22,4,-1,4,2
532,tank4_tiger_89,0,-8,639,0,0,4,0,0,0,840,32,100,25,0,0,100,0,0,0,0,0,0,0,0,0,0,0,0,0,0,0,0,100,100,0,0,0,0,-16,6,0,0,103,0,22,4,-1,4,2
533,tank4_tiger_89,0,-7,640,0,0,4,0,0,0,890,33,100,25,0,0,100,0,0,0,0,0,0,0,0,0,0,0,0,0,0,0,0,100,100,0,0,0,0,-16,6,0,0,103,0,22,4,-1,4,2
534,tank4_tiger_89,0,-7,642,0,0,4,0,0,0,940,34,100,26,0,0,100,0,0,0,0,0,0,0,0,0,0,0,0,0,0,0,0,100,100,0,0,0,0,-16,6,0,0,103,0,22,4,-1,4,2
535,tank4_tiger_89,0,-7,643,0,0,4,0,0,0,990,35,100,27,0,0,100,0,0,0,0,0,0,0,0,0,0,0,0,0,0,0,0,100,100,0,0,0,0,-16,6,0,0,103,0,22,4,-1,4,2
536,tank4_tiger_89,0,-7,644,0,0,4,0,0,0,1040,36,100,28,0,0,100,0,0,0,0,0,0,0,0,0,0,0,0,0,0,0,0,100,100,0,0,0,0,-16,6,0,0,103,0,22,4,-1,4,2
537,tank4_tiger_89,0,-7,645,0,0,4,0,0,0,1090,37,100,28,0,0,100,0,0,0,0,0,0,0,0,0,0,0,0,0,0,0,0,100,100,0,0,0,0,-16,6,0,0,103,0,22,4,-1,4,2
538,tank4_tiger_89,0,-7,646,0,0,4,0,0,0,1140,38,100,29,0,0,100,0,0,0,0,0,0,0,0,0,0,0,0,0,0,0,0,100,100,0,0,0,0,-16,6,0,0,103,0,22,4,-1,4,2
539,tank4_tiger_89,0,-7,648,0,0,4,0,0,0,1190,39,100,30,0,0,100,0,0,0,0,0,0,0,0,0,0,0,0,0,0,0,0,100,100,0,0,0,0,-16,6,0,0,103,0,22,4,-1,4,2
540,tank4_tiger_89,0,-7,649,0,0,4,0,0,0,1250,40,100,31,0,0,100,0,0,0,0,0,0,0,0,0,0,0,0,0,0,0,0,100,100,0,0,0,0,-16,6,0,0,103,0,22,4,-1,4,2
541,tank4_tiger_89,0,-7,650,0,0,4,0,0,0,1310,41,100,32,0,0,100,0,0,0,0,0,0,0,0,0,0,0,0,0,0,0,0,100,100,0,0,0,0,-16,6,0,0,103,0,22,4,-1,4,2
542,tank4_tiger_89,0,-7,651,0,0,4,0,0,0,1370,42,100,32,0,0,100,0,0,0,0,0,0,0,0,0,0,0,0,0,0,0,0,100,100,0,0,0,0,-16,6,0,0,103,0,22,4,-1,4,2
543,tank4_tiger_89,0,-7,653,0,0,4,0,0,0,1430,43,100,33,0,0,100,0,0,0,0,0,0,0,0,0,0,0,0,0,0,0,0,100,100,0,0,0,0,-16,6,0,0,103,0,22,4,-1,4,2
544,tank4_tiger_89,0,-7,654,0,0,4,0,0,0,1490,44,100,34,0,0,100,0,0,0,0,0,0,0,0,0,0,0,0,0,0,0,0,100,100,0,0,0,0,-16,6,0,0,103,0,22,4,-1,4,2
545,tank4_tiger_89,0,-7,655,0,0,4,0,0,0,1550,45,100,35,0,0,100,0,0,0,0,0,0,0,0,0,0,0,0,0,0,0,0,100,100,0,0,0,0,-16,6,0,0,103,0,22,4,-1,4,2
546,tank4_tiger_89,0,-7,656,0,0,4,0,0,0,1610,46,100,35,0,0,100,0,0,0,0,0,0,0,0,0,0,0,0,0,0,0,0,100,100,0,0,0,0,-16,6,0,0,103,0,22,4,-1,4,2
547,tank4_tiger_89,0,-7,658,0,0,4,0,0,0,1670,47,100,36,0,0,100,0,0,0,0,0,0,0,0,0,0,0,0,0,0,0,0,100,100,0,0,0,0,-16,6,0,0,103,0,22,4,-1,4,2
548,tank4_tiger_89,0,-7,659,0,0,4,0,0,0,1740,48,100,37,0,0,100,0,0,0,0,0,0,0,0,0,0,0,0,0,0,0,0,100,100,0,0,0,0,-16,6,0,0,103,0,22,4,-1,4,2
549,tank4_tiger_89,0,-7,660,0,0,4,0,0,0,1810,49,100,38,0,0,100,0,0,0,0,0,0,0,0,0,0,0,0,0,0,0,0,100,100,0,0,0,0,-16,6,0,0,103,0,22,4,-1,4,2
550,tank4_tiger_89,0,-7,661,0,0,4,0,0,0,1880,50,100,39,0,0,100,0,0,0,0,0,0,0,0,0,0,0,0,0,0,0,0,100,100,0,0,0,0,-16,6,0,0,103,0,22,4,-1,4,2
551,tank4_tiger_89,0,-7,663,0,0,4,0,0,0,1950,51,100,39,0,0,100,0,0,0,0,0,0,0,0,0,0,0,0,0,0,0,0,100,100,0,0,0,0,-16,6,0,0,103,0,22,4,-1,4,2
552,tank4_tiger_89,0,-7,664,0,0,4,0,0,0,2020,52,100,40,0,0,100,0,0,0,0,0,0,0,0,0,0,0,0,0,0,0,0,100,100,0,0,0,0,-16,6,0,0,103,0,22,4,-1,4,2
553,tank4_tiger_89,0,-7,665,0,0,4,0,0,0,2090,53,100,41,0,0,100,0,0,0,0,0,0,0,0,0,0,0,0,0,0,0,0,100,100,0,0,0,0,-16,6,0,0,103,0,22,4,-1,4,2
554,tank4_tiger_89,0,-7,666,0,0,4,0,0,0,2160,54,100,42,0,0,100,0,0,0,0,0,0,0,0,0,0,0,0,0,0,0,0,100,100,0,0,0,0,-16,6,0,0,103,0,22,4,-1,4,2
555,tank4_tiger_89,0,-7,667,0,0,4,0,0,0,2230,55,100,42,0,0,100,0,0,0,0,0,0,0,0,0,0,0,0,0,0,0,0,100,100,0,0,0,0,-16,6,0,0,103,0,22,4,-1,4,2
556,tank4_tiger_89,0,-7,669,0,0,4,0,0,0,2310,56,100,43,0,0,100,0,0,0,0,0,0,0,0,0,0,0,0,0,0,0,0,100,100,0,0,0,0,-16,6,0,0,103,0,22,4,-1,4,2
557,tank4_tiger_89,0,-7,670,0,0,4,0,0,0,2390,57,100,44,0,0,100,0,0,0,0,0,0,0,0,0,0,0,0,0,0,0,0,100,100,0,0,0,0,-16,6,0,0,103,0,22,4,-1,4,2
558,tank4_tiger_89,0,-7,671,0,0,4,0,0,0,2470,58,100,45,0,0,100,0,0,0,0,0,0,0,0,0,0,0,0,0,0,0,0,100,100,0,0,0,0,-16,6,0,0,103,0,22,4,-1,4,2
559,tank4_tiger_89,0,-7,672,0,0,4,0,0,0,2550,59,100,46,0,0,100,0,0,0,0,0,0,0,0,0,0,0,0,0,0,0,0,100,100,0,0,0,0,-16,6,0,0,103,0,22,4,-1,4,2
560,tank4_tiger_89,0,-7,674,0,0,4,0,0,0,2630,60,100,46,0,0,100,0,0,0,0,0,0,0,0,0,0,0,0,0,0,0,0,100,100,0,0,0,0,-16,0,0,0,103,0,22,4,-1,4,2
561,tank4_tiger_89,0,-7,675,0,0,4,0,0,0,2710,61,100,47,0,0,100,0,0,0,0,0,0,0,0,0,0,0,0,0,0,0,0,100,100,0,0,0,0,-16,0,0,0,103,0,22,4,-1,4,2
562,tank4_tiger_89,0,-7,676,0,0,4,0,0,0,2790,62,100,48,0,0,100,0,0,0,0,0,0,0,0,0,0,0,0,0,0,0,0,100,100,0,0,0,0,-16,0,0,0,103,0,22,4,-1,4,2
563,tank4_tiger_89,0,-7,677,0,0,4,0,0,0,2870,63,100,49,0,0,100,0,0,0,0,0,0,0,0,0,0,0,0,0,0,0,0,100,100,0,0,0,0,-16,0,0,0,103,0,22,4,-1,4,2
564,tank4_tiger_89,0,-7,679,0,0,4,0,0,0,2950,64,100,50,0,0,100,0,0,0,0,0,0,0,0,0,0,0,0,0,0,0,0,100,100,0,0,0,0,-16,0,0,0,103,0,22,4,-1,4,2
565,tank4_tiger_89,0,-7,680,0,0,4,0,0,0,3030,65,100,50,0,0,100,0,0,0,0,0,0,0,0,0,0,0,0,0,0,0,0,100,100,0,0,0,0,-16,0,0,0,103,0,22,4,-1,4,2
566,tank4_tiger_89,0,-7,681,0,0,4,0,0,0,3110,66,100,51,0,0,100,0,0,0,0,0,0,0,0,0,0,0,0,0,0,0,0,100,100,0,0,0,0,-16,0,0,0,103,0,22,4,-1,4,2
567,tank4_tiger_89,0,-7,682,0,0,4,0,0,0,3190,67,100,52,0,0,100,0,0,0,0,0,0,0,0,0,0,0,0,0,0,0,0,100,100,0,0,0,0,-16,0,0,0,103,0,22,4,-1,4,2
568,tank4_tiger_89,0,-7,684,0,0,4,0,0,0,3270,68,100,53,0,0,100,0,0,0,0,0,0,0,0,0,0,0,0,0,0,0,0,100,100,0,0,0,0,-16,0,0,0,103,0,22,4,-1,4,2
569,tank4_tiger_89,0,-7,685,0,0,4,0,0,0,3350,69,100,53,0,0,100,0,0,0,0,0,0,0,0,0,0,0,0,0,0,0,0,100,100,0,0,0,0,-16,0,0,0,103,0,22,4,-1,4,2
570,tank4_tiger_89,0,-7,686,0,0,4,0,0,0,3430,70,100,54,0,0,100,0,0,0,0,0,0,0,0,0,0,0,0,0,0,0,0,100,100,0,0,0,0,-16,0,0,0,103,0,22,4,-1,4,2
571,tank4_tiger_89,0,-7,687,0,0,4,0,0,0,3510,71,100,55,0,0,100,0,0,0,0,0,0,0,0,0,0,0,0,0,0,0,0,100,100,0,0,0,0,-16,0,0,0,103,0,22,4,-1,4,2
572,tank4_tiger_89,0,-7,688,0,0,4,0,0,0,3590,72,100,56,0,0,100,0,0,0,0,0,0,0,0,0,0,0,0,0,0,0,0,100,100,0,0,0,0,-16,0,0,0,103,0,22,4,-1,4,2
573,tank4_tiger_89,0,-7,690,0,0,4,0,0,0,3670,73,100,57,0,0,100,0,0,0,0,0,0,0,0,0,0,0,0,0,0,0,0,100,100,0,0,0,0,-16,0,0,0,103,0,22,4,-1,4,2
574,tank4_tiger_89,0,-7,691,0,0,4,0,0,0,3750,74,100,57,0,0,100,0,0,0,0,0,0,0,0,0,0,0,0,0,0,0,0,100,100,0,0,0,0,-16,0,0,0,103,0,22,4,-1,4,2
575,tank4_tiger_89,0,-7,692,0,0,4,0,0,0,3830,75,100,58,0,0,100,0,0,0,0,0,0,0,0,0,0,0,0,0,0,0,0,100,100,0,0,0,0,-16,0,0,0,103,0,22,4,-1,4,2
576,tank4_tiger_89,0,-7,693,0,0,4,0,0,0,3910,76,100,59,0,0,100,0,0,0,0,0,0,0,0,0,0,0,0,0,0,0,0,100,100,0,0,0,0,-16,0,0,0,103,0,22,4,-1,4,2
577,tank4_tiger_89,0,-7,695,0,0,4,0,0,0,3990,77,100,60,0,0,100,0,0,0,0,0,0,0,0,0,0,0,0,0,0,0,0,100,100,0,0,0,0,-16,0,0,0,103,0,22,4,-1,4,2
578,tank4_tiger_89,0,-8,696,0,0,4,0,0,0,4070,78,100,60,0,0,100,0,0,0,0,0,0,0,0,0,0,0,0,0,0,0,0,100,100,0,0,0,0,-16,0,0,0,103,0,22,4,-1,4,2
579,tank4_tiger_89,0,-8,697,0,0,4,0,0,0,4150,79,100,61,0,0,100,0,0,0,0,0,0,0,0,0,0,0,0,0,0,0,0,100,100,0,0,0,0,-16,0,0,0,103,0,22,4,-1,4,2
580,tank4_tiger_89,0,-8,698,0,0,4,0,0,0,4230,80,100,62,0,0,100,0,0,0,0,0,0,0,0,0,0,0,0,0,0,0,0,100,100,0,0,0,0,-16,0,0,0,103,0,22,4,-1,4,2
581,tank4_tiger_89,0,-8,700,0,0,4,0,0,0,4310,81,100,63,0,0,100,0,0,0,0,0,0,0,0,0,0,0,0,0,0,0,0,100,100,0,0,0,0,-16,0,0,0,103,0,22,4,-1,4,2
582,tank4_tiger_89,0,-8,701,0,0,4,0,0,0,4390,82,100,64,0,0,100,0,0,0,0,0,0,0,0,0,0,0,0,0,0,0,0,100,100,0,0,0,0,-16,0,0,0,103,0,22,4,-1,4,2
583,tank4_tiger_89,0,-7,702,0,0,4,0,0,0,4470,83,100,64,0,0,100,0,0,0,0,0,0,0,0,0,0,0,0,0,0,0,0,100,100,0,0,0,0,-16,0,0,0,103,0,22,4,-1,4,2
584,tank4_tiger_89,0,-7,703,0,0,4,0,0,0,4550,84,100,65,0,0,100,0,0,0,0,0,0,0,0,0,0,0,0,0,0,0,0,100,100,0,0,0,0,-16,0,0,0,103,0,22,4,-1,4,2
585,tank4_tiger_89,0,-7,704,0,0,4,0,0,0,4630,85,100,66,0,0,100,0,0,0,0,0,0,0,0,0,0,0,0,0,0,0,0,100,100,0,0,0,0,-16,0,0,0,103,0,22,4,-1,4,2
586,tank4_tiger_89,0,-7,706,0,0,4,0,0,0,4710,86,100,67,0,0,100,0,0,0,0,0,0,0,0,0,0,0,0,0,0,0,0,100,100,0,0,0,0,-16,0,0,0,103,0,22,4,-1,4,2
587,tank4_tiger_89,0,-7,707,0,0,4,0,0,0,4790,87,100,67,0,0,100,0,0,0,0,0,0,0,0,0,0,0,0,0,0,0,0,100,100,0,0,0,0,-16,0,0,0,103,0,22,4,-1,4,2
588,tank4_tiger_89,0,-7,708,0,0,4,0,0,0,4870,88,100,68,0,0,100,0,0,0,0,0,0,0,0,0,0,0,0,0,0,0,0,100,100,0,0,0,0,-16,0,0,0,103,0,22,4,-1,4,2
589,tank4_tiger_89,0,-7,709,0,0,4,0,0,0,4950,89,100,69,0,0,100,0,0,0,0,0,0,0,0,0,0,0,0,0,0,0,0,100,100,0,0,0,0,-16,0,0,0,103,0,22,4,-1,4,2
590,tank4_tiger_89,0,-7,711,0,0,4,0,0,0,5030,90,100,70,0,0,100,0,0,0,0,0,0,0,0,0,0,0,0,0,0,0,0,100,100,0,0,0,0,-16,0,0,0,103,0,22,4,-1,4,2
591,tank4_tiger_89,0,-8,712,0,0,4,0,0,0,5110,91,100,71,0,0,100,0,0,0,0,0,0,0,0,0,0,0,0,0,0,0,0,100,100,0,0,0,0,-16,0,0,0,103,0,22,4,-1,4,2
592,tank4_tiger_89,0,-8,713,0,0,4,0,0,0,5190,92,100,71,0,0,100,0,0,0,0,0,0,0,0,0,0,0,0,0,0,0,0,100,100,0,0,0,0,-16,0,0,0,103,0,22,4,-1,4,2
593,tank4_tiger_89,0,-8,714,0,0,4,0,0,0,5270,93,100,72,0,0,100,0,0,0,0,0,0,0,0,0,0,0,0,0,0,0,0,100,100,0,0,0,0,-16,0,0,0,103,0,22,4,-1,4,2
594,tank4_tiger_89,0,-8,716,0,0,4,0,0,0,5350,94,100,73,0,0,100,0,0,0,0,0,0,0,0,0,0,0,0,0,0,0,0,100,100,0,0,0,0,-16,0,0,0,103,0,22,4,-1,4,2
595,tank4_tiger_89,0,-8,717,0,0,4,0,0,0,5430,95,100,74,0,0,100,0,0,0,0,0,0,0,0,0,0,0,0,0,0,0,0,100,100,0,0,0,0,-16,0,0,0,103,0,22,4,-1,4,2
596,tank4_tiger_89,0,-8,718,0,0,4,0,0,0,5510,96,100,75,0,0,100,0,0,0,0,0,0,0,0,0,0,0,0,0,0,0,0,100,100,0,0,0,0,-16,0,0,0,103,0,22,4,-1,4,2
597,tank4_tiger_89,0,-7,719,0,0,4,0,0,0,5590,97,100,75,0,0,100,0,0,0,0,0,0,0,0,0,0,0,0,0,0,0,0,100,100,0,0,0,0,-16,0,0,0,103,0,22,4,-1,4,2
598,tank4_tiger_89,0,-7,721,0,0,4,0,0,0,5670,98,100,76,0,0,100,0,0,0,0,0,0,0,0,0,0,0,0,0,0,0,0,100,100,0,0,0,0,-16,0,0,0,103,0,22,4,-1,4,2
599,tank4_tiger_89,0,-7,722,0,0,4,0,0,0,5750,99,100,77,0,0,100,0,0,0,0,0,0,0,0,0,0,0,0,0,0,0,0,100,100,0,0,0,0,-16,0,0,0,103,0,22,4,-1,4,2
600,tank4_tiger_89,0,-7,723,0,0,4,0,0,0,5830,100,100,78,0,0,100,0,0,0,0,0,0,0,0,0,0,0,0,0,0,0,0,100,100,0,0,0,0,-16,0,0,0,103,0,22,4,-1,4,2
601,tank4_tiger_89,0,-7,724,0,0,4,0,0,0,5910,101,100,78,0,0,100,0,0,0,0,0,0,0,0,0,0,0,0,0,0,0,0,100,100,0,0,0,0,-16,6,0,0,103,0,22,4,-1,4,2
602,tank4_tiger_89,0,-7,725,0,0,4,0,0,0,5990,102,100,79,0,0,100,0,0,0,0,0,0,0,0,0,0,0,0,0,0,0,0,100,100,0,0,0,0,-16,6,0,0,103,0,22,4,-1,4,2
603,tank4_tiger_89,0,-7,727,0,0,4,0,0,0,6070,103,100,80,0,0,100,0,0,0,0,0,0,0,0,0,0,0,0,0,0,0,0,100,100,0,0,0,0,-16,6,0,0,103,0,22,4,-1,4,2
604,tank4_tiger_89,0,-7,728,0,0,4,0,0,0,6150,104,100,81,0,0,100,0,0,0,0,0,0,0,0,0,0,0,0,0,0,0,0,100,100,0,0,0,0,-16,6,0,0,103,0,22,4,-1,4,2
605,tank4_tiger_89,0,-8,729,0,0,4,0,0,0,6230,105,100,82,0,0,100,0,0,0,0,0,0,0,0,0,0,0,0,0,0,0,0,100,100,0,0,0,0,-16,6,0,0,103,0,22,4,-1,4,2
606,tank4_tiger_89,0,-8,730,0,0,4,0,0,0,6310,106,100,82,0,0,100,0,0,0,0,0,0,0,0,0,0,0,0,0,0,0,0,100,100,0,0,0,0,-16,6,0,0,103,0,22,4,-1,4,2
607,tank4_tiger_89,0,-8,732,0,0,4,0,0,0,6390,107,100,83,0,0,100,0,0,0,0,0,0,0,0,0,0,0,0,0,0,0,0,100,100,0,0,0,0,-16,6,0,0,103,0,22,4,-1,4,2
608,tank4_tiger_89,0,-8,733,0,0,4,0,0,0,6470,108,100,84,0,0,100,0,0,0,0,0,0,0,0,0,0,0,0,0,0,0,0,100,100,0,0,0,0,-16,6,0,0,103,0,22,4,-1,4,2
609,tank4_tiger_89,0,-8,734,0,0,4,0,0,0,6550,109,100,85,0,0,100,0,0,0,0,0,0,0,0,0,0,0,0,0,0,0,0,100,100,0,0,0,0,-16,6,0,0,103,0,22,4,-1,4,2
610,tank4_tiger_89,0,-7,735,0,0,4,0,0,0,6630,110,100,85,0,0,100,0,0,0,0,0,0,0,0,0,0,0,0,0,0,0,0,100,100,0,0,0,0,-16,6,0,0,103,0,22,4,-1,4,2
611,tank4_tiger_89,0,-7,737,0,0,4,0,0,0,6710,111,100,86,0,0,100,0,0,0,0,0,0,0,0,0,0,0,0,0,0,0,0,100,100,0,0,0,0,-16,6,0,0,103,0,22,4,-1,4,2
612,tank4_tiger_89,0,-7,738,0,0,4,0,0,0,6790,112,100,87,0,0,100,0,0,0,0,0,0,0,0,0,0,0,0,0,0,0,0,100,100,0,0,0,0,-16,6,0,0,103,0,22,4,-1,4,2
613,tank4_tiger_89,0,-7,739,0,0,4,0,0,0,6870,113,100,88,0,0,100,0,0,0,0,0,0,0,0,0,0,0,0,0,0,0,0,100,100,0,0,0,0,-16,6,0,0,103,0,22,4,-1,4,2
614,tank4_tiger_89,0,-7,740,0,0,4,0,0,0,6950,114,100,89,0,0,100,0,0,0,0,0,0,0,0,0,0,0,0,0,0,0,0,100,100,0,0,0,0,-16,6,0,0,103,0,22,4,-1,4,2
615,tank4_tiger_89,0,-7,742,0,0,4,0,0,0,7030,115,100,89,0,0,100,0,0,0,0,0,0,0,0,0,0,0,0,0,0,0,0,100,100,0,0,0,0,-16,6,0,0,103,0,22,4,-1,4,2
616,tank4_tiger_89,0,-7,743,0,0,4,0,0,0,7110,116,100,90,0,0,100,0,0,0,0,0,0,0,0,0,0,0,0,0,0,0,0,100,100,0,0,0,0,-16,6,0,0,103,0,22,4,-1,4,2
617,tank4_tiger_89,0,-7,744,0,0,4,0,0,0,7190,117,100,91,0,0,100,0,0,0,0,0,0,0,0,0,0,0,0,0,0,0,0,100,100,0,0,0,0,-16,6,0,0,103,0,22,4,-1,4,2
618,tank4_tiger_89,0,-8,745,0,0,4,0,0,0,7270,118,100,92,0,0,100,0,0,0,0,0,0,0,0,0,0,0,0,0,0,0,0,100,100,0,0,0,0,-16,6,0,0,103,0,22,4,-1,4,2
619,tank4_tiger_89,0,-8,746,0,0,4,0,0,0,7350,119,100,92,0,0,100,0,0,0,0,0,0,0,0,0,0,0,0,0,0,0,0,100,100,0,0,0,0,-16,6,0,0,103,0,22,4,-1,4,2
620,tank4_tiger_89,0,-8,748,0,0,4,0,0,0,7430,120,100,93,0,0,100,0,0,0,0,0,0,0,0,0,0,0,0,0,0,0,0,100,100,0,0,0,0,-16,6,0,0,103,0,22,4,-1,4,2
621,tank4_tiger_89,0,-8,749,0,0,4,0,0,0,7510,121,100,94,0,0,100,0,0,0,0,0,0,0,0,0,0,0,0,0,0,0,0,100,100,0,0,0,0,-16,6,0,0,103,0,22,4,-1,4,2
622,tank4_tiger_89,0,-8,750,0,0,4,0,0,0,7590,122,100,95,0,0,100,0,0,0,0,0,0,0,0,0,0,0,0,0,0,0,0,100,100,0,0,0,0,-16,6,0,0,103,0,22,4,-1,4,2
623,tank4_tiger_89,0,-7,751,0,0,4,0,0,0,7670,123,100,96,0,0,100,0,0,0,0,0,0,0,0,0,0,0,0,0,0,0,0,100,100,0,0,0,0,-16,6,0,0,103,0,22,4,-1,4,2
624,tank4_tiger_89,0,-7,753,0,0,4,0,0,0,7750,124,100,96,0,0,100,0,0,0,0,0,0,0,0,0,0,0,0,0,0,0,0,100,100,0,0,0,0,-16,6,0,0,103,0,22,4,-1,4,2
625,tank4_tiger_89,0,-7,754,0,0,4,0,0,0,7830,125,100,97,0,0,100,0,0,0,0,0,0,0,0,0,0,0,0,0,0,0,0,100,100,0,0,0,0,-16,6,0,0,103,0,22,4,-1,4,2
626,tank4_tiger_89,0,-7,755,0,0,4,0,0,0,7910,126,100,98,0,0,100,0,0,0,0,0,0,0,0,0,0,0,0,0,0,0,0,100,100,0,0,0,0,-16,6,0,0,103,0,22,4,-1,4,2
627,tank4_tiger_89,0,-7,756,0,0,4,0,0,0,7990,127,100,99,0,0,100,0,0,0,0,0,0,0,0,0,0,0,0,0,0,0,0,100,100,0,0,0,0,-16,6,0,0,103,0,22,4,-1,4,2
628,tank4_tiger_89,0,-7,758,0,0,4,0,0,0,8070,128,100,100,0,0,100,0,0,0,0,0,0,0,0,0,0,0,0,0,0,0,0,100,100,0,0,0,0,-16,6,0,0,103,0,22,4,-1,4,2
629,tank4_tiger_89,0,-7,759,0,0,4,0,0,0,8150,129,100,100,0,0,100,0,0,0,0,0,0,0,0,0,0,0,0,0,0,0,0,100,100,0,0,0,0,-16,6,0,0,103,0,22,4,-1,4,2
630,tank4_tiger_89,0,-7,760,0,0,4,0,0,0,8230,130,100,100,0,0,100,0,0,0,0,0,0,0,0,0,0,0,0,0,0,0,0,100,100,0,0,0,0,-16,6,0,0,103,0,22,4,-1,4,2
631,tank4_tiger_89,0,-8,761,0,0,4,0,0,0,8310,131,100,100,0,0,100,0,0,0,0,0,0,0,0,0,0,0,0,0,0,0,0,100,100,0,0,0,0,-16,6,0,0,103,0,22,4,-1,4,2
632,tank4_tiger_89,0,-8,763,0,0,4,0,0,0,8390,132,100,100,0,0,100,0,0,0,0,0,0,0,0,0,0,0,0,0,0,0,0,100,100,0,0,0,0,-16,6,0,0,103,0,22,4,-1,4,2
633,tank4_tiger_89,0,-8,764,0,0,4,0,0,0,8470,133,100,100,0,0,100,0,0,0,0,0,0,0,0,0,0,0,0,0,0,0,0,100,100,0,0,0,0,-16,6,0,0,103,0,22,4,-1,4,2
634,tank4_tiger_89,0,-8,765,0,0,4,0,0,0,8550,134,100,100,0,0,100,0,0,0,0,0,0,0,0,0,0,0,0,0,0,0,0,100,100,0,0,0,0,-16,6,0,0,103,0,22,4,-1,4,2
635,tank4_tiger_89,0,-8,766,0,0,4,0,0,0,8630,135,100,100,0,0,100,0,0,0,0,0,0,0,0,0,0,0,0,0,0,0,0,100,100,0,0,0,0,-16,6,0,0,103,0,22,4,-1,4,2
636,tank4_tiger_89,0,-7,767,0,0,4,0,0,0,8710,136,100,100,0,0,100,0,0,0,0,0,0,0,0,0,0,0,0,0,0,0,0,100,100,0,0,0,0,-16,6,0,0,103,0,22,4,-1,4,2
637,tank4_tiger_89,0,-7,769,0,0,4,0,0,0,8790,137,100,100,0,0,100,0,0,0,0,0,0,0,0,0,0,0,0,0,0,0,0,100,100,0,0,0,0,-16,6,0,0,103,0,22,4,-1,4,2
638,tank4_tiger_89,0,-7,770,0,0,4,0,0,0,8870,138,100,100,0,0,100,0,0,0,0,0,0,0,0,0,0,0,0,0,0,0,0,100,100,0,0,0,0,-16,6,0,0,103,0,22,4,-1,4,2
639,tank4_tiger_89,0,-7,771,0,0,4,0,0,0,8950,139,100,100,0,0,100,0,0,0,0,0,0,0,0,0,0,0,0,0,0,0,0,100,100,0,0,0,0,-16,6,0,0,103,0,22,4,-1,4,2
640,tank4_tiger_89,0,-7,772,0,0,4,0,0,0,9030,140,100,100,0,0,100,0,0,0,0,0,0,0,0,0,0,0,0,0,0,0,0,100,100,0,0,0,0,-16,6,0,0,103,0,22,4,-1,5,2
641,tank4_tiger_89,0,-7,774,0,0,4,0,0,0,9110,141,100,100,0,0,100,0,0,0,0,0,0,0,0,0,0,0,0,0,0,0,0,100,100,0,0,0,0,-16,6,0,0,103,0,22,4,-1,5,2
642,tank4_tiger_89,0,-7,775,0,0,4,0,0,0,9190,142,100,100,0,0,100,0,0,0,0,0,0,0,0,0,0,0,0,0,0,0,0,100,100,0,0,0,0,-16,6,0,0,103,0,22,4,-1,5,2
643,tank4_tiger_89,0,-7,776,0,0,4,0,0,0,9270,143,100,100,0,0,100,0,0,0,0,0,0,0,0,0,0,0,0,0,0,0,0,100,100,0,0,0,0,-16,6,0,0,103,0,22,4,-1,5,2
644,tank4_tiger_89,0,-7,777,0,0,4,0,0,0,9350,144,100,100,0,0,100,0,0,0,0,0,0,0,0,0,0,0,0,0,0,0,0,100,100,0,0,0,0,-16,6,0,0,103,0,22,4,-1,5,2
645,tank4_tiger_89,0,-8,779,0,0,4,0,0,0,9430,145,100,100,0,0,100,0,0,0,0,0,0,0,0,0,0,0,0,0,0,0,0,100,100,0,0,0,0,-16,6,0,0,103,0,22,4,-1,5,2
646,tank4_tiger_89,0,-8,780,0,0,4,0,0,0,9510,146,100,100,0,0,100,0,0,0,0,0,0,0,0,0,0,0,0,0,0,0,0,100,100,0,0,0,0,-16,6,0,0,103,0,22,4,-1,5,2
647,tank4_tiger_89,0,-8,781,0,0,4,0,0,0,9590,147,100,100,0,0,100,0,0,0,0,0,0,0,0,0,0,0,0,0,0,0,0,100,100,0,0,0,0,-16,6,0,0,103,0,22,4,-1,5,2
648,tank4_tiger_89,0,-8,782,0,0,4,0,0,0,9670,148,100,100,0,0,100,0,0,0,0,0,0,0,0,0,0,0,0,0,0,0,0,100,100,0,0,0,0,-16,6,0,0,103,0,22,4,-1,5,2
649,tank4_tiger_89,0,-7,783,0,0,4,0,0,0,9750,149,100,100,0,0,100,0,0,0,0,0,0,0,0,0,0,0,0,0,0,0,0,100,100,0,0,0,0,-16,6,0,0,103,0,22,4,-1,5,2
650,tank4_tiger_89,0,-7,785,0,0,4,0,0,0,9830,150,100,100,0,0,100,0,0,0,0,0,0,0,0,0,0,0,0,0,0,0,0,100,100,0,0,0,0,-16,6,0,0,103,0,22,4,-1,5,2
651,tank4_tiger_89,0,-7,786,0,0,4,0,0,0,9910,151,100,100,0,0,100,0,0,0,0,0,0,0,0,0,0,0,0,0,0,0,0,100,100,0,0,0,0,-16,6,0,0,103,0,22,4,-1,5,2
652,tank4_tiger_89,0,-7,787,0,0,4,0,0,0,9990,152,100,100,0,0,100,0,0,0,0,0,0,0,0,0,0,0,0,0,0,0,0,100,100,0,0,0,0,-16,6,0,0,103,0,22,4,-1,5,2
653,tank4_tiger_89,0,-7,788,0,0,4,0,0,0,10070,153,100,100,0,0,100,0,0,0,0,0,0,0,0,0,0,0,0,0,0,0,0,100,100,0,0,0,0,-16,6,0,0,103,0,22,4,-1,5,2
654,tank4_tiger_89,0,-7,790,0,0,4,0,0,0,10150,154,100,100,0,0,100,0,0,0,0,0,0,0,0,0,0,0,0,0,0,0,0,100,100,0,0,0,0,-16,6,0,0,103,0,22,4,-1,5,2
655,tank4_tiger_89,0,-7,791,0,0,4,0,0,0,10230,155,100,100,0,0,100,0,0,0,0,0,0,0,0,0,0,0,0,0,0,0,0,100,100,0,0,0,0,-16,6,0,0,103,0,22,4,-1,5,2
656,tank4_tiger_89,0,-7,792,0,0,4,0,0,0,10310,156,100,100,0,0,100,0,0,0,0,0,0,0,0,0,0,0,0,0,0,0,0,100,100,0,0,0,0,-16,6,0,0,103,0,22,4,-1,5,2
657,tank4_tiger_89,0,-7,793,0,0,4,0,0,0,10390,157,100,100,0,0,100,0,0,0,0,0,0,0,0,0,0,0,0,0,0,0,0,100,100,0,0,0,0,-16,6,0,0,103,0,22,4,-1,5,2
658,tank4_tiger_89,0,-7,795,0,0,4,0,0,0,10470,158,100,100,0,0,100,0,0,0,0,0,0,0,0,0,0,0,0,0,0,0,0,100,100,0,0,0,0,-16,6,0,0,103,0,22,4,-1,5,2
659,tank4_tiger_89,0,-7,796,0,0,4,0,0,0,10550,159,100,100,0,0,100,0,0,0,0,0,0,0,0,0,0,0,0,0,0,0,0,100,100,0,0,0,0,-16,6,0,0,103,0,22,4,-1,5,2
660,tank4_tiger_89,0,-7,797,0,0,4,0,0,0,10630,160,100,100,0,0,100,0,0,0,0,0,0,0,0,0,0,0,0,0,0,0,0,100,100,0,0,0,0,-16,6,0,0,103,0,22,4,-1,5,2
661,tank4_tiger_89,0,-7,798,0,0,4,0,0,0,10710,161,100,100,0,0,100,0,0,0,0,0,0,0,0,0,0,0,0,0,0,0,0,100,100,0,0,0,0,-16,6,0,0,103,0,22,4,-1,5,2
662,tank4_tiger_89,0,-7,800,0,0,4,0,0,0,10790,162,100,100,0,0,100,0,0,0,0,0,0,0,0,0,0,0,0,0,0,0,0,100,100,0,0,0,0,-16,6,0,0,103,0,22,4,-1,5,2
663,tank4_tiger_89,0,-7,801,0,0,4,0,0,0,10870,163,100,100,0,0,100,0,0,0,0,0,0,0,0,0,0,0,0,0,0,0,0,100,100,0,0,0,0,-16,6,0,0,103,0,22,4,-1,5,2
664,tank4_tiger_89,0,-7,802,0,0,4,0,0,0,10950,164,100,100,0,0,100,0,0,0,0,0,0,0,0,0,0,0,0,0,0,0,0,100,100,0,0,0,0,-16,6,0,0,103,0,22,4,-1,5,2
665,tank4_tiger_89,0,-7,803,0,0,4,0,0,0,11030,165,100,100,0,0,100,0,0,0,0,0,0,0,0,0,0,0,0,0,0,0,0,100,100,0,0,0,0,-16,6,0,0,103,0,22,4,-1,5,2
666,tank4_tiger_89,0,-7,804,0,0,4,0,0,0,11110,166,100,100,0,0,100,0,0,0,0,0,0,0,0,0,0,0,0,0,0,0,0,100,100,0,0,0,0,-16,6,0,0,103,0,22,4,-1,5,2
667,tank4_tiger_89,0,-7,806,0,0,4,0,0,0,11190,167,100,100,0,0,100,0,0,0,0,0,0,0,0,0,0,0,0,0,0,0,0,100,100,0,0,0,0,-16,6,0,0,103,0,22,4,-1,5,2
668,tank4_tiger_89,0,-7,807,0,0,4,0,0,0,11270,168,100,100,0,0,100,0,0,0,0,0,0,0,0,0,0,0,0,0,0,0,0,100,100,0,0,0,0,-16,6,0,0,103,0,22,4,-1,5,2
669,tank4_tiger_89,0,-7,808,0,0,4,0,0,0,11350,169,100,100,0,0,100,0,0,0,0,0,0,0,0,0,0,0,0,0,0,0,0,100,100,0,0,0,0,-16,6,0,0,103,0,22,4,-1,5,2
670,tank4_tiger_89,0,-7,809,0,0,4,0,0,2,11430,170,100,100,0,0,100,0,0,0,0,0,0,0,0,0,0,0,0,0,0,0,0,100,100,0,0,0,0,-16,6,1,0,30,0,22,4,-1,5,3
671,tank4_tiger_89,0,-7,811,0,0,4,0,0,0,11510,171,100,100,0,0,100,0,0,0,0,0,0,0,0,0,0,0,0,0,0,0,0,100,100,0,0,0,0,-16,6,0,0,30,0,22,4,-1,5,3
672,tank4_tiger_89,0,-7,812,0,0,4,0,0,0,11590,172,100,100,0,0,100,0,0,0,0,0,0,0,0,0,0,0,0,0,0,0,0,100,100,0,0,0,0,-16,6,0,0,30,0,22,4,-1,5,3
673,tank4_tiger_89,0,-7,813,0,0,4,0,0,0,11670,173,100,100,0,0,100,0,0,0,0,0,0,0,0,0,0,0,0,0,0,0,0,100,100,0,0,0,0,-16,6,0,0,30,0,22,4,-1,5,3
674,tank4_tiger_89,0,-7,814,0,0,4,0,0,0,11750,174,100,100,0,0,100,0,0,0,0,0,0,0,0,0,0,0,0,0,0,0,0,100,100,0,0,0,0,-16,6,0,0,30,0,22,4,-1,5,3
675,tank4_tiger_89,0,-7,816,0,0,4,0,0,0,11830,175,100,100,0,0,100,0,0,0,0,0,0,0,0,0,0,0,0,0,0,0,0,100,100,0,0,0,0,-16,6,0,0,30,0,22,4,-1,5,3
676,tank4_tiger_89,0,-7,817,0,0,4,0,0,0,11910,176,100,100,0,0,100,0,0,0,0,0,0,0,0,0,0,0,0,0,0,0,0,100,100,0,0,0,0,-16,6,0,0,30,0,22,4,-1,5,3
677,tank4_tiger_89,0,-7,818,0,0,4,0,0,0,11990,177,100,100,0,0,100,0,0,0,0,0,0,0,0,0,0,0,0,0,0,0,0,100,100,0,0,0,0,-16,6,0,0,30,0,22,4,-1,5,3
678,tank4_tiger_89,0,-7,819,0,0,4,0,0,0,12070,178,100,100,0,0,100,0,0,0,0,0,0,0,0,0,0,0,0,0,0,0,0,100,100,0,0,0,0,-16,6,0,0,30,0,22,4,-1,5,3
679,tank4_tiger_89,0,-7,820,0,0,4,0,0,0,12150,179,100,100,0,0,100,0,0,0,0,0,0,0,0,0,0,0,0,0,0,0,0,100,100,0,0,0,0,-16,6,0,0,30,0,22,4,-1,5,3
680,tank4_tiger_89,0,-7,822,0,0,4,0,0,0,12150,179,100,100,0,0,100,0,0,0,0,0,0,0,0,0,0,0,0,0,0,0,0,100,100,0,0,0,0,-16,6,0,0,30,0,22,4,-1,5,3
681,tank4_tiger_89,0,-7,823,0,0,4,0,0,0,12150,179,100,100,0,0,100,0,0,0,0,0,0,0,0,0,0,0,0,0,0,0,0,100,100,0,0,0,0,-16,6,0,0,30,0,22,4,-1,5,3
682,tank4_tiger_89,0,-7,824,0,0,4,0,0,0,12150,179,100,100,0,0,100,0,0,0,0,0,0,0,0,0,0,0,0,0,0,0,0,100,100,0,0,0,0,-16,6,0,0,30,0,22,4,-1,5,3
683,tank4_tiger_89,0,-7,825,0,0,4,0,0,0,12150,179,100,100,0,0,100,0,0,0,0,0,0,0,0,0,0,0,0,0,0,0,0,100,100,0,0,0,0,-16,6,0,0,30,0,22,4,-1,5,3
684,tank4_tiger_89,0,-7,827,0,0,4,0,0,0,12150,179,100,100,0,0,100,0,0,0,0,0,0,0,0,0,0,0,0,0,0,0,0,100,100,0,0,0,0,-16,6,0,0,30,0,22,4,-1,5,3
685,tank4_tiger_89,0,-7,828,0,0,4,0,0,0,12150,179,100,100,0,0,100,0,0,0,0,0,0,0,0,0,0,0,0,0,0,0,0,100,100,0,0,0,0,-16,6,0,0,30,0,22,4,-1,5,3
686,tank4_tiger_89,0,-7,829,0,0,4,0,0,0,12150,179,100,100,0,0,100,0,0,0,0,0,0,0,0,0,0,0,0,0,0,0,0,100,100,0,0,0,0,-16,6,0,0,30,0,22,4,-1,5,3
687,tank4_tiger_89,0,-7,830,0,0,4,0,0,0,12150,179,100,100,0,0,100,0,0,0,0,0,0,0,0,0,0,0,0,0,0,0,0,100,100,0,0,0,0,-16,6,0,0,30,0,22,4,-1,5,3
688,tank4_tiger_89,0,-7,832,0,0,4,0,0,0,12150,179,100,100,0,0,100,0,0,0,0,0,0,0,0,0,0,0,0,0,0,0,0,100,100,0,0,0,0,-16,6,0,0,30,0,22,4,-1,5,3
689,tank4_tiger_89,0,-7,833,0,0,4,0,0,0,12150,179,100,100,0,0,100,0,0,0,0,0,0,0,0,0,0,0,0,0,0,0,0,100,100,0,0,0,0,-16,6,0,0,30,0,22,4,-1,5,3
690,tank4_tiger_89,0,-7,834,0,0,4,0,0,0,12150,179,100,100,0,0,100,0,0,0,0,0,0,0,0,0,0,0,0,0,0,0,0,100,100,0,0,0,0,-16,6,0,0,30,0,22,4,-1,5,3
691,tank4_tiger_89,0,-7,835,0,0,4,0,0,0,12150,179,100,100,0,0,100,0,0,0,0,0,0,0,0,0,0,0,0,0,0,0,0,100,100,0,0,0,0,-16,6,0,0,30,0,22,4,-1,5,3
692,tank4_tiger_89,0,-7,837,0,0,4,0,0,0,12150,179,100,100,0,0,100,0,0,0,0,0,0,0,0,0,0,0,0,0,0,0,0,100,100,0,0,0,0,-16,6,0,0,30,0,22,4,-1,5,3
693,tank4_tiger_89,0,-7,838,0,0,4,0,0,0,12150,179,100,100,0,0,100,0,0,0,0,0,0,0,0,0,0,0,0,0,0,0,0,100,100,0,0,0,0,-16,6,0,0,30,0,22,4,-1,5,3
694,tank4_tiger_89,0,-7,839,0,0,4,0,0,0,12150,179,100,100,0,0,100,0,0,0,0,0,0,0,0,0,0,0,0,0,0,0,0,100,100,0,0,0,0,-16,6,0,0,30,0,22,4,-1,5,3
695,tank4_tiger_89,0,-7,840,0,0,4,0,0,0,12150,179,100,100,0,0,100,0,0,0,0,0,0,0,0,0,0,0,0,0,0,0,0,100,100,0,0,0,0,-16,6,0,0,30,0,22,4,-1,5,3
696,tank4_tiger_89,0,-7,841,0,0,4,0,0,0,12150,179,100,100,0,0,100,0,0,0,0,0,0,0,0,0,0,0,0,0,0,0,0,100,100,0,0,0,0,-16,6,0,0,30,0,22,4,-1,5,3
697,tank4_tiger_89,0,-7,843,0,0,4,0,0,0,12150,179,100,100,0,0,100,0,0,0,0,0,0,0,0,0,0,0,0,0,0,0,0,100,100,0,0,0,0,-16,6,0,0,30,0,22,4,-1,5,3
698,tank4_tiger_89,0,-7,844,0,0,4,0,0,0,12150,179,100,100,0,0,100,0,0,0,0,0,0,0,0,0,0,0,0,0,0,0,0,100,100,0,0,0,0,-16,6,0,0,30,0,22,4,-1,5,3
699,tank4_tiger_89,0,-7,845,0,0,4,0,0,0,12150,179,100,100,0,0,100,0,0,0,0,0,0,0,0,0,0,0,0,0,0,0,0,100,100,0,0,0,0,-16,6,0,0,30,0,22,4,-1,5,3
700,tank4_tiger_89,0,-7,846,0,0,4,0,0,0,12150,179,100,100,0,0,100,0,0,0,0,0,0,0,0,0,0,0,0,0,0,0,0,100,100,0,0,0,0,-16,6,0,0,30,0,22,4,-1,5,3
701,tank4_tiger_89,0,-7,848,0,0,4,0,0,0,12150,179,100,100,0,0,100,0,0,0,0,0,0,0,0,0,0,0,0,0,0,0,0,100,100,0,0,0,0,-16,6,0,0,30,0,22,4,-1,5,3
702,tank4_tiger_89,0,-7,849,0,0,4,0,0,0,12150,179,100,100,0,0,100,0,0,0,0,0,0,0,0,0,0,0,0,0,0,0,0,100,100,0,0,0,0,-16,6,0,0,30,0,22,4,-1,5,3
703,tank4_tiger_89,0,-7,850,0,0,4,0,0,0,12150,179,100,100,0,0,100,0,0,0,0,0,0,0,0,0,0,0,0,0,0,0,0,100,100,0,0,0,0,-16,6,0,0,30,0,22,4,-1,5,3
704,tank4_tiger_89,0,-7,851,0,0,3,0,0,0,12150,179,100,100,0,0,100,0,0,0,0,0,0,0,0,0,0,0,0,0,0,0,0,100,100,0,0,0,0,-16,6,0,0,30,0,22,4,-1,5,3
705,tank4_tiger_89,0,-7,852,0,0,3,0,0,0,12150,179,100,100,0,0,100,0,0,0,0,0,0,0,0,0,0,0,0,0,0,0,0,100,100,0,0,0,0,-16,6,0,0,30,0,22,4,-1,5,3
706,tank4_tiger_89,0,-7,853,0,0,3,0,0,0,12150,179,100,100,0,0,100,0,0,0,0,0,0,0,0,0,0,0,0,0,0,0,0,100,100,0,0,0,0,-16,6,0,0,30,0,22,4,-1,5,3
707,tank4_tiger_89,0,-7,854,0,0,3,0,0,0,12150,179,100,100,0,0,100,0,0,0,0,0,0,0,0,0,0,0,0,0,0,0,0,100,100,0,0,0,0,-16,6,0,0,30,0,22,4,-1,5,3
708,tank4_tiger_89,0,-7,854,0,0,3,0,0,0,12150,179,100,100,0,0,100,0,0,0,0,0,0,0,0,0,0,0,0,0,0,0,0,100,100,0,0,0,0,-16,6,0,0,30,0,22,4,-1,5,3
709,tank4_tiger_89,0,-7,855,0,0,3,0,0,0,12150,179,100,100,0,0,100,0,0,0,0,0,0,0,0,0,0,0,0,0,0,0,0,100,100,0,0,0,0,-16,6,0,0,30,0,22,4,-1,5,3
710,tank4_tiger_89,0,-8,856,0,0,2,0,0,0,12150,179,100,100,0,0,100,0,0,0,0,0,0,0,0,0,0,0,0,0,0,0,0,100,100,0,0,0,0,-16,6,0,0,30,0,22,4,-1,5,3
711,tank4_tiger_89,0,-8,857,0,0,2,0,0,0,12150,179,100,100,0,0,100,0,0,0,0,0,0,0,0,0,0,0,0,0,0,0,0,100,100,0,0,0,0,-16,6,0,0,30,0,22,4,-1,5,3
712,tank4_tiger_89,0,-7,857,0,0,2,0,0,0,12150,179,100,100,0,0,100,0,0,0,0,0,0,0,0,0,0,0,0,0,0,0,0,100,100,0,0,0,0,-16,6,0,0,30,0,22,4,-1,5,3
713,tank4_tiger_89,0,-7,858,0,0,2,0,0,0,12150,179,100,100,0,0,100,0,0,0,0,0,0,0,0,0,0,0,0,0,0,0,0,100,100,0,0,0,0,-16,6,0,0,30,0,22,4,-1,5,3
714,tank4_tiger_89,0,-7,859,0,0,2,0,0,0,12150,179,100,100,0,0,100,0,0,0,0,0,0,0,0,0,0,0,0,0,0,0,0,100,100,0,0,0,0,-16,6,0,0,30,0,22,4,-1,5,3
715,tank4_tiger_89,0,-7,859,0,0,2,0,0,0,12150,179,100,100,0,0,100,0,0,0,0,0,0,0,0,0,0,0,0,0,0,0,0,100,100,0,0,0,0,-16,6,0,0,30,0,22,4,-1,5,3
716,tank4_tiger_89,0,-7,860,0,0,2,0,0,0,12150,179,100,100,0,0,100,0,0,0,0,0,0,0,0,0,0,0,0,0,0,0,0,100,100,0,0,0,0,-16,6,0,0,30,0,22,4,-1,5,3
717,tank4_tiger_89,0,-7,861,0,0,2,0,0,0,12150,179,100,100,0,0,100,0,0,0,0,0,0,0,0,0,0,0,0,0,0,0,0,100,100,0,0,0,0,-16,6,0,0,30,0,22,4,-1,5,3
718,tank4_tiger_89,0,-7,861,0,0,2,0,0,0,12150,179,100,100,0,0,100,0,0,0,0,0,0,0,0,0,0,0,0,0,0,0,0,100,100,0,0,0,0,-16,6,0,0,30,0,22,4,-1,5,3
719,tank4_tiger_89,0,-7,862,0,0,2,0,0,0,12150,179,100,100,0,0,100,0,0,0,0,0,0,0,0,0,0,0,0,0,0,0,0,100,100,0,0,0,0,-16,6,0,0,30,0,22,4,-1,5,3
720,tank4_tiger_89,0,-7,862,0,0,1,0,0,0,12150,179,100,100,0,0,100,0,0,0,0,0,0,0,0,0,0,0,0,0,0,0,0,100,100,0,0,0,0,-16,6,0,0,30,0,22,4,-1,5,3
721,tank4_tiger_89,0,-7,863,0,0,1,0,0,0,12150,179,100,100,0,0,100,0,0,0,0,0,0,0,0,0,0,0,0,0,0,0,0,100,100,0,0,0,0,-16,6,0,0,30,0,22,4,-1,5,3
722,tank4_tiger_89,0,-7,863,0,0,1,0,0,0,12150,179,100,100,0,0,100,0,0,0,0,0,0,0,0,0,0,0,0,0,0,0,0,100,100,0,0,0,0,-16,6,0,0,30,0,22,4,-1,5,3
723,tank4_tiger_89,0,-7,864,0,0,1,0,0,0,12150,179,100,100,0,0,100,0,0,0,0,0,0,0,0,0,0,0,0,0,0,0,0,100,100,0,0,0,0,-16,6,0,0,30,0,22,4,-1,5,3
724,tank4_tiger_89,0,-7,864,0,0,1,0,0,0,12150,179,100,100,0,0,100,0,0,0,0,0,0,0,0,0,0,0,0,0,0,0,0,100,100,0,0,0,0,-16,6,0,0,30,0,22,4,-1,5,3
725,tank4_tiger_89,0,-7,865,0,0,1,0,0,0,12150,179,100,100,0,0,100,0,0,0,0,0,0,0,0,0,0,0,0,0,0,0,0,100,100,0,0,0,0,-16,6,0,0,30,0,22,4,-1,5,3
726,tank4_tiger_89,0,-7,865,0,0,1,0,0,0,12150,179,100,100,0,0,100,0,0,0,0,0,0,0,0,0,0,0,0,0,0,0,0,100,100,0,0,0,0,-16,6,0,0,30,0,22,4,-1,5,3
727,tank4_tiger_89,0,-7,865,0,0,1,0,0,0,12150,179,100,100,0,0,100,0,0,0,0,0,0,0,0,0,0,0,0,0,0,0,0,100,100,0,0,0,0,-16,6,0,0,30,0,22,4,-1,5,3
728,tank4_tiger_89,0,-7,866,0,0,1,0,0,0,12150,179,100,100,0,0,100,0,0,0,0,0,0,0,0,0,0,0,0,0,0,0,0,100,100,0,0,0,0,-16,6,0,0,30,0,22,4,-1,5,3
729,tank4_tiger_89,0,-7,866,0,0,1,0,0,0,12150,179,100,100,0,0,100,0,0,0,0,0,0,0,0,0,0,0,0,0,0,0,0,100,100,0,0,0,0,-16,6,0,0,30,0,22,4,-1,5,3
730,tank4_tiger_89,0,-7,867,0,0,1,0,0,0,12150,179,100,100,0,0,100,0,0,0,0,0,0,0,0,0,0,0,0,0,0,0,0,100,100,0,0,0,0,-16,6,0,0,30,0,22,4,-1,5,3
731,tank4_tiger_89,0,-8,867,0,0,1,0,0,0,12150,179,100,100,0,0,100,0,0,0,0,0,0,0,0,0,0,0,0,0,0,0,0,100,100,0,0,0,0,-16,6,0,0,30,0,22,4,-1,5,3
732,tank4_tiger_89,0,-8,867,0,0,1,0,0,0,12150,179,100,100,0,0,100,0,0,0,0,0,0,0,0,0,0,0,0,0,0,0,0,100,100,0,0,0,0,-16,6,0,0,30,0,22,4,-1,5,3
733,tank4_tiger_89,0,-7,868,0,0,1,0,0,0,12150,179,100,100,0,0,100,0,0,0,0,0,0,0,0,0,0,0,0,0,0,0,0,100,100,0,0,0,0,-16,6,0,0,30,0,22,4,-1,5,3
734,tank4_tiger_89,0,-7,868,0,0,1,0,0,0,12150,179,100,100,0,0,100,0,0,0,0,0,0,0,0,0,0,0,0,0,0,0,0,100,100,0,0,0,0,-16,6,0,0,30,0,22,4,-1,5,3
735,tank4_tiger_89,0,-7,869,0,0,1,0,0,0,12150,179,100,100,0,0,100,0,0,0,0,0,0,0,0,0,0,0,0,0,0,0,0,100,100,0,0,0,0,-16,6,0,0,30,0,22,4,-1,5,3
736,tank4_tiger_89,0,-7,869,0,0,1,0,0,0,12150,179,100,100,0,0,100,0,0,0,0,0,0,0,0,0,0,0,0,0,0,0,0,100,100,0,0,0,0,-16,6,0,0,30,0,22,4,-1,5,3
737,tank4_tiger_89,0,-7,869,0,0,1,0,0,0,12150,179,100,100,0,0,100,0,0,0,0,0,0,0,0,0,0,0,0,0,0,0,0,100,100,0,0,0,0,-16,6,0,0,30,0,22,4,-1,5,3
738,tank4_tiger_89,0,-7,870,0,0,1,0,0,0,12150,179,100,100,0,0,100,0,0,0,0,0,0,0,0,0,0,0,0,0,0,0,0,100,100,0,0,0,0,-16,6,0,0,30,0,22,4,-1,5,3
739,tank4_tiger_89,0,-7,870,0,0,1,0,0,0,12150,179,100,100,0,0,100,0,0,0,0,0,0,0,0,0,0,0,0,0,0,0,0,100,100,0,0,0,0,-16,6,0,0,30,0,22,4,-1,5,3
740,tank4_tiger_89,0,-7,870,0,0,1,0,0,0,12150,179,100,100,0,0,100,0,0,0,0,0,0,0,0,0,0,0,0,0,0,0,0,100,100,0,0,0,0,-16,0,0,0,30,0,22,4,-1,5,3
741,tank4_tiger_89,0,-7,871,0,0,1,0,0,0,12150,179,100,100,0,0,100,0,0,0,0,0,0,0,0,0,0,0,0,0,0,0,0,100,100,0,0,0,0,-16,0,0,0,30,0,22,4,-1,5,3
742,tank4_tiger_89,0,-7,871,0,0,1,0,0,0,12150,179,100,100,0,0,100,0,0,0,0,0,0,0,0,0,0,0,0,0,0,0,0,100,100,0,0,0,0,-16,0,0,0,30,0,22,4,-1,5,3
743,tank4_tiger_89,0,-7,871,0,0,1,0,0,0,12150,0,100,100,0,0,100,0,0,0,0,0,0,0,0,0,0,0,0,0,0,0,0,100,100,0,0,0,0,-16,0,0,0,30,0,22,4,-1,5,3
744,tank4_tiger_89,0,-7,872,0,0,1,0,0,0,12150,0,100,100,0,0,100,0,0,0,0,0,0,0,0,0,0,0,0,0,0,0,0,100,100,0,0,0,0,-16,0,0,0,30,0,22,4,-1,5,3
745,tank4_tiger_89,0,-8,872,0,0,1,0,0,0,12150,0,100,100,0,0,100,0,0,0,0,0,0,0,0,0,0,0,0,0,0,0,0,100,100,0,0,0,0,-16,0,0,0,30,0,22,4,-1,5,3
746,tank4_tiger_89,0,-8,872,0,0,1,0,0,0,12150,0,100,100,0,0,100,0,0,0,0,0,0,0,0,0,0,0,0,0,0,0,0,100,100,0,0,0,0,-16,0,0,0,30,0,22,4,-1,5,3
747,tank4_tiger_89,0,-8,873,0,0,1,0,0,0,12150,0,100,100,0,0,100,0,0,0,0,0,0,0,0,0,0,0,0,0,0,0,0,100,100,0,0,0,0,-16,0,0,0,30,0,22,4,-1,5,3
748,tank4_tiger_89,0,-7,873,0,0,1,0,0,0,12150,0,100,100,0,0,100,0,0,0,0,0,0,0,0,0,0,0,0,0,0,0,0,100,100,0,0,0,0,-16,0,0,0,30,0,22,4,-1,5,3
749,tank4_tiger_89,0,-7,873,0,0,1,0,0,0,12150,0,100,100,0,0,100,0,0,0,0,0,0,0,0,0,0,0,0,0,0,0,0,100,100,0,0,0,0,-16,0,0,0,30,0,22,4,-1,5,3
750,tank4_tiger_89,0,-7,873,0,0,1,0,0,0,12150,0,100,100,0,0,100,0,0,0,0,0,0,0,0,0,0,0,0,0,0,0,0,100,100,0,0,0,0,-16,0,0,0,30,0,22,4,-1,5,3
751,tank4_tiger_89,0,-7,874,0,0,1,0,0,0,12150,0,100,100,0,0,100,0,0,0,0,0,0,0,0,0,0,0,0,0,0,0,0,100,100,0,0,0,0,-16,0,0,0,30,0,22,4,-1,5,3
752,tank4_tiger_89,0,-7,874,0,0,1,0,0,0,12150,0,100,100,0,0,100,0,0,0,0,0,0,0,0,0,0,0,0,0,0,0,0,100,100,0,0,0,0,-16,0,0,0,30,0,22,4,-1,5,3
753,tank4_tiger_89,0,-7,874,0,0,1,0,0,0,12150,0,100,100,0,0,100,0,0,0,0,0,0,0,0,0,0,0,0,0,0,0,0,100,100,0,0,0,0,-16,0,0,0,30,0,22,4,-1,5,3
754,tank4_tiger_89,0,-7,875,0,0,1,0,0,0,12150,0,100,100,0,0,100,0,0,0,0,0,0,0,0,0,0,0,0,0,0,0,0,100,100,0,0,0,0,-16,0,0,0,30,0,22,4,-1,5,3
755,tank4_tiger_89,0,-7,875,0,0,1,0,0,0,12150,0,100,100,0,0,100,0,0,0,0,0,0,0,0,0,0,0,0,0,0,0,0,100,100,0,0,0,0,-16,0,0,0,30,0,22,4,-1,5,3
756,tank4_tiger_89,0,-7,875,0,0,1,0,0,0,12150,0,100,100,0,0,100,0,0,0,0,0,0,0,0,0,0,0,0,0,0,0,0,100,100,0,0,0,0,-16,0,0,0,30,0,22,4,-1,5,3
757,tank4_tiger_89,0,-7,875,0,0,1,0,0,0,12150,0,100,100,0,0,100,0,0,0,0,0,0,0,0,0,0,0,0,0,0,0,0,100,100,0,0,0,0,-16,0,0,0,30,0,22,4,-1,5,3
758,tank4_tiger_89,0,-7,876,0,0,1,0,0,0,12150,0,100,100,0,0,100,0,0,0,0,0,0,0,0,0,0,0,0,0,0,0,0,100,100,0,0,0,0,-16,0,0,0,30,0,22,4,-1,5,3
759,tank4_tiger_89,0,-7,876,0,0,1,0,0,0,12150,0,100,100,0,0,100,0,0,0,0,0,0,0,0,0,0,0,0,0,0,0,0,100,100,0,0,0,0,-16,0,0,0,30,0,22,4,-1,5,3
760,tank4_tiger_89,0,-7,876,0,0,1,0,0,0,12150,0,100,100,0,0,100,0,0,0,0,0,0,0,0,0,0,0,0,0,0,0,0,100,100,0,0,0,0,-16,0,0,0,30,0,22,4,-1,5,3
761,tank4_tiger_89,0,-7,877,0,0,1,0,0,0,12150,0,100,100,0,0,100,0,0,0,0,0,0,0,0,0,0,0,0,0,0,0,0,100,100,0,0,0,0,-16,0,0,0,30,0,22,4,-1,5,3
762,tank4_tiger_89,0,-7,877,0,0,1,0,0,0,12150,0,100,100,0,0,100,0,0,0,0,0,0,0,0,0,0,0,0,0,0,0,0,100,100,0,0,0,0,-16,0,0,0,30,0,22,4,-1,5,3
763,tank4_tiger_89,0,-7,877,0,0,1,0,0,0,12150,0,100,100,0,0,100,0,0,0,0,0,0,0,0,0,0,0,0,0,0,0,0,100,100,0,0,0,0,-16,0,0,0,30,0,22,4,-1,5,3
764,tank4_tiger_89,0,-7,877,0,0,1,0,0,0,12150,0,100,100,0,0,100,0,0,0,0,0,0,0,0,0,0,0,0,0,0,0,0,100,100,0,0,0,0,-16,0,0,0,30,0,22,4,-1,5,3
765,tank4_tiger_89,0,-7,878,0,0,1,0,0,0,12150,0,100,100,0,0,100,0,0,0,0,0,0,0,0,0,0,0,0,0,0,0,0,100,100,0,0,0,0,-16,0,0,0,30,0,22,4,-1,5,3
766,tank4_tiger_89,0,-7,878,0,0,1,0,0,0,12150,0,100,100,0,0,100,0,0,0,0,0,0,0,0,0,0,0,0,0,0,0,0,100,100,0,0,0,0,-16,0,0,0,30,0,22,4,-1,5,3
767,tank4_tiger_89,0,-8,878,0,0,1,0,0,0,12150,0,100,100,0,0,100,0,0,0,0,0,0,0,0,0,0,0,0,0,0,0,0,100,100,0,0,0,0,-16,0,0,0,30,0,22,4,-1,5,3
768,tank4_tiger_89,0,-7,878,0,0,1,0,0,0,12150,0,100,100,0,0,100,0,0,0,0,0,0,0,0,0,0,0,0,0,0,0,0,100,100,0,0,0,0,-16,0,0,0,30,0,22,4,-1,5,3
769,tank4_tiger_89,0,-7,879,0,0,1,0,0,0,12150,0,100,100,0,0,100,0,0,0,0,0,0,0,0,0,0,0,0,0,0,0,0,100,100,0,0,0,0,-16,0,0,0,30,0,22,4,-1,5,3
770,tank4_tiger_89,0,-7,879,0,0,1,0,0,0,12150,0,100,100,0,0,100,0,0,0,0,0,0,0,0,0,0,0,0,0,0,0,0,100,100,0,0,0,0,-16,0,0,0,30,0,22,4,-1,5,3
771,tank4_tiger_89,0,-7,879,0,0,1,0,0,0,12150,0,100,100,0,0,100,0,0,0,0,0,0,0,0,0,0,0,0,0,0,0,0,100,100,0,0,0,0,-16,0,0,0,30,0,22,4,-1,5,3
772,tank4_tiger_89,0,-7,880,0,0,1,0,0,0,12150,0,100,100,0,0,100,0,0,0,0,0,0,0,0,0,0,0,0,0,0,0,0,100,100,0,0,0,0,-16,0,0,0,30,0,22,4,-1,5,3
773,tank4_tiger_89,0,-7,880,0,0,0,0,0,0,12150,0,100,100,0,0,100,0,0,0,0,0,0,0,0,0,0,0,0,0,0,0,0,100,100,0,0,0,0,-16,0,0,0,30,0,22,4,-1,5,3
774,tank4_tiger_89,0,-7,880,0,0,0,0,0,0,12150,0,100,100,0,0,100,0,0,0,0,0,0,0,0,0,0,0,0,0,0,0,0,100,100,0,0,0,0,-16,0,0,0,30,0,22,4,-1,5,3
775,tank4_tiger_89,0,-7,880,0,0,0,0,0,0,12150,0,100,100,0,0,100,0,0,0,0,0,0,0,0,0,0,0,0,0,0,0,0,100,100,0,0,0,0,-16,0,0,0,30,0,22,4,-1,5,3
776,tank4_tiger_89,0,-7,881,0,0,0,0,0,0,12150,0,100,100,0,0,100,0,0,0,0,0,0,0,0,0,0,0,0,0,0,0,0,100,100,0,0,0,0,-16,0,0,0,30,0,22,4,-1,5,3
777,tank4_tiger_89,0,-7,881,0,0,0,0,0,0,12150,0,100,100,0,0,100,0,0,0,0,0,0,0,0,0,0,0,0,0,0,0,0,100,100,0,0,0,0,-16,0,0,0,30,0,22,4,-1,5,3
778,tank4_tiger_89,0,-7,881,0,0,0,0,0,0,12150,0,100,100,0,0,100,0,0,0,0,0,0,0,0,0,0,0,0,0,0,0,0,100,100,0,0,0,0,-16,0,0,0,30,0,22,4,-1,5,3
779,tank4_tiger_89,0,-7,881,0,0,0,0,0,0,12150,0,100,100,0,0,100,0,0,0,0,0,0,0,0,0,0,0,0,0,0,0,0,100,100,0,0,0,0,-16,0,0,0,30,0,22,4,-1,5,3
780,tank4_tiger_89,0,-7,882,0,0,0,0,0,0,12150,0,100,100,0,0,100,0,0,0,0,0,0,0,0,0,0,0,0,0,0,0,0,100,100,0,0,0,0,-16,0,0,0,30,0,22,4,-1,5,3
781,tank4_tiger_89,0,-7,882,0,0,0,0,0,0,12150,0,100,100,0,0,100,0,0,0,0,0,0,0,0,0,0,0,0,0,0,0,0,100,100,0,0,0,0,-16,0,0,0,30,0,22,4,-1,5,3
782,tank4_tiger_89,0,-7,882,0,0,0,0,0,0,12150,0,100,100,0,0,100,0,0,0,0,0,0,0,0,0,0,0,0,0,0,0,0,100,100,0,0,0,0,-16,0,0,0,30,0,22,4,-1,5,3
783,tank4_tiger_89,0,-7,882,0,0,0,0,0,0,12150,0,100,100,0,0,100,0,0,0,0,0,0,0,0,0,0,0,0,0,0,0,0,100,100,0,0,0,0,-16,0,0,0,30,0,22,4,-1,5,3
784,tank4_tiger_89,0,-7,883,0,0,0,0,0,0,12150,0,100,100,0,0,100,0,0,0,0,0,0,0,0,0,0,0,0,0,0,0,0,100,100,0,0,0,0,-16,0,0,0,30,0,22,4,-1,5,3
785,tank4_tiger_89,0,-8,883,0,0,0,0,0,0,12150,0,100,100,0,0,100,0,0,0,0,0,0,0,0,0,0,0,0,0,0,0,0,100,100,0,0,0,0,-16,0,0,0,30,0,22,4,-1,5,3
786,tank4_tiger_89,0,-8,883,0,0,0,0,0,0,12150,0,100,100,0,0,100,0,0,0,0,0,0,0,0,0,0,0,0,0,0,0,0,100,100,0,0,0,0,-16,0,0,0,30,0,22,4,-1,5,3
787,tank4_tiger_89,0,-7,884,0,0,0,0,0,0,12150,0,100,100,0,0,100,0,0,0,0,0,0,0,0,0,0,0,0,0,0,0,0,100,100,0,0,0,0,-16,0,0,0,30,0,22,4,-1,5,3
788,tank4_tiger_89,0,-7,884,0,0,0,0,0,0,12150,0,100,100,0,0,100,0,0,0,0,0,0,0,0,0,0,0,0,0,0,0,0,100,100,0,0,0,0,-16,0,0,0,30,0,22,4,-1,5,3
789,tank4_tiger_89,0,-7,884,0,0,0,0,0,0,12150,0,100,100,0,0,100,0,0,0,0,0,0,0,0,0,0,0,0,0,0,0,0,100,100,0,0,0,0,-16,0,0,0,30,0,22,4,-1,5,3
790,tank4_tiger_89,0,-7,884,0,0,0,0,0,0,12150,0,100,100,0,0,100,0,0,0,0,0,0,0,0,0,0,0,0,0,0,0,0,100,100,0,0,0,0,-16,0,0,0,30,0,22,4,-1,0,3
791,tank4_tiger_89,0,-7,885,0,0,0,0,0,0,12150,0,100,100,0,0,100,0,0,0,0,0,0,0,0,0,0,0,0,0,0,0,0,100,100,0,0,0,0,-16,0,0,0,30,0,22,4,-1,0,3
792,tank4_tiger_89,0,-7,885,0,0,0,0,0,0,12150,0,100,100,0,0,100,0,0,0,0,0,0,0,0,0,0,0,0,0,0,0,0,100,100,0,0,0,0,-16,0,0,0,30,0,22,4,-1,0,3
793,tank4_tiger_89,0,-7,885,0,0,0,0,0,0,12150,0,100,100,0,0,100,0,0,0,0,0,0,0,0,0,0,0,0,0,0,0,0,100,100,0,0,0,0,-16,0,0,0,30,0,22,4,-1,0,3
794,tank4_tiger_89,0,-7,885,0,0,0,0,0,0,12150,0,100,100,0,0,100,0,0,0,0,0,0,0,0,0,0,0,0,0,0,0,0,100,100,0,0,0,0,-16,0,0,0,30,0,22,4,-1,0,3
795,tank4_tiger_89,0,-7,886,0,0,0,0,0,0,12150,0,100,100,0,0,100,0,0,0,0,0,0,0,0,0,0,0,0,0,0,0,0,100,100,0,0,0,0,-16,0,0,0,30,0,22,4,-1,0,3
796,tank4_tiger_89,0,-7,886,0,0,0,0,0,0,12150,0,100,100,0,0,100,0,0,0,0,0,0,0,0,0,0,0,0,0,0,0,0,100,100,0,0,0,0,-16,0,0,0,30,0,22,4,-1,0,3
797,tank4_tiger_89,0,-7,886,0,0,0,0,0,0,12150,0,100,100,0,0,100,0,0,0,0,0,0,0,0,0,0,0,0,0,0,0,0,100,100,0,0,0,0,-16,0,0,0,30,0,22,4,-1,0,3
798,tank4_tiger_89,0,-7,886,0,0,0,0,0,0,12150,0,100,100,0,0,100,0,0,0,0,0,0,0,0,0,0,0,0,0,0,0,0,100,100,0,0,0,0,-16,0,0,0,30,0,22,4,-1,0,3
799,tank4_tiger_89,0,-7,887,0,0,0,0,0,0,12150,0,100,100,0,0,100,0,0,0,0,0,0,0,0,0,0,0,0,0,0,0,0,100,100,0,0,0,0,-16,0,0,0,30,0,22,4,-1,0,3
800,tank4_tiger_89,0,-7,887,0,0,0,0,0,0,12150,0,100,100,0,0,100,0,0,0,0,0,0,0,0,0,0,0,0,0,0,0,0,100,100,0,0,0,0,-16,0,0,0,30,0,22,4,-1,0,3
801,tank4_tiger_89,0,-7,887,0,0,0,0,0,0,12150,0,100,100,0,0,100,0,0,0,0,0,0,0,0,0,0,0,0,0,0,0,0,100,100,0,0,0,0,-16,0,0,0,30,0,22,4,-1,0,3
802,tank4_tiger_89,0,-7,887,0,0,0,0,0,0,12150,0,100,100,0,0,100,0,0,0,0,0,0,0,0,0,0,0,0,0,0,0,0,100,100,0,0,0,0,-16,0,0,0,30,0,22,4,-1,0,3
803,tank4_tiger_89,0,-7,888,0,0,0,0,0,0,12150,0,100,100,0,0,100,0,0,0,0,0,0,0,0,0,0,0,0,0,0,0,0,100,100,0,0,0,0,-16,0,0,0,30,0,22,4,-1,0,3
804,tank4_tiger_89,0,-7,888,0,0,0,0,0,0,12150,0,100,100,0,0,100,0,0,0,0,0,0,0,0,0,0,0,0,0,0,0,0,100,100,0,0,0,0,-16,0,0,0,30,0,22,4,-1,0,3
805,tank4_tiger_89,0,-7,888,0,0,0,0,0,0,12150,0,100,100,0,0,100,0,0,0,0,0,0,0,0,0,0,0,0,0,0,0,0,100,100,0,0,0,0,-16,0,0,0,30,0,22,4,-1,0,3
806,tank4_tiger_89,0,-7,889,0,0,0,0,0,0,12150,0,100,100,0,0,100,0,0,0,0,0,0,0,0,0,0,0,0,0,0,0,0,100,100,0,0,0,0,-16,0,0,0,30,0,22,4,-1,0,3
807,tank4_tiger_89,0,-7,889,0,0,0,0,0,0,12150,0,100,100,0,0,100,0,0,0,0,0,0,0,0,0,0,0,0,0,0,0,0,100,100,0,0,0,0,-16,0,0,0,30,0,22,4,-1,0,3
808,tank4_tiger_89,0,-7,889,0,0,0,0,0,0,12150,0,100,100,0,0,100,0,0,0,0,0,0,0,0,0,0,0,0,0,0,0,0,100,100,0,0,0,0,-16,0,0,0,30,0,22,4,-1,0,3
809,tank4_tiger_89,0,-7,889,0,0,0,0,0,0,12150,0,100,100,0,0,100,0,0,0,0,0,0,0,0,0,0,0,0,0,0,0,0,100,100,0,0,0,0,-16,0,0,0,30,0,22,4,-1,0,3
810,tank4_tiger_89,0,-7,890,0,0,0,0,0,0,12150,0,100,100,0,0,100,0,0,0,0,0,0,0,0,0,0,0,0,0,0,0,0,100,100,0,0,0,0,-16,0,0,0,30,0,22,4,-1,0,3
811,tank4_tiger_89,0,-7,890,0,0,0,0,0,0,12150,0,100,100,0,0,100,0,0,0,0,0,0,0,0,0,0,0,0,0,0,0,0,100,100,0,0,0,0,-16,0,0,0,30,0,22,4,-1,0,3
812,tank4_tiger_89,0,-7,890,0,0,0,0,0,0,12150,0,100,100,0,0,100,0,0,0,0,0,0,0,0,0,0,0,0,0,0,0,0,100,100,0,0,0,0,-16,0,0,0,30,0,22,4,-1,0,3
813,tank4_tiger_89,0,-7,890,0,0,0,0,0,0,12150,0,100,100,0,0,100,0,0,0,0,0,0,0,0,0,0,0,0,0,0,0,0,100,100,0,0,0,0,-16,0,0,0,30,0,22,4,-1,0,3
814,tank4_tiger_89,0,-7,891,0,0,0,0,0,0,12150,0,100,100,0,0,100,0,0,0,0,0,0,0,0,0,0,0,0,0,0,0,0,100,100,0,0,0,0,-16,0,0,0,30,0,22,4,-1,0,3
815,tank4_tiger_89,0,-7,891,0,0,0,0,0,0,12150,0,100,100,0,0,100,0,0,0,0,0,0,0,0,0,0,0,0,0,0,0,0,100,100,0,0,0,0,-16,0,0,0,30,0,22,4,-1,0,3
816,tank4_tiger_89,0,-7,891,0,0,0,0,0,0,12150,0,100,100,0,0,100,0,0,0,0,0,0,0,0,0,0,0,0,0,0,0,0,100,100,0,0,0,0,-16,0,0,0,30,0,22,4,-1,0,3
817,tank4_tiger_89,0,-7,891,0,0,0,0,0,0,12150,0,100,100,0,0,100,0,0,0,0,0,0,0,0,0,0,0,0,0,0,0,0,100,100,0,0,0,0,-16,0,0,0,30,0,22,4,-1,0,3
818,tank4_tiger_89,0,-8,892,0,0,0,0,0,0,12150,0,100,100,0,0,100,0,0,0,0,0,0,0,0,0,0,0,0,0,0,0,0,100,100,0,0,0,0,-16,0,0,0,30,0,22,4,-1,0,3
819,tank4_tiger_89,0,-7,892,0,0,0,0,0,0,12150,0,100,100,0,0,100,0,0,0,0,0,0,0,0,0,0,0,0,0,0,0,0,100,100,0,0,0,0,-16,0,0,0,30,0,22,4,-1,0,3
820,tank4_tiger_89,0,-7,892,0,0,0,0,0,0,12150,0,100,100,0,0,100,0,0,0,0,0,0,0,0,0,0,0,0,0,0,0,0,100,100,0,0,0,0,-16,0,0,0,30,0,22,4,-1,0,3
821,tank4_tiger_89,0,-7,893,0,0,0,0,0,0,12150,0,100,100,0,0,100,0,0,0,0,0,0,0,0,0,0,0,0,0,0,0,0,100,100,0,0,0,0,-16,0,0,0,30,0,22,4,-1,0,3
822,tank4_tiger_89,0,-7,893,0,0,0,0,0,0,12150,0,100,100,0,0,100,0,0,0,0,0,0,0,0,0,0,0,0,0,0,0,0,100,100,0,0,0,0,-16,0,0,0,30,0,22,4,-1,0,3
823,tank4_tiger_89,0,-7,893,0,0,0,0,0,0,12150,0,100,100,0,0,100,0,0,0,0,0,0,0,0,0,0,0,0,0,0,0,0,100,100,0,0,0,0,-16,0,0,0,30,0,22,4,-1,0,3
824,tank4_tiger_89,0,-7,893,0,0,0,0,0,0,12150,0,100,100,0,0,100,0,0,0,0,0,0,0,0,0,0,0,0,0,0,0,0,100,100,0,0,0,0,-16,0,0,0,30,0,22,4,-1,0,3
825,tank4_tiger_89,0,-7,894,0,0,0,0,0,0,12150,0,100,100,0,0,100,0,0,0,0,0,0,0,0,0,0,0,0,0,0,0,0,100,100,0,0,0,0,-16,0,0,0,30,0,22,4,-1,0,3
826,tank4_tiger_89,0,-7,894,0,0,0,0,0,0,12150,0,100,100,0,0,100,0,0,0,0,0,0,0,0,0,0,0,0,0,0,0,0,100,100,0,0,0,0,-16,0,0,0,30,0,22,4,-1,0,3
827,tank4_tiger_89,0,-7,894,0,0,0,0,0,0,12150,0,100,100,0,0,100,0,0,0,0,0,0,0,0,0,0,0,0,0,0,0,0,100,100,0,0,0,0,-16,0,0,0,30,0,22,4,-1,0,3
828,tank4_tiger_89,0,-7,894,0,0,0,0,0,0,12150,0,100,100,0,0,100,0,0,0,0,0,0,0,0,0,0,0,0,0,0,0,0,100,100,0,0,0,0,-16,0,0,0,30,0,22,4,-1,0,3
829,tank4_tiger_89,0,-7,895,0,0,0,0,0,0,12150,0,100,100,0,0,100,0,0,0,0,0,0,0,0,0,0,0,0,0,0,0,0,100,100,0,0,0,0,-16,0,0,0,30,0,22,4,-1,0,3
830,tank4_tiger_89,0,-7,895,0,0,0,0,0,0,12150,0,100,100,0,0,100,0,0,0,0,0,0,0,0,0,0,0,0,0,0,0,0,100,100,0,0,0,0,-16,0,0,0,30,0,22,4,-1,0,3
831,tank4_tiger_89,0,-7,895,0,0,0,0,0,0,12150,0,100,100,0,0,100,0,0,0,0,0,0,0,0,0,0,0,0,0,0,0,0,100,100,0,0,0,0,-16,0,0,0,30,0,22,4,-1,0,3
832,tank4_tiger_89,0,-7,895,0,0,0,0,0,0,12150,0,100,100,0,0,100,0,0,0,0,0,0,0,0,0,0,0,0,0,0,0,0,100,100,0,0,0,0,-16,0,0,0,30,0,22,4,-1,0,3
833,tank4_tiger_89,0,-7,896,0,0,0,0,0,0,12150,0,100,100,0,0,100,0,0,0,0,0,0,0,0,0,0,0,0,0,0,0,0,100,100,0,0,0,0,-16,0,0,0,30,0,22,4,-1,0,3
834,tank4_tiger_89,0,-7,896,0,0,0,0,0,0,12150,0,100,100,0,0,100,0,0,0,0,0,0,0,0,0,0,0,0,0,0,0,0,100,100,0,0,0,0,-16,0,0,0,30,0,22,4,-1,0,3
835,tank4_tiger_89,0,-7,896,0,0,0,0,0,0,12150,0,100,100,0,0,100,0,0,0,0,0,0,0,0,0,0,0,0,0,0,0,0,100,100,0,0,0,0,-16,0,0,0,30,0,22,4,-1,0,3
836,tank4_tiger_89,0,-7,897,0,0,0,0,0,0,12150,0,100,100,0,0,100,0,0,0,0,0,0,0,0,0,0,0,0,0,0,0,0,100,100,0,0,0,0,-16,0,0,0,30,0,22,4,-1,0,3
837,tank4_tiger_89,0,-7,897,0,0,0,0,0,0,12150,0,100,100,0,0,100,0,0,0,0,0,0,0,0,0,0,0,0,0,0,0,0,100,100,0,0,0,0,-16,0,0,0,30,0,22,4,-1,0,3
838,tank4_tiger_89,0,-7,897,0,0,0,0,0,0,12150,0,100,100,0,0,100,0,0,0,0,0,0,0,0,0,0,0,0,0,0,0,0,100,100,0,0,0,0,-16,0,0,0,30,0,22,4,-1,0,3
839,tank4_tiger_89,0,-7,897,0,0,0,0,0,0,12150,0,100,100,0,0,100,0,0,0,0,0,0,0,0,0,0,0,0,0,0,0,0,100,100,0,0,0,0,-16,0,0,0,30,0,22,4,-1,0,3
840,tank4_tiger_89,0,-7,898,0,0,0,0,0,0,12150,0,100,100,0,0,100,0,0,0,0,0,0,0,0,0,0,0,0,0,0,0,0,100,100,0,0,0,0,-16,0,0,0,30,0,22,4,-1,0,3
841,tank4_tiger_89,0,-7,898,0,0,0,0,0,0,12150,0,100,100,0,0,100,0,0,0,0,0,0,0,0,0,0,0,0,0,0,0,0,100,100,0,0,0,0,-16,0,0,0,30,0,22,4,-1,0,3
842,tank4_tiger_89,0,-7,898,0,0,0,0,0,0,12150,0,100,100,0,0,100,0,0,0,0,0,0,0,0,0,0,0,0,0,0,0,0,100,100,0,0,0,0,-16,0,0,0,30,0,22,4,-1,0,3
843,tank4_tiger_89,0,-7,898,0,0,0,0,0,0,12150,0,100,100,0,0,100,0,0,0,0,0,0,0,0,0,0,0,0,0,0,0,0,100,100,0,0,0,0,-16,0,0,0,30,0,22,4,-1,0,3
844,tank4_tiger_89,0,-7,899,0,0,0,0,0,0,12150,0,100,100,0,0,100,0,0,0,0,0,0,0,0,0,0,0,0,0,0,0,0,100,100,0,0,0,0,-16,0,0,0,30,0,22,4,-1,0,3
845,tank4_tiger_89,0,-7,899,0,0,0,0,0,0,12150,0,100,100,0,0,100,0,0,0,0,0,0,0,0,0,0,0,0,0,0,0,0,100,100,0,0,0,0,-16,0,0,0,30,0,22,4,-1,0,3
846,tank4_tiger_89,0,-7,899,0,0,0,0,0,0,12150,0,100,100,0,0,100,0,0,0,0,0,0,0,0,0,0,0,0,0,0,0,0,100,100,0,0,0,0,-16,0,0,0,30,0,22,4,-1,0,3
847,tank4_tiger_89,0,-7,899,0,0,0,0,0,0,12150,0,100,100,0,0,100,0,0,0,0,0,0,0,0,0,0,0,0,0,0,0,0,100,100,0,0,0,0,-16,0,0,0,30,0,22,4,-1,0,3
848,tank4_tiger_89,0,-7,900,0,0,0,0,0,0,12150,0,100,100,0,0,100,0,0,0,0,0,0,0,0,0,0,0,0,0,0,0,0,100,100,0,0,0,0,-16,0,0,0,30,0,22,4,-1,0,3
849,tank4_tiger_89,0,-7,900,0,0,0,0,0,0,12150,0,100,100,0,0,100,0,0,0,0,0,0,0,0,0,0,0,0,0,0,0,0,100,100,0,0,0,0,-16,0,0,0,30,0,22,4,-1,0,3
850,tank4_tiger_89,0,-7,900,0,0,0,0,0,0,12150,0,100,100,0,0,100,0,0,0,0,0,0,0,0,0,0,0,0,0,0,0,0,100,100,0,0,0,0,-16,0,0,0,30,0,22,4,-1,0,3
851,tank4_tiger_89,0,-7,901,0,0,0,0,0,0,12150,0,100,100,0,0,100,0,0,0,0,0,0,0,0,0,0,0,0,0,0,0,0,100,100,0,0,0,0,-16,0,0,0,30,0,22,4,-1,0,3
852,tank4_tiger_89,0,-7,901,0,0,0,0,0,0,12150,0,100,100,0,0,100,0,0,0,0,0,0,0,0,0,0,0,0,0,0,0,0,100,100,0,0,0,0,-16,0,0,0,30,0,22,4,-1,0,3
853,tank4_tiger_89,0,-7,901,0,0,0,0,0,0,12150,0,100,100,0,0,100,0,0,0,0,0,0,0,0,0,0,0,0,0,0,0,0,100,100,0,0,0,0,-16,0,0,0,30,0,22,4,-1,0,3
854,tank4_tiger_89,0,-7,901,0,0,0,0,0,0,12150,0,100,100,0,0,100,0,0,0,0,0,0,0,0,0,0,0,0,0,0,0,0,100,100,0,0,0,0,-16,0,0,0,30,0,22,4,-1,0,3
855,tank4_tiger_89,0,-7,902,0,0,0,0,0,0,12150,0,100,100,0,0,100,0,0,0,0,0,0,0,0,0,0,0,0,0,0,0,0,100,100,0,0,0,0,-16,0,0,0,30,0,22,4,-1,0,3
856,tank4_tiger_89,0,-8,902,0,0,0,0,0,0,12150,0,100,100,0,0,100,0,0,0,0,0,0,0,0,0,0,0,0,0,0,0,0,100,100,0,0,0,0,-16,0,0,0,30,0,22,4,-1,0,3
857,tank4_tiger_89,0,-8,902,0,0,0,0,0,0,12150,0,100,100,0,0,100,0,0,0,0,0,0,0,0,0,0,0,0,0,0,0,0,100,100,0,0,0,0,-16,0,0,0,30,0,22,4,-1,0,3
858,tank4_tiger_89,0,-7,902,0,0,0,0,0,0,12150,0,100,100,0,0,100,0,0,0,0,0,0,0,0,0,0,0,0,0,0,0,0,100,100,0,0,0,0,-16,0,0,0,30,0,22,4,-1,0,3
859,tank4_tiger_89,0,-7,903,0,0,0,0,0,0,12150,0,100,100,0,0,100,0,0,0,0,0,0,0,0,0,0,0,0,0,0,0,0,100,100,0,0,0,0,-16,0,0,0,30,0,22,4,-1,0,3
860,tank4_tiger_89,0,-7,903,0,0,0,0,0,0,12150,0,100,100,0,0,100,0,0,0,0,0,0,0,0,0,0,0,0,0,0,0,0,100,100,0,0,0,0,-16,0,0,0,30,0,22,4,-1,0,3
861,tank4_tiger_89,0,-7,903,0,0,0,0,0,0,12150,0,100,100,0,0,100,0,0,0,0,0,0,0,0,0,0,0,0,0,0,0,0,100,100,0,0,0,0,-16,0,0,0,30,0,22,4,-1,0,3
862,tank4_tiger_89,0,-7,903,0,0,0,0,0,0,12150,0,100,100,0,0,100,0,0,0,0,0,0,0,0,0,0,0,0,0,0,0,0,100,100,0,0,0,0,-16,0,0,0,30,0,22,4,-1,0,3
863,tank4_tiger_89,0,-7,904,0,0,0,0,0,0,12150,0,100,100,0,0,100,0,0,0,0,0,0,0,0,0,0,0,0,0,0,0,0,100,100,0,0,0,0,-16,0,0,0,30,0,22,4,-1,0,3
864,tank4_tiger_89,0,-7,904,0,0,0,0,0,0,12150,0,100,100,0,0,100,0,0,0,0,0,0,0,0,0,0,0,0,0,0,0,0,100,100,0,0,0,0,-16,0,0,0,30,0,22,4,-1,0,3
865,tank4_tiger_89,0,-7,904,0,0,0,0,0,0,12150,0,100,100,0,0,100,0,0,0,0,0,0,0,0,0,0,0,0,0,0,0,0,100,100,0,0,0,0,-16,0,0,0,30,0,22,4,-1,0,3
866,tank4_tiger_89,0,-7,904,0,0,0,0,0,0,12150,0,100,100,0,0,100,0,0,0,0,0,0,0,0,0,0,0,0,0,0,0,0,100,100,0,0,0,0,-16,0,0,0,30,0,22,4,-1,0,3
867,tank4_tiger_89,0,-7,905,0,0,0,0,0,0,12150,0,100,100,0,0,100,0,0,0,0,0,0,0,0,0,0,0,0,0,0,0,0,100,100,0,0,0,0,-16,0,0,0,30,0,22,4,-1,0,3
868,tank4_tiger_89,0,-7,905,0,0,0,0,0,0,12150,0,100,100,0,0,100,0,0,0,0,0,0,0,0,0,0,0,0,0,0,0,0,100,100,0,0,0,0,-16,0,0,0,30,0,22,4,-1,0,3
869,tank4_tiger_89,0,-7,905,0,0,0,0,0,0,12150,0,100,100,0,0,100,0,0,0,0,0,0,0,0,0,0,0,0,0,0,0,0,100,100,0,0,0,0,-16,0,0,0,30,0,22,4,-1,0,3
870,tank4_tiger_89,0,-7,906,0,0,0,0,0,0,12150,0,100,100,0,0,100,0,0,0,0,0,0,0,0,0,0,0,0,0,0,0,0,100,100,0,0,0,0,-16,0,0,0,30,0,22,4,-1,0,3
871,tank4_tiger_89,0,-7,906,0,0,0,0,0,0,12150,0,100,100,0,0,100,0,0,0,0,0,0,0,0,0,0,0,0,0,0,0,0,100,100,0,0,0,0,-16,0,0,0,30,0,22,4,-1,0,3
872,tank4_tiger_89,0,-7,906,0,0,0,0,0,0,12150,0,100,100,0,0,100,0,0,0,0,0,0,0,0,0,0,0,0,0,0,0,0,100,100,0,0,0,0,-16,0,0,0,30,0,22,4,-1,0,3
873,tank4_tiger_89,0,-7,906,0,0,0,0,0,0,12150,0,100,100,0,0,100,0,0,0,0,0,0,0,0,0,0,0,0,0,0,0,0,100,100,0,0,0,0,-16,0,0,0,30,0,22,4,-1,0,3
874,tank4_tiger_89,0,-7,907,0,0,0,0,0,0,12150,0,100,100,0,0,100,0,0,0,0,0,0,0,0,0,0,0,0,0,0,0,0,100,100,0,0,0,0,-16,0,0,0,30,0,22,4,-1,0,3
875,tank4_tiger_89,0,-7,907,0,0,0,0,0,0,12150,0,100,100,0,0,100,0,0,0,0,0,0,0,0,0,0,0,0,0,0,0,0,100,100,0,0,0,0,-16,0,0,0,30,0,22,4,-1,0,3
876,tank4_tiger_89,0,-8,907,0,0,0,0,0,0,12150,0,100,100,0,0,100,0,0,0,0,0,0,0,0,0,0,0,0,0,0,0,0,100,100,0,0,0,0,-16,0,0,0,30,0,22,4,-1,0,3
877,tank4_tiger_89,0,-8,907,0,0,0,0,0,0,12150,0,100,100,0,0,100,0,0,0,0,0,0,0,0,0,0,0,0,0,0,0,0,100,100,0,0,0,0,-16,0,0,0,30,0,22,4,-1,0,3
878,tank4_tiger_89,0,-7,908,0,0,0,0,0,0,12150,0,100,100,0,0,100,0,0,0,0,0,0,0,0,0,0,0,0,0,0,0,0,100,100,0,0,0,0,-16,0,0,0,30,0,22,4,-1,0,3
879,tank4_tiger_89,0,-7,908,0,0,0,0,0,0,12150,0,100,100,0,0,100,0,0,0,0,0,0,0,0,0,0,0,0,0,0,0,0,100,100,0,0,0,0,-16,0,0,0,30,0,22,4,-1,0,3
880,tank4_tiger_89,0,-7,908,0,0,0,0,0,0,12150,0,100,100,0,0,100,0,0,0,0,0,0,0,0,0,0,0,0,0,0,0,0,100,100,0,0,0,0,-16,0,0,0,30,0,22,4,-1,0,3
881,tank4_tiger_89,0,-7,908,0,0,0,0,0,0,12150,0,100,100,0,0,100,0,0,0,0,0,0,0,0,0,0,0,0,0,0,0,0,100,100,0,0,0,0,-16,0,0,0,30,0,22,4,-1,0,3
882,tank4_tiger_89,0,-7,909,0,0,0,0,0,0,12150,0,100,100,0,0,100,0,0,0,0,0,0,0,0,0,0,0,0,0,0,0,0,100,100,0,0,0,0,-16,0,0,0,30,0,22,4,-1,0,3
883,tank4_tiger_89,0,-7,909,0,0,0,0,0,0,12150,0,100,100,0,0,100,0,0,0,0,0,0,0,0,0,0,0,0,0,0,0,0,100,100,0,0,0,0,-16,0,0,0,30,0,22,4,-1,0,3
884,tank4_tiger_89,0,-7,909,0,0,0,0,0,0,12150,0,100,100,0,0,100,0,0,0,0,0,0,0,0,0,0,0,0,0,0,0,0,100,100,0,0,0,0,-16,0,0,0,30,0,22,4,-1,0,3
885,tank4_tiger_89,0,-7,910,0,0,0,0,0,0,12150,0,100,100,0,0,100,0,0,0,0,0,0,0,0,0,0,0,0,0,0,0,0,100,100,0,0,0,0,-16,0,0,0,30,0,22,4,-1,0,3
886,tank4_tiger_89,0,-8,910,0,0,0,0,0,0,12150,0,100,100,0,0,100,0,0,0,0,0,0,0,0,0,0,0,0,0,0,0,0,100,100,0,0,0,0,-16,0,0,0,30,0,22,4,-1,0,3
887,tank4_tiger_89,0,-8,910,0,0,0,0,0,0,12150,0,100,100,0,0,100,0,0,0,0,0,0,0,0,0,0,0,0,0,0,0,0,100,100,0,0,0,0,-16,0,0,0,30,0,22,4,-1,0,3
888,tank4_tiger_89,0,-8,910,0,0,0,0,0,0,12150,0,100,100,0,0,100,0,0,0,0,0,0,0,0,0,0,0,0,0,0,0,0,100,100,0,0,0,0,-16,0,0,0,30,0,22,4,-1,0,3
889,tank4_tiger_89,0,-8,911,0,0,0,0,0,0,12150,0,100,100,0,0,100,0,0,0,0,0,0,0,0,0,0,0,0,0,0,0,0,100,100,0,0,0,0,-16,0,0,0,30,0,22,4,-1,0,3
890,tank4_tiger_89,0,-7,911,0,0,0,0,0,0,12150,0,100,100,0,0,100,0,0,0,0,0,0,0,0,0,0,0,0,0,0,0,0,100,100,0,0,0,0,-16,0,0,0,30,0,22,4,-1,0,3
891,tank4_tiger_89,0,-7,911,0,0,0,0,0,0,12150,0,100,100,0,0,100,0,0,0,0,0,0,0,0,0,0,0,0,0,0,0,0,100,100,0,0,0,0,-16,0,0,0,30,0,22,4,-1,0,3
892,tank4_tiger_89,0,-7,911,0,0,0,0,0,0,12150,0,100,100,0,0,100,0,0,0,0,0,0,0,0,0,0,0,0,0,0,0,0,100,100,0,0,0,0,-16,0,0,0,30,0,22,4,-1,0,3
893,tank4_tiger_89,0,-7,912,0,0,0,0,0,0,12150,0,100,100,0,0,100,0,0,0,0,0,0,0,0,0,0,0,0,0,0,0,0,100,100,0,0,0,0,-16,0,0,0,30,0,22,4,-1,0,3
894,tank4_tiger_89,0,-7,912,0,0,0,0,0,0,12150,0,100,100,0,0,100,0,0,0,0,0,0,0,0,0,0,0,0,0,0,0,0,100,100,0,0,0,0,-16,0,0,0,30,0,22,4,-1,0,3
895,tank4_tiger_89,0,-7,912,0,0,0,0,0,0,12150,0,100,100,0,0,100,0,0,0,0,0,0,0,0,0,0,0,0,0,0,0,0,100,100,0,0,0,0,-16,0,0,0,30,0,22,4,-1,0,3
896,tank4_tiger_89,0,-7,912,0,0,0,0,0,0,12150,0,100,100,0,0,100,0,0,0,0,0,0,0,0,0,0,0,0,0,0,0,0,100,100,0,0,0,0,-16,0,0,0,30,0,22,4,-1,0,3
897,tank4_tiger_89,0,-7,913,0,0,0,0,0,0,12150,0,100,100,0,0,100,0,0,0,0,0,0,0,0,0,0,0,0,0,0,0,0,100,100,0,0,0,0,-16,0,0,0,30,0,22,4,-1,0,3
898,tank4_tiger_89,0,-7,913,0,0,0,0,0,0,12150,0,100,100,0,0,100,0,0,0,0,0,0,0,0,0,0,0,0,0,0,0,0,100,100,0,0,0,0,-16,0,0,0,30,0,22,4,-1,0,3
899,tank4_tiger_89,0,-7,913,0,0,0,0,0,0,12150,0,100,100,0,0,100,0,0,0,0,0,0,0,0,0,0,0,0,0,0,0,0,100,100,0,0,0,0,-16,0,0,0,30,0,22,4,-1,0,3
