tick,name,pos_x,pos_y,pos_z,vel_x,vel_y,vel_z,yaw,grounded,fx_count,kudos,combo,nitro,riskboost,takedowns,skill_driver,crashbreaker,airspeed,air_lift,rotor_rpm,rotor_lift,fuel,cannon,missiles,lock,cargo,av_lock,threat,engine_dead,ctrl_loss,mission_score,medal,wing_score,shield,laser,heat
0,battlefront_bomber89,0,18,15,0,0,56,0,0,2,5,1,50,0,0,0,20,0,0,0,0,9999,998,20,0,0,0,0,0,0,0,0,0,180,152,6
1,battlefront_bomber89,0,18,29,0,0,53,0,0,1,10,2,50,0,0,0,40,0,0,0,0,9999,998,20,0,0,0,0,0,0,0,0,0,180,144,11
2,battlefront_bomber89,0,18,42,0,0,49,0,0,1,15,3,50,1,0,0,58,0,0,0,0,9999,998,20,0,0,0,0,0,0,0,0,0,180,136,17
3,battlefront_bomber89,0,18,54,0,0,46,0,0,1,20,4,50,1,0,0,75,0,0,0,0,9999,998,20,0,0,0,0,0,0,0,0,0,180,128,23
4,battlefront_bomber89,0,18,66,0,0,44,0,0,2,25,5,50,1,0,0,91,0,0,0,0,9999,997,20,0,0,0,0,0,0,0,0,0,180,120,29
5,battlefront_bomber89,0,18,77,0,0,41,0,0,1,30,6,51,2,0,0,100,0,0,0,0,9999,997,20,0,0,0,0,0,0,0,0,0,180,112,35
6,battlefront_bomber89,0,18,88,0,0,39,0,0,1,35,7,51,2,0,0,100,0,0,0,0,9999,997,20,0,0,0,0,0,0,0,0,0,180,104,41
7,battlefront_bomber89,0,18,97,0,0,36,0,0,1,45,8,51,3,0,0,100,0,0,0,0,9999,997,20,0,0,0,0,0,0,0,0,0,180,96,47
8,battlefront_bomber89,0,18,107,0,0,34,0,0,2,55,9,51,3,0,0,100,0,0,0,0,9999,996,20,0,0,0,0,0,0,0,0,0,180,88,53
9,battlefront_bomber89,0,18,115,0,0,32,0,0,1,65,10,51,3,0,0,100,0,0,0,0,9999,996,20,0,0,0,0,0,0,0,0,0,180,80,59
10,battlefront_bomber89,0,18,124,0,0,30,0,0,1,75,11,52,4,0,0,100,0,0,0,0,9999,996,20,0,0,0,0,0,0,0,0,0,180,72,65
11,battlefront_bomber89,0,18,131,0,0,28,0,0,1,85,12,52,4,0,0,100,0,0,0,0,9999,996,20,0,0,0,0,0,0,0,0,0,180,64,71
12,battlefront_bomber89,0,18,139,0,0,27,0,0,2,95,13,52,4,0,0,100,0,0,0,0,9999,995,20,0,0,0,0,0,0,0,0,0,180,56,77
13,battlefront_bomber89,0,18,145,0,0,25,0,0,1,105,14,52,5,0,0,100,0,0,0,0,9999,995,20,0,0,0,0,0,0,0,0,0,180,48,83
14,battlefront_bomber89,0,18,152,0,0,24,0,0,1,115,15,52,5,0,0,100,0,0,0,0,9999,995,20,0,0,0,0,0,0,0,0,0,180,40,89
15,battlefront_bomber89,0,18,158,0,0,22,0,0,1,130,16,53,6,0,0,100,0,0,0,0,9999,995,20,0,0,0,0,0,0,0,0,0,180,32,95
16,battlefront_bomber89,0,18,164,0,0,21,0,0,0,145,17,53,6,0,0,100,0,0,0,0,9999,995,20,0,0,0,0,0,0,0,0,0,180,32,95
17,battlefront_bomber89,0,18,169,0,0,20,0,0,0,160,18,53,6,0,0,100,0,0,0,0,9999,995,20,0,0,0,0,0,0,0,0,0,180,32,95
18,battlefront_bomber89,0,18,174,0,0,19,0,0,0,175,19,53,7,0,0,100,0,0,0,0,9999,995,20,0,0,0,0,0,0,0,0,0,180,32,95
19,battlefront_bomber89,0,18,179,0,0,18,0,0,0,190,20,53,7,0,0,100,0,0,0,0,9999,995,20,0,0,0,0,0,0,0,0,0,180,32,95
20,battlefront_bomber89,0,18,184,0,0,17,0,0,0,205,21,53,7,0,0,100,0,0,0,0,9999,995,20,0,0,0,0,0,0,0,0,0,180,32,95
21,battlefront_bomber89,0,18,188,0,0,16,0,0,0,220,22,54,8,0,0,100,0,0,0,0,9999,995,20,0,0,0,0,0,0,0,0,0,180,32,95
22,battlefront_bomber89,0,18,192,0,0,15,0,0,0,235,23,54,8,0,0,100,0,0,0,0,9999,995,20,0,0,0,0,0,0,0,0,0,180,32,95
23,battlefront_bomber89,0,18,196,0,0,14,0,0,0,255,24,54,9,0,0,100,0,0,0,0,9999,995,20,0,0,0,0,0,0,0,0,0,180,32,95
24,battlefront_bomber89,0,18,200,0,0,13,0,0,0,275,25,54,9,0,0,100,0,0,0,0,9999,995,20,0,0,0,0,0,0,0,0,0,180,32,95
25,battlefront_bomber89,0,18,203,0,0,13,0,0,0,295,26,54,9,0,0,100,0,0,0,0,9999,995,20,0,0,0,0,0,0,0,0,0,180,32,95
26,battlefront_bomber89,0,18,207,0,0,12,0,0,0,315,27,55,10,0,0,100,0,0,0,0,9999,995,20,0,0,0,0,0,0,0,0,0,180,32,95
27,battlefront_bomber89,0,18,210,0,0,11,0,0,0,315,27,55,10,0,0,100,0,0,0,0,9999,995,20,0,0,0,0,0,0,0,0,0,180,32,95
28,battlefront_bomber89,0,18,213,0,0,11,0,0,0,315,27,55,10,0,0,100,0,0,0,0,9999,995,20,0,0,0,0,0,0,0,0,0,180,32,95
29,battlefront_bomber89,0,18,216,0,0,10,0,0,0,315,27,55,10,0,0,100,0,0,0,0,9999,995,20,0,0,0,0,0,0,0,0,0,180,33,95
30,battlefront_bomber89,0,18,219,0,0,10,0,0,0,315,27,55,10,0,0,100,0,0,0,0,9999,995,20,0,0,0,0,0,0,0,0,0,180,33,95
31,battlefront_bomber89,0,18,221,0,0,9,0,0,0,315,27,56,10,0,0,100,0,0,0,0,9999,995,20,0,0,0,0,0,0,0,0,0,180,33,95
32,battlefront_bomber89,0,18,224,0,0,9,0,0,0,315,27,56,10,0,0,100,0,0,0,0,9999,995,20,0,0,0,0,0,0,0,0,0,180,33,95
33,battlefront_bomber89,0,18,226,0,0,8,0,0,0,315,27,56,10,0,0,100,0,0,0,0,9999,995,20,0,0,0,0,0,0,0,0,0,180,33,95
34,battlefront_bomber89,0,18,228,0,0,8,0,0,2,315,27,56,10,0,0,100,0,0,0,0,9999,994,20,0,0,0,0,0,0,0,0,0,180,25,101
35,battlefront_bomber89,0,18,230,0,0,8,0,0,1,315,27,56,10,0,0,100,0,0,0,0,9999,994,20,0,0,0,0,0,0,0,0,0,180,17,107
36,battlefront_bomber89,0,18,232,0,0,7,0,0,1,315,27,56,10,0,0,100,0,0,0,0,9999,994,20,0,0,0,0,0,0,0,0,0,180,9,113
37,battlefront_bomber89,0,18,234,0,0,7,0,0,1,315,27,57,10,0,0,100,0,0,0,0,9999,994,20,0,0,0,0,0,0,0,0,0,180,1,119
38,battlefront_bomber89,0,18,236,0,0,7,0,0,1,315,27,57,10,0,0,100,0,0,0,0,9999,993,20,0,0,0,0,0,0,0,0,0,180,1,119
39,battlefront_bomber89,0,18,238,0,0,6,0,0,0,315,27,57,10,0,0,100,0,0,0,0,9999,993,20,0,0,0,0,0,0,0,0,0,180,1,119
40,battlefront_bomber89,0,18,240,0,0,6,0,0,0,315,27,57,10,0,0,100,0,0,0,0,9999,993,20,0,0,0,0,0,0,0,0,0,180,1,119
41,battlefront_bomber89,0,18,242,0,0,6,0,0,0,315,27,57,10,0,0,100,0,0,0,0,9999,993,20,0,0,0,0,0,0,0,0,0,180,1,119
42,battlefront_bomber89,0,18,243,0,0,6,0,0,1,315,27,58,10,0,0,100,0,0,0,0,9999,992,20,0,0,0,0,0,0,0,0,0,180,1,119
43,battlefront_bomber89,0,18,245,0,0,5,0,0,0,315,27,58,10,0,0,100,0,0,0,0,9999,992,20,0,0,0,0,0,0,0,0,0,180,1,119
44,battlefront_bomber89,0,18,246,0,0,5,0,0,0,315,27,58,10,0,0,100,0,0,0,0,9999,992,20,0,0,0,0,0,0,0,0,0,180,1,119
45,battlefront_bomber89,0,18,248,0,0,5,0,0,0,315,27,58,10,0,0,100,0,0,0,0,9999,992,20,0,0,0,0,0,0,0,0,0,180,1,119
46,battlefront_bomber89,0,18,249,0,0,5,0,0,1,315,27,58,10,0,0,100,0,0,0,0,9999,991,20,0,0,0,0,0,0,0,0,0,180,1,119
47,battlefront_bomber89,0,18,250,0,0,5,0,0,0,315,27,59,10,0,0,100,0,0,0,0,9999,991,20,0,0,0,0,0,0,0,0,0,180,1,119
48,battlefront_bomber89,0,18,252,0,0,4,0,0,0,315,27,59,10,0,0,100,0,0,0,0,9999,991,20,0,0,0,0,0,0,0,0,0,180,1,119
49,battlefront_bomber89,0,18,253,0,0,4,0,0,0,315,27,59,10,0,0,100,0,0,0,0,9999,991,20,0,0,0,0,0,0,0,0,0,180,1,119
50,battlefront_bomber89,0,18,254,0,0,4,0,0,0,315,27,59,10,0,0,100,0,0,0,0,9999,991,20,0,0,0,0,0,0,0,0,0,180,1,119
51,battlefront_bomber89,0,18,255,0,0,4,0,0,0,315,27,59,10,0,0,100,0,0,0,0,9999,991,20,0,0,0,0,0,0,0,0,0,180,1,119
52,battlefront_bomber89,0,18,256,0,0,4,0,0,0,315,27,59,10,0,0,100,0,0,0,0,9999,991,20,0,0,0,0,0,0,0,0,0,180,1,119
53,battlefront_bomber89,0,18,258,0,0,4,0,0,0,315,27,60,10,0,0,100,0,0,0,0,9999,991,20,0,0,0,0,0,0,0,0,0,180,1,119
54,battlefront_bomber89,0,18,259,0,0,4,0,0,0,315,27,60,10,0,0,100,0,0,0,0,9999,991,20,0,0,0,0,0,0,0,0,0,180,1,119
55,battlefront_bomber89,0,18,260,0,0,3,0,0,0,315,27,60,10,0,0,100,0,0,0,0,9999,991,20,0,0,0,0,0,0,0,0,0,180,1,119
56,battlefront_bomber89,0,18,261,0,0,3,0,0,0,315,27,60,10,0,0,100,0,0,0,0,9999,991,20,0,0,0,0,0,0,0,0,0,180,1,119
57,battlefront_bomber89,0,18,262,0,0,3,0,0,0,315,27,60,10,0,0,100,0,0,0,0,9999,991,20,0,0,0,0,0,0,0,0,0,180,2,119
58,battlefront_bomber89,0,18,263,0,0,3,0,0,0,315,27,61,10,0,0,100,0,0,0,0,9999,991,20,0,0,0,0,0,0,0,0,0,180,2,119
59,battlefront_bomber89,0,18,264,0,0,3,0,0,0,315,27,61,10,0,0,100,0,0,0,0,9999,991,20,0,0,0,0,0,0,0,0,0,180,2,119
60,battlefront_bomber89,0,18,265,0,0,3,0,0,0,315,27,61,10,0,0,100,0,0,0,0,9999,991,20,0,0,0,0,0,0,0,0,0,180,2,119
61,battlefront_bomber89,0,18,266,0,0,3,0,0,0,315,27,61,10,0,0,100,0,0,0,0,9999,991,20,0,0,0,0,0,0,0,0,0,180,2,119
62,battlefront_bomber89,0,18,266,0,0,3,0,0,0,315,27,61,10,0,0,100,0,0,0,0,9999,991,20,0,0,0,0,0,0,0,0,0,180,2,119
63,battlefront_bomber89,0,18,267,0,0,3,0,0,0,315,27,62,10,0,0,100,0,0,0,0,9999,991,20,0,0,0,0,0,0,0,0,0,180,2,119
64,battlefront_bomber89,0,18,268,0,0,3,0,0,0,315,27,62,10,0,0,100,0,0,0,0,9999,991,20,0,0,0,0,0,0,0,0,0,180,2,119
65,battlefront_bomber89,0,18,269,0,0,3,0,0,0,315,27,62,10,0,0,100,0,0,0,0,9999,991,20,0,0,0,0,0,0,0,0,0,180,2,119
66,battlefront_bomber89,0,18,270,0,0,3,0,0,0,315,27,62,10,0,0,100,0,0,0,0,9999,991,20,0,0,0,0,0,0,0,0,0,180,2,119
67,battlefront_bomber89,0,18,271,0,0,3,0,0,0,315,27,62,10,0,0,100,0,0,0,0,9999,991,20,0,0,0,0,0,0,0,0,0,180,2,119
68,battlefront_bomber89,0,18,272,0,0,3,0,0,1,315,27,62,10,0,0,100,0,0,0,0,9999,990,20,0,0,0,0,0,0,0,0,0,180,2,119
69,battlefront_bomber89,0,18,272,0,0,3,0,0,0,315,27,63,10,0,0,100,0,0,0,0,9999,990,20,0,0,0,0,0,0,0,0,0,180,2,119
70,battlefront_bomber89,0,18,273,0,0,3,0,0,0,315,27,63,10,0,0,100,0,0,0,0,9999,990,20,0,0,0,0,0,0,0,0,0,180,2,119
71,battlefront_bomber89,0,18,274,0,0,2,0,0,0,315,27,63,10,0,0,100,0,0,0,0,9999,990,20,0,0,0,0,0,0,0,0,0,180,2,119
72,battlefront_bomber89,0,18,275,0,0,2,0,0,1,315,27,63,10,0,0,100,0,0,0,0,9999,989,20,0,0,0,0,0,0,0,0,0,180,2,119
73,battlefront_bomber89,0,18,276,0,0,2,0,0,0,315,27,63,10,0,0,100,0,0,0,0,9999,989,20,0,0,0,0,0,0,0,0,0,180,2,119
74,battlefront_bomber89,0,18,276,0,0,2,0,0,0,315,27,64,10,0,0,100,0,0,0,0,9999,989,20,0,0,0,0,0,0,0,0,0,180,2,119
75,battlefront_bomber89,0,18,277,0,0,2,0,0,0,315,27,64,10,0,0,100,0,0,0,0,9999,989,20,0,0,0,0,0,0,0,0,0,180,2,119
76,battlefront_bomber89,0,18,278,0,0,2,0,0,1,315,27,64,10,0,0,100,0,0,0,0,9999,988,20,0,0,0,0,0,0,0,0,0,180,2,119
77,battlefront_bomber89,0,18,279,0,0,2,0,0,0,315,27,64,10,0,0,100,0,0,0,0,9999,988,20,0,0,0,0,0,0,0,0,0,180,2,119
78,battlefront_bomber89,0,18,279,0,0,2,0,0,0,315,27,64,10,0,0,100,0,0,0,0,9999,988,20,0,0,0,0,0,0,0,0,0,180,2,119
79,battlefront_bomber89,0,18,280,0,0,2,0,0,0,315,27,65,10,0,0,100,0,0,0,0,9999,988,20,0,0,0,0,0,0,0,0,0,180,2,119
80,battlefront_bomber89,0,18,281,0,0,2,0,0,1,315,27,65,10,0,0,100,0,0,0,0,9999,987,20,0,0,0,0,0,0,0,0,0,180,2,119
81,battlefront_bomber89,0,18,282,0,0,2,0,0,0,315,27,65,10,0,0,100,0,0,0,0,9999,987,20,0,0,0,0,0,0,0,0,0,180,2,119
82,battlefront_bomber89,0,18,282,0,0,2,0,0,0,315,27,65,10,0,0,100,0,0,0,0,9999,987,20,0,0,0,0,0,0,0,0,0,180,2,119
83,battlefront_bomber89,0,18,283,0,0,2,0,0,0,315,27,65,10,0,0,100,0,0,0,0,9999,987,20,0,0,0,0,0,0,0,0,0,180,2,119
84,battlefront_bomber89,0,18,284,0,0,2,0,0,0,315,27,65,10,0,0,100,0,0,0,0,9999,987,20,0,0,0,0,0,0,0,0,0,180,2,119
85,battlefront_bomber89,0,18,284,0,0,2,0,0,0,315,27,66,10,0,0,100,0,0,0,0,9999,987,20,0,0,0,0,0,0,0,0,0,180,3,119
86,battlefront_bomber89,0,18,285,0,0,2,0,0,0,315,27,66,10,0,0,100,0,0,0,0,9999,987,20,0,0,0,0,0,0,0,0,0,180,3,119
87,battlefront_bomber89,0,18,286,0,0,2,0,0,0,315,27,66,10,0,0,100,0,0,0,0,9999,987,20,0,0,0,0,0,0,0,0,0,180,3,119
88,battlefront_bomber89,0,18,287,0,0,2,0,0,0,315,27,66,10,0,0,100,0,0,0,0,9999,987,20,0,0,0,0,0,0,0,0,0,180,3,119
89,battlefront_bomber89,0,18,287,0,0,2,0,0,0,315,27,66,10,0,0,100,0,0,0,0,9999,987,20,0,0,0,0,0,0,0,0,0,180,3,119
90,battlefront_bomber89,0,18,288,0,0,2,0,0,0,315,0,67,10,0,0,100,0,0,0,0,9999,987,20,0,0,0,40,0,0,0,0,0,180,3,119
91,battlefront_bomber89,0,18,289,0,0,2,0,0,1,315,0,66,9,0,0,100,0,0,0,0,9999,987,20,0,0,0,40,0,0,0,0,0,180,3,119
92,battlefront_bomber89,0,18,289,0,0,3,0,0,1,315,0,65,8,0,0,100,0,0,0,0,9999,987,20,0,0,0,40,0,0,0,0,0,180,3,119
93,battlefront_bomber89,0,18,290,0,0,3,0,0,1,315,0,65,7,0,0,100,0,0,0,0,9999,987,20,0,0,0,40,0,0,0,0,0,180,3,119
94,battlefront_bomber89,0,18,291,0,0,3,0,0,1,315,0,64,6,0,0,100,0,0,0,0,9999,987,20,0,0,0,40,0,0,0,0,0,180,3,119
95,battlefront_bomber89,0,18,292,0,0,3,0,0,1,315,0,63,5,0,0,100,0,0,0,0,9999,987,20,0,0,0,40,0,0,0,0,0,180,3,119
96,battlefront_bomber89,0,18,293,0,0,3,0,0,2,315,0,62,4,0,0,100,0,0,0,0,9999,987,20,0,0,0,40,0,0,0,0,0,180,3,119
97,battlefront_bomber89,0,18,294,0,0,3,0,0,1,315,0,62,3,0,0,100,0,0,0,0,9999,987,20,0,0,0,40,0,0,0,0,0,180,3,119
98,battlefront_bomber89,0,18,295,0,0,3,0,0,1,315,0,61,2,0,0,100,0,0,0,0,9999,987,20,0,0,0,40,0,0,0,0,0,180,3,119
99,battlefront_bomber89,0,18,296,0,0,4,0,0,1,315,0,60,1,0,0,100,0,0,0,0,9999,987,20,0,0,0,40,0,0,0,0,0,180,3,119
100,battlefront_bomber89,0,18,297,0,0,4,0,0,1,315,0,60,0,0,0,100,0,0,0,0,9999,987,20,0,0,0,40,0,0,0,0,0,180,3,119
101,battlefront_bomber89,0,18,299,0,0,4,0,0,1,315,0,59,0,0,0,100,0,0,0,0,9999,987,20,0,0,0,40,0,0,0,0,0,180,3,119
102,battlefront_bomber89,0,18,300,0,0,4,0,0,2,315,0,58,0,0,0,100,0,0,0,0,9999,986,20,0,0,0,40,0,0,0,0,0,180,3,119
103,battlefront_bomber89,0,18,301,0,0,4,0,0,1,315,0,58,0,0,0,100,0,0,0,0,9999,986,20,0,0,0,40,0,0,0,0,0,180,3,119
104,battlefront_bomber89,0,18,302,0,0,4,0,0,1,315,0,57,0,0,0,100,0,0,0,0,9999,986,20,0,0,0,40,0,0,0,0,0,180,3,119
105,battlefront_bomber89,0,18,303,0,0,4,0,0,1,315,0,56,0,0,0,100,0,0,0,0,9999,986,20,0,0,0,40,0,0,0,0,0,180,3,119
106,battlefront_bomber89,0,18,305,0,0,4,0,0,2,315,0,56,0,0,0,100,0,0,0,0,9999,985,20,0,0,0,40,0,0,0,0,0,180,3,119
107,battlefront_bomber89,0,18,306,0,0,4,0,0,1,315,0,55,0,0,0,100,0,0,0,0,9999,985,20,0,0,0,40,0,0,0,0,0,180,3,119
108,battlefront_bomber89,0,18,307,0,0,4,0,0,1,315,0,54,0,0,0,100,0,0,0,0,9999,985,20,0,0,0,40,0,0,0,0,0,180,3,119
109,battlefront_bomber89,0,18,308,0,0,4,0,0,1,315,0,54,0,0,0,100,0,0,0,0,9999,985,20,0,0,0,40,0,0,0,0,0,180,3,119
110,battlefront_bomber89,0,18,310,0,0,4,0,0,2,315,0,53,0,0,0,100,0,0,0,0,9999,984,20,0,0,0,40,0,0,0,0,0,180,3,119
111,battlefront_bomber89,0,18,311,0,0,4,0,0,1,315,0,52,0,0,0,100,0,0,0,0,9999,984,20,0,0,0,40,0,0,0,0,0,180,3,119
112,battlefront_bomber89,0,18,312,0,0,4,0,0,2,315,0,51,0,0,0,100,0,0,0,0,9999,984,20,0,0,0,40,0,0,0,0,0,180,3,119
113,battlefront_bomber89,0,18,313,0,0,4,0,0,1,315,0,51,0,0,0,100,0,0,0,0,9999,984,20,0,0,0,40,0,0,0,0,0,180,3,119
114,battlefront_bomber89,0,18,315,0,0,4,0,0,2,315,0,50,0,0,0,100,0,0,0,0,9999,983,20,0,0,0,40,0,0,0,0,0,180,3,119
115,battlefront_bomber89,0,18,316,0,0,4,0,0,1,315,0,49,0,0,0,100,0,0,0,0,9999,983,20,0,0,0,40,0,0,0,0,0,180,3,119
116,battlefront_bomber89,0,18,317,0,0,4,0,0,1,315,0,49,0,0,0,100,0,0,0,0,9999,983,20,0,0,0,40,0,0,0,0,0,180,3,119
117,battlefront_bomber89,0,18,319,0,0,4,0,0,1,315,0,48,0,0,0,100,0,0,0,0,9999,983,20,0,0,0,40,0,0,0,0,0,180,3,119
118,battlefront_bomber89,0,18,320,0,0,4,0,0,1,315,0,47,0,0,0,100,0,0,0,0,9999,983,20,0,0,0,40,0,0,0,0,0,180,3,119
119,battlefront_bomber89,0,18,321,0,0,4,0,0,1,315,0,47,0,0,0,100,0,0,0,0,9999,983,20,0,0,0,40,0,0,0,0,0,180,3,119
120,battlefront_bomber89,0,18,323,0,0,4,0,0,1,315,0,46,0,0,0,100,0,0,0,0,9999,983,20,0,0,0,40,0,0,0,0,0,180,4,119
121,battlefront_bomber89,0,18,324,0,0,4,0,0,1,315,0,45,0,0,0,100,0,0,0,0,9999,983,20,0,0,0,40,0,0,0,0,0,180,4,119
122,battlefront_bomber89,0,18,325,0,0,5,0,0,1,315,0,45,0,0,0,100,0,0,0,0,9999,983,20,0,0,0,40,0,0,0,0,0,180,4,119
123,battlefront_bomber89,0,18,327,0,0,5,0,0,1,315,0,44,0,0,0,100,0,0,0,0,9999,983,20,0,0,0,40,0,0,0,0,0,180,4,119
124,battlefront_bomber89,0,18,328,0,0,5,0,0,1,315,0,43,0,0,0,100,0,0,0,0,9999,983,20,0,0,0,40,0,0,0,0,0,180,4,119
125,battlefront_bomber89,0,18,329,0,0,5,0,0,1,315,0,43,0,0,0,100,0,0,0,0,9999,983,20,0,0,0,40,0,0,0,0,0,180,4,119
126,battlefront_bomber89,0,18,331,0,0,5,0,0,1,315,0,42,0,0,0,100,0,0,0,0,9999,983,20,0,0,0,40,0,0,0,0,0,180,4,119
127,battlefront_bomber89,0,18,332,0,0,5,0,0,1,315,0,41,0,0,0,100,0,0,0,0,9999,983,20,0,0,0,40,0,0,0,0,0,180,4,119
128,battlefront_bomber89,0,18,333,0,0,5,0,0,2,315,0,40,0,0,0,100,0,0,0,0,9999,983,20,0,0,0,40,0,0,0,0,0,180,4,119
129,battlefront_bomber89,0,18,335,0,0,5,0,0,1,315,0,40,0,0,0,100,0,0,0,0,9999,983,20,0,0,0,40,0,0,0,0,0,180,4,118
130,battlefront_bomber89,0,18,336,0,0,5,0,0,1,315,0,39,0,0,0,100,0,0,0,0,9999,983,20,0,0,0,40,0,0,0,0,0,180,4,118
131,battlefront_bomber89,0,18,337,0,0,5,0,0,1,315,0,38,0,0,0,100,0,0,0,0,9999,983,20,0,0,0,40,0,0,0,0,0,180,4,118
132,battlefront_bomber89,0,18,339,0,0,5,0,0,1,315,0,38,0,0,0,100,0,0,0,0,9999,983,20,0,0,0,40,0,0,0,0,0,180,4,118
133,battlefront_bomber89,0,18,340,0,0,5,0,0,1,315,0,37,0,0,0,100,0,0,0,0,9999,983,20,0,0,0,40,0,0,0,0,0,180,4,118
134,battlefront_bomber89,0,18,342,0,0,5,0,0,1,315,0,36,0,0,0,100,0,0,0,0,9999,983,20,0,0,0,40,0,0,0,0,0,180,4,118
135,battlefront_bomber89,0,18,343,0,0,5,0,0,1,315,0,36,0,0,0,100,0,0,0,0,9999,983,20,0,0,0,40,0,0,0,0,0,180,4,118
136,battlefront_bomber89,0,18,344,0,0,5,0,0,2,315,0,35,0,0,0,100,0,0,0,0,9999,982,20,0,0,0,40,0,0,0,0,0,180,4,118
137,battlefront_bomber89,0,18,346,0,0,5,0,0,1,315,0,34,0,0,0,100,0,0,0,0,9999,982,20,0,0,0,40,0,0,0,0,0,180,4,118
138,battlefront_bomber89,0,18,347,0,0,5,0,0,1,315,0,34,0,0,0,100,0,0,0,0,9999,982,20,0,0,0,40,0,0,0,0,0,180,4,118
139,battlefront_bomber89,0,18,348,0,0,5,0,0,1,315,0,33,0,0,0,100,0,0,0,0,9999,982,20,0,0,0,40,0,0,0,0,0,180,4,118
140,battlefront_bomber89,0,18,350,0,0,5,0,0,2,315,0,32,0,0,0,100,0,0,0,0,9999,981,20,0,0,0,40,0,0,0,0,0,180,4,118
141,battlefront_bomber89,0,18,351,0,0,5,0,0,1,315,0,32,0,0,0,100,0,0,0,0,9999,981,20,0,0,0,40,0,0,0,0,0,180,4,118
142,battlefront_bomber89,0,18,353,0,0,5,0,0,1,315,0,31,0,0,0,100,0,0,0,0,9999,981,20,0,0,0,40,0,0,0,0,0,180,4,118
143,battlefront_bomber89,0,18,354,0,0,5,0,0,1,315,0,30,0,0,0,100,0,0,0,0,9999,981,20,0,0,0,40,0,0,0,0,0,180,4,118
144,battlefront_bomber89,0,18,355,0,0,5,0,0,3,315,0,29,0,0,0,100,0,0,0,0,9999,980,20,0,0,0,40,0,0,0,0,0,180,4,118
145,battlefront_bomber89,0,18,357,0,0,5,0,0,1,315,0,29,0,0,0,100,0,0,0,0,9999,980,20,0,0,0,40,0,0,0,0,0,180,4,118
146,battlefront_bomber89,0,18,358,0,0,5,0,0,1,315,0,28,0,0,0,100,0,0,0,0,9999,980,20,0,0,0,40,0,0,0,0,0,180,4,118
147,battlefront_bomber89,0,18,359,0,0,5,0,0,1,315,0,27,0,0,0,100,0,0,0,0,9999,980,20,0,0,0,40,0,0,0,0,0,180,4,118
148,battlefront_bomber89,0,18,361,0,0,5,0,0,2,315,0,27,0,0,0,100,0,0,0,0,9999,979,20,0,0,0,40,0,0,0,0,0,180,4,118
149,battlefront_bomber89,0,18,362,0,0,5,0,0,1,315,0,26,0,0,0,100,0,0,0,0,9999,979,20,0,0,0,40,0,0,0,0,0,180,4,118
150,battlefront_bomber89,0,18,364,0,0,5,0,0,1,315,0,25,0,0,0,100,0,0,0,0,9999,979,20,0,0,0,40,0,0,0,0,0,180,4,118
151,battlefront_bomber89,0,18,365,0,0,5,0,0,1,315,0,25,0,0,0,100,0,0,0,0,9999,979,20,0,0,0,40,0,0,0,0,0,180,4,118
152,battlefront_bomber89,0,18,366,0,0,5,0,0,1,315,0,24,0,0,0,100,0,0,0,0,9999,979,20,0,0,0,40,0,0,0,0,0,180,4,118
153,battlefront_bomber89,0,18,368,0,0,5,0,0,1,315,0,23,0,0,0,100,0,0,0,0,9999,979,20,0,0,0,40,0,0,0,0,0,180,4,118
154,battlefront_bomber89,0,18,369,0,0,5,0,0,1,315,0,23,0,0,0,100,0,0,0,0,9999,979,20,0,0,0,40,0,0,0,0,0,180,4,118
155,battlefront_bomber89,0,18,371,0,0,5,0,0,1,315,0,22,0,0,0,100,0,0,0,0,9999,979,20,0,0,0,40,0,0,0,0,0,180,4,118
156,battlefront_bomber89,0,18,372,0,0,5,0,0,1,315,0,21,0,0,0,100,0,0,0,0,9999,979,20,0,0,0,40,0,0,0,0,0,180,4,118
157,battlefront_bomber89,0,18,373,0,0,5,0,0,1,315,0,21,0,0,0,100,0,0,0,0,9999,979,20,0,0,0,40,0,0,0,0,0,180,5,118
158,battlefront_bomber89,0,18,375,0,0,5,0,0,1,315,0,20,0,0,0,100,0,0,0,0,9999,979,20,0,0,0,40,0,0,0,0,0,180,5,118
159,battlefront_bomber89,0,18,376,0,0,5,0,0,1,315,0,19,0,0,0,100,0,0,0,0,9999,979,20,0,0,0,40,0,0,0,0,0,180,5,118
160,battlefront_bomber89,0,18,378,0,0,5,0,0,2,315,0,18,0,0,0,100,0,0,0,0,9999,979,20,0,0,0,40,0,0,0,0,0,180,5,118
161,battlefront_bomber89,0,18,379,0,0,5,0,0,1,315,0,18,0,0,0,100,0,0,0,0,9999,979,20,0,0,0,40,0,0,0,0,0,180,5,118
162,battlefront_bomber89,0,18,380,0,0,5,0,0,1,315,0,17,0,0,0,100,0,0,0,0,9999,979,20,0,0,0,40,0,0,0,0,0,180,5,118
163,battlefront_bomber89,0,18,382,0,0,5,0,0,1,315,0,16,0,0,0,100,0,0,0,0,9999,979,20,0,0,0,40,0,0,0,0,0,180,5,118
164,battlefront_bomber89,0,18,383,0,0,5,0,0,1,315,0,16,0,0,0,100,0,0,0,0,9999,979,20,0,0,0,40,0,0,0,0,0,180,5,118
165,battlefront_bomber89,0,18,384,0,0,5,0,0,1,315,0,15,0,0,0,100,0,0,0,0,9999,979,20,0,0,0,40,0,0,0,0,0,180,5,118
166,battlefront_bomber89,0,18,386,0,0,5,0,0,1,315,0,14,0,0,0,100,0,0,0,0,9999,979,20,0,0,0,40,0,0,0,0,0,180,5,118
167,battlefront_bomber89,0,18,387,0,0,5,0,0,1,315,0,14,0,0,0,100,0,0,0,0,9999,979,20,0,0,0,40,0,0,0,0,0,180,5,118
168,battlefront_bomber89,0,18,389,0,0,5,0,0,1,315,0,13,0,0,0,100,0,0,0,0,9999,979,20,0,0,0,40,0,0,0,0,0,180,5,118
169,battlefront_bomber89,0,18,390,0,0,5,0,0,1,315,0,12,0,0,0,100,0,0,0,0,9999,979,20,0,0,0,40,0,0,0,0,0,180,5,118
170,battlefront_bomber89,0,18,391,0,0,5,0,0,2,315,0,12,0,0,0,100,0,0,0,0,9999,978,20,0,0,0,40,0,0,0,0,0,180,5,118
171,battlefront_bomber89,0,18,393,0,0,5,0,0,1,315,0,11,0,0,0,100,0,0,0,0,9999,978,20,0,0,0,40,0,0,0,0,0,180,5,118
172,battlefront_bomber89,0,18,394,0,0,5,0,0,1,315,0,10,0,0,0,100,0,0,0,0,9999,978,20,0,0,0,40,0,0,0,0,0,180,5,118
173,battlefront_bomber89,0,18,396,0,0,5,0,0,1,315,0,10,0,0,0,100,0,0,0,0,9999,978,20,0,0,0,40,0,0,0,0,0,180,5,118
174,battlefront_bomber89,0,18,397,0,0,5,0,0,2,315,0,9,0,0,0,100,0,0,0,0,9999,977,20,0,0,0,40,0,0,0,0,0,180,5,118
175,battlefront_bomber89,0,18,398,0,0,5,0,0,1,315,0,8,0,0,0,100,0,0,0,0,9999,977,20,0,0,0,40,0,0,0,0,0,180,5,118
176,battlefront_bomber89,0,18,400,0,0,5,0,0,2,315,0,7,0,0,0,100,0,0,0,0,9999,977,20,0,0,0,40,0,0,0,0,0,180,5,118
177,battlefront_bomber89,0,18,401,0,0,5,0,0,1,315,0,7,0,0,0,100,0,0,0,0,9999,977,20,0,0,0,40,0,0,0,0,0,180,5,118
178,battlefront_bomber89,0,18,403,0,0,5,0,0,2,315,0,6,0,0,0,100,0,0,0,0,9999,976,20,0,0,0,40,0,0,0,0,0,180,5,118
179,battlefront_bomber89,0,18,404,0,0,5,0,0,1,315,0,5,0,0,0,100,0,0,0,0,9999,976,20,0,0,0,40,0,0,0,0,0,180,5,118
180,battlefront_bomber89,0,18,405,0,0,5,0,0,1,315,0,5,0,0,0,100,0,0,0,0,9999,976,20,0,0,0,39,0,0,0,0,0,180,5,118
181,battlefront_bomber89,0,18,407,0,0,5,0,0,1,315,0,4,0,0,0,100,0,0,0,0,9999,976,20,0,0,0,38,0,0,0,0,0,180,5,118
182,battlefront_bomber89,0,18,408,0,0,5,0,0,2,315,0,3,0,0,0,100,0,0,0,0,9999,975,20,0,0,0,37,0,0,0,0,0,180,5,118
183,battlefront_bomber89,0,18,409,0,0,5,0,0,1,315,0,3,0,0,0,100,0,0,0,0,9999,975,20,0,0,0,36,0,0,0,0,0,180,5,118
184,battlefront_bomber89,0,18,411,0,0,5,0,0,1,315,0,2,0,0,0,100,0,0,0,0,9999,975,20,0,0,0,35,0,0,0,0,0,180,5,118
185,battlefront_bomber89,0,18,412,0,0,5,0,0,1,315,0,1,0,0,0,100,0,0,0,0,9999,975,20,0,0,0,34,0,0,0,0,0,180,5,118
186,battlefront_bomber89,0,18,414,0,0,5,0,0,1,315,0,1,0,0,0,100,0,0,0,0,9999,975,20,0,0,0,33,0,0,0,0,0,180,5,118
187,battlefront_bomber89,0,18,415,0,0,5,0,0,1,315,0,0,0,0,0,100,0,0,0,0,9999,975,20,0,0,0,32,0,0,0,0,0,180,5,118
188,battlefront_bomber89,0,18,416,0,0,5,0,0,1,315,0,0,0,0,0,100,0,0,0,0,9999,975,20,0,0,0,31,0,0,0,0,0,180,5,118
189,battlefront_bomber89,0,18,418,0,0,5,0,0,0,315,0,0,0,0,0,100,0,0,0,0,9999,975,20,0,0,0,30,0,0,0,0,0,180,5,118
190,battlefront_bomber89,0,18,419,0,0,4,0,0,0,315,0,0,0,0,0,100,0,0,0,0,9999,975,20,0,0,0,29,0,0,0,0,0,180,5,118
191,battlefront_bomber89,0,18,420,0,0,4,0,0,0,315,0,0,0,0,0,100,0,0,0,0,9999,975,20,0,0,0,28,0,0,0,0,0,180,5,118
192,battlefront_bomber89,0,18,422,0,0,4,0,0,1,315,0,0,0,0,0,100,0,0,0,0,9999,975,20,0,0,0,27,0,0,0,0,0,180,5,118
193,battlefront_bomber89,0,18,423,0,0,4,0,0,0,315,0,0,0,0,0,100,0,0,0,0,9999,975,20,0,0,0,26,0,0,0,0,0,180,6,118
194,battlefront_bomber89,0,18,424,0,0,4,0,0,0,315,0,1,0,0,0,100,0,0,0,0,9999,975,20,0,0,0,25,0,0,0,0,0,180,6,118
195,battlefront_bomber89,0,18,425,0,0,4,0,0,0,315,0,1,0,0,0,100,0,0,0,0,9999,975,20,0,0,0,24,0,0,0,0,0,180,6,118
196,battlefront_bomber89,0,18,426,0,0,4,0,0,0,315,0,1,0,0,0,100,0,0,0,0,9999,975,20,0,0,0,23,0,0,0,0,0,180,6,118
197,battlefront_bomber89,0,18,427,0,0,4,0,0,0,315,0,1,0,0,0,100,0,0,0,0,9999,975,20,0,0,0,22,0,0,0,0,0,180,6,118
198,battlefront_bomber89,0,18,428,0,0,3,0,0,0,315,0,1,0,0,0,100,0,0,0,0,9999,975,20,0,0,0,21,0,0,0,0,0,180,6,118
199,battlefront_bomber89,0,18,429,0,0,3,0,0,0,315,0,2,0,0,0,100,0,0,0,0,9999,975,20,0,0,0,20,0,0,0,0,0,180,6,118
200,battlefront_bomber89,0,18,430,0,0,3,0,0,0,315,0,2,0,0,0,100,0,0,0,0,9999,975,20,0,0,0,19,0,0,0,0,0,180,6,118
201,battlefront_bomber89,0,18,431,0,0,3,0,0,0,315,0,2,0,0,0,100,0,0,0,0,9999,975,20,0,0,0,18,0,0,0,0,0,180,6,118
202,battlefront_bomber89,0,18,432,0,0,3,0,0,0,315,0,2,0,0,0,100,0,0,0,0,9999,975,20,0,0,0,17,0,0,0,0,0,180,6,118
203,battlefront_bomber89,0,18,433,0,0,3,0,0,0,315,0,2,0,0,0,100,0,0,0,0,9999,975,20,0,0,0,16,0,0,0,0,0,180,6,118
204,battlefront_bomber89,0,18,434,0,0,3,0,0,1,315,0,3,0,0,0,100,0,0,0,0,9999,974,20,0,0,0,15,0,0,0,0,0,180,6,118
205,battlefront_bomber89,0,18,435,0,0,3,0,0,0,315,0,3,0,0,0,100,0,0,0,0,9999,974,20,0,0,0,14,0,0,0,0,0,180,6,118
206,battlefront_bomber89,0,18,436,0,0,3,0,0,0,315,0,3,0,0,0,100,0,0,0,0,9999,974,20,0,0,0,13,0,0,0,0,0,180,6,118
207,battlefront_bomber89,0,18,437,0,0,3,0,0,0,315,0,3,0,0,0,100,0,0,0,0,9999,974,20,0,0,0,12,0,0,0,0,0,180,6,118
208,battlefront_bomber89,0,18,438,0,0,3,0,0,2,315,0,3,0,0,0,100,0,0,0,0,9999,973,20,0,0,0,11,0,0,0,0,0,180,6,118
209,battlefront_bomber89,0,18,439,0,0,3,0,0,0,315,0,3,0,0,0,100,0,0,0,0,9999,973,20,0,0,0,10,0,0,0,0,0,180,6,118
210,battlefront_bomber89,0,18,439,0,0,3,0,0,0,315,0,4,0,0,0,100,0,0,0,0,9999,973,20,0,0,0,9,0,0,0,0,0,180,6,118
211,battlefront_bomber89,0,18,440,0,0,3,0,0,0,315,0,4,0,0,0,100,0,0,0,0,9999,973,20,0,0,0,8,0,0,0,0,0,180,6,118
212,battlefront_bomber89,0,18,441,0,0,3,0,0,1,315,0,4,0,0,0,100,0,0,0,0,9999,972,20,0,0,0,7,0,0,0,0,0,180,6,118
213,battlefront_bomber89,0,18,442,0,0,3,0,0,0,315,0,4,0,0,0,100,0,0,0,0,9999,972,20,0,0,0,6,0,0,0,0,0,180,6,118
214,battlefront_bomber89,0,18,443,0,0,2,0,0,0,315,0,4,0,0,0,100,0,0,0,0,9999,972,20,0,0,0,5,0,0,0,0,0,180,6,118
215,battlefront_bomber89,0,18,443,0,0,2,0,0,0,315,0,5,0,0,0,100,0,0,0,0,9999,972,20,0,0,0,4,0,0,0,0,0,180,6,118
216,battlefront_bomber89,0,18,444,0,0,2,0,0,1,315,0,5,0,0,0,100,0,0,0,0,9999,971,20,0,0,0,3,0,0,0,0,0,180,6,118
217,battlefront_bomber89,0,18,445,0,0,2,0,0,0,315,0,5,0,0,0,100,0,0,0,0,9999,971,20,0,0,0,2,0,0,0,0,0,180,6,118
218,battlefront_bomber89,0,18,446,0,0,2,0,0,0,315,0,5,0,0,0,100,0,0,0,0,9999,971,20,0,0,0,1,0,0,0,0,0,180,6,118
219,battlefront_bomber89,0,18,447,0,0,2,0,0,0,315,0,5,0,0,0,100,0,0,0,0,9999,971,20,0,0,0,0,0,0,0,0,0,180,6,118
220,battlefront_bomber89,0,18,447,0,0,2,0,0,0,315,0,6,0,0,0,100,0,0,0,0,9999,971,20,0,0,0,0,0,0,0,0,0,180,6,118
221,battlefront_bomber89,0,18,448,0,0,2,0,0,0,315,0,6,0,0,0,100,0,0,0,0,9999,971,20,0,0,0,0,0,0,0,0,0,180,7,118
222,battlefront_bomber89,0,18,449,0,0,2,0,0,0,315,0,6,0,0,0,100,0,0,0,0,9999,971,20,0,0,0,0,0,0,0,0,0,180,7,118
223,battlefront_bomber89,0,18,449,0,0,2,0,0,0,315,0,6,0,0,0,100,0,0,0,0,9999,971,20,0,0,0,0,0,0,0,0,0,180,7,118
224,battlefront_bomber89,0,18,450,0,0,2,0,0,0,315,0,6,0,0,0,100,0,0,0,0,9999,971,20,0,0,0,0,0,0,0,0,0,180,7,118
225,battlefront_bomber89,0,18,451,0,0,2,0,0,0,315,0,6,0,0,0,100,0,0,0,0,9999,971,20,0,0,0,0,0,0,0,0,0,180,7,118
226,battlefront_bomber89,0,18,452,0,0,2,0,0,0,315,0,7,0,0,0,100,0,0,0,0,9999,971,20,0,0,0,0,0,0,0,0,0,180,7,118
227,battlefront_bomber89,0,18,452,0,0,2,0,0,0,315,0,7,0,0,0,100,0,0,0,0,9999,971,20,0,0,0,0,0,0,0,0,0,180,7,118
228,battlefront_bomber89,0,18,453,0,0,2,0,0,0,315,0,7,0,0,0,100,0,0,0,0,9999,971,20,0,0,0,0,0,0,0,0,0,180,7,118
229,battlefront_bomber89,0,18,454,0,0,2,0,0,0,315,0,7,0,0,0,100,0,0,0,0,9999,971,20,0,0,0,0,0,0,0,0,0,180,7,118
230,battlefront_bomber89,0,18,454,0,0,2,0,0,0,315,0,7,0,0,0,100,0,0,0,0,9999,971,20,0,0,0,0,0,0,0,0,0,180,7,118
231,battlefront_bomber89,0,18,455,0,0,2,0,0,0,315,0,8,0,0,0,100,0,0,0,0,9999,971,20,0,0,0,0,0,0,0,0,0,180,7,118
232,battlefront_bomber89,0,18,456,0,0,2,0,0,0,315,0,8,0,0,0,100,0,0,0,0,9999,971,20,0,0,0,0,0,0,0,0,0,180,7,118
233,battlefront_bomber89,0,18,457,0,0,2,0,0,0,315,0,8,0,0,0,100,0,0,0,0,9999,971,20,0,0,0,0,0,0,0,0,0,180,7,118
234,battlefront_bomber89,0,18,457,0,0,2,0,0,0,315,0,8,0,0,0,100,0,0,0,0,9999,971,20,0,0,0,0,0,0,0,0,0,180,7,118
235,battlefront_bomber89,0,18,458,0,0,2,0,0,0,315,0,8,0,0,0,100,0,0,0,0,9999,971,20,0,0,0,0,0,0,0,0,0,180,7,118
236,battlefront_bomber89,0,18,459,0,0,2,0,0,0,315,0,9,0,0,0,100,0,0,0,0,9999,971,20,0,0,0,0,0,0,0,0,0,180,7,118
237,battlefront_bomber89,0,18,459,0,0,2,0,0,0,315,0,9,0,0,0,100,0,0,0,0,9999,971,20,0,0,0,0,0,0,0,0,0,180,7,118
238,battlefront_bomber89,0,18,460,0,0,2,0,0,1,315,0,9,0,0,0,100,0,0,0,0,9999,970,20,0,0,0,0,0,0,0,0,0,180,7,118
239,battlefront_bomber89,0,18,461,0,0,2,0,0,0,315,0,9,0,0,0,100,0,0,0,0,9999,970,20,0,0,0,0,0,0,0,0,0,180,7,118
240,battlefront_bomber89,0,18,461,0,0,2,0,0,0,315,0,9,0,0,0,100,0,0,0,0,9999,970,20,0,0,0,0,0,0,0,0,0,180,7,118
241,battlefront_bomber89,0,18,462,0,0,2,0,0,0,315,0,9,0,0,0,100,0,0,0,0,9999,970,20,0,0,0,0,0,0,0,0,0,180,7,118
242,battlefront_bomber89,0,18,463,0,0,2,0,0,1,315,0,10,0,0,0,100,0,0,0,0,9999,969,20,0,0,0,0,0,0,0,0,0,180,7,118
243,battlefront_bomber89,0,18,463,0,0,2,0,0,0,315,0,10,0,0,0,100,0,0,0,0,9999,969,20,0,0,0,0,0,0,0,0,0,180,7,118
244,battlefront_bomber89,0,18,464,0,0,2,0,0,0,315,0,10,0,0,0,100,0,0,0,0,9999,969,20,0,0,0,0,0,0,0,0,0,180,7,118
245,battlefront_bomber89,0,18,465,0,0,2,0,0,0,315,0,10,0,0,0,100,0,0,0,0,9999,969,20,0,0,0,0,0,0,0,0,0,180,7,118
246,battlefront_bomber89,0,18,465,0,0,2,0,0,1,315,0,10,0,0,0,100,0,0,0,0,9999,968,20,0,0,0,0,0,0,0,0,0,180,7,118
247,battlefront_bomber89,0,18,466,0,0,2,0,0,0,315,0,11,0,0,0,100,0,0,0,0,9999,968,20,0,0,0,0,0,0,0,0,0,180,7,118
248,battlefront_bomber89,0,18,467,0,0,2,0,0,0,315,0,11,0,0,0,100,0,0,0,0,9999,968,20,0,0,0,0,0,0,0,0,0,180,7,118
249,battlefront_bomber89,0,18,467,0,0,2,0,0,0,315,0,11,0,0,0,100,0,0,0,0,9999,968,20,0,0,0,0,0,0,0,0,0,180,7,118
250,battlefront_bomber89,0,18,468,0,0,2,0,0,2,315,0,11,0,0,0,100,0,0,0,0,9999,967,20,0,0,0,0,0,0,0,0,0,180,0,124
251,battlefront_bomber89,0,18,469,0,0,2,0,0,0,315,0,11,0,0,0,100,0,0,0,0,9999,967,20,0,0,0,0,0,0,0,0,0,180,0,124
252,battlefront_bomber89,0,18,469,0,0,2,0,0,0,315,0,12,0,0,0,100,0,0,0,0,9999,967,20,0,0,0,0,0,0,0,0,0,180,0,124
253,battlefront_bomber89,0,18,470,0,0,2,0,0,0,315,0,12,0,0,0,100,0,0,0,0,9999,967,20,0,0,0,0,0,0,0,0,0,180,0,124
254,battlefront_bomber89,0,18,471,0,0,2,0,0,0,315,0,12,0,0,0,100,0,0,0,0,9999,967,20,0,0,0,0,0,0,0,0,0,180,0,124
255,battlefront_bomber89,0,18,471,0,0,2,0,0,0,315,0,12,0,0,0,100,0,0,0,0,9999,967,20,0,0,0,0,0,0,0,0,0,180,0,124
256,battlefront_bomber89,0,18,472,0,0,2,0,0,0,315,0,12,0,0,0,100,0,0,0,0,9999,967,20,0,0,0,0,0,0,0,0,0,180,0,124
257,battlefront_bomber89,0,18,473,0,0,2,0,0,0,315,0,12,0,0,0,100,0,0,0,0,9999,967,20,0,0,0,0,0,0,0,0,0,180,0,123
258,battlefront_bomber89,0,18,473,0,0,2,0,0,1,315,0,13,0,0,0,100,0,0,0,0,9999,967,20,1,0,1,0,0,0,5,0,4,180,0,123
259,battlefront_bomber89,0,18,474,0,0,2,0,0,1,315,0,13,0,0,0,100,0,0,0,0,9999,967,20,1,0,1,0,0,0,5,0,8,180,0,123
260,battlefront_bomber89,0,18,475,0,0,2,0,0,1,315,0,13,0,0,0,100,0,0,0,0,9999,967,20,1,0,1,0,0,0,5,0,12,180,0,123
261,battlefront_bomber89,0,18,475,0,0,2,0,0,1,315,0,13,0,0,0,100,0,0,0,0,9999,967,20,1,0,1,0,0,0,5,0,16,180,0,123
262,battlefront_bomber89,0,18,476,0,0,2,0,0,1,315,0,13,0,0,0,100,0,0,0,0,9999,967,20,1,0,1,0,0,0,5,0,20,180,0,123
263,battlefront_bomber89,0,18,477,0,0,2,0,0,1,315,0,14,0,0,0,100,0,0,0,0,9999,967,20,1,0,1,0,0,0,5,0,24,180,0,123
264,battlefront_bomber89,0,18,477,0,0,2,0,0,1,315,0,14,0,0,0,100,0,0,0,0,9999,967,20,1,0,1,0,0,0,5,0,28,180,0,123
265,battlefront_bomber89,0,18,478,0,0,2,0,0,1,315,0,14,0,0,0,100,0,0,0,0,9999,967,20,1,0,1,0,0,0,5,0,32,180,0,123
266,battlefront_bomber89,0,18,478,0,0,2,0,0,1,315,0,14,0,0,0,100,0,0,0,0,9999,967,20,1,0,1,0,0,0,5,0,36,180,0,123
267,battlefront_bomber89,0,18,479,0,0,2,0,0,1,315,0,14,0,0,0,100,0,0,0,0,9999,967,20,1,0,1,0,0,0,5,0,40,180,0,123
268,battlefront_bomber89,0,18,480,0,0,2,0,0,1,315,0,15,0,0,0,100,0,0,0,0,9999,967,20,1,0,1,0,0,0,5,0,44,180,0,123
269,battlefront_bomber89,0,18,480,0,0,2,0,0,1,315,0,15,0,0,0,100,0,0,0,0,9999,967,20,1,0,1,0,0,0,5,0,48,180,0,123
270,battlefront_bomber89,0,18,481,0,0,2,0,0,1,315,0,15,0,0,0,100,0,0,0,0,9999,967,20,1,0,1,40,0,0,5,0,48,180,0,123
271,battlefront_bomber89,0,18,482,0,0,2,0,0,1,315,0,15,0,0,0,100,0,0,0,0,9999,967,20,1,0,1,40,0,0,5,0,48,180,0,123
272,battlefront_bomber89,0,18,482,0,0,2,0,0,4,315,0,15,0,0,0,100,0,0,0,0,9999,966,19,1,0,1,40,0,0,13,0,48,180,0,123
273,battlefront_bomber89,0,18,483,0,0,2,0,0,1,315,0,15,0,0,0,100,0,0,0,0,9999,966,19,1,0,1,40,0,0,21,0,48,180,0,123
274,battlefront_bomber89,0,18,484,0,0,2,0,0,1,315,0,16,0,0,0,100,0,0,0,0,9999,966,19,1,0,1,40,0,0,29,0,48,180,0,123
275,battlefront_bomber89,0,18,484,0,0,2,0,0,1,315,0,16,0,0,0,100,0,0,0,0,9999,966,19,1,0,1,40,0,0,37,0,48,180,0,123
276,battlefront_bomber89,0,18,485,0,0,2,0,0,2,315,0,16,0,0,0,100,0,0,0,0,9999,965,19,1,0,1,40,0,0,45,1,48,180,0,123
277,battlefront_bomber89,0,18,486,0,0,2,0,0,1,315,0,16,0,0,0,100,0,0,0,0,9999,965,19,1,0,1,40,0,0,53,1,48,180,0,123
278,battlefront_bomber89,0,18,486,0,0,2,0,0,1,315,0,16,0,0,0,100,0,0,0,0,9999,965,19,1,0,1,40,0,0,61,1,48,180,0,123
279,battlefront_bomber89,0,18,487,0,0,2,0,0,1,315,0,17,0,0,0,100,0,0,0,0,9999,965,19,1,0,1,40,0,0,69,1,48,180,1,123
280,battlefront_bomber89,0,18,488,0,0,2,0,0,2,315,0,17,0,0,0,100,0,0,0,0,9999,964,19,1,0,1,40,0,0,77,1,48,180,1,123
281,battlefront_bomber89,0,18,488,0,0,2,0,0,1,315,0,17,0,0,0,100,0,0,0,0,9999,964,19,1,0,1,40,0,0,85,1,48,180,1,123
282,battlefront_bomber89,0,18,489,0,0,2,0,0,1,315,0,17,0,0,0,100,0,0,0,0,9999,964,19,1,0,1,40,0,0,93,2,48,180,1,123
283,battlefront_bomber89,0,18,490,0,0,2,0,0,1,315,0,17,0,0,0,100,0,0,0,0,9999,964,19,1,0,1,40,0,0,101,2,48,180,1,123
284,battlefront_bomber89,0,18,490,0,0,2,0,0,2,315,0,18,0,0,0,100,0,0,0,0,9999,963,19,1,0,1,40,0,0,109,2,48,180,1,123
285,battlefront_bomber89,0,18,491,0,0,2,0,0,1,315,0,18,0,0,0,100,0,0,0,0,9999,963,19,1,0,1,40,0,0,117,2,48,180,1,123
286,battlefront_bomber89,0,18,492,0,0,2,0,0,1,315,0,18,0,0,0,100,0,0,0,0,9999,963,19,1,0,1,40,0,0,125,2,48,180,1,123
287,battlefront_bomber89,0,18,492,0,0,2,0,0,1,315,0,18,0,0,0,100,0,0,0,0,9999,963,19,1,0,1,40,0,0,133,2,48,180,1,123
288,battlefront_bomber89,0,18,493,0,0,2,0,0,2,315,0,18,0,0,0,100,0,0,0,0,9999,963,19,1,0,1,40,0,0,133,2,48,180,1,123
289,battlefront_bomber89,0,18,494,0,0,2,0,0,1,315,0,18,0,0,0,100,0,0,0,0,9999,963,19,1,0,1,40,0,0,133,2,48,180,1,123
290,battlefront_bomber89,0,18,494,0,0,2,0,0,1,315,0,19,0,0,0,100,0,0,0,0,9999,963,19,1,0,1,40,0,0,133,2,48,180,1,123
291,battlefront_bomber89,0,18,495,0,0,2,0,0,1,315,0,19,0,0,0,100,0,0,0,0,9999,963,19,1,0,1,40,0,0,133,2,48,180,1,123
292,battlefront_bomber89,0,18,496,0,0,2,0,0,1,315,0,19,0,0,0,100,0,0,0,0,9999,963,19,1,0,1,40,0,0,133,2,48,180,1,123
293,battlefront_bomber89,0,18,496,0,0,2,0,0,1,315,0,19,0,0,0,100,0,0,0,0,9999,963,19,1,0,1,40,0,0,133,2,48,180,1,123
294,battlefront_bomber89,0,18,497,0,0,2,0,0,1,315,0,19,0,0,0,100,0,0,0,0,9999,963,19,1,0,1,40,0,0,133,2,48,180,1,123
295,battlefront_bomber89,0,18,498,0,0,2,0,0,1,315,0,20,0,0,0,100,0,0,0,0,9999,963,19,1,0,1,40,0,0,133,2,48,180,1,123
296,battlefront_bomber89,0,18,498,0,0,2,0,0,1,315,0,20,0,0,0,100,0,0,0,0,9999,963,19,1,0,1,40,0,0,133,2,48,180,1,123
297,battlefront_bomber89,0,18,499,0,0,2,0,0,1,315,0,20,0,0,0,100,0,0,0,0,9999,963,19,1,0,1,40,0,0,133,2,48,180,1,123
298,battlefront_bomber89,0,18,499,0,0,2,0,0,1,315,0,20,0,0,0,100,0,0,0,0,9999,963,19,1,0,1,40,0,0,133,2,48,180,1,123
299,battlefront_bomber89,0,18,500,0,0,2,0,0,1,315,0,20,0,0,0,100,0,0,0,0,9999,963,19,1,0,1,40,0,0,133,2,48,180,1,123
300,battlefront_bomber89,0,18,501,0,0,2,0,0,1,315,0,21,0,0,0,100,0,0,0,0,9999,963,19,1,0,1,40,0,0,133,2,48,180,1,123
301,battlefront_bomber89,0,18,501,0,0,2,0,0,1,315,0,21,0,0,0,100,0,0,0,0,9999,963,19,1,0,1,40,0,0,133,2,48,180,1,123
302,battlefront_bomber89,0,18,502,0,0,2,0,0,1,315,0,21,0,0,0,100,0,0,0,0,9999,963,19,1,0,1,40,0,0,133,2,48,180,1,123
303,battlefront_bomber89,0,18,503,0,0,2,0,0,1,315,0,21,0,0,0,100,0,0,0,0,9999,963,19,1,0,1,40,0,0,133,2,48,180,1,123
304,battlefront_bomber89,0,18,503,0,0,2,0,0,2,315,0,21,0,0,0,100,0,0,0,0,9999,963,19,1,0,1,40,0,0,133,2,48,180,1,123
305,battlefront_bomber89,0,18,504,0,0,2,0,0,1,315,0,21,0,0,0,100,0,0,0,0,9999,963,19,1,0,1,40,0,0,133,2,48,180,1,123
306,battlefront_bomber89,0,18,505,0,0,2,0,0,3,315,0,22,0,0,0,100,0,0,0,0,9999,962,18,1,0,1,40,0,0,141,2,48,180,1,123
307,battlefront_bomber89,0,18,505,0,0,2,0,0,1,315,0,22,0,0,0,100,0,0,0,0,9999,962,18,1,0,1,40,0,0,149,2,48,180,1,123
308,battlefront_bomber89,0,18,506,0,0,2,0,0,1,315,0,22,0,0,0,100,0,0,0,0,9999,962,18,1,0,1,40,0,0,157,3,48,180,1,123
309,battlefront_bomber89,0,18,507,0,0,2,0,0,1,315,0,22,0,0,0,100,0,0,0,0,9999,962,18,1,0,1,40,0,0,165,3,48,180,2,123
310,battlefront_bomber89,0,18,507,0,0,2,0,0,2,315,0,22,0,0,0,100,0,0,0,0,9999,961,18,1,0,1,40,0,0,173,3,48,180,2,123
311,battlefront_bomber89,0,18,508,0,0,2,0,0,1,315,0,23,0,0,0,100,0,0,0,0,9999,961,18,1,0,1,40,0,0,181,3,48,180,2,123
312,battlefront_bomber89,0,18,509,0,0,2,0,0,1,315,0,23,0,0,0,100,0,0,0,0,9999,961,18,1,0,1,40,0,0,189,3,48,180,2,123
313,battlefront_bomber89,0,18,509,0,0,2,0,0,1,315,0,23,0,0,0,100,0,0,0,0,9999,961,18,1,0,1,40,0,0,197,3,48,180,2,123
314,battlefront_bomber89,0,18,510,0,0,2,0,0,2,315,0,23,0,0,0,100,0,0,0,0,9999,960,18,1,0,1,40,0,0,205,3,48,180,2,123
315,battlefront_bomber89,0,18,511,0,0,2,0,0,1,315,0,23,0,0,0,100,0,0,0,0,9999,960,18,1,0,1,40,0,0,213,3,48,180,2,123
316,battlefront_bomber89,0,18,511,0,0,2,0,0,1,315,0,24,0,0,0,100,0,0,0,0,9999,960,18,1,0,1,40,0,0,221,3,48,180,2,123
317,battlefront_bomber89,0,18,512,0,0,2,0,0,1,315,0,24,0,0,0,100,0,0,0,0,9999,960,18,1,0,1,40,0,0,229,3,48,180,2,123
318,battlefront_bomber89,0,18,513,0,0,2,0,0,2,315,0,24,0,0,0,100,0,0,0,0,9999,959,18,1,0,1,40,0,0,237,3,48,180,2,123
319,battlefront_bomber89,0,18,513,0,0,2,0,0,1,315,0,24,0,0,0,100,0,0,0,0,9999,959,18,1,0,1,40,0,0,245,3,48,180,2,123
320,battlefront_bomber89,0,18,514,0,0,2,0,0,2,315,0,24,0,0,0,100,0,0,0,0,9999,959,18,1,0,1,40,0,0,253,3,48,180,2,123
321,battlefront_bomber89,0,18,515,0,0,2,0,0,1,315,0,24,0,0,0,100,0,0,0,0,9999,959,18,1,0,1,40,0,0,261,3,48,180,2,123
322,battlefront_bomber89,0,18,515,0,0,2,0,0,1,315,0,25,0,0,0,100,0,0,0,0,9999,959,18,1,0,1,40,0,0,261,3,48,180,2,123
323,battlefront_bomber89,0,18,516,0,0,2,0,0,1,315,0,25,0,0,0,100,0,0,0,0,9999,959,18,1,0,1,40,0,0,261,3,48,180,2,123
324,battlefront_bomber89,0,18,517,0,0,2,0,0,1,315,0,25,0,0,0,100,0,0,0,0,9999,959,18,1,0,1,40,0,0,261,3,48,180,2,123
325,battlefront_bomber89,0,18,517,0,0,2,0,0,1,315,0,25,0,0,0,100,0,0,0,0,9999,959,18,1,0,1,40,0,0,261,3,48,180,2,123
326,battlefront_bomber89,0,18,518,0,0,2,0,0,1,315,0,25,0,0,0,100,0,0,0,0,9999,959,18,1,0,1,40,0,0,261,3,48,180,2,123
327,battlefront_bomber89,0,18,519,0,0,2,0,0,1,315,0,26,0,0,0,100,0,0,0,0,9999,959,18,1,0,1,40,0,0,261,3,48,180,2,123
328,battlefront_bomber89,0,18,519,0,0,2,0,0,1,315,0,26,0,0,0,100,0,0,0,0,9999,959,18,1,0,1,40,0,0,261,3,48,180,2,123
329,battlefront_bomber89,0,18,520,0,0,2,0,0,1,315,0,26,0,0,0,100,0,0,0,0,9999,959,18,1,0,1,40,0,0,261,3,48,180,2,123
330,battlefront_bomber89,0,18,520,0,0,2,0,0,1,315,0,26,0,0,0,100,0,0,0,0,9999,959,18,1,0,1,40,0,0,261,3,48,180,2,123
331,battlefront_bomber89,0,18,521,0,0,2,0,0,1,315,0,26,0,0,0,100,0,0,0,0,9999,959,18,1,0,1,40,0,0,261,3,48,180,2,123
332,battlefront_bomber89,0,18,522,0,0,2,0,0,1,315,0,27,0,0,0,100,0,0,0,0,9999,959,18,1,0,1,40,0,0,261,3,48,180,2,123
333,battlefront_bomber89,0,18,522,0,0,2,0,0,1,315,0,27,0,0,0,100,0,0,0,0,9999,959,18,1,0,1,40,0,0,261,3,48,180,2,123
334,battlefront_bomber89,0,18,523,0,0,2,0,0,1,315,0,27,0,0,0,100,0,0,0,0,9999,959,18,1,0,1,40,0,0,261,3,48,180,2,123
335,battlefront_bomber89,0,18,524,0,0,2,0,0,1,315,0,27,0,0,0,100,0,0,0,0,9999,959,18,1,0,1,40,0,0,261,3,48,180,2,123
336,battlefront_bomber89,0,18,524,0,0,2,0,0,2,315,0,27,0,0,0,100,0,0,0,0,9999,959,18,1,0,1,40,0,0,261,3,48,180,2,123
337,battlefront_bomber89,0,18,525,0,0,2,0,0,1,315,0,27,0,0,0,100,0,0,0,0,9999,959,18,1,0,1,40,0,0,261,3,48,180,3,123
338,battlefront_bomber89,0,18,526,0,0,2,0,0,1,315,0,28,0,0,0,100,0,0,0,0,9999,959,18,1,0,1,40,0,0,261,3,48,180,3,123
339,battlefront_bomber89,0,18,526,0,0,2,0,0,1,315,0,28,0,0,0,100,0,0,0,0,9999,959,18,1,0,1,40,0,0,261,3,48,180,3,123
340,battlefront_bomber89,0,18,527,0,0,2,0,0,3,315,0,28,0,0,0,100,0,0,0,0,9999,958,17,1,0,1,40,0,0,269,3,48,180,3,123
341,battlefront_bomber89,0,18,528,0,0,2,0,0,1,315,0,28,0,0,0,100,0,0,0,0,9999,958,17,1,0,1,40,0,0,277,3,48,180,3,123
342,battlefront_bomber89,0,18,528,0,0,2,0,0,1,315,0,28,0,0,0,100,0,0,0,0,9999,958,17,1,0,1,40,0,0,285,3,48,180,3,123
343,battlefront_bomber89,0,18,529,0,0,2,0,0,1,315,0,29,0,0,0,100,0,0,0,0,9999,958,17,1,0,1,40,0,0,293,3,48,180,3,123
344,battlefront_bomber89,0,18,530,0,0,2,0,0,2,315,0,29,0,0,0,100,0,0,0,0,9999,957,17,1,0,1,40,0,0,301,3,48,180,3,123
345,battlefront_bomber89,0,18,530,0,0,2,0,0,1,315,0,29,0,0,0,100,0,0,0,0,9999,957,17,1,0,1,40,0,0,309,3,48,180,3,123
346,battlefront_bomber89,0,18,531,0,0,2,0,0,1,315,0,29,0,0,0,100,0,0,0,0,9999,957,17,1,0,1,40,0,0,317,3,48,180,3,123
347,battlefront_bomber89,0,18,532,0,0,2,0,0,1,315,0,29,0,0,0,100,0,0,0,0,9999,957,17,1,0,1,40,0,0,325,3,48,180,3,123
348,battlefront_bomber89,0,18,532,0,0,2,0,0,2,315,0,30,0,0,0,100,0,0,0,0,9999,956,17,1,0,1,40,0,0,333,3,48,180,3,123
349,battlefront_bomber89,0,18,533,0,0,2,0,0,1,315,0,30,0,0,0,100,0,0,0,0,9999,956,17,1,0,1,40,0,0,341,3,48,180,3,123
350,battlefront_bomber89,0,18,534,0,0,2,0,0,1,315,0,30,0,0,0,100,0,0,0,0,9999,956,17,1,0,1,40,0,0,349,3,48,180,3,123
351,battlefront_bomber89,0,18,534,0,0,2,0,0,1,315,0,30,0,0,0,100,0,0,0,0,9999,956,17,1,0,1,40,0,0,357,3,48,180,3,123
352,battlefront_bomber89,0,18,535,0,0,2,0,0,3,315,0,30,0,0,0,100,0,0,0,0,9999,955,17,1,0,1,40,0,0,365,3,48,180,3,123
353,battlefront_bomber89,0,18,536,0,0,2,0,0,1,315,0,30,0,0,0,100,0,0,0,0,9999,955,17,1,0,1,40,0,0,373,3,48,180,3,123
354,battlefront_bomber89,0,18,536,0,0,2,0,0,1,315,0,31,0,0,0,100,0,0,0,0,9999,955,17,1,0,1,40,0,0,381,3,48,180,3,123
355,battlefront_bomber89,0,18,537,0,0,2,0,0,1,315,0,31,0,0,0,100,0,0,0,0,9999,955,17,1,0,1,40,0,0,389,3,48,180,3,123
356,battlefront_bomber89,0,18,538,0,0,2,0,0,1,315,0,31,0,0,0,100,0,0,0,0,9999,955,17,1,0,1,40,0,0,389,3,48,180,3,123
357,battlefront_bomber89,0,18,538,0,0,2,0,0,1,315,0,31,0,0,0,100,0,0,0,0,9999,955,17,1,0,1,40,0,0,389,3,48,180,3,123
358,battlefront_bomber89,0,18,539,0,0,2,0,0,1,315,0,31,0,0,0,100,0,0,0,0,9999,955,17,1,0,1,40,0,0,389,3,48,180,3,123
359,battlefront_bomber89,0,18,540,0,0,2,0,0,1,315,0,32,0,0,0,100,0,0,0,0,9999,955,17,1,0,1,40,0,0,389,3,48,180,3,123
360,battlefront_bomber89,0,18,540,0,0,2,0,0,1,315,0,32,0,0,0,100,0,0,0,0,9999,955,17,1,0,1,39,0,0,389,3,48,180,3,123
361,battlefront_bomber89,0,18,541,0,0,2,0,0,1,315,0,32,0,0,0,100,0,0,0,0,9999,955,17,1,0,1,38,0,0,389,3,48,180,3,123
362,battlefront_bomber89,0,18,541,0,0,2,0,0,1,315,0,32,0,0,0,100,0,0,0,0,9999,955,17,1,0,1,37,0,0,389,3,48,180,3,123
363,battlefront_bomber89,0,18,542,0,0,2,0,0,1,315,0,32,0,0,0,100,0,0,0,0,9999,955,17,1,0,1,36,0,0,389,3,48,180,3,123
364,battlefront_bomber89,0,18,543,0,0,2,0,0,1,315,0,33,0,0,0,100,0,0,0,0,9999,955,17,1,0,1,35,0,0,389,3,48,180,3,123
365,battlefront_bomber89,0,18,543,0,0,2,0,0,1,315,0,33,0,0,0,100,0,0,0,0,9999,955,17,1,0,1,34,0,0,389,3,48,180,4,123
366,battlefront_bomber89,0,18,544,0,0,2,0,0,1,315,0,33,0,0,0,100,0,0,0,0,9999,955,17,1,0,1,33,0,0,389,3,48,180,4,123
367,battlefront_bomber89,0,18,545,0,0,2,0,0,1,315,0,33,0,0,0,100,0,0,0,0,9999,955,17,1,0,1,32,0,0,389,3,48,180,4,123
368,battlefront_bomber89,0,18,545,0,0,2,0,0,2,315,0,33,0,0,0,100,0,0,0,0,9999,955,17,1,0,1,31,0,0,389,3,48,180,4,123
369,battlefront_bomber89,0,18,546,0,0,2,0,0,1,315,0,33,0,0,0,100,0,0,0,0,9999,955,17,1,0,1,30,0,0,389,3,48,180,4,123
370,battlefront_bomber89,0,18,547,0,0,2,0,0,1,315,0,34,0,0,0,100,0,0,0,0,9999,955,17,1,0,1,29,0,0,389,3,48,180,4,123
371,battlefront_bomber89,0,18,547,0,0,2,0,0,1,315,0,34,0,0,0,100,0,0,0,0,9999,955,17,1,0,1,28,0,0,389,3,48,180,4,123
372,battlefront_bomber89,0,18,548,0,0,2,0,0,1,315,0,34,0,0,0,100,0,0,0,0,9999,955,17,1,0,1,27,0,0,389,3,48,180,4,123
373,battlefront_bomber89,0,18,549,0,0,2,0,0,1,315,0,34,0,0,0,100,0,0,0,0,9999,955,17,1,0,1,26,0,0,389,3,48,180,4,123
374,battlefront_bomber89,0,18,549,0,0,2,0,0,3,315,0,34,0,0,0,100,0,0,0,0,9999,954,16,1,0,1,25,0,0,397,3,48,180,4,123
375,battlefront_bomber89,0,18,550,0,0,2,0,0,1,315,0,35,0,0,0,100,0,0,0,0,9999,954,16,1,0,1,24,0,0,405,3,48,180,4,123
376,battlefront_bomber89,0,18,551,0,0,2,0,0,1,315,0,35,0,0,0,100,0,0,0,0,9999,954,16,1,0,1,23,0,0,413,3,48,180,4,123
377,battlefront_bomber89,0,18,551,0,0,2,0,0,1,315,0,35,0,0,0,100,0,0,0,0,9999,954,16,1,0,1,22,0,0,421,3,48,180,4,123
378,battlefront_bomber89,0,18,552,0,0,2,0,0,2,315,0,35,0,0,0,100,0,0,0,0,9999,953,16,1,0,1,21,0,0,429,3,48,180,4,123
379,battlefront_bomber89,0,18,553,0,0,2,0,0,1,315,0,35,0,0,0,100,0,0,0,0,9999,953,16,1,0,1,20,0,0,437,3,48,180,4,123
380,battlefront_bomber89,0,18,553,0,0,2,0,0,1,315,0,36,0,0,0,100,0,0,0,0,9999,953,16,1,0,1,19,0,0,445,3,48,180,4,123
381,battlefront_bomber89,0,18,554,0,0,2,0,0,1,315,0,36,0,0,0,100,0,0,0,0,9999,953,16,1,0,1,18,0,0,453,3,48,180,4,123
382,battlefront_bomber89,0,18,555,0,0,2,0,0,2,315,0,36,0,0,0,100,0,0,0,0,9999,952,16,1,0,1,17,0,0,461,3,48,180,4,123
383,battlefront_bomber89,0,18,555,0,0,2,0,0,1,315,0,36,0,0,0,100,0,0,0,0,9999,952,16,1,0,1,16,0,0,469,3,48,180,4,123
384,battlefront_bomber89,0,18,556,0,0,2,0,0,2,315,0,36,0,0,0,100,0,0,0,0,9999,952,16,1,0,1,15,0,0,477,3,48,180,4,123
385,battlefront_bomber89,0,18,557,0,0,2,0,0,1,315,0,36,0,0,0,100,0,0,0,0,9999,952,16,1,0,1,14,0,0,485,3,48,180,4,122
386,battlefront_bomber89,0,18,557,0,0,2,0,0,2,315,0,37,0,0,0,100,0,0,0,0,9999,951,16,1,0,1,13,0,0,493,3,48,180,4,122
387,battlefront_bomber89,0,18,558,0,0,2,0,0,1,315,0,37,0,0,0,100,0,0,0,0,9999,951,16,1,0,1,12,0,0,501,3,48,180,4,122
388,battlefront_bomber89,0,18,559,0,0,2,0,0,1,315,0,37,0,0,0,100,0,0,0,0,9999,951,16,1,0,1,11,0,0,509,3,48,180,4,122
389,battlefront_bomber89,0,18,559,0,0,2,0,0,1,315,0,37,0,0,0,100,0,0,0,0,9999,951,16,1,0,1,10,0,0,517,3,48,180,4,122
390,battlefront_bomber89,0,18,560,0,0,2,0,0,1,315,0,37,0,0,0,100,0,0,0,0,9999,951,16,1,0,1,9,0,0,517,3,48,180,4,122
391,battlefront_bomber89,0,18,561,0,0,2,0,0,1,315,0,38,0,0,0,100,0,0,0,0,9999,951,16,1,0,1,8,0,0,517,3,48,180,4,122
392,battlefront_bomber89,0,18,561,0,0,2,0,0,1,315,0,38,0,0,0,100,0,0,0,0,9999,951,16,1,0,1,7,0,0,517,3,48,180,4,122
393,battlefront_bomber89,0,18,562,0,0,2,0,0,1,315,0,38,0,0,0,100,0,0,0,0,9999,951,16,1,0,1,6,0,0,517,3,48,180,5,122
394,battlefront_bomber89,0,18,562,0,0,2,0,0,1,315,0,38,0,0,0,100,0,0,0,0,9999,951,16,1,0,1,5,0,0,517,3,48,180,5,122
395,battlefront_bomber89,0,18,563,0,0,2,0,0,1,315,0,38,0,0,0,100,0,0,0,0,9999,951,16,1,0,1,4,0,0,517,3,48,180,5,122
396,battlefront_bomber89,0,18,564,0,0,2,0,0,1,315,0,39,0,0,0,100,0,0,0,0,9999,951,16,1,0,1,3,0,0,517,3,48,180,5,122
397,battlefront_bomber89,0,18,564,0,0,2,0,0,1,315,0,39,0,0,0,100,0,0,0,0,9999,951,16,1,0,1,2,0,0,517,3,48,180,5,122
398,battlefront_bomber89,0,18,565,0,0,2,0,0,1,315,0,39,0,0,0,100,0,0,0,0,9999,951,16,1,0,1,1,0,0,517,3,48,180,5,122
399,battlefront_bomber89,0,18,566,0,0,2,0,0,1,315,0,39,0,0,0,100,0,0,0,0,9999,951,16,1,0,1,0,0,0,517,3,48,180,5,122
400,battlefront_bomber89,0,18,566,0,0,2,0,0,1,315,0,39,0,0,0,100,0,0,0,0,9999,951,16,1,0,1,0,0,0,517,3,48,180,5,122
401,battlefront_bomber89,0,18,567,0,0,2,0,0,1,315,0,39,0,0,0,100,0,0,0,0,9999,951,16,1,0,1,0,0,0,517,3,48,180,5,122
402,battlefront_bomber89,0,18,568,0,0,2,0,0,1,315,0,40,0,0,0,100,0,0,0,0,9999,951,16,1,0,1,0,0,0,517,3,48,180,5,122
403,battlefront_bomber89,0,18,568,0,0,2,0,0,1,315,0,40,0,0,0,100,0,0,0,0,9999,951,16,1,0,1,0,0,0,517,3,48,180,5,122
404,battlefront_bomber89,0,18,569,0,0,2,0,0,1,315,0,40,0,0,0,100,0,0,0,0,9999,951,16,1,0,1,0,0,0,517,3,48,180,5,122
405,battlefront_bomber89,0,18,570,0,0,2,0,0,1,315,0,40,0,0,0,100,0,0,0,0,9999,951,16,1,0,1,0,0,0,517,3,48,180,5,122
406,battlefront_bomber89,0,18,570,0,0,2,0,0,1,315,0,40,0,0,0,100,0,0,0,0,9999,951,16,1,0,1,0,0,0,517,3,48,180,5,122
407,battlefront_bomber89,0,18,571,0,0,2,0,0,1,315,0,41,0,0,0,100,0,0,0,0,9999,951,16,1,0,1,0,0,0,517,3,48,180,5,122
408,battlefront_bomber89,0,18,572,0,0,2,0,0,3,315,0,41,0,0,0,100,0,0,0,0,9999,950,15,1,0,1,0,0,0,525,3,48,180,5,122
409,battlefront_bomber89,0,18,572,0,0,2,0,0,1,315,0,41,0,0,0,100,0,0,0,0,9999,950,15,1,0,1,0,0,0,533,3,48,180,5,122
410,battlefront_bomber89,0,18,573,0,0,2,0,0,1,315,0,41,0,0,0,100,0,0,0,0,9999,950,15,1,0,1,0,0,0,541,3,48,180,5,122
411,battlefront_bomber89,0,18,574,0,0,2,0,0,1,315,0,41,0,0,0,100,0,0,0,0,9999,950,15,1,0,1,0,0,0,549,3,48,180,5,122
412,battlefront_bomber89,0,18,574,0,0,2,0,0,2,315,0,42,0,0,0,100,0,0,0,0,9999,949,15,1,0,1,0,0,0,557,3,48,180,5,122
413,battlefront_bomber89,0,18,575,0,0,2,0,0,1,315,0,42,0,0,0,100,0,0,0,0,9999,949,15,1,0,1,0,0,0,565,3,48,180,5,122
414,battlefront_bomber89,0,18,576,0,0,2,0,0,1,315,0,42,0,0,0,100,0,0,0,0,9999,949,15,1,0,1,0,0,0,573,3,48,180,5,122
415,battlefront_bomber89,0,18,576,0,0,2,0,0,1,315,0,42,0,0,0,100,0,0,0,0,9999,949,15,1,0,1,0,0,0,581,3,48,180,5,122
416,battlefront_bomber89,0,18,577,0,0,2,0,0,2,315,0,42,0,0,0,100,0,0,0,0,9999,948,15,1,0,1,0,0,0,589,3,48,180,5,122
417,battlefront_bomber89,0,18,578,0,0,2,0,0,1,315,0,42,0,0,0,100,0,0,0,0,9999,948,15,1,0,1,0,0,0,597,3,48,180,5,122
418,battlefront_bomber89,0,18,578,0,0,2,0,0,1,315,0,43,0,0,0,100,0,0,0,0,9999,948,15,1,0,1,0,0,0,605,3,48,180,5,122
419,battlefront_bomber89,0,18,579,0,0,2,0,0,1,315,0,43,0,0,0,100,0,0,0,0,9999,948,15,1,0,1,0,0,0,613,3,48,180,5,122
420,battlefront_bomber89,0,18,580,0,0,2,0,0,2,315,0,43,0,0,0,100,0,0,0,0,9999,947,15,1,0,1,0,0,0,621,3,48,180,5,122
421,battlefront_bomber89,0,18,580,0,0,2,0,0,1,315,0,43,0,0,0,100,0,0,0,0,9999,947,15,1,0,1,0,0,0,629,3,48,180,5,122
422,battlefront_bomber89,0,18,581,0,0,2,0,0,1,315,0,43,0,0,0,100,0,0,0,0,9999,947,15,1,0,1,0,0,0,637,3,48,180,6,122
423,battlefront_bomber89,0,18,582,0,0,2,0,0,1,315,0,44,0,0,0,100,0,0,0,0,9999,947,15,1,0,1,0,0,0,645,3,48,180,6,122
424,battlefront_bomber89,0,18,582,0,0,2,0,0,1,315,0,44,0,0,0,100,0,0,0,0,9999,947,15,1,0,1,0,0,0,645,3,48,180,6,122
425,battlefront_bomber89,0,18,583,0,0,2,0,0,1,315,0,44,0,0,0,100,0,0,0,0,9999,947,15,1,0,1,0,0,0,645,3,48,180,6,122
426,battlefront_bomber89,0,18,583,0,0,2,0,0,1,315,0,44,0,0,0,100,0,0,0,0,9999,947,15,1,0,1,0,0,0,645,3,48,180,6,122
427,battlefront_bomber89,0,18,584,0,0,2,0,0,1,315,0,44,0,0,0,100,0,0,0,0,9999,947,15,1,0,1,0,0,0,645,3,48,180,6,122
428,battlefront_bomber89,0,18,585,0,0,2,0,0,1,315,0,45,0,0,0,100,0,0,0,0,9999,947,15,1,0,1,0,0,0,645,3,48,180,6,122
429,battlefront_bomber89,0,18,585,0,0,2,0,0,1,315,0,45,0,0,0,100,0,0,0,0,9999,947,15,1,0,1,0,0,0,645,3,48,180,6,122
430,battlefront_bomber89,0,18,586,0,0,2,0,0,1,315,0,45,0,0,0,100,0,0,0,0,9999,947,15,1,0,1,0,0,0,645,3,48,180,6,122
431,battlefront_bomber89,0,18,587,0,0,2,0,0,1,315,0,45,0,0,0,100,0,0,0,0,9999,947,15,1,0,1,0,0,0,645,3,48,180,6,122
432,battlefront_bomber89,0,18,587,0,0,2,0,0,1,315,0,45,0,0,0,100,0,0,0,0,9999,947,15,1,0,1,0,0,0,645,3,48,180,6,122
433,battlefront_bomber89,0,18,588,0,0,2,0,0,1,315,0,45,0,0,0,100,0,0,0,0,9999,947,15,1,0,1,0,0,0,645,3,48,180,6,122
434,battlefront_bomber89,0,18,589,0,0,2,0,0,1,315,0,46,0,0,0,100,0,0,0,0,9999,947,15,1,0,1,0,0,0,645,3,48,180,6,122
435,battlefront_bomber89,0,18,589,0,0,2,0,0,1,315,0,46,0,0,0,100,0,0,0,0,9999,947,15,1,0,1,0,0,0,645,3,48,180,6,122
436,battlefront_bomber89,0,18,590,0,0,2,0,0,1,315,0,46,0,0,0,100,0,0,0,0,9999,947,15,1,0,1,0,0,0,645,3,48,180,6,122
437,battlefront_bomber89,0,18,591,0,0,2,0,0,1,315,0,46,0,0,0,100,0,0,0,0,9999,947,15,1,0,1,0,0,0,645,3,48,180,6,122
438,battlefront_bomber89,0,18,591,0,0,2,0,0,1,315,0,46,0,0,0,100,0,0,0,0,9999,947,15,1,0,1,0,0,0,645,3,48,180,6,122
439,battlefront_bomber89,0,18,592,0,0,2,0,0,1,315,0,47,0,0,0,100,0,0,0,0,9999,947,15,1,0,1,0,0,0,645,3,48,180,6,122
440,battlefront_bomber89,0,18,593,0,0,2,0,0,1,315,0,47,0,0,0,100,0,0,0,0,9999,947,15,1,0,1,0,0,0,645,3,48,180,6,122
441,battlefront_bomber89,0,18,593,0,0,2,0,0,1,315,0,47,0,0,0,100,0,0,0,0,9999,947,15,1,0,1,0,0,0,645,3,48,180,6,122
442,battlefront_bomber89,0,18,594,0,0,2,0,0,3,315,0,47,0,0,0,100,0,0,0,0,9999,946,14,1,0,1,0,0,0,653,3,48,180,6,122
443,battlefront_bomber89,0,18,595,0,0,2,0,0,1,315,0,47,0,0,0,100,0,0,0,0,9999,946,14,1,0,1,0,0,0,661,3,48,180,6,122
444,battlefront_bomber89,0,18,595,0,0,2,0,0,1,315,0,48,0,0,0,100,0,0,0,0,9999,946,14,1,0,1,0,0,0,669,3,48,180,6,122
445,battlefront_bomber89,0,18,596,0,0,2,0,0,1,315,0,48,0,0,0,100,0,0,0,0,9999,946,14,1,0,1,0,0,0,677,3,48,180,6,122
446,battlefront_bomber89,0,18,597,0,0,2,0,0,2,315,0,48,0,0,0,100,0,0,0,0,9999,945,14,1,0,1,0,0,0,685,3,48,180,6,122
447,battlefront_bomber89,0,18,597,0,0,2,0,0,1,315,0,48,0,0,0,100,0,0,0,0,9999,945,14,1,0,1,0,0,0,693,3,48,180,6,122
448,battlefront_bomber89,0,18,598,0,0,2,0,0,1,315,0,48,0,0,0,100,0,0,0,0,9999,945,14,1,0,1,0,0,0,701,3,48,180,6,122
449,battlefront_bomber89,0,18,599,0,0,2,0,0,1,315,0,48,0,0,0,100,0,0,0,0,9999,945,14,1,0,1,0,0,0,709,3,48,180,6,122
450,battlefront_bomber89,0,18,599,0,0,2,0,0,2,315,0,49,0,0,0,100,0,0,0,0,9999,944,14,1,0,1,40,0,0,717,3,48,180,6,122
451,battlefront_bomber89,0,18,600,0,0,2,0,0,1,315,0,49,0,0,0,100,0,0,0,0,9999,944,14,1,0,1,40,0,0,725,3,48,180,7,122
452,battlefront_bomber89,0,18,601,0,0,2,0,0,1,315,0,49,0,0,0,100,0,0,0,0,9999,944,14,1,0,1,40,0,0,733,3,48,180,7,122
453,battlefront_bomber89,0,18,601,0,0,2,0,0,1,315,0,49,0,0,0,100,0,0,0,0,9999,944,14,1,0,1,40,0,0,741,3,48,180,7,122
454,battlefront_bomber89,0,18,602,0,0,2,0,0,2,315,0,49,0,0,0,100,0,0,0,0,9999,943,14,1,0,1,40,0,0,749,3,48,180,7,122
455,battlefront_bomber89,0,18,603,0,0,2,0,0,1,315,0,50,0,0,0,100,0,0,0,0,9999,943,14,1,0,1,40,0,0,757,3,48,180,7,122
456,battlefront_bomber89,0,18,603,0,0,2,0,0,1,315,0,50,0,0,0,100,0,0,0,0,9999,943,14,1,0,1,40,0,0,765,3,48,180,7,122
457,battlefront_bomber89,0,18,604,0,0,2,0,0,1,315,0,50,0,0,0,100,0,0,0,0,9999,943,14,1,0,1,40,0,0,773,3,48,180,7,122
458,battlefront_bomber89,0,18,604,0,0,2,0,0,1,315,0,50,0,0,0,100,0,0,0,0,9999,943,14,1,0,1,40,0,0,773,3,48,180,7,122
459,battlefront_bomber89,0,18,605,0,0,2,0,0,1,315,0,50,0,0,0,100,0,0,0,0,9999,943,14,1,0,1,40,0,0,773,3,48,180,7,122
460,battlefront_bomber89,0,18,606,0,0,2,0,0,1,315,0,51,0,0,0,100,0,0,0,0,9999,943,14,1,0,1,40,0,0,773,3,48,180,7,122
461,battlefront_bomber89,0,18,606,0,0,2,0,0,1,315,0,51,0,0,0,100,0,0,0,0,9999,943,14,1,0,1,40,0,0,773,3,48,180,7,122
462,battlefront_bomber89,0,18,607,0,0,2,0,0,1,315,0,51,0,0,0,100,0,0,0,0,9999,943,14,1,0,1,40,0,0,773,3,48,180,7,122
463,battlefront_bomber89,0,18,608,0,0,2,0,0,1,315,0,51,0,0,0,100,0,0,0,0,9999,943,14,1,0,1,40,0,0,773,3,48,180,7,122
464,battlefront_bomber89,0,18,608,0,0,2,0,0,2,315,0,51,0,0,0,100,0,0,0,0,9999,943,14,1,0,1,40,0,0,773,3,48,180,7,122
465,battlefront_bomber89,0,18,609,0,0,2,0,0,1,315,0,51,0,0,0,100,0,0,0,0,9999,943,14,1,0,1,40,0,0,773,3,48,180,7,122
466,battlefront_bomber89,0,18,610,0,0,2,0,0,1,315,0,52,0,0,0,100,0,0,0,0,9999,943,14,1,0,1,40,0,0,773,3,48,180,7,122
467,battlefront_bomber89,0,18,610,0,0,2,0,0,1,315,0,52,0,0,0,100,0,0,0,0,9999,943,14,1,0,1,40,0,0,773,3,48,180,7,122
468,battlefront_bomber89,0,18,611,0,0,2,0,0,1,315,0,52,0,0,0,100,0,0,0,0,9999,943,14,1,0,1,40,0,0,773,3,48,180,7,122
469,battlefront_bomber89,0,18,612,0,0,2,0,0,1,315,0,52,0,0,0,100,0,0,0,0,9999,943,14,1,0,1,40,0,0,773,3,48,180,7,122
470,battlefront_bomber89,0,18,612,0,0,2,0,0,1,315,0,52,0,0,0,100,0,0,0,0,9999,943,14,1,0,1,40,0,0,773,3,48,180,7,122
471,battlefront_bomber89,0,18,613,0,0,2,0,0,1,315,0,53,0,0,0,100,0,0,0,0,9999,943,14,1,0,1,40,0,0,773,3,48,180,7,122
472,battlefront_bomber89,0,18,614,0,0,2,0,0,1,315,0,53,0,0,0,100,0,0,0,0,9999,943,14,1,0,1,40,0,0,773,3,48,180,7,122
473,battlefront_bomber89,0,18,614,0,0,2,0,0,1,315,0,53,0,0,0,100,0,0,0,0,9999,943,14,1,0,1,40,0,0,773,3,48,180,7,122
474,battlefront_bomber89,0,18,615,0,0,2,0,0,1,315,0,53,0,0,0,100,0,0,0,0,9999,943,14,1,0,1,40,0,0,773,3,48,180,7,122
475,battlefront_bomber89,0,18,616,0,0,2,0,0,1,315,0,53,0,0,0,100,0,0,0,0,9999,943,14,1,0,1,40,0,0,773,3,48,180,7,122
476,battlefront_bomber89,0,18,616,0,0,2,0,0,3,315,0,54,0,0,0,100,0,0,0,0,9999,942,13,1,0,1,40,0,0,781,3,48,180,7,122
477,battlefront_bomber89,0,18,617,0,0,2,0,0,1,315,0,54,0,0,0,100,0,0,0,0,9999,942,13,1,0,1,40,0,0,789,3,48,180,7,122
478,battlefront_bomber89,0,18,618,0,0,2,0,0,1,315,0,54,0,0,0,100,0,0,0,0,9999,942,13,1,0,1,40,0,0,797,3,48,180,7,122
479,battlefront_bomber89,0,18,618,0,0,2,0,0,1,315,0,54,0,0,0,100,0,0,0,0,9999,942,13,1,0,1,40,0,0,805,3,48,180,7,122
480,battlefront_bomber89,0,18,619,0,0,2,0,0,3,315,0,54,0,0,0,100,0,0,0,0,9999,941,13,1,0,1,40,0,0,813,3,48,180,8,122
481,battlefront_bomber89,0,18,620,0,0,2,0,0,1,315,0,54,0,0,0,100,0,0,0,0,9999,941,13,1,0,1,40,0,0,821,3,48,180,8,122
482,battlefront_bomber89,0,18,620,0,0,2,0,0,1,315,0,55,0,0,0,100,0,0,0,0,9999,941,13,1,0,1,40,0,0,829,3,48,180,8,122
483,battlefront_bomber89,0,18,621,0,0,2,0,0,1,315,0,55,0,0,0,100,0,0,0,0,9999,941,13,1,0,1,40,0,0,837,3,48,180,8,122
484,battlefront_bomber89,0,18,622,0,0,2,0,0,2,315,0,55,0,0,0,100,0,0,0,0,9999,940,13,1,0,1,40,0,0,845,3,48,180,8,122
485,battlefront_bomber89,0,18,622,0,0,2,0,0,1,315,0,55,0,0,0,100,0,0,0,0,9999,940,13,1,0,1,40,0,0,853,3,48,180,8,122
486,battlefront_bomber89,0,18,623,0,0,2,0,0,1,315,0,55,0,0,0,100,0,0,0,0,9999,940,13,1,0,1,40,0,0,861,3,48,180,8,122
487,battlefront_bomber89,0,18,624,0,0,2,0,0,1,315,0,56,0,0,0,100,0,0,0,0,9999,940,13,1,0,1,40,0,0,869,3,48,180,8,122
488,battlefront_bomber89,0,18,624,0,0,2,0,0,2,315,0,56,0,0,0,100,0,0,0,0,9999,939,13,1,0,1,40,0,0,877,3,48,180,8,122
489,battlefront_bomber89,0,18,625,0,0,2,0,0,1,315,0,56,0,0,0,100,0,0,0,0,9999,939,13,1,0,1,40,0,0,885,3,48,180,8,122
490,battlefront_bomber89,0,18,625,0,0,2,0,0,1,315,0,56,0,0,0,100,0,0,0,0,9999,939,13,1,0,1,40,0,0,893,3,48,180,8,122
491,battlefront_bomber89,0,18,626,0,0,2,0,0,1,315,0,56,0,0,0,100,0,0,0,0,9999,939,13,1,0,1,40,0,0,901,3,48,180,8,122
492,battlefront_bomber89,0,18,627,0,0,2,0,0,1,315,0,57,0,0,0,100,0,0,0,0,9999,939,13,1,0,1,40,0,0,901,3,48,180,8,122
493,battlefront_bomber89,0,18,627,0,0,2,0,0,1,315,0,57,0,0,0,100,0,0,0,0,9999,939,13,1,0,1,40,0,0,901,3,48,180,8,122
494,battlefront_bomber89,0,18,628,0,0,2,0,0,1,315,0,57,0,0,0,100,0,0,0,0,9999,939,13,1,0,1,40,0,0,901,3,48,180,8,122
495,battlefront_bomber89,0,18,629,0,0,2,0,0,1,315,0,57,0,0,0,100,0,0,0,0,9999,939,13,1,0,1,40,0,0,901,3,48,180,8,122
496,battlefront_bomber89,0,18,629,0,0,2,0,0,2,315,0,57,0,0,0,100,0,0,0,0,9999,939,13,1,0,1,40,0,0,901,3,48,180,8,122
497,battlefront_bomber89,0,18,630,0,0,2,0,0,1,315,0,57,0,0,0,100,0,0,0,0,9999,939,13,1,0,1,40,0,0,901,3,48,180,8,122
498,battlefront_bomber89,0,18,631,0,0,2,0,0,1,315,0,58,0,0,0,100,0,0,0,0,9999,939,13,1,0,1,40,0,0,901,3,48,180,8,122
499,battlefront_bomber89,0,18,631,0,0,2,0,0,1,315,0,58,0,0,0,100,0,0,0,0,9999,939,13,1,0,1,40,0,0,901,3,48,180,8,122
500,battlefront_bomber89,0,18,632,0,0,2,0,0,1,315,0,58,0,0,0,100,0,0,0,0,9999,939,13,1,0,1,40,0,0,901,3,48,180,8,122
501,battlefront_bomber89,0,18,633,0,0,2,0,0,1,315,0,58,0,0,0,100,0,0,0,0,9999,939,13,1,0,1,40,0,0,901,3,48,180,8,122
502,battlefront_bomber89,0,18,633,0,0,2,0,0,1,315,0,58,0,0,0,100,0,0,0,0,9999,939,13,1,0,1,40,0,0,901,3,48,180,8,122
503,battlefront_bomber89,0,18,634,0,0,2,0,0,1,315,0,59,0,0,0,100,0,0,0,0,9999,939,13,1,0,1,40,0,0,901,3,48,180,8,122
504,battlefront_bomber89,0,18,635,0,0,2,0,0,1,315,0,59,0,0,0,100,0,0,0,0,9999,939,13,1,0,1,40,0,0,901,3,48,180,8,122
505,battlefront_bomber89,0,18,635,0,0,2,0,0,1,315,0,59,0,0,0,100,0,0,0,0,9999,939,13,1,0,1,40,0,0,901,3,48,180,8,122
506,battlefront_bomber89,0,18,636,0,0,2,0,0,1,315,0,59,0,0,0,100,0,0,0,0,9999,939,13,1,0,1,40,0,0,901,3,48,180,8,122
507,battlefront_bomber89,0,18,636,0,0,2,0,0,1,315,0,59,0,0,0,100,0,0,0,0,9999,939,13,1,0,1,40,0,0,901,3,48,180,8,122
508,battlefront_bomber89,0,18,637,0,0,2,0,0,1,315,0,60,0,0,0,100,0,0,0,0,9999,939,13,1,0,1,40,0,0,901,3,48,180,8,122
509,battlefront_bomber89,0,18,638,0,0,2,0,0,1,315,0,60,0,0,0,100,0,0,0,0,9999,939,13,1,0,1,40,0,0,901,3,48,180,9,122
510,battlefront_bomber89,0,18,638,0,0,2,0,0,3,315,0,60,0,0,0,100,0,0,0,0,9999,938,12,1,0,1,40,0,0,909,3,48,180,9,122
511,battlefront_bomber89,0,18,639,0,0,2,0,0,1,315,0,60,0,0,0,100,0,0,0,0,9999,938,12,1,0,1,40,0,0,917,3,48,180,9,122
512,battlefront_bomber89,0,18,639,0,0,2,0,0,2,315,0,60,0,0,0,100,0,0,0,0,9999,938,12,1,0,1,40,0,0,925,3,48,180,9,122
513,battlefront_bomber89,0,18,640,0,0,2,0,0,1,315,0,60,0,0,0,100,0,0,0,0,9999,938,12,1,0,1,40,0,0,933,3,48,180,9,121
514,battlefront_bomber89,0,18,640,0,0,2,0,0,2,315,0,61,0,0,0,100,0,0,0,0,9999,937,12,1,0,1,40,0,0,941,3,48,180,9,121
515,battlefront_bomber89,0,18,641,0,0,2,0,0,1,315,0,61,0,0,0,100,0,0,0,0,9999,937,12,1,0,1,40,0,0,949,3,48,180,9,121
516,battlefront_bomber89,0,18,641,0,0,2,0,0,1,315,0,61,0,0,0,100,0,0,0,0,9999,937,12,1,0,1,40,0,0,957,3,48,180,9,121
517,battlefront_bomber89,0,18,642,0,0,2,0,0,1,315,0,61,0,0,0,100,0,0,0,0,9999,937,12,1,0,1,40,0,0,965,3,48,180,9,121
518,battlefront_bomber89,0,18,642,0,0,2,0,0,2,315,0,61,0,0,0,100,0,0,0,0,9999,936,12,1,0,1,40,0,0,973,3,48,180,9,121
519,battlefront_bomber89,0,18,643,0,0,1,0,0,1,315,0,62,0,0,0,100,0,0,0,0,9999,936,12,1,0,1,40,0,0,981,3,48,180,9,121
520,battlefront_bomber89,0,18,644,0,0,1,0,0,1,315,0,62,0,0,0,100,0,0,0,0,9999,936,12,1,0,1,40,0,0,989,3,48,180,9,121
521,battlefront_bomber89,0,18,644,0,0,1,0,0,1,315,0,62,0,0,0,100,0,0,0,0,9999,936,12,1,0,1,40,0,0,997,3,48,180,9,121
522,battlefront_bomber89,0,18,645,0,0,1,0,0,2,315,0,62,0,0,0,100,0,0,0,0,9999,935,12,1,0,1,40,0,0,1005,3,48,180,9,121
523,battlefront_bomber89,0,18,645,0,0,1,0,0,1,315,0,62,0,0,0,100,0,0,0,0,9999,935,12,1,0,1,40,0,0,1013,3,48,180,9,121
524,battlefront_bomber89,0,18,646,0,0,1,0,0,1,315,0,63,0,0,0,100,0,0,0,0,9999,935,12,1,0,1,40,0,0,1021,3,48,180,9,121
525,battlefront_bomber89,0,18,646,0,0,1,0,0,1,315,0,63,0,0,0,100,0,0,0,0,9999,935,12,1,0,1,40,0,0,1029,3,48,180,9,121
526,battlefront_bomber89,0,18,647,0,0,1,0,0,1,315,0,63,0,0,0,100,0,0,0,0,9999,935,12,1,0,1,40,0,0,1029,3,48,180,9,121
527,battlefront_bomber89,0,18,647,0,0,1,0,0,1,315,0,63,0,0,0,100,0,0,0,0,9999,935,12,1,0,1,40,0,0,1029,3,48,180,9,121
528,battlefront_bomber89,0,18,648,0,0,1,0,0,2,315,0,63,0,0,0,100,0,0,0,0,9999,935,12,1,0,1,40,0,0,1029,3,48,180,9,121
529,battlefront_bomber89,0,18,648,0,0,1,0,0,1,315,0,63,0,0,0,100,0,0,0,0,9999,935,12,1,0,1,40,0,0,1029,3,48,180,9,121
530,battlefront_bomber89,0,18,649,0,0,1,0,0,1,315,0,64,0,0,0,100,0,0,0,0,9999,935,12,1,0,1,40,0,0,1029,3,48,180,9,121
531,battlefront_bomber89,0,18,649,0,0,1,0,0,1,315,0,64,0,0,0,100,0,0,0,0,9999,935,12,1,0,1,40,0,0,1029,3,48,180,9,121
532,battlefront_bomber89,0,18,650,0,0,1,0,0,1,315,0,64,0,0,0,100,0,0,0,0,9999,935,12,1,0,1,40,0,0,1029,3,48,180,9,121
533,battlefront_bomber89,0,18,650,0,0,1,0,0,1,315,0,64,0,0,0,100,0,0,0,0,9999,935,12,1,0,1,40,0,0,1029,3,48,180,9,121
534,battlefront_bomber89,0,18,651,0,0,1,0,0,1,315,0,64,0,0,0,100,0,0,0,0,9999,935,12,1,0,1,40,0,0,1029,3,48,180,9,121
535,battlefront_bomber89,0,18,651,0,0,1,0,0,1,315,0,65,0,0,0,100,0,0,0,0,9999,935,12,1,0,1,40,0,0,1029,3,48,180,9,121
536,battlefront_bomber89,0,18,652,0,0,1,0,0,1,315,0,65,0,0,0,100,0,0,0,0,9999,935,12,1,0,1,40,0,0,1029,3,48,180,9,121
537,battlefront_bomber89,0,18,652,0,0,1,0,0,1,315,0,65,0,0,0,100,0,0,0,0,9999,935,12,1,0,1,40,0,0,1029,3,48,180,10,121
538,battlefront_bomber89,0,18,653,0,0,1,0,0,1,315,0,65,0,0,0,100,0,0,0,0,9999,935,12,1,0,1,40,0,0,1029,3,48,180,10,121
539,battlefront_bomber89,0,18,653,0,0,1,0,0,1,315,0,65,0,0,0,100,0,0,0,0,9999,935,12,1,0,1,40,0,0,1029,3,48,180,10,121
540,battlefront_bomber89,0,18,654,0,0,1,0,0,1,315,0,66,0,0,0,100,0,0,0,0,9999,935,12,1,0,1,39,0,0,1029,3,48,180,10,121
541,battlefront_bomber89,0,18,654,0,0,1,0,0,1,315,0,66,0,0,0,100,0,0,0,0,9999,935,12,1,0,1,38,0,0,1029,3,48,180,10,121
542,battlefront_bomber89,0,18,655,0,0,1,0,0,1,315,0,66,0,0,0,100,0,0,0,0,9999,935,12,1,0,1,37,0,0,1029,3,48,180,10,121
543,battlefront_bomber89,0,18,655,0,0,1,0,0,1,315,0,66,0,0,0,100,0,0,0,0,9999,935,12,1,0,1,36,0,0,1029,3,48,180,10,121
544,battlefront_bomber89,0,18,656,0,0,1,0,0,4,315,0,66,0,0,0,100,0,0,0,0,9999,934,11,1,0,1,35,0,0,1037,3,48,180,10,121
545,battlefront_bomber89,0,18,656,0,0,1,0,0,1,315,0,66,0,0,0,100,0,0,0,0,9999,934,11,1,0,1,34,0,0,1045,3,48,180,10,121
546,battlefront_bomber89,0,18,657,0,0,1,0,0,1,315,0,67,0,0,0,100,0,0,0,0,9999,934,11,1,0,1,33,0,0,1053,3,48,180,10,121
547,battlefront_bomber89,0,18,657,0,0,1,0,0,1,315,0,67,0,0,0,100,0,0,0,0,9999,934,11,1,0,1,32,0,0,1061,3,48,180,10,121
548,battlefront_bomber89,0,18,657,0,0,1,0,0,2,315,0,67,0,0,0,100,0,0,0,0,9999,933,11,1,0,1,31,0,0,1069,3,48,180,10,121
549,battlefront_bomber89,0,18,658,0,0,1,0,0,1,315,0,67,0,0,0,100,0,0,0,0,9999,933,11,1,0,1,30,0,0,1077,3,48,180,10,121
550,battlefront_bomber89,0,18,658,0,0,1,0,0,1,315,0,67,0,0,0,100,0,0,0,0,9999,933,11,1,0,1,29,0,0,1085,3,48,180,10,121
551,battlefront_bomber89,0,18,659,0,0,1,0,0,1,315,0,68,0,0,0,100,0,0,0,0,9999,933,11,1,0,1,28,0,0,1093,3,48,180,10,121
552,battlefront_bomber89,0,18,659,0,0,1,0,0,2,315,0,68,0,0,0,100,0,0,0,0,9999,932,11,1,0,1,27,0,0,1101,3,48,180,10,121
553,battlefront_bomber89,0,18,660,0,0,1,0,0,1,315,0,68,0,0,0,100,0,0,0,0,9999,932,11,1,0,1,26,0,0,1109,3,48,180,10,121
554,battlefront_bomber89,0,18,660,0,0,1,0,0,1,315,0,68,0,0,0,100,0,0,0,0,9999,932,11,1,0,1,25,0,0,1117,3,48,180,10,121
555,battlefront_bomber89,0,18,661,0,0,1,0,0,1,315,0,68,0,0,0,100,0,0,0,0,9999,932,11,1,0,1,24,0,0,1125,3,48,180,10,121
556,battlefront_bomber89,0,18,661,0,0,1,0,0,2,315,0,69,0,0,0,100,0,0,0,0,9999,931,11,1,0,1,23,0,0,1133,3,48,180,10,121
557,battlefront_bomber89,0,18,662,0,0,1,0,0,1,315,0,69,0,0,0,100,0,0,0,0,9999,931,11,1,0,1,22,0,0,1141,3,48,180,10,121
558,battlefront_bomber89,0,18,662,0,0,1,0,0,1,315,0,69,0,0,0,100,0,0,0,0,9999,931,11,1,0,1,21,0,0,1149,3,48,180,10,121
559,battlefront_bomber89,0,18,663,0,0,1,0,0,1,315,0,69,0,0,0,100,0,0,0,0,9999,931,11,1,0,1,20,0,0,1157,3,48,180,10,121
560,battlefront_bomber89,0,18,663,0,0,1,0,0,2,315,0,69,0,0,0,100,0,0,0,0,9999,931,11,1,0,1,19,0,0,1157,3,48,180,10,121
561,battlefront_bomber89,0,18,664,0,0,1,0,0,1,315,0,69,0,0,0,100,0,0,0,0,9999,931,11,1,0,1,18,0,0,1157,3,48,180,10,121
562,battlefront_bomber89,0,18,664,0,0,1,0,0,1,315,0,70,0,0,0,100,0,0,0,0,9999,931,11,1,0,1,17,0,0,1157,3,48,180,10,121
563,battlefront_bomber89,0,18,665,0,0,1,0,0,1,315,0,70,0,0,0,100,0,0,0,0,9999,931,11,1,0,1,16,0,0,1157,3,48,180,10,121
564,battlefront_bomber89,0,18,665,0,0,1,0,0,1,315,0,70,0,0,0,100,0,0,0,0,9999,931,11,1,0,1,15,0,0,1157,3,48,180,10,121
565,battlefront_bomber89,0,18,666,0,0,1,0,0,1,315,0,70,0,0,0,100,0,0,0,0,9999,931,11,1,0,1,14,0,0,1157,3,48,180,11,121
566,battlefront_bomber89,0,18,666,0,0,1,0,0,1,315,0,70,0,0,0,100,0,0,0,0,9999,931,11,1,0,1,13,0,0,1157,3,48,180,11,121
567,battlefront_bomber89,0,18,667,0,0,1,0,0,1,315,0,71,0,0,0,100,0,0,0,0,9999,931,11,1,0,1,12,0,0,1157,3,48,180,11,121
568,battlefront_bomber89,0,18,667,0,0,1,0,0,1,315,0,71,0,0,0,100,0,0,0,0,9999,931,11,1,0,1,11,0,0,1157,3,48,180,11,121
569,battlefront_bomber89,0,18,668,0,0,1,0,0,1,315,0,71,0,0,0,100,0,0,0,0,9999,931,11,1,0,1,10,0,0,1157,3,48,180,11,121
570,battlefront_bomber89,0,18,668,0,0,1,0,0,1,315,0,71,0,0,0,100,0,0,0,0,9999,931,11,1,0,1,9,0,0,1157,3,48,180,11,121
571,battlefront_bomber89,0,18,669,0,0,1,0,0,1,315,0,71,0,0,0,100,0,0,0,0,9999,931,11,1,0,1,8,0,0,1157,3,48,180,11,121
572,battlefront_bomber89,0,18,669,0,0,1,0,0,1,315,0,72,0,0,0,100,0,0,0,0,9999,931,11,1,0,1,7,0,0,1157,3,48,180,11,121
573,battlefront_bomber89,0,18,670,0,0,1,0,0,1,315,0,72,0,0,0,100,0,0,0,0,9999,931,11,1,0,1,6,0,0,1157,3,48,180,11,121
574,battlefront_bomber89,0,18,670,0,0,1,0,0,1,315,0,72,0,0,0,100,0,0,0,0,9999,931,11,1,0,1,5,0,0,1157,3,48,180,11,121
575,battlefront_bomber89,0,18,671,0,0,1,0,0,1,315,0,72,0,0,0,100,0,0,0,0,9999,931,11,1,0,1,4,0,0,1157,3,48,180,11,121
576,battlefront_bomber89,0,18,671,0,0,1,0,0,2,315,0,72,0,0,0,100,0,0,0,0,9999,931,11,1,0,1,3,0,0,1157,3,48,180,11,121
577,battlefront_bomber89,0,18,672,0,0,1,0,0,1,315,0,72,0,0,0,100,0,0,0,0,9999,931,11,1,0,1,2,0,0,1157,3,48,180,11,121
578,battlefront_bomber89,0,18,672,0,0,1,0,0,3,315,0,73,0,0,0,100,0,0,0,0,9999,930,10,1,0,1,1,0,0,1165,3,48,180,11,121
579,battlefront_bomber89,0,18,673,0,0,1,0,0,1,315,0,73,0,0,0,100,0,0,0,0,9999,930,10,1,0,1,0,0,0,1173,3,48,180,11,121
580,battlefront_bomber89,0,18,673,0,0,1,0,0,1,315,0,73,0,0,0,100,0,0,0,0,9999,930,10,1,0,1,0,0,0,1181,3,48,180,11,121
581,battlefront_bomber89,0,18,673,0,0,1,0,0,1,315,0,73,0,0,0,100,0,0,0,0,9999,930,10,1,0,1,0,0,0,1189,3,48,180,11,121
582,battlefront_bomber89,0,18,674,0,0,1,0,0,2,315,0,73,0,0,0,100,0,0,0,0,9999,929,10,1,0,1,0,0,0,1197,3,48,180,11,121
583,battlefront_bomber89,0,18,674,0,0,1,0,0,1,315,0,74,0,0,0,100,0,0,0,0,9999,929,10,1,0,1,0,0,0,1205,3,48,180,11,121
584,battlefront_bomber89,0,18,675,0,0,1,0,0,1,315,0,74,0,0,0,100,0,0,0,0,9999,929,10,1,0,1,0,0,0,1213,3,48,180,11,121
585,battlefront_bomber89,0,18,675,0,0,1,0,0,1,315,0,74,0,0,0,100,0,0,0,0,9999,929,10,1,0,1,0,0,0,1221,3,48,180,11,121
586,battlefront_bomber89,0,18,676,0,0,1,0,0,2,315,0,74,0,0,0,100,0,0,0,0,9999,928,10,1,0,1,0,0,0,1229,3,48,180,11,121
587,battlefront_bomber89,0,18,676,0,0,1,0,0,1,315,0,74,0,0,0,100,0,0,0,0,9999,928,10,1,0,1,0,0,0,1237,3,48,180,11,121
588,battlefront_bomber89,0,18,677,0,0,1,0,0,1,315,0,75,0,0,0,100,0,0,0,0,9999,928,10,1,0,1,0,0,0,1245,3,48,180,11,121
589,battlefront_bomber89,0,18,677,0,0,1,0,0,1,315,0,75,0,0,0,100,0,0,0,0,9999,928,10,1,0,1,0,0,0,1253,3,48,180,11,121
590,battlefront_bomber89,0,18,678,0,0,1,0,0,2,315,0,75,0,0,0,100,0,0,0,0,9999,927,10,1,0,1,0,0,0,1261,3,48,180,11,121
591,battlefront_bomber89,0,18,678,0,0,1,0,0,1,315,0,75,0,0,0,100,0,0,0,0,9999,927,10,1,0,1,0,0,0,1269,3,48,180,11,121
592,battlefront_bomber89,0,18,679,0,0,1,0,0,1,315,0,75,0,0,0,100,0,0,0,0,9999,927,10,1,0,1,0,0,0,1277,3,48,180,11,121
593,battlefront_bomber89,0,18,679,0,0,1,0,0,1,315,0,75,0,0,0,100,0,0,0,0,9999,927,10,1,0,1,0,0,0,1285,3,48,180,12,121
594,battlefront_bomber89,0,18,680,0,0,1,0,0,1,315,0,76,0,0,0,100,0,0,0,0,9999,927,10,1,0,1,0,0,0,1285,3,48,180,12,121
595,battlefront_bomber89,0,18,680,0,0,1,0,0,1,315,0,76,0,0,0,100,0,0,0,0,9999,927,10,1,0,1,0,0,0,1285,3,48,180,12,121
596,battlefront_bomber89,0,18,681,0,0,1,0,0,1,315,0,76,0,0,0,100,0,0,0,0,9999,927,10,1,0,1,0,0,0,1285,3,48,180,12,121
597,battlefront_bomber89,0,18,681,0,0,1,0,0,1,315,0,76,0,0,0,100,0,0,0,0,9999,927,10,1,0,1,0,0,0,1285,3,48,180,12,121
598,battlefront_bomber89,0,18,682,0,0,1,0,0,1,315,0,76,0,0,0,100,0,0,0,0,9999,927,10,1,0,1,0,0,0,1285,3,48,180,12,121
599,battlefront_bomber89,0,18,682,0,0,1,0,0,1,315,0,77,0,0,0,100,0,0,0,0,9999,927,10,1,0,1,0,0,0,1285,3,48,180,12,121
600,battlefront_bomber89,0,18,683,0,0,1,0,0,1,315,0,77,0,0,0,100,0,0,0,0,9999,927,10,1,0,1,0,0,0,1285,3,48,180,12,121
601,battlefront_bomber89,0,18,683,0,0,1,0,0,1,315,0,77,0,0,0,100,0,0,0,0,9999,927,10,1,0,1,0,0,0,1285,3,48,180,12,121
602,battlefront_bomber89,0,18,684,0,0,1,0,0,1,315,0,77,0,0,0,100,0,0,0,0,9999,927,10,1,0,1,0,0,0,1285,3,48,180,12,121
603,battlefront_bomber89,0,18,684,0,0,1,0,0,1,315,0,77,0,0,0,100,0,0,0,0,9999,927,10,1,0,1,0,0,0,1285,3,48,180,12,121
604,battlefront_bomber89,0,18,685,0,0,1,0,0,1,315,0,78,0,0,0,100,0,0,0,0,9999,927,10,1,0,1,0,0,0,1285,3,48,180,12,121
605,battlefront_bomber89,0,18,685,0,0,1,0,0,1,315,0,78,0,0,0,100,0,0,0,0,9999,927,10,1,0,1,0,0,0,1285,3,48,180,12,121
606,battlefront_bomber89,0,18,686,0,0,1,0,0,1,315,0,78,0,0,0,100,0,0,0,0,9999,927,10,1,0,1,0,0,0,1285,3,48,180,12,121
607,battlefront_bomber89,0,18,686,0,0,1,0,0,1,315,0,78,0,0,0,100,0,0,0,0,9999,927,10,1,0,1,0,0,0,1285,3,48,180,12,121
608,battlefront_bomber89,0,18,687,0,0,1,0,0,1,315,0,78,0,0,0,100,0,0,0,0,9999,927,10,1,0,1,0,0,0,1285,3,48,180,12,121
609,battlefront_bomber89,0,18,687,0,0,1,0,0,1,315,0,78,0,0,0,100,0,0,0,0,9999,927,10,1,0,1,0,0,0,1285,3,48,180,12,121
610,battlefront_bomber89,0,18,688,0,0,1,0,0,1,315,0,79,0,0,0,100,0,0,0,0,9999,927,10,1,0,1,0,0,0,1285,3,48,180,12,121
611,battlefront_bomber89,0,18,688,0,0,1,0,0,1,315,0,79,0,0,0,100,0,0,0,0,9999,927,10,1,0,1,0,0,0,1285,3,48,180,12,121
612,battlefront_bomber89,0,18,688,0,0,1,0,0,3,315,0,79,0,0,0,100,0,0,0,0,9999,926,9,1,0,1,0,0,0,1293,3,48,180,12,121
613,battlefront_bomber89,0,18,689,0,0,1,0,0,1,315,0,79,0,0,0,100,0,0,0,0,9999,926,9,1,0,1,0,0,0,1301,3,48,180,12,121
614,battlefront_bomber89,0,18,689,0,0,1,0,0,1,315,0,79,0,0,0,100,0,0,0,0,9999,926,9,1,0,1,0,0,0,1309,3,48,180,12,121
615,battlefront_bomber89,0,18,690,0,0,1,0,0,1,315,0,80,0,0,0,100,0,0,0,0,9999,926,9,1,0,1,0,0,0,1317,3,48,180,12,121
616,battlefront_bomber89,0,18,690,0,0,1,0,0,2,315,0,80,0,0,0,100,0,0,0,0,9999,925,9,1,0,1,0,0,0,1325,3,48,180,12,121
617,battlefront_bomber89,0,18,691,0,0,1,0,0,1,315,0,80,0,0,0,100,0,0,0,0,9999,925,9,1,0,1,0,0,0,1333,3,48,180,12,121
618,battlefront_bomber89,0,18,691,0,0,1,0,0,1,315,0,80,0,0,0,100,0,0,0,0,9999,925,9,1,0,1,0,0,0,1341,3,48,180,12,121
619,battlefront_bomber89,0,18,692,0,0,1,0,0,1,315,0,80,0,0,0,100,0,0,0,0,9999,925,9,1,0,1,0,0,0,1349,3,48,180,12,121
620,battlefront_bomber89,0,18,692,0,0,1,0,0,1,315,0,81,0,0,0,100,0,0,0,0,9999,924,9,1,0,0,0,0,0,1349,3,48,180,12,121
621,battlefront_bomber89,0,18,693,0,0,1,0,0,0,315,0,81,0,0,0,100,0,0,0,0,9999,924,9,1,0,0,0,0,0,1349,3,48,180,12,121
622,battlefront_bomber89,0,18,693,0,0,1,0,0,0,315,0,81,0,0,0,100,0,0,0,0,9999,924,9,1,0,0,0,0,0,1349,3,48,180,12,121
623,battlefront_bomber89,0,18,694,0,0,1,0,0,0,315,0,81,0,0,0,100,0,0,0,0,9999,924,9,1,0,0,0,0,0,1349,3,48,180,13,121
624,battlefront_bomber89,0,18,694,0,0,1,0,0,1,315,0,81,0,0,0,100,0,0,0,0,9999,923,9,1,0,0,0,0,0,1349,3,48,180,13,121
625,battlefront_bomber89,0,18,695,0,0,1,0,0,0,315,0,81,0,0,0,100,0,0,0,0,9999,923,9,1,0,0,0,0,0,1349,3,48,180,13,121
626,battlefront_bomber89,0,18,695,0,0,1,0,0,0,315,0,82,0,0,0,100,0,0,0,0,9999,923,9,1,0,0,0,0,0,1349,3,48,180,13,121
627,battlefront_bomber89,0,18,696,0,0,1,0,0,0,315,0,82,0,0,0,100,0,0,0,0,9999,923,9,1,0,0,0,0,0,1349,3,48,180,13,121
628,battlefront_bomber89,0,18,696,0,0,1,0,0,0,315,0,82,0,0,0,100,0,0,0,0,9999,923,9,1,0,0,0,0,0,1349,3,48,180,13,121
629,battlefront_bomber89,0,18,697,0,0,1,0,0,0,315,0,82,0,0,0,100,0,0,0,0,9999,923,9,1,0,0,0,0,0,1349,3,48,180,13,121
630,battlefront_bomber89,0,18,697,0,0,1,0,0,0,315,0,82,0,0,0,100,0,0,0,0,9999,923,9,1,0,0,40,0,0,1349,3,48,180,13,121
631,battlefront_bomber89,0,18,698,0,0,1,0,0,0,315,0,83,0,0,0,100,0,0,0,0,9999,923,9,1,0,0,40,0,0,1349,3,48,180,13,121
632,battlefront_bomber89,0,18,698,0,0,1,0,0,0,315,0,83,0,0,0,100,0,0,0,0,9999,923,9,1,0,0,40,0,0,1349,3,48,180,13,121
633,battlefront_bomber89,0,18,699,0,0,1,0,0,0,315,0,83,0,0,0,100,0,0,0,0,9999,923,9,1,0,0,40,0,0,1349,3,48,180,13,121
634,battlefront_bomber89,0,18,699,0,0,1,0,0,0,315,0,83,0,0,0,100,0,0,0,0,9999,923,9,1,0,0,40,0,0,1349,3,48,180,13,121
635,battlefront_bomber89,0,18,700,0,0,1,0,0,0,315,0,83,0,0,0,100,0,0,0,0,9999,923,9,1,0,0,40,0,0,1349,3,48,180,13,121
636,battlefront_bomber89,0,18,700,0,0,1,0,0,0,315,0,84,0,0,0,100,0,0,0,0,9999,923,9,1,0,0,40,0,0,1349,3,48,180,13,121
637,battlefront_bomber89,0,18,701,0,0,1,0,0,0,315,0,84,0,0,0,100,0,0,0,0,9999,923,9,0,0,0,40,0,0,1349,3,48,180,13,121
638,battlefront_bomber89,0,18,701,0,0,1,0,0,0,315,0,84,0,0,0,100,0,0,0,0,9999,923,9,0,0,0,40,0,0,1349,3,48,180,13,121
639,battlefront_bomber89,0,18,702,0,0,1,0,0,0,315,0,84,0,0,0,100,0,0,0,0,9999,923,9,0,0,0,40,0,0,1349,3,48,180,13,121
640,battlefront_bomber89,0,18,702,0,0,1,0,0,1,315,0,84,0,0,0,100,0,0,0,0,9999,923,9,0,0,0,40,0,0,1349,3,48,180,13,121
641,battlefront_bomber89,0,18,703,0,0,1,0,0,0,315,0,84,0,0,0,100,0,0,0,0,9999,923,9,0,0,0,40,0,0,1349,3,48,180,13,120
642,battlefront_bomber89,0,18,703,0,0,1,0,0,0,315,0,85,0,0,0,100,0,0,0,0,9999,923,9,0,0,0,40,0,0,1349,3,48,180,13,120
643,battlefront_bomber89,0,18,704,0,0,1,0,0,0,315,0,85,0,0,0,100,0,0,0,0,9999,923,9,0,0,0,40,0,0,1349,3,48,180,13,120
644,battlefront_bomber89,0,18,704,0,0,1,0,0,0,315,0,85,0,0,0,100,0,0,0,0,9999,923,9,0,0,0,40,0,0,1349,3,48,180,13,120
645,battlefront_bomber89,0,18,704,0,0,1,0,0,0,315,0,85,0,0,0,100,0,0,0,0,9999,923,9,0,0,0,40,0,0,1349,3,48,180,13,120
646,battlefront_bomber89,0,18,705,0,0,1,0,0,1,315,0,85,0,0,0,100,0,0,0,0,9999,922,9,0,0,0,40,0,0,1349,3,48,180,13,120
647,battlefront_bomber89,0,18,705,0,0,1,0,0,0,315,0,86,0,0,0,100,0,0,0,0,9999,922,9,0,0,0,40,0,0,1349,3,48,180,13,120
648,battlefront_bomber89,0,18,706,0,0,1,0,0,0,315,0,86,0,0,0,100,0,0,0,0,9999,922,9,0,0,0,40,0,0,1349,3,48,180,13,120
649,battlefront_bomber89,0,18,706,0,0,1,0,0,0,315,0,86,0,0,0,100,0,0,0,0,9999,922,9,0,0,0,40,0,0,1349,3,48,180,13,120
650,battlefront_bomber89,0,18,707,0,0,1,0,0,1,315,0,86,0,0,0,100,0,0,0,0,9999,921,9,0,0,0,40,0,0,1349,3,48,180,13,120
651,battlefront_bomber89,0,18,707,0,0,1,0,0,0,315,0,86,0,0,0,100,0,0,0,0,9999,921,9,0,0,0,40,0,0,1349,3,48,180,13,120
652,battlefront_bomber89,0,18,708,0,0,1,0,0,0,315,0,87,0,0,0,100,0,0,0,0,9999,921,9,0,0,0,40,0,0,1349,3,48,180,14,120
653,battlefront_bomber89,0,18,708,0,0,1,0,0,0,315,0,87,0,0,0,100,0,0,0,0,9999,921,9,0,0,0,40,0,0,1349,3,48,180,14,120
654,battlefront_bomber89,0,18,709,0,0,1,0,0,1,315,0,87,0,0,0,100,0,0,0,0,9999,920,9,0,0,0,40,0,0,1349,3,48,180,14,120
655,battlefront_bomber89,0,18,710,0,0,2,0,0,0,315,0,87,0,0,0,100,0,0,0,0,9999,920,9,0,0,0,40,0,0,1349,3,48,180,14,120
656,battlefront_bomber89,0,18,710,0,0,2,0,0,1,315,0,87,0,0,0,100,0,0,0,0,9999,920,9,0,0,0,40,0,0,1349,3,48,180,14,120
657,battlefront_bomber89,0,18,711,0,0,2,0,0,0,315,0,87,0,0,0,100,0,0,0,0,9999,920,9,0,0,0,40,0,0,1349,3,48,180,14,120
658,battlefront_bomber89,0,18,711,0,0,2,0,0,1,315,0,88,0,0,0,100,0,0,0,0,9999,919,9,0,0,0,40,0,0,1349,3,48,180,14,120
659,battlefront_bomber89,0,18,712,0,0,2,0,0,0,315,0,88,0,0,0,100,0,0,0,0,9999,919,9,0,0,0,40,0,0,1349,3,48,180,14,120
660,battlefront_bomber89,0,18,712,0,0,2,0,0,0,315,0,88,0,0,0,100,0,0,0,0,9999,919,9,0,0,0,40,0,0,1349,3,48,180,14,120
661,battlefront_bomber89,0,18,713,0,0,2,0,0,0,315,0,88,0,0,0,100,0,0,0,0,9999,919,9,0,0,0,40,0,0,1349,3,48,180,14,120
662,battlefront_bomber89,0,18,713,0,0,2,0,0,0,315,0,88,0,0,0,100,0,0,0,0,9999,919,9,0,0,0,40,0,0,1349,3,48,180,14,120
663,battlefront_bomber89,0,18,714,0,0,2,0,0,0,315,0,89,0,0,0,100,0,0,0,0,9999,919,9,0,0,0,40,0,0,1349,3,48,180,14,120
664,battlefront_bomber89,0,18,715,0,0,2,0,0,0,315,0,89,0,0,0,100,0,0,0,0,9999,919,9,0,0,0,40,0,0,1349,3,48,180,14,120
665,battlefront_bomber89,0,18,715,0,0,2,0,0,0,315,0,89,0,0,0,100,0,0,0,0,9999,919,9,0,0,0,40,0,0,1349,3,48,180,14,120
666,battlefront_bomber89,0,18,716,0,0,2,0,0,0,315,0,89,0,0,0,100,0,0,0,0,9999,919,9,0,0,0,40,0,0,1349,3,48,180,14,120
667,battlefront_bomber89,0,18,716,0,0,2,0,0,0,315,0,89,0,0,0,100,0,0,0,0,9999,919,9,0,0,0,40,0,0,1349,3,48,180,14,120
668,battlefront_bomber89,0,18,717,0,0,2,0,0,0,315,0,90,0,0,0,100,0,0,0,0,9999,919,9,0,0,0,40,0,0,1349,3,48,180,14,120
669,battlefront_bomber89,0,18,718,0,0,2,0,0,0,315,0,90,0,0,0,100,0,0,0,0,9999,919,9,0,0,0,40,0,0,1349,3,48,180,14,120
670,battlefront_bomber89,0,18,718,0,0,2,0,0,0,315,0,90,0,0,0,100,0,0,0,0,9999,919,9,0,0,0,40,0,0,1349,3,48,180,14,120
671,battlefront_bomber89,0,18,719,0,0,2,0,0,0,315,0,90,0,0,0,100,0,0,0,0,9999,919,9,0,0,0,40,0,0,1349,3,48,180,14,120
672,battlefront_bomber89,0,18,719,0,0,2,0,0,1,315,0,90,0,0,0,100,0,0,0,0,9999,919,9,0,0,0,40,0,0,1349,3,48,180,14,120
673,battlefront_bomber89,0,18,720,0,0,2,0,0,0,315,0,90,0,0,0,100,0,0,0,0,9999,919,9,0,0,0,40,0,0,1349,3,48,180,14,120
674,battlefront_bomber89,0,18,721,0,0,2,0,0,0,315,0,91,0,0,0,100,0,0,0,0,9999,919,9,0,0,0,40,0,0,1349,3,48,180,14,120
675,battlefront_bomber89,0,18,721,0,0,2,0,0,0,315,0,91,0,0,0,100,0,0,0,0,9999,919,9,0,0,0,40,0,0,1349,3,48,180,14,120
676,battlefront_bomber89,0,18,722,0,0,2,0,0,0,315,0,91,0,0,0,100,0,0,0,0,9999,919,9,0,0,0,40,0,0,1349,3,48,180,14,120
677,battlefront_bomber89,0,18,722,0,0,2,0,0,0,315,0,91,0,0,0,100,0,0,0,0,9999,919,9,0,0,0,40,0,0,1349,3,48,180,14,120
678,battlefront_bomber89,0,18,723,0,0,2,0,0,0,315,0,91,0,0,0,100,0,0,0,0,9999,919,9,0,0,0,40,0,0,1349,3,48,180,14,120
679,battlefront_bomber89,0,18,724,0,0,2,0,0,0,315,0,92,0,0,0,100,0,0,0,0,9999,919,9,0,0,0,40,0,0,1349,3,48,180,14,120
680,battlefront_bomber89,0,18,724,0,0,2,0,0,1,315,0,92,0,0,0,100,0,0,0,0,9999,918,9,0,0,0,40,0,0,1349,3,48,180,14,120
681,battlefront_bomber89,0,18,725,0,0,2,0,0,0,315,0,92,0,0,0,100,0,0,0,0,9999,918,9,0,0,0,40,0,0,1349,3,48,180,15,120
682,battlefront_bomber89,0,18,726,0,0,2,0,0,0,315,0,92,0,0,0,100,0,0,0,0,9999,918,9,0,0,0,40,0,0,1349,3,48,180,15,120
683,battlefront_bomber89,0,18,726,0,0,2,0,0,0,315,0,92,0,0,0,100,0,0,0,0,9999,918,9,0,0,0,40,0,0,1349,3,48,180,15,120
684,battlefront_bomber89,0,18,727,0,0,2,0,0,1,315,0,93,0,0,0,100,0,0,0,0,9999,917,9,0,0,0,40,0,0,1349,3,48,180,15,120
685,battlefront_bomber89,0,18,727,0,0,2,0,0,0,315,0,93,0,0,0,100,0,0,0,0,9999,917,9,0,0,0,40,0,0,1349,3,48,180,15,120
686,battlefront_bomber89,0,18,728,0,0,2,0,0,0,315,0,93,0,0,0,100,0,0,0,0,9999,917,9,0,0,0,40,0,0,1349,3,48,180,15,120
687,battlefront_bomber89,0,18,729,0,0,2,0,0,0,315,0,93,0,0,0,100,0,0,0,0,9999,917,9,0,0,0,40,0,0,1349,3,48,180,15,120
688,battlefront_bomber89,0,18,729,0,0,2,0,0,2,315,0,93,0,0,0,100,0,0,0,0,9999,916,9,0,0,0,40,0,0,1349,3,48,180,15,120
689,battlefront_bomber89,0,18,730,0,0,2,0,0,0,315,0,93,0,0,0,100,0,0,0,0,9999,916,9,0,0,0,40,0,0,1349,3,48,180,15,120
690,battlefront_bomber89,0,18,731,0,0,2,0,0,0,315,0,94,0,0,0,100,0,0,0,0,9999,916,9,0,0,0,40,0,0,1349,3,48,180,15,120
691,battlefront_bomber89,0,18,731,0,0,2,0,0,0,315,0,94,0,0,0,100,0,0,0,0,9999,916,9,0,0,0,40,0,0,1349,3,48,180,15,120
692,battlefront_bomber89,0,18,732,0,0,2,0,0,1,315,0,94,0,0,0,100,0,0,0,0,9999,915,9,0,0,0,40,0,0,1349,3,48,180,15,120
693,battlefront_bomber89,0,18,733,0,0,2,0,0,0,315,0,94,0,0,0,100,0,0,0,0,9999,915,9,0,0,0,40,0,0,1349,3,48,180,15,120
694,battlefront_bomber89,0,18,733,0,0,2,0,0,0,315,0,94,0,0,0,100,0,0,0,0,9999,915,9,0,0,0,40,0,0,1349,3,48,180,15,120
695,battlefront_bomber89,0,18,734,0,0,2,0,0,0,315,0,95,0,0,0,100,0,0,0,0,9999,915,9,0,0,0,40,0,0,1349,3,48,180,15,120
696,battlefront_bomber89,0,18,734,0,0,2,0,0,0,315,0,95,0,0,0,100,0,0,0,0,9999,915,9,0,0,0,40,0,0,1349,3,48,180,15,120
697,battlefront_bomber89,0,18,735,0,0,2,0,0,0,315,0,95,0,0,0,100,0,0,0,0,9999,915,9,0,0,0,40,0,0,1349,3,48,180,15,120
698,battlefront_bomber89,0,18,736,0,0,2,0,0,0,315,0,95,0,0,0,100,0,0,0,0,9999,915,9,0,0,0,40,0,0,1349,3,48,180,15,120
699,battlefront_bomber89,0,18,736,0,0,2,0,0,0,315,0,95,0,0,0,100,0,0,0,0,9999,915,9,0,0,0,40,0,0,1349,3,48,180,15,120
700,battlefront_bomber89,0,18,737,0,0,2,0,0,0,315,0,96,0,0,0,100,0,0,0,0,9999,915,9,0,0,0,40,0,0,1349,3,48,180,15,120
701,battlefront_bomber89,0,18,738,0,0,2,0,0,0,315,0,96,0,0,0,100,0,0,0,0,9999,915,9,0,0,0,40,0,0,1349,3,48,180,15,120
702,battlefront_bomber89,0,18,738,0,0,2,0,0,0,315,0,96,0,0,0,100,0,0,0,0,9999,915,9,0,0,0,40,0,0,1349,3,48,180,15,120
703,battlefront_bomber89,0,18,739,0,0,2,0,0,0,315,0,96,0,0,0,100,0,0,0,0,9999,915,9,0,0,0,40,0,0,1349,3,48,180,15,120
704,battlefront_bomber89,0,18,740,0,0,2,0,0,1,315,0,96,0,0,0,100,0,0,0,0,9999,915,9,0,0,0,40,0,0,1349,3,48,180,15,120
705,battlefront_bomber89,0,18,740,0,0,2,0,0,0,315,0,96,0,0,0,100,0,0,0,0,9999,915,9,0,0,0,40,0,0,1349,3,48,180,15,120
706,battlefront_bomber89,0,18,741,0,0,2,0,0,0,315,0,97,0,0,0,100,0,0,0,0,9999,915,9,0,0,0,40,0,0,1349,3,48,180,15,120
707,battlefront_bomber89,0,18,742,0,0,2,0,0,0,315,0,97,0,0,0,100,0,0,0,0,9999,915,9,0,0,0,40,0,0,1349,3,48,180,15,120
708,battlefront_bomber89,0,18,742,0,0,2,0,0,0,315,0,97,0,0,0,100,0,0,0,0,9999,915,9,0,0,0,40,0,0,1349,3,48,180,15,120
709,battlefront_bomber89,0,18,743,0,0,2,0,0,0,315,0,97,0,0,0,100,0,0,0,0,9999,915,9,0,0,0,40,0,0,1349,3,48,180,16,120
710,battlefront_bomber89,0,18,743,0,0,2,0,0,0,315,0,97,0,0,0,100,0,0,0,0,9999,915,9,0,0,0,40,0,0,1349,3,48,180,16,120
711,battlefront_bomber89,0,18,744,0,0,2,0,0,0,315,0,98,0,0,0,100,0,0,0,0,9999,915,9,0,0,0,40,0,0,1349,3,48,180,16,120
712,battlefront_bomber89,0,18,745,0,0,2,0,0,0,315,0,98,0,0,0,100,0,0,0,0,9999,915,9,0,0,0,40,0,0,1349,3,48,180,16,120
713,battlefront_bomber89,0,18,745,0,0,2,0,0,0,315,0,98,0,0,0,100,0,0,0,0,9999,915,9,0,0,0,40,0,0,1349,3,48,180,16,120
714,battlefront_bomber89,0,18,746,0,0,2,0,0,1,315,0,98,0,0,0,100,0,0,0,0,9999,914,9,0,0,0,40,0,0,1349,3,48,180,16,120
715,battlefront_bomber89,0,18,747,0,0,2,0,0,0,315,0,98,0,0,0,100,0,0,0,0,9999,914,9,0,0,0,40,0,0,1349,3,48,180,16,120
716,battlefront_bomber89,0,18,747,0,0,2,0,0,0,315,0,99,0,0,0,100,0,0,0,0,9999,914,9,0,0,0,40,0,0,1349,3,48,180,16,120
717,battlefront_bomber89,0,18,748,0,0,2,0,0,0,315,0,99,0,0,0,100,0,0,0,0,9999,914,9,0,0,0,40,0,0,1349,3,48,180,16,120
718,battlefront_bomber89,0,18,749,0,0,2,0,0,1,315,0,99,0,0,0,100,0,0,0,0,9999,913,9,0,0,0,40,0,0,1349,3,48,180,16,120
719,battlefront_bomber89,0,18,749,0,0,2,0,0,0,315,0,99,0,0,0,100,0,0,0,0,9999,913,9,0,0,0,40,0,0,1349,3,48,180,16,120
720,battlefront_bomber89,0,18,750,0,0,2,0,0,1,315,0,99,0,0,0,100,0,0,0,0,9999,913,9,0,0,0,39,0,0,1349,3,48,180,16,120
721,battlefront_bomber89,0,18,751,0,0,2,0,0,0,315,0,99,0,0,0,100,0,0,0,0,9999,913,9,0,0,0,38,0,0,1349,3,48,180,16,120
722,battlefront_bomber89,0,18,751,0,0,2,0,0,1,315,0,100,0,0,0,100,0,0,0,0,9999,912,9,0,0,0,37,0,0,1349,3,48,180,16,120
723,battlefront_bomber89,0,18,752,0,0,2,0,0,0,315,0,100,0,0,0,100,0,0,0,0,9999,912,9,0,0,0,36,0,0,1349,3,48,180,16,120
724,battlefront_bomber89,0,18,752,0,0,2,0,0,0,315,0,100,0,0,0,100,0,0,0,0,9999,912,9,0,0,0,35,0,0,1349,3,48,180,16,120
725,battlefront_bomber89,0,18,753,0,0,2,0,0,0,315,0,100,0,0,0,100,0,0,0,0,9999,912,9,0,0,0,34,0,0,1349,3,48,180,16,120
726,battlefront_bomber89,0,18,754,0,0,2,0,0,1,315,0,100,0,0,0,100,0,0,0,0,9999,911,9,0,0,0,33,0,0,1349,3,48,180,16,120
727,battlefront_bomber89,0,18,754,0,0,2,0,0,0,315,0,100,0,0,0,100,0,0,0,0,9999,911,9,0,0,0,32,0,0,1349,3,48,180,16,120
728,battlefront_bomber89,0,18,755,0,0,2,0,0,0,315,0,100,0,0,0,100,0,0,0,0,9999,911,9,0,0,0,31,0,0,1349,3,48,180,16,120
729,battlefront_bomber89,0,18,756,0,0,2,0,0,0,315,0,100,0,0,0,100,0,0,0,0,9999,911,9,0,0,0,30,0,0,1349,3,48,180,16,120
730,battlefront_bomber89,0,18,756,0,0,2,0,0,0,315,0,100,0,0,0,100,0,0,0,0,9999,911,9,0,0,0,29,0,0,1349,3,48,180,16,120
731,battlefront_bomber89,0,18,757,0,0,2,0,0,0,315,0,100,0,0,0,100,0,0,0,0,9999,911,9,0,0,0,28,0,0,1349,3,48,180,16,120
732,battlefront_bomber89,0,18,758,0,0,2,0,0,0,315,0,100,0,0,0,100,0,0,0,0,9999,911,9,0,0,0,27,0,0,1349,3,48,180,16,120
733,battlefront_bomber89,0,18,758,0,0,2,0,0,0,315,0,100,0,0,0,100,0,0,0,0,9999,911,9,0,0,0,26,0,0,1349,3,48,180,16,120
734,battlefront_bomber89,0,18,759,0,0,2,0,0,0,315,0,100,0,0,0,100,0,0,0,0,9999,911,9,0,0,0,25,0,0,1349,3,48,180,16,120
735,battlefront_bomber89,0,18,759,0,0,2,0,0,0,315,0,100,0,0,0,100,0,0,0,0,9999,911,9,0,0,0,24,0,0,1349,3,48,180,16,120
736,battlefront_bomber89,0,18,760,0,0,2,0,0,1,315,0,100,0,0,0,100,0,0,0,0,9999,911,9,0,0,0,23,0,0,1349,3,48,180,16,120
737,battlefront_bomber89,0,18,761,0,0,2,0,0,0,315,0,100,0,0,0,100,0,0,0,0,9999,911,9,0,0,0,22,0,0,1349,3,48,180,17,120
738,battlefront_bomber89,0,18,761,0,0,2,0,0,0,315,0,100,0,0,0,100,0,0,0,0,9999,911,9,0,0,0,21,0,0,1349,3,48,180,17,120
739,battlefront_bomber89,0,18,762,0,0,2,0,0,0,315,0,100,0,0,0,100,0,0,0,0,9999,911,9,0,0,0,20,0,0,1349,3,48,180,17,120
740,battlefront_bomber89,0,18,763,0,0,2,0,0,0,315,0,100,0,0,0,100,0,0,0,0,9999,911,9,0,0,0,19,0,0,1349,3,48,180,17,120
741,battlefront_bomber89,0,18,763,0,0,2,0,0,0,315,0,100,0,0,0,100,0,0,0,0,9999,911,9,0,0,0,18,0,0,1349,3,48,180,17,120
742,battlefront_bomber89,0,18,764,0,0,2,0,0,0,315,0,100,0,0,0,100,0,0,0,0,9999,911,9,0,0,0,17,0,0,1349,3,48,180,17,120
743,battlefront_bomber89,0,18,765,0,0,2,0,0,0,315,0,100,0,0,0,100,0,0,0,0,9999,911,9,0,0,0,16,0,0,1349,3,48,180,17,120
744,battlefront_bomber89,0,18,765,0,0,2,0,0,0,315,0,100,0,0,0,100,0,0,0,0,9999,911,9,0,0,0,15,0,0,1349,3,48,180,17,120
745,battlefront_bomber89,0,18,766,0,0,2,0,0,0,315,0,100,0,0,0,100,0,0,0,0,9999,911,9,0,0,0,14,0,0,1349,3,48,180,17,120
746,battlefront_bomber89,0,18,767,0,0,2,0,0,0,315,0,100,0,0,0,100,0,0,0,0,9999,911,9,0,0,0,13,0,0,1349,3,48,180,17,120
747,battlefront_bomber89,0,18,767,0,0,2,0,0,0,315,0,100,0,0,0,100,0,0,0,0,9999,911,9,0,0,0,12,0,0,1349,3,48,180,17,120
748,battlefront_bomber89,0,18,768,0,0,2,0,0,1,315,0,100,0,0,0,100,0,0,0,0,9999,910,9,0,0,0,11,0,0,1349,3,48,180,17,120
749,battlefront_bomber89,0,18,768,0,0,2,0,0,0,315,0,100,0,0,0,100,0,0,0,0,9999,910,9,0,0,0,10,0,0,1349,3,48,180,17,120
750,battlefront_bomber89,0,18,769,0,0,2,0,0,0,315,0,100,0,0,0,100,0,0,0,0,9999,910,9,0,0,0,9,0,0,1349,3,48,180,17,120
751,battlefront_bomber89,0,18,770,0,0,2,0,0,0,315,0,100,0,0,0,100,0,0,0,0,9999,910,9,0,0,0,8,0,0,1349,3,48,180,17,120
752,battlefront_bomber89,0,18,770,0,0,2,0,0,2,315,0,100,0,0,0,100,0,0,0,0,9999,909,9,0,0,0,7,0,0,1349,3,48,180,17,120
753,battlefront_bomber89,0,18,771,0,0,2,0,0,0,315,0,100,0,0,0,100,0,0,0,0,9999,909,9,0,0,0,6,0,0,1349,3,48,180,17,120
754,battlefront_bomber89,0,18,772,0,0,2,0,0,0,315,0,100,0,0,0,100,0,0,0,0,9999,909,9,0,0,0,5,0,0,1349,3,48,180,17,120
755,battlefront_bomber89,0,18,772,0,0,2,0,0,0,315,0,100,0,0,0,100,0,0,0,0,9999,909,9,0,0,0,4,0,0,1349,3,48,180,17,120
756,battlefront_bomber89,0,18,773,0,0,2,0,0,1,315,0,100,0,0,0,100,0,0,0,0,9999,908,9,0,0,0,3,0,0,1349,3,48,180,17,120
757,battlefront_bomber89,0,18,774,0,0,2,0,0,0,315,0,100,0,0,0,100,0,0,0,0,9999,908,9,0,0,0,2,0,0,1349,3,48,180,17,120
758,battlefront_bomber89,0,18,774,0,0,2,0,0,0,315,0,100,0,0,0,100,0,0,0,0,9999,908,9,0,0,0,1,0,0,1349,3,48,180,17,120
759,battlefront_bomber89,0,18,775,0,0,2,0,0,0,315,0,100,0,0,0,100,0,0,0,0,9999,908,9,0,0,0,0,0,0,1349,3,48,180,17,120
760,battlefront_bomber89,0,18,775,0,0,2,0,0,1,315,0,100,0,0,0,100,0,0,0,0,9999,907,9,0,0,0,0,0,0,1349,3,48,180,17,120
761,battlefront_bomber89,0,18,776,0,0,2,0,0,0,315,0,100,0,0,0,100,0,0,0,0,9999,907,9,0,0,0,0,0,0,1349,3,48,180,17,120
762,battlefront_bomber89,0,18,777,0,0,2,0,0,0,315,0,100,0,0,0,100,0,0,0,0,9999,907,9,0,0,0,0,0,0,1349,3,48,180,17,120
763,battlefront_bomber89,0,18,777,0,0,2,0,0,0,315,0,100,0,0,0,100,0,0,0,0,9999,907,9,0,0,0,0,0,0,1349,3,48,180,17,120
764,battlefront_bomber89,0,18,778,0,0,2,0,0,0,315,0,100,0,0,0,100,0,0,0,0,9999,907,9,0,0,0,0,0,0,1349,3,48,180,17,120
765,battlefront_bomber89,0,18,779,0,0,2,0,0,0,315,0,100,0,0,0,100,0,0,0,0,9999,907,9,0,0,0,0,0,0,1349,3,48,180,18,120
766,battlefront_bomber89,0,18,779,0,0,2,0,0,0,315,0,100,0,0,0,100,0,0,0,0,9999,907,9,0,0,0,0,0,0,1349,3,48,180,18,120
767,battlefront_bomber89,0,18,780,0,0,2,0,0,0,315,0,100,0,0,0,100,0,0,0,0,9999,907,9,0,0,0,0,0,0,1349,3,48,180,18,120
768,battlefront_bomber89,0,18,781,0,0,2,0,0,0,315,0,100,0,0,0,100,0,0,0,0,9999,907,9,0,0,0,0,0,0,1349,3,48,180,18,120
769,battlefront_bomber89,0,18,781,0,0,2,0,0,0,315,0,100,0,0,0,100,0,0,0,0,9999,907,9,0,0,0,0,0,0,1349,3,48,180,18,119
770,battlefront_bomber89,0,18,782,0,0,2,0,0,0,315,0,100,0,0,0,100,0,0,0,0,9999,907,9,0,0,0,0,0,0,1349,3,48,180,18,119
771,battlefront_bomber89,0,18,783,0,0,2,0,0,0,315,0,100,0,0,0,100,0,0,0,0,9999,907,9,0,0,0,0,0,0,1349,3,48,180,18,119
772,battlefront_bomber89,0,18,783,0,0,2,0,0,0,315,0,100,0,0,0,100,0,0,0,0,9999,907,9,0,0,0,0,0,0,1349,3,48,180,18,119
773,battlefront_bomber89,0,18,784,0,0,2,0,0,0,315,0,100,0,0,0,100,0,0,0,0,9999,907,9,0,0,0,0,0,0,1349,3,48,180,18,119
774,battlefront_bomber89,0,18,784,0,0,2,0,0,0,315,0,100,0,0,0,100,0,0,0,0,9999,907,9,0,0,0,0,0,0,1349,3,48,180,18,119
775,battlefront_bomber89,0,18,785,0,0,2,0,0,0,315,0,100,0,0,0,100,0,0,0,0,9999,907,9,0,0,0,0,0,0,1349,3,48,180,18,119
776,battlefront_bomber89,0,18,786,0,0,2,0,0,0,315,0,100,0,0,0,100,0,0,0,0,9999,907,9,0,0,0,0,0,0,1349,3,48,180,18,119
777,battlefront_bomber89,0,18,786,0,0,2,0,0,0,315,0,100,0,0,0,100,0,0,0,0,9999,907,9,0,0,0,0,0,0,1349,3,48,180,18,119
778,battlefront_bomber89,0,18,787,0,0,2,0,0,0,315,0,100,0,0,0,100,0,0,0,0,9999,907,9,0,0,0,0,0,0,1349,3,48,180,18,119
779,battlefront_bomber89,0,18,788,0,0,2,0,0,0,315,0,100,0,0,0,100,0,0,0,0,9999,907,9,0,0,0,0,0,0,1349,3,48,180,18,119
780,battlefront_bomber89,0,18,788,0,0,2,0,0,0,315,0,100,0,0,0,100,0,0,0,0,9999,907,9,0,0,0,0,0,0,1349,3,48,180,18,119
781,battlefront_bomber89,0,18,789,0,0,2,0,0,0,315,0,100,0,0,0,100,0,0,0,0,9999,907,9,0,0,0,0,0,0,1349,3,48,180,18,119
782,battlefront_bomber89,0,18,790,0,0,2,0,0,2,315,0,100,0,0,0,100,0,0,0,0,9999,906,9,0,0,0,0,0,0,1349,3,48,180,10,125
783,battlefront_bomber89,0,18,790,0,0,2,0,0,0,315,0,100,0,0,0,100,0,0,0,0,9999,906,9,0,0,0,0,0,0,1349,3,48,180,10,125
784,battlefront_bomber89,0,18,791,0,0,2,0,0,0,315,0,100,0,0,0,100,0,0,0,0,9999,906,9,0,0,0,0,0,0,1349,3,48,180,10,125
785,battlefront_bomber89,0,18,792,0,0,2,0,0,0,315,0,100,0,0,0,100,0,0,0,0,9999,906,9,0,0,0,0,0,0,1349,3,48,180,10,125
786,battlefront_bomber89,0,18,792,0,0,2,0,0,1,315,0,100,0,0,0,100,0,0,0,0,9999,905,9,0,0,0,0,0,0,1349,3,48,180,10,125
787,battlefront_bomber89,0,18,793,0,0,2,0,0,0,315,0,100,0,0,0,100,0,0,0,0,9999,905,9,0,0,0,0,0,0,1349,3,48,180,10,125
788,battlefront_bomber89,0,18,793,0,0,2,0,0,0,315,0,100,0,0,0,100,0,0,0,0,9999,905,9,0,0,0,0,0,0,1349,3,48,180,10,125
789,battlefront_bomber89,0,18,794,0,0,2,0,0,0,315,0,100,0,0,0,100,0,0,0,0,9999,905,9,0,0,0,0,0,0,1349,3,48,180,10,125
790,battlefront_bomber89,0,18,795,0,0,2,0,0,1,315,0,100,0,0,0,100,0,0,0,0,9999,904,9,0,0,0,0,0,0,1349,3,48,180,10,125
791,battlefront_bomber89,0,18,795,0,0,2,0,0,0,315,0,100,0,0,0,100,0,0,0,0,9999,904,9,0,0,0,0,0,0,1349,3,48,180,10,125
792,battlefront_bomber89,0,18,796,0,0,2,0,0,0,315,0,100,0,0,0,100,0,0,0,0,9999,904,9,0,0,0,0,0,0,1349,3,48,180,10,125
793,battlefront_bomber89,0,18,797,0,0,2,0,0,0,315,0,100,0,0,0,100,0,0,0,0,9999,904,9,0,0,0,0,0,0,1349,3,48,180,10,125
794,battlefront_bomber89,0,18,797,0,0,2,0,0,1,315,0,100,0,0,0,100,0,0,0,0,9999,903,9,0,0,0,0,0,0,1349,3,48,180,11,125
795,battlefront_bomber89,0,18,798,0,0,2,0,0,0,315,0,100,0,0,0,100,0,0,0,0,9999,903,9,0,0,0,0,0,0,1349,3,48,180,11,125
796,battlefront_bomber89,0,18,799,0,0,2,0,0,0,315,0,100,0,0,0,100,0,0,0,0,9999,903,9,0,0,0,0,0,0,1349,3,48,180,11,125
797,battlefront_bomber89,0,18,799,0,0,2,0,0,0,315,0,100,0,0,0,100,0,0,0,0,9999,903,9,0,0,0,0,0,0,1349,3,48,180,11,125
798,battlefront_bomber89,0,18,800,0,0,2,0,0,0,315,0,100,0,0,0,100,0,0,0,0,9999,903,9,0,0,0,0,0,0,1349,3,48,180,11,125
799,battlefront_bomber89,0,18,800,0,0,2,0,0,0,315,0,100,0,0,0,100,0,0,0,0,9999,903,9,0,0,0,0,0,0,1349,3,48,180,11,125
800,battlefront_bomber89,0,18,801,0,0,2,0,0,0,315,0,100,0,0,0,100,0,0,0,0,9999,903,9,0,0,0,0,0,0,1349,3,48,180,11,125
801,battlefront_bomber89,0,18,802,0,0,2,0,0,0,315,0,100,0,0,0,100,0,0,0,0,9999,903,9,0,0,0,0,0,0,1349,3,48,180,11,125
802,battlefront_bomber89,0,18,802,0,0,2,0,0,0,315,0,100,0,0,0,100,0,0,0,0,9999,903,9,0,0,0,0,0,0,1349,3,48,180,11,125
803,battlefront_bomber89,0,18,803,0,0,2,0,0,0,315,0,100,0,0,0,100,0,0,0,0,9999,903,9,0,0,0,0,0,0,1349,3,48,180,11,125
804,battlefront_bomber89,0,18,804,0,0,2,0,0,0,315,0,100,0,0,0,100,0,0,0,0,9999,903,9,0,0,0,0,0,0,1349,3,48,180,11,125
805,battlefront_bomber89,0,18,804,0,0,2,0,0,0,315,0,100,0,0,0,100,0,0,0,0,9999,903,9,0,0,0,0,0,0,1349,3,48,180,11,125
806,battlefront_bomber89,0,18,805,0,0,2,0,0,0,315,0,100,0,0,0,100,0,0,0,0,9999,903,9,0,0,0,0,0,0,1349,3,48,180,11,125
807,battlefront_bomber89,0,18,806,0,0,2,0,0,0,315,0,100,0,0,0,100,0,0,0,0,9999,903,9,0,0,0,0,0,0,1349,3,48,180,11,125
808,battlefront_bomber89,0,18,806,0,0,2,0,0,0,315,0,100,0,0,0,100,0,0,0,0,9999,903,9,0,0,0,0,0,0,1349,3,48,180,11,125
809,battlefront_bomber89,0,18,807,0,0,2,0,0,0,315,0,100,0,0,0,100,0,0,0,0,9999,903,9,0,0,0,0,0,0,1349,3,48,180,11,125
810,battlefront_bomber89,0,18,808,0,0,2,0,0,0,315,0,100,0,0,0,100,0,0,0,0,9999,903,9,0,0,0,40,0,0,1349,3,48,180,11,125
811,battlefront_bomber89,0,18,808,0,0,2,0,0,0,315,0,100,0,0,0,100,0,0,0,0,9999,903,9,0,0,0,40,0,0,1349,3,48,180,11,125
812,battlefront_bomber89,0,18,809,0,0,2,0,0,0,315,0,100,0,0,0,100,0,0,0,0,9999,903,9,0,0,0,40,0,0,1349,3,48,180,11,125
813,battlefront_bomber89,0,18,809,0,0,2,0,0,0,315,0,100,0,0,0,100,0,0,0,0,9999,903,9,0,0,0,40,0,0,1349,3,48,180,11,125
814,battlefront_bomber89,0,18,810,0,0,2,0,0,0,315,0,100,0,0,0,100,0,0,0,0,9999,903,9,0,0,0,40,0,0,1349,3,48,180,11,125
815,battlefront_bomber89,0,18,811,0,0,2,0,0,0,315,0,100,0,0,0,100,0,0,0,0,9999,903,9,0,0,0,40,0,0,1349,3,48,180,11,125
816,battlefront_bomber89,0,18,811,0,0,2,0,0,2,315,0,100,0,0,0,100,0,0,0,0,9999,902,9,0,0,0,40,0,0,1349,3,48,180,11,125
817,battlefront_bomber89,0,18,812,0,0,2,0,0,0,315,0,100,0,0,0,100,0,0,0,0,9999,902,9,0,0,0,40,0,0,1349,3,48,180,11,125
818,battlefront_bomber89,0,18,813,0,0,2,0,0,0,315,0,100,0,0,0,100,0,0,0,0,9999,902,9,0,0,0,40,0,0,1349,3,48,180,11,125
819,battlefront_bomber89,0,18,813,0,0,2,0,0,0,315,0,100,0,0,0,100,0,0,0,0,9999,902,9,0,0,0,40,0,0,1349,3,48,180,11,125
820,battlefront_bomber89,0,18,814,0,0,2,0,0,1,315,0,100,0,0,0,100,0,0,0,0,9999,901,9,0,0,0,40,0,0,1349,3,48,180,11,125
821,battlefront_bomber89,0,18,815,0,0,2,0,0,0,315,0,100,0,0,0,100,0,0,0,0,9999,901,9,0,0,0,40,0,0,1349,3,48,180,11,125
822,battlefront_bomber89,0,18,815,0,0,2,0,0,0,315,0,100,0,0,0,100,0,0,0,0,9999,901,9,0,0,0,40,0,0,1349,3,48,180,11,125
823,battlefront_bomber89,0,18,816,0,0,2,0,0,0,315,0,100,0,0,0,100,0,0,0,0,9999,901,9,0,0,0,40,0,0,1349,3,48,180,12,125
824,battlefront_bomber89,0,18,816,0,0,2,0,0,1,315,0,100,0,0,0,100,0,0,0,0,9999,900,9,0,0,0,40,0,0,1349,3,48,180,12,125
825,battlefront_bomber89,0,18,817,0,0,2,0,0,0,315,0,100,0,0,0,100,0,0,0,0,9999,900,9,0,0,0,40,0,0,1349,3,48,180,12,125
826,battlefront_bomber89,0,18,818,0,0,2,0,0,0,315,0,100,0,0,0,100,0,0,0,0,9999,900,9,0,0,0,40,0,0,1349,3,48,180,12,125
827,battlefront_bomber89,0,18,818,0,0,2,0,0,0,315,0,100,0,0,0,100,0,0,0,0,9999,900,9,0,0,0,40,0,0,1349,3,48,180,12,125
828,battlefront_bomber89,0,18,819,0,0,2,0,0,1,315,0,100,0,0,0,100,0,0,0,0,9999,899,9,0,0,0,40,0,0,1349,3,48,180,12,125
829,battlefront_bomber89,0,18,820,0,0,2,0,0,0,315,0,100,0,0,0,100,0,0,0,0,9999,899,9,0,0,0,40,0,0,1349,3,48,180,12,125
830,battlefront_bomber89,0,18,820,0,0,2,0,0,0,315,0,100,0,0,0,100,0,0,0,0,9999,899,9,0,0,0,40,0,0,1349,3,48,180,12,125
831,battlefront_bomber89,0,18,821,0,0,2,0,0,0,315,0,100,0,0,0,100,0,0,0,0,9999,899,9,0,0,0,40,0,0,1349,3,48,180,12,125
832,battlefront_bomber89,0,18,822,0,0,2,0,0,1,315,0,100,0,0,0,100,0,0,0,0,9999,899,9,0,0,0,40,0,0,1349,3,48,180,12,125
833,battlefront_bomber89,0,18,822,0,0,2,0,0,0,315,0,100,0,0,0,100,0,0,0,0,9999,899,9,0,0,0,40,0,0,1349,3,48,180,12,125
834,battlefront_bomber89,0,18,823,0,0,2,0,0,0,315,0,100,0,0,0,100,0,0,0,0,9999,899,9,0,0,0,40,0,0,1349,3,48,180,12,125
835,battlefront_bomber89,0,18,824,0,0,2,0,0,0,315,0,100,0,0,0,100,0,0,0,0,9999,899,9,0,0,0,40,0,0,1349,3,48,180,12,125
836,battlefront_bomber89,0,18,824,0,0,2,0,0,0,315,0,100,0,0,0,100,0,0,0,0,9999,899,9,0,0,0,40,0,0,1349,3,48,180,12,125
837,battlefront_bomber89,0,18,825,0,0,2,0,0,0,315,0,100,0,0,0,100,0,0,0,0,9999,899,9,0,0,0,40,0,0,1349,3,48,180,12,125
838,battlefront_bomber89,0,18,825,0,0,2,0,0,0,315,0,100,0,0,0,100,0,0,0,0,9999,899,9,0,0,0,40,0,0,1349,3,48,180,12,125
839,battlefront_bomber89,0,18,826,0,0,2,0,0,0,315,0,100,0,0,0,100,0,0,0,0,9999,899,9,0,0,0,40,0,0,1349,3,48,180,12,125
840,battlefront_bomber89,0,18,827,0,0,2,0,0,0,315,0,100,0,0,0,100,0,0,0,0,9999,899,9,0,0,0,40,0,0,1349,3,48,180,12,125
841,battlefront_bomber89,0,18,827,0,0,2,0,0,0,315,0,100,0,0,0,100,0,0,0,0,9999,899,9,0,0,0,40,0,0,1349,3,48,180,12,125
842,battlefront_bomber89,0,18,828,0,0,2,0,0,0,315,0,100,0,0,0,100,0,0,0,0,9999,899,9,0,0,0,40,0,0,1349,3,48,180,12,125
843,battlefront_bomber89,0,18,829,0,0,2,0,0,0,315,0,100,0,0,0,100,0,0,0,0,9999,899,9,0,0,0,40,0,0,1349,3,48,180,12,125
844,battlefront_bomber89,0,18,829,0,0,2,0,0,0,315,0,100,0,0,0,100,0,0,0,0,9999,899,9,0,0,0,40,0,0,1349,3,48,180,12,125
845,battlefront_bomber89,0,18,830,0,0,2,0,0,0,315,0,100,0,0,0,100,0,0,0,0,9999,899,9,0,0,0,40,0,0,1349,3,48,180,12,125
846,battlefront_bomber89,0,18,831,0,0,2,0,0,0,315,0,100,0,0,0,100,0,0,0,0,9999,899,9,0,0,0,40,0,0,1349,3,48,180,12,125
847,battlefront_bomber89,0,18,831,0,0,2,0,0,0,315,0,100,0,0,0,100,0,0,0,0,9999,899,9,0,0,0,40,0,0,1349,3,48,180,12,125
848,battlefront_bomber89,0,18,832,0,0,2,0,0,1,315,0,100,0,0,0,100,0,0,0,0,9999,899,9,0,0,0,40,0,0,1349,3,48,180,12,125
849,battlefront_bomber89,0,18,833,0,0,2,0,0,0,315,0,100,0,0,0,100,0,0,0,0,9999,899,9,0,0,0,40,0,0,1349,3,48,180,12,125
850,battlefront_bomber89,0,18,833,0,0,2,0,0,1,315,0,100,0,0,0,100,0,0,0,0,9999,898,9,0,0,0,40,0,0,1349,3,48,180,12,125
851,battlefront_bomber89,0,18,834,0,0,2,0,0,0,315,0,100,0,0,0,100,0,0,0,0,9999,898,9,0,0,0,40,0,0,1349,3,48,180,12,125
852,battlefront_bomber89,0,18,834,0,0,2,0,0,0,315,0,100,0,0,0,100,0,0,0,0,9999,898,9,0,0,0,40,0,0,1349,3,48,180,12,125
853,battlefront_bomber89,0,18,835,0,0,2,0,0,0,315,0,100,0,0,0,100,0,0,0,0,9999,898,9,0,0,0,40,0,0,1349,3,48,180,13,125
854,battlefront_bomber89,0,18,836,0,0,2,0,0,1,315,0,100,0,0,0,100,0,0,0,0,9999,897,9,0,0,0,40,0,0,1349,3,48,180,13,125
855,battlefront_bomber89,0,18,836,0,0,2,0,0,0,315,0,100,0,0,0,100,0,0,0,0,9999,897,9,0,0,0,40,0,0,1349,3,48,180,13,125
856,battlefront_bomber89,0,18,837,0,0,2,0,0,0,315,0,100,0,0,0,100,0,0,0,0,9999,897,9,0,0,0,40,0,0,1349,3,48,180,13,125
857,battlefront_bomber89,0,18,838,0,0,2,0,0,0,315,0,100,0,0,0,100,0,0,0,0,9999,897,9,0,0,0,40,0,0,1349,3,48,180,13,125
858,battlefront_bomber89,0,18,838,0,0,2,0,0,1,315,0,100,0,0,0,100,0,0,0,0,9999,896,9,0,0,0,40,0,0,1349,3,48,180,13,125
859,battlefront_bomber89,0,18,839,0,0,2,0,0,0,315,0,100,0,0,0,100,0,0,0,0,9999,896,9,0,0,0,40,0,0,1349,3,48,180,13,125
860,battlefront_bomber89,0,18,840,0,0,2,0,0,0,315,0,100,0,0,0,100,0,0,0,0,9999,896,9,0,0,0,40,0,0,1349,3,48,180,13,125
861,battlefront_bomber89,0,18,840,0,0,2,0,0,0,315,0,100,0,0,0,100,0,0,0,0,9999,896,9,0,0,0,40,0,0,1349,3,48,180,13,125
862,battlefront_bomber89,0,18,841,0,0,2,0,0,1,315,0,100,0,0,0,100,0,0,0,0,9999,895,9,0,0,0,40,0,0,1349,3,48,180,13,125
863,battlefront_bomber89,0,18,841,0,0,2,0,0,0,315,0,100,0,0,0,100,0,0,0,0,9999,895,9,0,0,0,40,0,0,1349,3,48,180,13,125
864,battlefront_bomber89,0,18,842,0,0,2,0,0,1,315,0,100,0,0,0,100,0,0,0,0,9999,895,9,0,0,0,40,0,0,1349,3,48,180,13,125
865,battlefront_bomber89,0,18,843,0,0,2,0,0,0,315,0,100,0,0,0,100,0,0,0,0,9999,895,9,0,0,0,40,0,0,1349,3,48,180,13,125
866,battlefront_bomber89,0,18,843,0,0,2,0,0,0,315,0,100,0,0,0,100,0,0,0,0,9999,895,9,0,0,0,40,0,0,1349,3,48,180,13,125
867,battlefront_bomber89,0,18,844,0,0,2,0,0,0,315,0,100,0,0,0,100,0,0,0,0,9999,895,9,0,0,0,40,0,0,1349,3,48,180,13,125
868,battlefront_bomber89,0,18,845,0,0,2,0,0,0,315,0,100,0,0,0,100,0,0,0,0,9999,895,9,0,0,0,40,0,0,1349,3,48,180,13,125
869,battlefront_bomber89,0,18,845,0,0,2,0,0,0,315,0,100,0,0,0,100,0,0,0,0,9999,895,9,0,0,0,40,0,0,1349,3,48,180,13,125
870,battlefront_bomber89,0,18,846,0,0,2,0,0,0,315,0,100,0,0,0,100,0,0,0,0,9999,895,9,0,0,0,40,0,0,1349,3,48,180,13,125
871,battlefront_bomber89,0,18,847,0,0,2,0,0,0,315,0,100,0,0,0,100,0,0,0,0,9999,895,9,0,0,0,40,0,0,1349,3,48,180,13,125
872,battlefront_bomber89,0,18,847,0,0,2,0,0,0,315,0,100,0,0,0,100,0,0,0,0,9999,895,9,0,0,0,40,0,0,1349,3,48,180,13,125
873,battlefront_bomber89,0,18,848,0,0,2,0,0,0,315,0,100,0,0,0,100,0,0,0,0,9999,895,9,0,0,0,40,0,0,1349,3,48,180,13,125
874,battlefront_bomber89,0,18,849,0,0,2,0,0,0,315,0,100,0,0,0,100,0,0,0,0,9999,895,9,0,0,0,40,0,0,1349,3,48,180,13,125
875,battlefront_bomber89,0,18,849,0,0,2,0,0,0,315,0,100,0,0,0,100,0,0,0,0,9999,895,9,0,0,0,40,0,0,1349,3,48,180,13,125
876,battlefront_bomber89,0,18,850,0,0,2,0,0,0,315,0,100,0,0,0,100,0,0,0,0,9999,895,9,0,0,0,40,0,0,1349,3,48,180,13,125
877,battlefront_bomber89,0,18,850,0,0,2,0,0,0,315,0,100,0,0,0,100,0,0,0,0,9999,895,9,0,0,0,40,0,0,1349,3,48,180,13,125
878,battlefront_bomber89,0,18,851,0,0,2,0,0,0,315,0,100,0,0,0,100,0,0,0,0,9999,895,9,0,0,0,40,0,0,1349,3,48,180,13,125
879,battlefront_bomber89,0,18,852,0,0,2,0,0,0,315,0,100,0,0,0,100,0,0,0,0,9999,895,9,0,0,0,40,0,0,1349,3,48,180,13,125
880,battlefront_bomber89,0,18,852,0,0,2,0,0,1,315,0,100,0,0,0,100,0,0,0,0,9999,895,9,0,0,0,40,0,0,1349,3,48,180,13,125
881,battlefront_bomber89,0,18,853,0,0,2,0,0,0,315,0,100,0,0,0,100,0,0,0,0,9999,895,9,0,0,0,40,0,0,1349,3,48,180,14,125
882,battlefront_bomber89,0,18,854,0,0,2,0,0,0,315,0,100,0,0,0,100,0,0,0,0,9999,895,9,0,0,0,40,0,0,1349,3,48,180,14,125
883,battlefront_bomber89,0,18,854,0,0,2,0,0,0,315,0,100,0,0,0,100,0,0,0,0,9999,895,9,0,0,0,40,0,0,1349,3,48,180,14,125
884,battlefront_bomber89,0,18,855,0,0,2,0,0,1,315,0,100,0,0,0,100,0,0,0,0,9999,894,9,0,0,0,40,0,0,1349,3,48,180,14,125
885,battlefront_bomber89,0,18,856,0,0,2,0,0,0,315,0,100,0,0,0,100,0,0,0,0,9999,894,9,0,0,0,40,0,0,1349,3,48,180,14,125
886,battlefront_bomber89,0,18,856,0,0,2,0,0,0,315,0,100,0,0,0,100,0,0,0,0,9999,894,9,0,0,0,40,0,0,1349,3,48,180,14,125
887,battlefront_bomber89,0,18,857,0,0,2,0,0,0,315,0,100,0,0,0,100,0,0,0,0,9999,894,9,0,0,0,40,0,0,1349,3,48,180,14,125
888,battlefront_bomber89,0,18,857,0,0,2,0,0,1,315,0,100,0,0,0,100,0,0,0,0,9999,893,9,0,0,0,40,0,0,1349,3,48,180,14,125
889,battlefront_bomber89,0,18,858,0,0,2,0,0,0,315,0,100,0,0,0,100,0,0,0,0,9999,893,9,0,0,0,40,0,0,1349,3,48,180,14,125
890,battlefront_bomber89,0,18,859,0,0,2,0,0,0,315,0,100,0,0,0,100,0,0,0,0,9999,893,9,0,0,0,40,0,0,1349,3,48,180,14,125
891,battlefront_bomber89,0,18,859,0,0,2,0,0,0,315,0,100,0,0,0,100,0,0,0,0,9999,893,9,0,0,0,40,0,0,1349,3,48,180,14,125
892,battlefront_bomber89,0,18,860,0,0,2,0,0,1,315,0,100,0,0,0,100,0,0,0,0,9999,892,9,0,0,0,40,0,0,1349,3,48,180,14,125
893,battlefront_bomber89,0,18,861,0,0,2,0,0,0,315,0,100,0,0,0,100,0,0,0,0,9999,892,9,0,0,0,40,0,0,1349,3,48,180,14,125
894,battlefront_bomber89,0,18,861,0,0,2,0,0,0,315,0,100,0,0,0,100,0,0,0,0,9999,892,9,0,0,0,40,0,0,1349,3,48,180,14,125
895,battlefront_bomber89,0,18,862,0,0,2,0,0,0,315,0,100,0,0,0,100,0,0,0,0,9999,892,9,0,0,0,40,0,0,1349,3,48,180,14,125
896,battlefront_bomber89,0,18,863,0,0,2,0,0,2,315,0,100,0,0,0,100,0,0,0,0,9999,891,9,0,0,0,40,0,0,1349,3,48,180,14,125
897,battlefront_bomber89,0,18,863,0,0,2,0,0,0,315,0,100,0,0,0,100,0,0,0,0,9999,891,9,0,0,0,40,0,0,1349,3,48,180,14,124
898,battlefront_bomber89,0,18,864,0,0,2,0,0,0,315,0,100,0,0,0,100,0,0,0,0,9999,891,9,0,0,0,40,0,0,1349,3,48,180,14,124
899,battlefront_bomber89,0,18,865,0,0,2,0,0,0,315,0,100,0,0,0,100,0,0,0,0,9999,891,9,0,0,0,40,0,0,1349,3,48,180,14,124
