tick,name,pos_x,pos_y,pos_z,vel_x,vel_y,vel_z,yaw,grounded,fx_count,kudos,combo,nitro,riskboost,takedowns,skill_driver,crashbreaker,airspeed,air_lift,rotor_rpm,rotor_lift,fuel,cannon,missiles,lock,cargo,av_lock,threat,engine_dead,ctrl_loss,mission_score,medal,wing_score,shield,laser,heat
0,comanche_voxel89,0,10,0,0,-5,0,0,0,1,0,0,50,0,0,0,0,0,0,0,5712,999,998,10,0,0,0,0,0,0,0,0,0,100,100,0
1,comanche_voxel89,0,8,0,0,-9,0,0,0,0,0,0,50,0,0,0,0,0,0,0,7146,999,998,10,0,0,0,0,0,0,0,0,0,100,100,0
2,comanche_voxel89,0,4,0,0,-13,0,0,0,0,0,0,50,0,0,0,0,0,0,0,7532,999,998,10,0,0,0,0,0,0,0,0,0,100,100,0
3,comanche_voxel89,0,0,0,0,-17,0,0,0,0,0,0,50,0,0,0,0,0,0,0,7632,999,998,10,0,0,0,0,0,0,0,0,0,100,100,0
4,comanche_voxel89,0,-6,0,0,-21,0,0,0,1,0,0,50,0,0,0,0,0,0,0,7637,999,997,10,0,0,0,0,0,0,0,0,0,100,100,0
5,comanche_voxel89,0,-12,0,0,-25,0,0,0,0,0,0,51,0,0,0,0,0,0,0,7641,999,997,10,0,0,0,0,0,0,0,0,0,100,100,0
6,comanche_voxel89,0,-20,0,0,-28,0,0,0,0,0,0,51,0,0,0,0,0,0,0,7645,999,997,10,0,0,0,0,0,0,0,0,0,100,100,0
7,comanche_voxel89,0,-28,0,0,-31,0,0,0,0,0,0,51,0,0,0,0,0,0,0,7649,999,997,10,0,0,0,0,0,0,0,0,0,100,100,0
8,comanche_voxel89,0,-38,1,0,-34,0,0,0,1,0,0,51,0,0,0,0,0,0,0,7653,999,996,10,0,0,0,0,0,0,0,0,0,100,100,0
9,comanche_voxel89,0,-48,1,0,-37,0,0,0,0,0,0,51,0,0,0,0,0,0,0,7657,999,996,10,0,0,0,0,0,0,0,0,0,100,100,0
10,comanche_voxel89,0,-58,1,0,-39,0,0,0,0,0,0,52,0,0,0,0,0,0,0,7660,999,996,10,0,0,0,0,0,0,0,0,0,100,100,0
11,comanche_voxel89,0,-70,1,0,-42,0,0,0,0,0,0,52,0,0,0,0,0,0,0,7663,999,996,10,0,0,0,0,0,0,0,0,0,100,100,0
12,comanche_voxel89,0,-81,2,0,-44,0,0,0,1,0,0,52,0,0,0,0,0,0,0,7666,999,995,10,0,0,0,0,0,0,0,0,0,100,100,0
13,comanche_voxel89,0,-94,2,0,-46,1,0,0,0,0,0,52,0,0,0,0,0,0,0,7669,999,995,10,0,0,0,0,0,0,0,0,0,100,100,0
14,comanche_voxel89,0,-107,2,0,-48,1,0,0,0,0,0,52,0,0,0,0,0,0,0,7671,999,995,10,0,0,0,0,0,0,0,0,0,100,100,0
15,comanche_voxel89,0,-120,2,0,-50,1,0,0,0,0,0,53,0,0,0,0,0,0,0,7673,999,995,10,0,0,0,0,0,0,0,0,0,100,100,0
16,comanche_voxel89,0,-134,3,0,-52,1,0,0,1,0,0,53,0,0,0,0,0,0,0,7675,999,994,10,0,0,0,0,0,0,0,0,0,100,100,0
17,comanche_voxel89,0,-148,3,0,-53,1,0,0,0,0,0,53,0,0,0,0,0,0,0,7677,999,994,10,0,0,0,0,0,0,0,0,0,100,100,0
18,comanche_voxel89,0,-163,3,0,-55,1,0,0,0,0,0,53,0,0,0,0,0,0,0,7679,999,994,10,0,0,0,0,0,0,0,0,0,100,100,0
19,comanche_voxel89,0,-178,4,0,-56,1,0,0,0,0,0,53,0,0,0,0,0,0,0,7681,999,994,10,0,0,0,0,0,0,0,0,0,100,100,0
20,comanche_voxel89,0,-194,4,0,-58,1,0,0,1,0,0,53,0,0,0,0,0,0,0,7683,999,993,10,0,0,0,0,0,0,0,0,0,100,100,0
21,comanche_voxel89,0,-210,4,0,-59,1,0,0,0,0,0,54,0,0,0,0,0,0,0,7685,999,993,10,0,0,0,0,0,0,0,0,0,100,100,0
22,comanche_voxel89,0,-226,5,0,-60,1,0,0,0,0,0,54,0,0,0,0,0,0,0,7686,999,993,10,0,0,0,0,0,0,0,0,0,100,100,0
23,comanche_voxel89,0,-242,5,0,-61,1,0,0,0,0,0,54,0,0,0,0,0,0,0,7687,999,993,10,0,0,0,0,0,0,0,0,0,100,100,0
24,comanche_voxel89,0,-259,5,0,-62,1,0,0,0,0,0,54,0,0,0,0,0,0,0,7689,999,993,10,0,0,0,0,0,0,0,0,0,100,100,0
25,comanche_voxel89,0,-276,6,0,-63,1,0,0,0,0,0,54,0,0,0,0,0,0,0,7690,999,993,10,0,0,0,0,0,0,0,0,0,100,100,0
26,comanche_voxel89,0,-293,6,0,-64,1,0,0,0,0,0,55,0,0,0,0,0,0,0,7691,999,993,10,0,0,0,0,0,0,0,0,0,100,100,0
27,comanche_voxel89,0,-311,7,0,-65,1,0,0,0,0,0,55,0,0,0,0,0,0,0,7692,999,993,10,0,0,0,0,0,0,0,0,0,100,100,0
28,comanche_voxel89,0,-328,7,0,-66,1,0,0,0,0,0,55,0,0,0,0,0,0,0,7693,999,993,10,0,0,0,0,0,0,0,0,0,100,100,0
29,comanche_voxel89,0,-346,7,0,-66,1,0,0,0,0,0,55,0,0,0,0,0,0,0,7694,999,993,10,0,0,0,0,0,0,0,0,0,100,100,0
30,comanche_voxel89,0,-364,8,0,-67,1,0,0,0,0,0,55,0,0,0,0,0,0,0,7695,999,993,10,0,0,0,0,0,0,0,0,0,100,100,0
31,comanche_voxel89,0,-382,8,0,-68,1,0,0,0,0,0,56,0,0,0,0,0,0,0,7696,999,993,10,0,0,0,0,0,0,0,0,0,100,100,0
32,comanche_voxel89,0,-401,9,0,-68,1,0,0,0,0,0,56,0,0,0,0,0,0,0,7696,999,993,10,0,0,0,0,0,0,0,0,0,100,100,0
33,comanche_voxel89,0,-419,9,0,-69,1,0,0,0,0,0,56,0,0,0,0,0,0,0,7697,999,993,10,0,0,0,0,0,0,0,0,0,100,100,0
34,comanche_voxel89,0,-438,9,0,-70,1,0,0,0,0,0,56,0,0,0,0,0,0,0,7698,999,993,10,0,0,0,0,0,0,0,0,0,100,100,0
35,comanche_voxel89,0,-457,10,0,-70,1,0,0,0,0,0,56,0,0,0,0,0,0,0,7698,999,993,10,0,0,0,0,0,0,0,0,0,100,100,0
36,comanche_voxel89,0,-476,10,0,-71,1,0,0,0,0,0,56,0,0,0,0,0,0,0,7699,999,993,10,0,0,0,0,0,0,0,0,0,100,100,0
37,comanche_voxel89,0,-495,11,0,-71,1,0,0,0,0,0,57,0,0,0,0,0,0,0,7700,999,993,10,0,0,0,0,0,0,0,0,0,100,100,0
38,comanche_voxel89,0,-514,11,0,-71,1,0,0,0,0,0,57,0,0,0,0,0,0,0,7700,999,993,10,0,0,0,0,0,0,0,0,0,100,100,0
39,comanche_voxel89,0,-533,11,0,-72,1,0,0,0,0,0,57,0,0,0,0,0,0,0,7701,999,993,10,0,0,0,0,0,0,0,0,0,100,100,0
40,comanche_voxel89,0,-553,12,0,-72,1,0,0,0,0,0,57,0,0,0,0,0,0,0,7701,999,993,10,0,0,0,0,0,0,0,0,0,100,100,0
41,comanche_voxel89,0,-572,12,0,-73,1,0,0,0,0,0,57,0,0,0,0,0,0,0,7701,999,993,10,0,0,0,0,0,0,0,0,0,100,100,0
42,comanche_voxel89,0,-592,13,0,-73,1,0,0,0,0,0,58,0,0,0,0,0,0,0,7702,999,993,10,0,0,0,0,0,0,0,0,0,100,100,0
43,comanche_voxel89,0,-611,13,0,-73,1,0,0,0,0,0,58,0,0,0,0,0,0,0,7702,999,993,10,0,0,0,0,0,0,0,0,0,100,100,0
44,comanche_voxel89,0,-631,14,0,-73,1,0,0,0,0,0,58,0,0,0,0,0,0,0,7703,999,993,10,0,0,0,0,0,0,0,0,0,100,100,0
45,comanche_voxel89,0,-651,14,0,-74,1,0,0,0,0,0,58,0,0,0,0,0,0,0,7703,999,993,10,0,0,0,0,0,0,0,0,0,100,100,0
46,comanche_voxel89,0,-671,15,0,-74,1,0,0,0,0,0,58,0,0,0,0,0,0,0,7703,999,993,10,0,0,0,0,0,0,0,0,0,100,100,0
47,comanche_voxel89,0,-690,15,0,-74,1,0,0,0,0,0,59,0,0,0,0,0,0,0,7703,999,993,10,0,0,0,0,0,0,0,0,0,100,100,0
48,comanche_voxel89,0,-710,15,0,-74,1,0,0,0,0,0,59,0,0,0,0,0,0,0,7704,999,993,10,0,0,0,0,0,0,0,0,0,100,100,0
49,comanche_voxel89,0,-730,16,0,-75,1,0,0,0,0,0,59,0,0,0,0,0,0,0,7704,999,993,10,0,0,0,0,0,0,0,0,0,100,100,0
50,comanche_voxel89,0,-751,16,0,-75,1,0,0,0,0,0,59,0,0,0,0,0,0,0,7704,999,993,10,0,0,0,0,0,0,0,0,0,100,100,0
51,comanche_voxel89,0,-771,17,0,-75,1,0,0,0,0,0,59,0,0,0,0,0,0,0,7704,999,993,10,0,0,0,0,0,0,0,0,0,100,100,0
52,comanche_voxel89,0,-791,17,0,-75,1,0,0,0,0,0,59,0,0,0,0,0,0,0,7705,999,993,10,0,0,0,0,0,0,0,0,0,100,100,0
53,comanche_voxel89,0,-811,18,0,-75,1,0,0,0,0,0,60,0,0,0,0,0,0,0,7705,999,993,10,0,0,0,0,0,0,0,0,0,100,100,0
54,comanche_voxel89,0,-831,18,0,-75,1,0,0,0,0,0,60,0,0,0,0,0,0,0,7705,999,993,10,0,0,0,0,0,0,0,0,0,100,100,0
55,comanche_voxel89,0,-852,19,0,-76,1,0,0,0,0,0,60,0,0,0,0,0,0,0,7705,999,993,10,0,0,0,0,0,0,0,0,0,100,100,0
56,comanche_voxel89,0,-872,19,0,-76,1,0,0,0,0,0,60,0,0,0,0,0,0,0,7705,999,993,10,0,0,0,0,0,0,0,0,0,100,100,0
57,comanche_voxel89,0,-892,19,0,-76,1,0,0,0,0,0,60,0,0,0,0,0,0,0,7706,999,993,10,0,0,0,0,0,0,0,0,0,100,100,0
58,comanche_voxel89,0,-913,20,0,-76,1,0,0,0,0,0,61,0,0,0,0,0,0,0,7706,999,993,10,0,0,0,0,0,0,0,0,0,100,100,0
59,comanche_voxel89,0,-933,20,0,-76,1,0,0,0,0,0,61,0,0,0,0,0,0,0,7706,999,993,10,0,0,0,0,0,0,0,0,0,100,100,0
60,comanche_voxel89,0,-953,21,0,-76,1,0,0,0,0,0,61,0,0,0,0,0,0,0,7706,999,993,10,0,0,0,0,0,0,0,0,0,100,100,0
61,comanche_voxel89,0,-974,21,0,-76,1,0,0,0,0,0,61,0,0,0,0,0,0,0,7706,999,993,10,0,0,0,0,0,0,0,0,0,100,100,0
62,comanche_voxel89,0,-994,22,0,-76,1,0,0,0,0,0,61,0,0,0,0,0,0,0,7706,999,993,10,0,0,0,0,0,0,0,0,0,100,100,0
63,comanche_voxel89,0,-1015,22,0,-76,1,0,0,0,0,0,62,0,0,0,0,0,0,0,7706,999,993,10,0,0,0,0,0,0,0,0,0,100,100,0
64,comanche_voxel89,0,-1035,23,0,-76,1,0,0,0,0,0,62,0,0,0,0,0,0,0,7706,999,993,10,0,0,0,0,0,0,0,0,0,100,100,0
65,comanche_voxel89,0,-1056,23,0,-77,1,0,0,0,0,0,62,0,0,0,0,0,0,0,7706,999,993,10,0,0,0,0,0,0,0,0,0,100,100,0
66,comanche_voxel89,0,-1077,23,0,-77,1,0,0,0,0,0,62,0,0,0,0,0,0,0,7706,999,993,10,0,0,0,0,0,0,0,0,0,100,100,0
67,comanche_voxel89,0,-1097,24,0,-77,1,0,0,0,0,0,62,0,0,0,0,0,0,0,7706,999,993,10,0,0,0,0,0,0,0,0,0,100,100,0
68,comanche_voxel89,0,-1118,24,0,-77,1,0,0,0,0,0,62,0,0,0,0,0,0,0,7706,999,993,10,0,0,0,0,0,0,0,0,0,100,100,0
69,comanche_voxel89,0,-1138,25,0,-77,1,0,0,0,0,0,63,0,0,0,0,0,0,0,7706,999,993,10,0,0,0,0,0,0,0,0,0,100,100,0
70,comanche_voxel89,0,-1159,25,0,-77,1,0,0,0,0,0,63,0,0,0,0,0,0,0,7706,999,993,10,0,0,0,0,0,0,0,0,0,100,100,0
71,comanche_voxel89,0,-1180,26,0,-77,1,0,0,0,0,0,63,0,0,0,0,0,0,0,7706,999,993,10,0,0,0,0,0,0,0,0,0,100,100,0
72,comanche_voxel89,0,-1200,26,0,-77,1,0,0,0,0,0,63,0,0,0,0,0,0,0,7706,999,993,10,0,0,0,0,0,0,0,0,0,100,100,0
73,comanche_voxel89,0,-1221,27,0,-77,1,0,0,0,0,0,63,0,0,0,0,0,0,0,7706,999,993,10,0,0,0,0,0,0,0,0,0,100,100,0
74,comanche_voxel89,0,-1242,27,0,-77,1,0,0,0,0,0,64,0,0,0,0,0,0,0,7706,999,993,10,0,0,0,0,0,0,0,0,0,100,100,0
75,comanche_voxel89,0,-1262,28,0,-77,1,0,0,1,0,0,64,0,0,0,0,0,0,0,7706,999,992,10,0,0,0,0,0,0,0,0,0,100,100,0
76,comanche_voxel89,0,-1283,28,0,-77,1,0,0,0,0,0,64,0,0,0,0,0,0,0,7706,999,992,10,0,0,0,0,0,0,0,0,0,100,100,0
77,comanche_voxel89,0,-1304,28,0,-77,1,0,0,0,0,0,64,0,0,0,0,0,0,0,7706,999,992,10,0,0,0,0,0,0,0,0,0,100,100,0
78,comanche_voxel89,0,-1324,29,0,-77,1,0,0,0,0,0,64,0,0,0,0,0,0,0,7706,999,992,10,0,0,0,0,0,0,0,0,0,100,100,0
79,comanche_voxel89,0,-1345,29,0,-77,1,0,0,1,0,0,65,0,0,0,0,0,0,0,7706,999,991,10,0,0,0,0,0,0,0,0,0,100,100,0
80,comanche_voxel89,0,-1366,30,0,-77,1,0,0,0,0,0,65,0,0,0,0,0,0,0,7706,999,991,10,0,0,0,0,0,0,0,0,0,100,100,0
81,comanche_voxel89,0,-1387,30,0,-77,1,0,0,0,0,0,65,0,0,0,0,0,0,0,7706,999,991,10,0,0,0,0,0,0,0,0,0,100,100,0
82,comanche_voxel89,0,-1407,31,0,-77,1,0,0,0,0,0,65,0,0,0,0,0,0,0,7706,999,991,10,0,0,0,0,0,0,0,0,0,100,100,0
83,comanche_voxel89,0,-1428,31,0,-77,1,0,0,1,0,0,65,0,0,0,0,0,0,0,7706,999,990,10,0,0,0,0,0,0,0,0,0,100,100,0
84,comanche_voxel89,0,-1449,32,0,-77,1,0,0,0,0,0,65,0,0,0,0,0,0,0,7706,999,990,10,0,0,0,0,0,0,0,0,0,100,100,0
85,comanche_voxel89,0,-1470,32,0,-77,1,0,0,0,0,0,66,0,0,0,0,0,0,0,7706,999,990,10,0,0,0,0,0,0,0,0,0,100,100,0
86,comanche_voxel89,0,-1490,33,0,-77,1,0,0,0,0,0,66,0,0,0,0,0,0,0,7706,999,990,10,0,0,0,0,0,0,0,0,0,100,100,0
87,comanche_voxel89,0,-1511,33,0,-77,1,0,0,1,0,0,66,0,0,0,0,0,0,0,7706,999,989,10,0,0,0,0,0,0,0,0,0,100,100,0
88,comanche_voxel89,1,-1532,33,0,-77,1,0,0,0,0,0,66,0,0,0,0,0,0,0,7706,999,989,10,0,0,0,0,0,0,0,0,0,100,100,0
89,comanche_voxel89,1,-1553,34,1,-77,1,0,0,0,0,0,66,0,0,0,0,0,0,0,7706,999,989,10,0,0,0,0,0,0,0,0,0,100,100,0
90,comanche_voxel89,1,-1573,34,1,-77,1,0,0,0,0,0,67,0,0,0,0,0,0,0,7706,999,989,10,0,0,0,40,0,0,0,0,0,100,100,0
91,comanche_voxel89,2,-1594,35,1,-77,1,0,0,1,0,0,67,0,0,0,0,0,0,0,7706,999,988,10,0,0,0,40,0,0,0,0,0,100,100,0
92,comanche_voxel89,2,-1615,35,1,-77,1,0,0,0,0,0,67,0,0,0,0,0,0,0,7706,999,988,10,0,0,0,40,0,0,0,0,0,100,100,0
93,comanche_voxel89,2,-1636,36,1,-77,1,0,0,0,0,0,67,0,0,0,0,0,0,0,7706,999,988,10,0,0,0,40,0,0,0,0,0,100,100,0
94,comanche_voxel89,3,-1657,36,1,-77,1,0,0,0,0,0,67,0,0,0,0,0,0,0,7706,999,988,10,0,0,0,40,0,0,0,0,0,100,100,0
95,comanche_voxel89,3,-1677,37,1,-77,1,0,0,1,0,0,68,0,0,0,0,0,0,0,7706,999,987,10,0,0,0,40,0,0,0,0,0,100,100,0
96,comanche_voxel89,3,-1698,37,1,-77,1,0,0,1,0,0,68,0,0,0,0,0,0,0,7706,999,987,10,0,0,0,40,0,0,0,0,0,100,100,0
97,comanche_voxel89,4,-1719,38,1,-77,1,0,0,0,0,0,68,0,0,0,0,0,0,0,7706,999,987,10,0,0,0,40,0,0,0,0,0,100,100,0
98,comanche_voxel89,4,-1740,38,1,-78,1,0,0,0,0,0,68,0,0,0,0,0,0,0,7706,999,987,10,0,0,0,40,0,0,0,0,0,100,100,0
99,comanche_voxel89,5,-1761,38,1,-78,1,0,0,0,0,0,68,0,0,0,0,0,0,0,7706,999,987,10,0,0,0,40,0,0,0,0,0,100,100,0
100,comanche_voxel89,5,-1781,39,1,-78,1,0,0,0,0,0,68,0,0,0,0,0,0,0,7706,999,987,10,0,0,0,40,0,0,0,0,0,100,100,0
101,comanche_voxel89,6,-1802,39,1,-78,1,0,0,0,0,0,69,0,0,0,0,0,0,0,7706,999,987,10,0,0,0,40,0,0,0,0,0,100,100,0
102,comanche_voxel89,6,-1823,40,1,-78,1,0,0,0,0,0,69,0,0,0,0,0,0,0,7706,999,987,10,0,0,0,40,0,0,0,0,0,100,100,0
103,comanche_voxel89,7,-1844,40,1,-78,1,0,0,0,0,0,69,0,0,0,0,0,0,0,7706,999,987,10,0,0,0,40,0,0,0,0,0,100,100,0
104,comanche_voxel89,7,-1865,41,1,-78,1,0,0,0,0,0,69,0,0,0,0,0,0,0,7706,999,987,10,0,0,0,40,0,0,0,0,0,100,100,0
105,comanche_voxel89,8,-1885,41,1,-78,1,0,0,0,0,0,69,0,0,0,0,0,0,0,7706,999,987,10,0,0,0,40,0,0,0,0,0,100,100,0
106,comanche_voxel89,8,-1906,42,1,-78,1,0,0,0,0,0,70,0,0,0,0,0,0,0,7706,999,987,10,0,0,0,40,0,0,0,0,0,100,100,0
107,comanche_voxel89,9,-1927,42,1,-78,1,0,0,0,0,0,70,0,0,0,0,0,0,0,7706,999,987,10,0,0,0,40,0,0,0,0,0,100,100,0
108,comanche_voxel89,9,-1948,43,1,-78,1,0,0,0,0,0,70,0,0,0,0,0,0,0,7706,999,987,10,0,0,0,40,0,0,0,0,0,100,100,0
109,comanche_voxel89,10,-1969,43,2,-78,1,0,0,0,0,0,70,0,0,0,0,0,0,0,7706,999,987,10,0,0,0,40,0,0,0,0,0,100,100,0
110,comanche_voxel89,10,-1989,43,2,-78,1,0,0,0,0,0,70,0,0,0,0,0,0,0,7706,999,987,10,0,0,0,40,0,0,0,0,0,100,100,0
111,comanche_voxel89,11,-2010,44,2,-78,1,0,0,0,0,0,71,0,0,0,0,0,0,0,7706,999,987,10,0,0,0,40,0,0,0,0,0,100,100,0
112,comanche_voxel89,11,-2031,44,2,-78,1,0,0,1,0,0,71,0,0,0,0,0,0,0,7706,999,987,10,0,0,0,40,0,0,0,0,0,100,100,0
113,comanche_voxel89,12,-2052,45,2,-78,1,0,0,0,0,0,71,0,0,0,0,0,0,0,7706,999,987,10,0,0,0,40,0,0,0,0,0,100,100,0
114,comanche_voxel89,13,-2073,45,2,-78,1,0,0,0,0,0,71,0,0,0,0,0,0,0,7706,999,987,10,0,0,0,40,0,0,0,0,0,100,100,0
115,comanche_voxel89,13,-2094,46,2,-78,1,0,0,0,0,0,71,0,0,0,0,0,0,0,7706,999,987,10,0,0,0,40,0,0,0,0,0,100,100,0
116,comanche_voxel89,14,-2114,46,2,-78,1,0,0,0,0,0,71,0,0,0,0,0,0,0,7706,999,987,10,0,0,0,40,0,0,0,0,0,100,100,0
117,comanche_voxel89,14,-2135,47,2,-78,1,0,0,0,0,0,72,0,0,0,0,0,0,0,7706,999,987,10,0,0,0,40,0,0,0,0,0,100,100,0
118,comanche_voxel89,15,-2156,47,2,-78,1,0,0,0,0,0,72,0,0,0,0,0,0,0,7706,999,987,10,0,0,0,40,0,0,0,0,0,100,100,0
119,comanche_voxel89,15,-2177,47,2,-78,1,0,0,0,0,0,72,0,0,0,0,0,0,0,7706,999,987,10,0,0,0,40,0,0,0,0,0,100,100,0
120,comanche_voxel89,16,-2198,48,2,-78,1,0,0,0,0,0,72,0,0,0,0,0,0,0,7706,999,987,10,0,0,0,40,0,0,0,0,0,100,100,0
121,comanche_voxel89,17,-2218,48,2,-78,1,0,0,0,0,0,72,0,0,0,0,0,0,0,7706,999,987,10,0,0,0,40,0,0,0,0,0,100,100,0
122,comanche_voxel89,17,-2239,49,2,-78,1,0,0,0,0,0,73,0,0,0,0,0,0,0,7706,999,987,10,0,0,0,40,0,0,0,0,0,100,100,0
123,comanche_voxel89,18,-2260,49,2,-78,1,0,0,0,0,0,73,0,0,0,0,0,0,0,7706,999,987,10,0,0,0,40,0,0,0,0,0,100,100,0
124,comanche_voxel89,18,-2281,50,2,-78,1,0,0,0,0,0,73,0,0,0,0,0,0,0,7706,999,987,10,0,0,0,40,0,0,0,0,0,100,100,0
125,comanche_voxel89,19,-2302,50,2,-78,1,0,0,0,0,0,73,0,0,0,0,0,0,0,7706,999,987,10,0,0,0,40,0,0,0,0,0,100,100,0
126,comanche_voxel89,20,-2323,51,2,-78,1,0,0,0,0,0,73,0,0,0,0,0,0,0,7706,999,987,10,0,0,0,40,0,0,0,0,0,100,100,0
127,comanche_voxel89,20,-2343,51,2,-78,1,0,0,0,0,0,74,0,0,0,0,0,0,0,7706,999,987,10,0,0,0,40,0,0,0,0,0,100,100,0
128,comanche_voxel89,21,-2364,52,2,-78,1,0,0,1,0,0,74,0,0,0,0,0,0,0,7706,999,987,10,0,0,0,40,0,0,0,0,0,100,100,0
129,comanche_voxel89,21,-2385,52,2,-78,1,0,0,0,0,0,74,0,0,0,0,0,0,0,7706,999,987,10,0,0,0,40,0,0,0,0,0,100,100,0
130,comanche_voxel89,22,-2406,52,2,-78,1,0,0,0,0,0,74,0,0,0,0,0,0,0,7706,999,987,10,0,0,0,40,0,0,0,0,0,100,100,0
131,comanche_voxel89,23,-2427,53,2,-78,1,0,0,0,0,0,74,0,0,0,0,0,0,0,7706,999,987,10,0,0,0,40,0,0,0,0,0,100,100,0
132,comanche_voxel89,23,-2448,53,2,-78,1,0,0,0,0,0,74,0,0,0,0,0,0,0,7706,999,987,10,0,0,0,40,0,0,0,0,0,100,100,0
133,comanche_voxel89,24,-2468,54,2,-78,1,0,0,0,0,0,75,0,0,0,0,0,0,0,7706,999,987,10,0,0,0,40,0,0,0,0,0,100,100,0
134,comanche_voxel89,24,-2489,54,2,-78,1,0,0,0,0,0,75,0,0,0,0,0,0,0,7706,999,987,10,0,0,0,40,0,0,0,0,0,100,100,0
135,comanche_voxel89,25,-2510,55,2,-78,1,0,0,0,0,0,75,0,0,0,0,0,0,0,7706,999,987,10,0,0,0,40,0,0,0,0,0,100,100,0
136,comanche_voxel89,26,-2531,55,2,-78,1,0,0,0,0,0,75,0,0,0,0,0,0,0,7706,999,987,10,0,0,0,40,0,0,0,0,0,100,100,0
137,comanche_voxel89,26,-2552,56,2,-78,1,0,0,0,0,0,75,0,0,0,0,0,0,0,7706,999,987,10,0,0,0,40,0,0,0,0,0,100,100,0
138,comanche_voxel89,27,-2573,56,2,-78,1,0,0,0,0,0,76,0,0,0,0,0,0,0,7706,999,987,10,0,0,0,40,0,0,0,0,0,100,100,0
139,comanche_voxel89,27,-2593,57,2,-78,1,0,0,0,0,0,76,0,0,0,0,0,0,0,7706,999,987,10,0,0,0,40,0,0,0,0,0,100,100,0
140,comanche_voxel89,28,-2614,57,2,-78,1,0,0,0,0,0,76,0,0,0,0,0,0,0,7706,999,987,10,0,0,0,40,0,0,0,0,0,100,100,0
141,comanche_voxel89,29,-2635,57,2,-78,1,0,0,0,0,0,76,0,0,0,0,0,0,0,7706,999,987,10,0,0,0,40,0,0,0,0,0,100,100,0
142,comanche_voxel89,29,-2656,58,2,-78,1,0,0,0,0,0,76,0,0,0,0,0,0,0,7706,999,987,10,0,0,0,40,0,0,0,0,0,100,100,0
143,comanche_voxel89,30,-2677,58,2,-78,1,0,0,0,0,0,77,0,0,0,0,0,0,0,7706,999,987,10,0,0,0,40,0,0,0,0,0,100,100,0
144,comanche_voxel89,30,-2698,59,2,-78,1,0,0,1,0,0,77,0,0,0,0,0,0,0,7706,999,987,10,0,0,0,40,0,0,0,0,0,100,100,0
145,comanche_voxel89,31,-2718,59,2,-78,1,0,0,0,0,0,77,0,0,0,0,0,0,0,7706,999,987,10,0,0,0,40,0,0,0,0,0,100,100,0
146,comanche_voxel89,32,-2739,60,2,-78,1,0,0,0,0,0,77,0,0,0,0,0,0,0,7706,999,987,10,0,0,0,40,0,0,0,0,0,100,100,0
147,comanche_voxel89,32,-2760,60,2,-78,1,0,0,0,0,0,77,0,0,0,0,0,0,0,7706,999,987,10,0,0,0,40,0,0,0,0,0,100,100,0
148,comanche_voxel89,33,-2781,61,2,-78,1,0,0,0,0,0,77,0,0,0,0,0,0,0,7706,999,987,10,0,0,0,40,0,0,0,0,0,100,100,0
149,comanche_voxel89,34,-2802,61,2,-78,1,0,0,0,0,0,78,0,0,0,0,0,0,0,7706,999,987,10,0,0,0,40,0,0,0,0,0,100,100,0
150,comanche_voxel89,34,-2823,62,2,-78,1,0,0,1,0,0,78,0,0,0,0,0,0,0,7706,999,986,10,0,0,0,40,0,0,0,0,0,100,100,0
151,comanche_voxel89,35,-2843,62,2,-78,1,0,0,0,0,0,78,0,0,0,0,0,0,0,7706,999,986,10,0,0,0,40,0,0,0,0,0,100,100,0
152,comanche_voxel89,35,-2864,62,2,-78,1,0,0,0,0,0,78,0,0,0,0,0,0,0,7706,999,986,10,0,0,0,40,0,0,0,0,0,100,100,0
153,comanche_voxel89,36,-2885,63,2,-78,1,0,0,0,0,0,78,0,0,0,0,0,0,0,7706,999,986,10,0,0,0,40,0,0,0,0,0,100,100,0
154,comanche_voxel89,37,-2906,63,2,-78,1,0,0,1,0,0,79,0,0,0,0,0,0,0,7706,999,985,10,0,0,0,40,0,0,0,0,0,100,100,0
155,comanche_voxel89,37,-2927,64,2,-78,1,0,0,0,0,0,79,0,0,0,0,0,0,0,7706,999,985,10,0,0,0,40,0,0,0,0,0,100,100,0
156,comanche_voxel89,38,-2947,64,2,-78,1,0,0,0,0,0,79,0,0,0,0,0,0,0,7706,999,985,10,0,0,0,40,0,0,0,0,0,100,100,0
157,comanche_voxel89,38,-2968,65,2,-78,1,0,0,0,0,0,79,0,0,0,0,0,0,0,7706,999,985,10,0,0,0,40,0,0,0,0,0,100,100,0
158,comanche_voxel89,39,-2989,65,2,-78,1,0,0,1,0,0,79,0,0,0,0,0,0,0,7706,999,984,10,0,0,0,40,0,0,0,0,0,100,100,0
159,comanche_voxel89,40,-3010,66,2,-78,1,0,0,0,0,0,80,0,0,0,0,0,0,0,7706,999,984,10,0,0,0,40,0,0,0,0,0,100,100,0
160,comanche_voxel89,40,-3031,66,2,-78,1,0,0,1,0,0,80,0,0,0,0,0,0,0,7706,999,984,10,0,0,0,40,0,0,0,0,0,100,100,0
161,comanche_voxel89,41,-3052,67,2,-78,1,0,0,0,0,0,80,0,0,0,0,0,0,0,7706,999,984,10,0,0,0,40,0,0,0,0,0,100,100,0
162,comanche_voxel89,41,-3072,67,2,-78,1,0,0,1,0,0,80,0,0,0,0,0,0,0,7706,999,983,10,0,0,0,40,0,0,0,0,0,100,100,0
163,comanche_voxel89,42,-3093,67,2,-78,1,0,0,0,0,0,80,0,0,0,0,0,0,0,7706,999,983,10,0,0,0,40,0,0,0,0,0,100,100,0
164,comanche_voxel89,43,-3114,68,2,-78,1,0,0,0,0,0,80,0,0,0,0,0,0,0,7706,999,983,10,0,0,0,40,0,0,0,0,0,100,100,0
165,comanche_voxel89,43,-3135,68,2,-78,1,0,0,0,0,0,81,0,0,0,0,0,0,0,7706,999,983,10,0,0,0,40,0,0,0,0,0,100,100,0
166,comanche_voxel89,44,-3156,69,2,-78,1,0,0,1,0,0,81,0,0,0,0,0,0,0,7706,999,982,10,0,0,0,40,0,0,0,0,0,100,100,0
167,comanche_voxel89,44,-3177,69,2,-78,1,0,0,0,0,0,81,0,0,0,0,0,0,0,7706,999,982,10,0,0,0,40,0,0,0,0,0,100,100,0
168,comanche_voxel89,45,-3197,70,2,-78,1,0,0,0,0,0,81,0,0,0,0,0,0,0,7706,999,982,10,0,0,0,40,0,0,0,0,0,100,100,0
169,comanche_voxel89,46,-3218,70,2,-78,1,0,0,0,0,0,81,0,0,0,0,0,0,0,7706,999,982,10,0,0,0,40,0,0,0,0,0,100,100,0
170,comanche_voxel89,46,-3239,71,2,-78,1,0,0,1,0,0,82,0,0,0,0,0,0,0,7706,999,981,10,0,0,0,40,0,0,0,0,0,100,100,0
171,comanche_voxel89,47,-3260,71,2,-78,1,0,0,0,0,0,82,0,0,0,0,0,0,0,7706,999,981,10,0,0,0,40,0,0,0,0,0,100,100,0
172,comanche_voxel89,48,-3281,72,2,-78,1,0,0,0,0,0,82,0,0,0,0,0,0,0,7706,999,981,10,0,0,0,40,0,0,0,0,0,100,100,0
173,comanche_voxel89,48,-3302,72,2,-78,1,0,0,0,0,0,82,0,0,0,0,0,0,0,7706,999,981,10,0,0,0,40,0,0,0,0,0,100,100,0
174,comanche_voxel89,49,-3322,72,2,-78,1,0,0,0,0,0,82,0,0,0,0,0,0,0,7706,999,981,10,0,0,0,40,0,0,0,0,0,100,100,0
175,comanche_voxel89,49,-3343,73,2,-78,1,0,0,0,0,0,83,0,0,0,0,0,0,0,7706,999,981,10,0,0,0,40,0,0,0,0,0,100,100,0
176,comanche_voxel89,50,-3364,73,2,-78,1,0,0,1,0,0,83,0,0,0,0,0,0,0,7706,999,981,10,0,0,0,40,0,0,0,0,0,100,100,0
177,comanche_voxel89,51,-3385,74,2,-78,1,0,0,0,0,0,83,0,0,0,0,0,0,0,7706,999,981,10,0,0,0,40,0,0,0,0,0,100,100,0
178,comanche_voxel89,51,-3406,74,2,-78,1,0,0,0,0,0,83,0,0,0,0,0,0,0,7706,999,981,10,0,0,0,40,0,0,0,0,0,100,100,0
179,comanche_voxel89,52,-3427,75,2,-78,1,0,0,0,0,0,83,0,0,0,0,0,0,0,7706,999,981,10,0,0,0,40,0,0,0,0,0,100,100,0
180,comanche_voxel89,52,-3447,75,2,-78,1,0,0,0,0,0,83,0,0,0,0,0,0,0,7706,999,981,10,0,0,0,39,0,0,0,0,0,100,100,0
181,comanche_voxel89,53,-3468,76,2,-78,1,0,0,0,0,0,84,0,0,0,0,0,0,0,7706,999,981,10,0,0,0,38,0,0,0,0,0,100,100,0
182,comanche_voxel89,54,-3489,76,2,-78,1,0,0,0,0,0,84,0,0,0,0,0,0,0,7706,999,981,10,0,0,0,37,0,0,0,0,0,100,100,0
183,comanche_voxel89,54,-3510,76,2,-78,1,0,0,0,0,0,84,0,0,0,0,0,0,0,7706,999,981,10,0,0,0,36,0,0,0,0,0,100,100,0
184,comanche_voxel89,55,-3531,77,2,-78,1,0,0,0,0,0,84,0,0,0,0,0,0,0,7706,999,981,10,0,0,0,35,0,0,0,0,0,100,100,0
185,comanche_voxel89,55,-3551,77,2,-78,1,0,0,0,0,0,84,0,0,0,0,0,0,0,7706,999,981,10,0,0,0,34,0,0,0,0,0,100,100,0
186,comanche_voxel89,56,-3572,78,2,-78,1,0,0,0,0,0,85,0,0,0,0,0,0,0,7706,999,981,10,0,0,0,33,0,0,0,0,0,100,100,0
187,comanche_voxel89,57,-3593,78,2,-78,1,0,0,0,0,0,85,0,0,0,0,0,0,0,7706,999,981,10,0,0,0,32,0,0,0,0,0,100,100,0
188,comanche_voxel89,57,-3614,79,2,-78,1,0,0,0,0,0,85,0,0,0,0,0,0,0,7706,999,981,10,0,0,0,31,0,0,0,0,0,100,100,0
189,comanche_voxel89,58,-3635,79,2,-78,1,0,0,0,0,0,85,0,0,0,0,0,0,0,7706,999,981,10,0,0,0,30,0,0,0,0,0,100,100,0
190,comanche_voxel89,59,-3656,80,2,-78,1,0,0,0,0,0,85,0,0,0,0,0,0,0,7706,999,981,10,0,0,0,29,0,0,0,0,0,100,100,0
191,comanche_voxel89,59,-3676,80,2,-78,1,0,0,0,0,0,86,0,0,0,0,0,0,0,7706,999,981,10,0,0,0,28,0,0,0,0,0,100,100,0
192,comanche_voxel89,60,-3697,81,2,-78,1,0,0,1,0,0,86,0,0,0,0,0,0,0,7706,999,981,10,0,0,0,27,0,0,0,0,0,100,100,0
193,comanche_voxel89,60,-3718,81,2,-78,1,0,0,0,0,0,86,0,0,0,0,0,0,0,7706,999,981,10,0,0,0,26,0,0,0,0,0,100,100,0
194,comanche_voxel89,61,-3739,81,2,-78,1,0,0,0,0,0,86,0,0,0,0,0,0,0,7706,999,981,10,0,0,0,25,0,0,0,0,0,100,100,0
195,comanche_voxel89,62,-3760,82,2,-78,1,0,0,0,0,0,86,0,0,0,0,0,0,0,7706,999,981,10,0,0,0,24,0,0,0,0,0,100,100,0
196,comanche_voxel89,62,-3781,82,2,-78,1,0,0,0,0,0,86,0,0,0,0,0,0,0,7706,999,981,10,0,0,0,23,0,0,0,0,0,100,100,0
197,comanche_voxel89,63,-3801,83,2,-78,1,0,0,0,0,0,87,0,0,0,0,0,0,0,7706,999,981,10,0,0,0,22,0,0,0,0,0,100,100,0
198,comanche_voxel89,63,-3822,83,2,-78,1,0,0,0,0,0,87,0,0,0,0,0,0,0,7706,999,981,10,0,0,0,21,0,0,0,0,0,100,100,0
199,comanche_voxel89,64,-3843,84,2,-78,1,0,0,0,0,0,87,0,0,0,0,0,0,0,7706,999,981,10,0,0,0,20,0,0,0,0,0,100,100,0
200,comanche_voxel89,65,-3864,84,2,-78,1,0,0,0,0,0,87,0,0,0,0,0,0,0,7706,999,981,10,0,0,0,19,0,0,0,0,0,100,100,0
201,comanche_voxel89,65,-3885,85,2,-78,1,0,0,0,0,0,87,0,0,0,0,0,0,0,7706,999,981,10,0,0,0,18,0,0,0,0,0,100,100,0
202,comanche_voxel89,66,-3906,85,2,-78,1,0,0,0,0,0,88,0,0,0,0,0,0,0,7706,999,981,10,0,0,0,17,0,0,0,0,0,100,100,0
203,comanche_voxel89,66,-3926,86,2,-78,1,0,0,0,0,0,88,0,0,0,0,0,0,0,7706,999,981,10,0,0,0,16,0,0,0,0,0,100,100,0
204,comanche_voxel89,67,-3947,86,2,-78,1,0,0,0,0,0,88,0,0,0,0,0,0,0,7706,999,981,10,0,0,0,15,0,0,0,0,0,100,100,0
205,comanche_voxel89,68,-3968,86,2,-78,1,0,0,0,0,0,88,0,0,0,0,0,0,0,7706,999,981,10,0,0,0,14,0,0,0,0,0,100,100,0
206,comanche_voxel89,68,-3989,87,2,-78,1,0,0,0,0,0,88,0,0,0,0,0,0,0,7706,999,981,10,0,0,0,13,0,0,0,0,0,100,100,0
207,comanche_voxel89,69,-4010,87,2,-78,1,0,0,0,0,0,89,0,0,0,0,0,0,0,7706,999,981,10,0,0,0,12,0,0,0,0,0,100,100,0
208,comanche_voxel89,69,-4031,88,2,-78,1,0,0,1,0,0,89,0,0,0,0,0,0,0,7706,999,981,10,0,0,0,11,0,0,0,0,0,100,100,0
209,comanche_voxel89,70,-4051,88,2,-78,1,0,0,0,0,0,89,0,0,0,0,0,0,0,7706,999,981,10,0,0,0,10,0,0,0,0,0,100,100,0
210,comanche_voxel89,71,-4072,89,2,-78,1,0,0,0,0,0,89,0,0,0,0,0,0,0,7706,999,981,10,0,0,0,9,0,0,0,0,0,100,100,0
211,comanche_voxel89,71,-4093,89,2,-78,1,0,0,0,0,0,89,0,0,0,0,0,0,0,7706,999,981,10,0,0,0,8,0,0,0,0,0,100,100,0
212,comanche_voxel89,72,-4114,90,2,-78,1,0,0,0,0,0,89,0,0,0,0,0,0,0,7706,999,981,10,0,0,0,7,0,0,0,0,0,100,100,0
213,comanche_voxel89,73,-4135,90,2,-78,1,0,0,0,0,0,90,0,0,0,0,0,0,0,7706,999,981,10,0,0,0,6,0,0,0,0,0,100,100,0
214,comanche_voxel89,73,-4156,91,2,-78,1,0,0,0,0,0,90,0,0,0,0,0,0,0,7706,999,981,10,0,0,0,5,0,0,0,0,0,100,100,0
215,comanche_voxel89,74,-4176,91,2,-78,1,0,0,0,0,0,90,0,0,0,0,0,0,0,7706,999,981,10,0,0,0,4,0,0,0,0,0,100,100,0
216,comanche_voxel89,74,-4197,91,2,-78,1,0,0,0,0,0,90,0,0,0,0,0,0,0,7706,999,981,10,0,0,0,3,0,0,0,0,0,100,100,0
217,comanche_voxel89,75,-4218,92,2,-78,1,0,0,0,0,0,90,0,0,0,0,0,0,0,7706,999,981,10,0,0,0,2,0,0,0,0,0,100,100,0
218,comanche_voxel89,76,-4239,92,2,-78,1,0,0,0,0,0,91,0,0,0,0,0,0,0,7706,999,981,10,0,0,0,1,0,0,0,0,0,100,100,0
219,comanche_voxel89,76,-4260,93,2,-78,1,0,0,0,0,0,91,0,0,0,0,0,0,0,7706,999,981,10,0,0,0,0,0,0,0,0,0,100,100,0
220,comanche_voxel89,77,-4280,93,2,-78,1,0,0,0,0,0,91,0,0,0,0,0,0,0,7706,999,981,10,0,0,0,0,0,0,0,0,0,100,100,0
221,comanche_voxel89,77,-4301,94,2,-78,1,0,0,0,0,0,91,0,0,0,0,0,0,0,7706,999,981,10,0,0,0,0,0,0,0,0,0,100,100,0
222,comanche_voxel89,78,-4322,94,2,-78,1,0,0,0,0,0,91,0,0,0,0,0,0,0,7706,999,981,10,0,0,0,0,0,0,0,0,0,100,100,0
223,comanche_voxel89,79,-4343,95,2,-78,1,0,0,0,0,0,92,0,0,0,0,0,0,0,7706,999,981,10,0,0,0,0,0,0,0,0,0,100,100,0
224,comanche_voxel89,79,-4364,95,2,-78,1,0,0,0,0,0,92,0,0,0,0,0,0,0,7706,999,981,10,0,0,0,0,0,0,0,0,0,100,100,0
225,comanche_voxel89,80,-4385,96,2,-78,1,0,0,1,0,0,92,0,0,0,0,0,0,0,7706,999,980,10,0,0,0,0,0,0,0,0,0,100,100,0
226,comanche_voxel89,80,-4405,96,2,-78,1,0,0,0,0,0,92,0,0,0,0,0,0,0,7706,999,980,10,0,0,0,0,0,0,0,0,0,100,100,0
227,comanche_voxel89,81,-4426,96,2,-78,1,0,0,0,0,0,92,0,0,0,0,0,0,0,7706,999,980,10,0,0,0,0,0,0,0,0,0,100,100,0
228,comanche_voxel89,82,-4447,97,2,-78,1,0,0,0,0,0,92,0,0,0,0,0,0,0,7706,999,980,10,0,0,0,0,0,0,0,0,0,100,100,0
229,comanche_voxel89,82,-4468,97,2,-78,1,0,0,1,0,0,93,0,0,0,0,0,0,0,7706,999,979,10,0,0,0,0,0,0,0,0,0,100,100,0
230,comanche_voxel89,83,-4489,98,2,-78,1,0,0,0,0,0,93,0,0,0,0,0,0,0,7706,999,979,10,0,0,0,0,0,0,0,0,0,100,100,0
231,comanche_voxel89,83,-4510,98,2,-78,1,0,0,0,0,0,93,0,0,0,0,0,0,0,7706,999,979,10,0,0,0,0,0,0,0,0,0,100,100,0
232,comanche_voxel89,84,-4530,99,2,-78,1,0,0,0,0,0,93,0,0,0,0,0,0,0,7706,999,979,10,0,0,0,0,0,0,0,0,0,100,100,0
233,comanche_voxel89,85,-4551,99,2,-78,1,0,0,1,0,0,93,0,0,0,0,0,0,0,7706,999,978,10,0,0,0,0,0,0,0,0,0,100,100,0
234,comanche_voxel89,85,-4572,100,2,-78,1,0,0,0,0,0,94,0,0,0,0,0,0,0,7706,999,978,10,0,0,0,0,0,0,0,0,0,100,100,0
235,comanche_voxel89,86,-4593,100,2,-78,1,0,0,0,0,0,94,0,0,0,0,0,0,0,7706,999,978,10,0,0,0,0,0,0,0,0,0,100,100,0
236,comanche_voxel89,87,-4614,101,2,-78,1,0,0,0,0,0,94,0,0,0,0,0,0,0,7706,999,978,10,0,0,0,0,0,0,0,0,0,100,100,0
237,comanche_voxel89,87,-4635,101,2,-78,1,0,0,1,0,0,94,0,0,0,0,0,0,0,7706,999,977,10,0,0,0,0,0,0,0,0,0,100,100,0
238,comanche_voxel89,88,-4655,101,2,-78,1,0,0,0,0,0,94,0,0,0,0,0,0,0,7706,999,977,10,0,0,0,0,0,0,0,0,0,100,100,0
239,comanche_voxel89,88,-4676,102,2,-78,1,0,0,0,0,0,95,0,0,0,0,0,0,0,7706,999,977,10,0,0,0,0,0,0,0,0,0,100,100,0
240,comanche_voxel89,89,-4697,102,2,-78,1,0,0,0,0,0,95,0,0,0,0,0,0,0,7706,999,977,10,0,0,0,0,0,0,0,0,0,100,100,0
241,comanche_voxel89,90,-4718,103,2,-78,1,0,0,1,0,0,95,0,0,0,0,0,0,0,7706,999,976,10,0,0,0,0,0,0,0,0,0,100,100,0
242,comanche_voxel89,90,-4739,103,2,-78,1,0,0,0,0,0,95,0,0,0,0,0,0,0,7706,999,976,10,0,0,0,0,0,0,0,0,0,100,100,0
243,comanche_voxel89,91,-4760,104,2,-78,1,0,0,0,0,0,95,0,0,0,0,0,0,0,7706,999,976,10,0,0,0,0,0,0,0,0,0,100,100,0
244,comanche_voxel89,91,-4780,104,2,-78,1,0,0,0,0,0,95,0,0,0,0,0,0,0,7706,999,976,10,0,0,0,0,0,0,0,0,0,100,100,0
245,comanche_voxel89,92,-4801,105,2,-78,1,0,0,1,0,0,96,0,0,0,0,0,0,0,7706,999,975,10,0,0,0,0,0,0,0,0,0,100,100,0
246,comanche_voxel89,93,-4822,105,2,-78,1,0,0,0,0,0,96,0,0,0,0,0,0,0,7706,999,975,10,0,0,0,0,0,0,0,0,0,100,100,0
247,comanche_voxel89,93,-4843,105,2,-78,1,0,0,0,0,0,96,0,0,0,0,0,0,0,7706,999,975,10,0,0,0,0,0,0,0,0,0,100,100,0
248,comanche_voxel89,94,-4864,106,2,-78,1,0,0,0,0,0,96,0,0,0,0,0,0,0,7706,999,975,10,0,0,0,0,0,0,0,0,0,100,100,0
249,comanche_voxel89,94,-4884,106,2,-78,1,0,0,0,0,0,96,0,0,0,0,0,0,0,7706,999,975,10,0,0,0,0,0,0,0,0,0,100,100,0
250,comanche_voxel89,95,-4905,107,2,-78,1,0,0,0,0,0,97,0,0,0,0,0,0,0,7706,999,975,10,0,0,0,0,0,0,0,0,0,100,100,0
251,comanche_voxel89,96,-4926,107,2,-78,1,0,0,0,0,0,97,0,0,0,0,0,0,0,7706,999,975,10,0,0,0,0,0,0,0,0,0,100,100,0
252,comanche_voxel89,96,-4947,108,2,-78,1,0,0,0,0,0,97,0,0,0,0,0,0,0,7706,999,975,10,0,0,0,0,0,0,0,0,0,100,100,0
253,comanche_voxel89,97,-4968,108,2,-78,1,0,0,0,0,0,97,0,0,0,0,0,0,0,7706,999,975,10,0,0,0,0,0,0,0,0,0,100,100,0
254,comanche_voxel89,98,-4989,109,2,-78,1,0,0,0,0,0,97,0,0,0,0,0,0,0,7706,999,975,10,0,0,0,0,0,0,0,0,0,100,100,0
255,comanche_voxel89,98,-5009,109,2,-78,1,0,0,0,0,0,98,0,0,0,0,0,0,0,7706,999,975,10,0,0,0,0,0,0,0,0,0,100,100,0
256,comanche_voxel89,99,-5030,110,2,-78,1,0,0,0,0,0,98,0,0,0,0,0,0,0,7706,999,975,10,0,0,0,0,0,0,0,0,0,100,100,0
257,comanche_voxel89,99,-5051,110,2,-78,1,0,0,0,0,0,98,0,0,0,0,0,0,0,7706,999,975,10,0,0,0,0,0,0,0,0,0,100,100,0
258,comanche_voxel89,100,-5072,110,2,-78,1,0,0,0,0,0,98,0,0,0,0,0,0,0,7706,999,975,10,0,0,0,0,0,0,0,0,0,100,100,0
259,comanche_voxel89,101,-5093,111,2,-78,1,0,0,0,0,0,98,0,0,0,0,0,0,0,7706,999,975,10,0,0,0,0,0,0,0,0,0,100,100,0
260,comanche_voxel89,101,-5114,111,1,-78,1,0,0,0,0,0,98,0,0,0,0,0,0,0,7706,999,975,10,0,0,0,0,0,0,0,0,0,100,100,0
261,comanche_voxel89,102,-5134,112,1,-78,1,0,0,0,0,0,99,0,0,0,0,0,0,0,7706,999,975,10,0,0,0,0,0,0,0,0,0,100,100,0
262,comanche_voxel89,102,-5155,112,1,-78,1,0,0,0,0,0,99,0,0,0,0,0,0,0,7706,999,975,10,0,0,0,0,0,0,0,0,0,100,100,0
263,comanche_voxel89,102,-5176,113,1,-78,1,0,0,0,0,0,99,0,0,0,0,0,0,0,7706,999,975,10,0,0,0,0,0,0,0,0,0,100,100,0
264,comanche_voxel89,103,-5197,113,1,-78,1,0,0,0,0,0,99,0,0,0,0,0,0,0,7706,999,975,10,0,0,0,0,0,0,0,0,0,100,100,0
265,comanche_voxel89,103,-5218,114,0,-78,1,0,0,0,0,0,99,0,0,0,0,0,0,0,7706,999,975,10,0,0,0,0,0,0,0,0,0,100,100,0
266,comanche_voxel89,103,-5239,114,0,-78,1,0,0,0,0,0,100,0,0,0,0,0,0,0,7706,999,975,10,0,0,0,0,0,0,0,0,0,100,100,0
267,comanche_voxel89,103,-5259,115,0,-78,1,0,0,0,0,0,100,0,0,0,0,0,0,0,7706,999,975,10,0,0,0,0,0,0,0,0,0,100,100,0
268,comanche_voxel89,103,-5280,115,0,-78,1,0,0,0,0,0,100,0,0,0,0,0,0,0,7706,999,975,10,0,0,0,0,0,0,0,0,0,100,100,0
269,comanche_voxel89,103,-5301,115,0,-78,1,0,0,0,0,0,100,0,0,0,0,0,0,0,7706,999,975,10,0,0,0,0,0,0,0,0,0,100,100,0
270,comanche_voxel89,103,-5322,116,0,-78,1,0,0,0,0,0,100,0,0,0,0,0,0,0,7706,999,975,10,0,0,0,40,0,0,0,0,0,100,100,0
271,comanche_voxel89,103,-5343,116,0,-78,1,0,0,0,0,0,100,0,0,0,0,0,0,0,7706,999,975,10,0,0,0,40,0,0,0,0,0,100,100,0
272,comanche_voxel89,103,-5364,117,0,-78,1,0,0,1,0,0,100,0,0,0,0,0,0,0,7706,999,975,10,0,0,0,40,0,0,0,0,0,100,100,0
273,comanche_voxel89,103,-5384,117,0,-78,1,0,0,0,0,0,100,0,0,0,0,0,0,0,7706,999,975,10,0,0,0,40,0,0,0,0,0,100,100,0
274,comanche_voxel89,103,-5405,118,0,-78,1,0,0,0,0,0,100,0,0,0,0,0,0,0,7706,999,975,10,0,0,0,40,0,0,0,0,0,100,100,0
275,comanche_voxel89,103,-5426,118,0,-78,1,0,0,0,0,0,100,0,0,0,0,0,0,0,7706,999,975,10,0,0,0,40,0,0,0,0,0,100,100,0
276,comanche_voxel89,102,-5447,119,0,-78,1,0,0,0,0,0,100,0,0,0,0,0,0,0,7706,999,975,10,0,0,0,40,0,0,0,0,0,100,100,0
277,comanche_voxel89,102,-5468,119,0,-78,1,0,0,0,0,0,100,0,0,0,0,0,0,0,7706,999,975,10,0,0,0,40,0,0,0,0,0,100,100,0
278,comanche_voxel89,102,-5489,120,0,-78,1,0,0,0,0,0,100,0,0,0,0,0,0,0,7706,999,975,10,0,0,0,40,0,0,0,0,0,100,100,0
279,comanche_voxel89,102,-5509,120,-1,-78,1,0,0,0,0,0,100,0,0,0,0,0,0,0,7706,999,975,10,0,0,0,40,0,0,0,0,0,100,100,0
280,comanche_voxel89,101,-5530,120,-1,-78,1,0,0,0,0,0,100,0,0,0,0,0,0,0,7706,999,975,10,0,0,0,40,0,0,0,0,0,100,100,0
281,comanche_voxel89,101,-5551,121,-1,-78,1,0,0,0,0,0,100,0,0,0,0,0,0,0,7706,999,975,10,0,0,0,40,0,0,0,0,0,100,100,0
282,comanche_voxel89,101,-5572,121,-1,-78,1,0,0,0,0,0,100,0,0,0,0,0,0,0,7706,999,975,10,0,0,0,40,0,0,0,0,0,100,100,0
283,comanche_voxel89,100,-5593,122,-1,-78,1,0,0,0,0,0,100,0,0,0,0,0,0,0,7706,999,975,10,0,0,0,40,0,0,0,0,0,100,100,0
284,comanche_voxel89,100,-5613,122,-1,-78,1,0,0,0,0,0,100,0,0,0,0,0,0,0,7706,999,975,10,0,0,0,40,0,0,0,0,0,100,100,0
285,comanche_voxel89,100,-5634,123,-1,-78,1,0,0,0,0,0,100,0,0,0,0,0,0,0,7706,999,975,10,0,0,0,40,0,0,0,0,0,100,100,0
286,comanche_voxel89,99,-5655,123,-1,-78,1,0,0,0,0,0,100,0,0,0,0,0,0,0,7706,999,975,10,0,0,0,40,0,0,0,0,0,100,100,0
287,comanche_voxel89,99,-5676,124,-1,-78,1,0,0,0,0,0,100,0,0,0,0,0,0,0,7706,999,975,10,0,0,0,40,0,0,0,0,0,100,100,0
288,comanche_voxel89,98,-5697,124,-1,-78,1,0,0,1,0,0,100,0,0,0,0,0,0,0,7706,999,975,10,0,0,0,40,0,0,0,0,0,100,100,0
289,comanche_voxel89,98,-5718,125,-1,-78,1,0,0,0,0,0,100,0,0,0,0,0,0,0,7706,999,975,10,0,0,0,40,0,0,0,0,0,100,100,0
290,comanche_voxel89,97,-5738,125,-1,-78,1,0,0,0,0,0,100,0,0,0,0,0,0,0,7706,999,975,10,0,0,0,40,0,0,0,0,0,100,100,0
291,comanche_voxel89,97,-5759,125,-1,-78,1,0,0,0,0,0,100,0,0,0,0,0,0,0,7706,999,975,10,0,0,0,40,0,0,0,0,0,100,100,0
292,comanche_voxel89,97,-5780,126,-1,-78,1,0,0,0,0,0,100,0,0,0,0,0,0,0,7706,999,975,10,0,0,0,40,0,0,0,0,0,100,100,0
293,comanche_voxel89,96,-5801,126,-1,-78,1,0,0,0,0,0,100,0,0,0,0,0,0,0,7706,999,975,10,0,0,0,40,0,0,0,0,0,100,100,0
294,comanche_voxel89,96,-5822,127,-1,-78,1,0,0,0,0,0,100,0,0,0,0,0,0,0,7706,999,975,10,0,0,0,40,0,0,0,0,0,100,100,0
295,comanche_voxel89,95,-5843,127,-1,-78,1,0,0,0,0,0,100,0,0,0,0,0,0,0,7706,999,975,10,0,0,0,40,0,0,0,0,0,100,100,0
296,comanche_voxel89,95,-5863,128,-1,-78,1,0,0,0,0,0,100,0,0,0,0,0,0,0,7706,999,975,10,0,0,0,40,0,0,0,0,0,100,100,0
297,comanche_voxel89,94,-5884,128,-1,-78,1,0,0,0,0,0,100,0,0,0,0,0,0,0,7706,999,975,10,0,0,0,40,0,0,0,0,0,100,100,0
298,comanche_voxel89,94,-5905,129,-1,-78,1,0,0,0,0,0,100,0,0,0,0,0,0,0,7706,999,975,10,0,0,0,40,0,0,0,0,0,100,100,0
299,comanche_voxel89,93,-5926,129,-1,-78,1,0,0,0,0,0,100,0,0,0,0,0,0,0,7706,999,975,10,0,0,0,40,0,0,0,0,0,100,100,0
300,comanche_voxel89,93,-5947,130,-1,-78,1,0,0,1,0,0,100,0,0,0,0,0,0,0,7706,999,974,10,0,0,0,40,0,0,0,0,0,100,100,0
301,comanche_voxel89,92,-5968,130,-1,-78,1,0,0,0,0,0,100,0,0,0,0,0,0,0,7706,999,974,10,0,0,0,40,0,0,0,0,0,100,100,0
302,comanche_voxel89,92,-5988,130,-1,-78,1,0,0,0,0,0,100,0,0,0,0,0,0,0,7706,999,974,10,0,0,0,40,0,0,0,0,0,100,100,0
303,comanche_voxel89,91,-6009,131,-1,-78,1,0,0,0,0,0,100,0,0,0,0,0,0,0,7706,999,974,10,0,0,0,40,0,0,0,0,0,100,100,0
304,comanche_voxel89,91,-6030,131,-1,-78,1,0,0,2,0,0,100,0,0,0,0,0,0,0,7706,999,973,10,0,0,0,40,0,0,0,0,0,100,100,0
305,comanche_voxel89,90,-6051,132,-1,-78,1,0,0,0,0,0,100,0,0,0,0,0,0,0,7706,999,973,10,0,0,0,40,0,0,0,0,0,100,100,0
306,comanche_voxel89,90,-6072,132,-1,-78,1,0,0,0,0,0,100,0,0,0,0,0,0,0,7706,999,973,10,0,0,0,40,0,0,0,0,0,100,100,0
307,comanche_voxel89,89,-6093,133,-2,-78,1,0,0,0,0,0,100,0,0,0,0,0,0,0,7706,999,973,10,0,0,0,40,0,0,0,0,0,100,100,0
308,comanche_voxel89,88,-6113,133,-2,-78,1,0,0,1,0,0,100,0,0,0,0,0,0,0,7706,999,972,10,0,0,0,40,0,0,0,0,0,100,100,0
309,comanche_voxel89,88,-6134,134,-2,-78,1,0,0,0,0,0,100,0,0,0,0,0,0,0,7706,999,972,10,0,0,0,40,0,0,0,0,0,100,100,0
310,comanche_voxel89,87,-6155,134,-2,-78,1,0,0,0,0,0,100,0,0,0,0,0,0,0,7706,999,972,10,0,0,0,40,0,0,0,0,0,100,100,0
311,comanche_voxel89,87,-6176,134,-2,-78,1,0,0,0,0,0,100,0,0,0,0,0,0,0,7706,999,972,10,0,0,0,40,0,0,0,0,0,100,100,0
312,comanche_voxel89,86,-6197,135,-2,-78,1,0,0,1,0,0,100,0,0,0,0,0,0,0,7706,999,971,10,0,0,0,40,0,0,0,0,0,100,100,0
313,comanche_voxel89,86,-6217,135,-2,-78,1,0,0,0,0,0,100,0,0,0,0,0,0,0,7706,999,971,10,0,0,0,40,0,0,0,0,0,100,100,0
314,comanche_voxel89,85,-6238,136,-2,-78,1,0,0,0,0,0,100,0,0,0,0,0,0,0,7706,999,971,10,0,0,0,40,0,0,0,0,0,100,100,0
315,comanche_voxel89,85,-6259,136,-2,-78,1,0,0,0,0,0,100,0,0,0,0,0,0,0,7706,999,971,10,0,0,0,40,0,0,0,0,0,100,100,0
316,comanche_voxel89,84,-6280,137,-2,-78,1,0,0,1,0,0,100,0,0,0,0,0,0,0,7706,999,970,10,0,0,0,40,0,0,0,0,0,100,100,0
317,comanche_voxel89,84,-6301,137,-2,-78,1,0,0,0,0,0,100,0,0,0,0,0,0,0,7706,999,970,10,0,0,0,40,0,0,0,0,0,100,100,0
318,comanche_voxel89,83,-6322,138,-2,-78,1,0,0,1,0,0,100,0,0,0,0,0,0,0,7706,999,970,9,1,0,0,40,0,0,0,0,0,100,100,0
319,comanche_voxel89,82,-6342,138,-2,-78,1,0,0,0,0,0,100,0,0,0,0,0,0,0,7706,999,970,9,1,0,0,40,0,0,0,0,0,100,100,0
320,comanche_voxel89,82,-6363,139,-2,-78,1,0,0,2,0,0,100,0,0,0,0,0,0,0,7706,999,969,9,1,0,0,40,0,0,0,0,0,100,100,0
321,comanche_voxel89,81,-6384,139,-2,-78,1,0,0,0,0,0,100,0,0,0,0,0,0,0,7706,999,969,9,1,0,0,40,0,0,0,0,0,100,100,0
322,comanche_voxel89,81,-6405,139,-2,-78,1,0,0,1,0,0,100,0,0,0,0,0,0,0,7706,999,969,9,1,0,1,40,0,0,5,0,0,100,100,0
323,comanche_voxel89,80,-6426,140,-2,-78,1,0,0,1,0,0,100,0,0,0,0,0,0,0,7706,999,969,9,1,0,1,40,0,0,5,0,0,100,100,0
324,comanche_voxel89,80,-6447,140,-2,-78,1,0,0,1,0,0,100,0,0,0,0,0,0,0,7706,999,969,9,1,0,1,40,0,0,5,0,0,100,100,0
325,comanche_voxel89,79,-6467,141,-2,-78,1,0,0,1,0,0,100,0,0,0,0,0,0,0,7706,999,969,9,1,0,1,40,0,0,5,0,0,100,100,0
326,comanche_voxel89,78,-6488,141,-2,-78,1,0,0,1,0,0,100,0,0,0,0,0,0,0,7706,999,969,9,1,0,1,40,0,0,5,0,0,100,100,0
327,comanche_voxel89,78,-6509,142,-2,-78,1,0,0,1,0,0,100,0,0,0,0,0,0,0,7706,999,969,9,1,0,1,40,0,0,5,0,0,100,100,0
328,comanche_voxel89,77,-6530,142,-2,-78,1,0,0,1,0,0,100,0,0,0,0,0,0,0,7706,999,969,9,1,0,1,40,0,0,5,0,0,100,100,0
329,comanche_voxel89,77,-6551,143,-2,-78,1,0,0,1,0,0,100,0,0,0,0,0,0,0,7706,999,969,9,1,0,1,40,0,0,5,0,0,100,100,0
330,comanche_voxel89,76,-6572,143,-2,-78,1,0,0,1,0,0,100,0,0,0,0,0,0,0,7706,999,969,9,1,0,1,40,0,0,5,0,0,100,100,0
331,comanche_voxel89,76,-6592,144,-2,-78,1,0,0,1,0,0,100,0,0,0,0,0,0,0,7706,999,969,9,1,0,1,40,0,0,5,0,0,100,100,0
332,comanche_voxel89,75,-6613,144,-2,-78,1,0,0,1,0,0,100,0,0,0,0,0,0,0,7706,999,969,9,1,0,1,40,0,0,5,0,0,100,100,0
333,comanche_voxel89,74,-6634,144,-2,-78,1,0,0,1,0,0,100,0,0,0,0,0,0,0,7706,999,969,9,1,0,1,40,0,0,5,0,0,100,100,0
334,comanche_voxel89,74,-6655,145,-2,-78,1,0,0,1,0,0,100,0,0,0,0,0,0,0,7706,999,969,9,1,0,1,40,0,0,5,0,0,100,100,0
335,comanche_voxel89,73,-6676,145,-2,-78,1,0,0,1,0,0,100,0,0,0,0,0,0,0,7706,999,969,9,1,0,1,40,0,0,5,0,0,100,100,0
336,comanche_voxel89,73,-6697,146,-2,-78,1,0,0,2,0,0,100,0,0,0,0,0,0,0,7706,999,969,9,1,0,1,40,0,0,5,0,0,100,100,0
337,comanche_voxel89,72,-6717,146,-2,-78,1,0,0,1,0,0,100,0,0,0,0,0,0,0,7706,999,969,9,1,0,1,40,0,0,5,0,0,100,100,0
338,comanche_voxel89,72,-6738,147,-2,-78,1,0,0,1,0,0,100,0,0,0,0,0,0,0,7706,999,969,9,1,0,1,40,0,0,5,0,0,100,100,0
339,comanche_voxel89,71,-6759,147,-2,-78,1,0,0,1,0,0,100,0,0,0,0,0,0,0,7706,999,969,9,1,0,1,40,0,0,5,0,0,100,100,0
340,comanche_voxel89,70,-6780,148,-2,-78,1,0,0,1,0,0,100,0,0,0,0,0,0,0,7706,999,969,9,1,0,1,40,0,0,5,0,0,100,100,0
341,comanche_voxel89,70,-6801,148,-2,-78,1,0,0,1,0,0,100,0,0,0,0,0,0,0,7706,999,969,9,1,0,1,40,0,0,5,0,0,100,100,0
342,comanche_voxel89,69,-6822,149,-2,-78,1,0,0,1,0,0,100,0,0,0,0,0,0,0,7706,999,969,9,1,0,1,40,0,0,5,0,0,100,100,0
343,comanche_voxel89,69,-6842,149,-2,-78,1,0,0,1,0,0,100,0,0,0,0,0,0,0,7706,999,969,9,1,0,1,40,0,0,5,0,0,100,100,0
344,comanche_voxel89,68,-6863,149,-2,-78,1,0,0,1,0,0,100,0,0,0,0,0,0,0,7706,999,969,9,1,0,1,40,0,0,5,0,0,100,100,0
345,comanche_voxel89,68,-6884,150,-2,-78,1,0,0,1,0,0,100,0,0,0,0,0,0,0,7706,999,969,9,1,0,1,40,0,0,5,0,0,100,100,0
346,comanche_voxel89,67,-6905,150,-2,-78,1,0,0,1,0,0,100,0,0,0,0,0,0,0,7706,999,969,9,1,0,1,40,0,0,5,0,0,100,100,0
347,comanche_voxel89,66,-6926,151,-2,-78,1,0,0,1,0,0,100,0,0,0,0,0,0,0,7706,999,969,9,1,0,1,40,0,0,5,0,0,100,100,0
348,comanche_voxel89,66,-6946,151,-2,-78,1,0,0,1,0,0,100,0,0,0,0,0,0,0,7706,999,969,9,1,0,1,40,0,0,5,0,0,100,100,0
349,comanche_voxel89,65,-6967,152,-2,-78,1,0,0,1,0,0,100,0,0,0,0,0,0,0,7706,999,969,9,1,0,1,40,0,0,5,0,0,100,100,0
350,comanche_voxel89,65,-6988,152,-2,-78,1,0,0,1,0,0,100,0,0,0,0,0,0,0,7706,999,969,9,1,0,1,40,0,0,5,0,0,100,100,0
351,comanche_voxel89,64,-7009,153,-2,-78,1,0,0,1,0,0,100,0,0,0,0,0,0,0,7706,999,969,9,1,0,1,40,0,0,5,0,0,100,100,0
352,comanche_voxel89,63,-7030,153,-2,-78,1,0,0,2,0,0,100,0,0,0,0,0,0,0,7706,999,969,9,1,0,1,40,0,0,5,0,0,100,100,0
353,comanche_voxel89,63,-7051,154,-2,-78,1,0,0,1,0,0,100,0,0,0,0,0,0,0,7706,999,969,9,1,0,1,40,0,0,5,0,0,100,100,0
354,comanche_voxel89,62,-7071,154,-2,-78,1,0,0,1,0,0,100,0,0,0,0,0,0,0,7706,999,969,9,1,0,1,40,0,0,5,0,0,100,100,0
355,comanche_voxel89,62,-7092,154,-2,-78,1,0,0,1,0,0,100,0,0,0,0,0,0,0,7706,999,969,9,1,0,1,40,0,0,5,0,0,100,100,0
356,comanche_voxel89,61,-7113,155,-2,-78,1,0,0,1,0,0,100,0,0,0,0,0,0,0,7706,999,969,9,1,0,1,40,0,0,5,0,0,100,100,0
357,comanche_voxel89,61,-7134,155,-2,-78,1,0,0,1,0,0,100,0,0,0,0,0,0,0,7706,999,969,9,1,0,1,40,0,0,5,0,0,100,100,0
358,comanche_voxel89,60,-7155,156,-2,-78,1,0,0,1,0,0,100,0,0,0,0,0,0,0,7706,999,969,9,1,0,1,40,0,0,5,0,0,100,100,0
359,comanche_voxel89,59,-7176,156,-2,-78,1,0,0,1,0,0,100,0,0,0,0,0,0,0,7706,999,969,9,1,0,1,40,0,0,5,0,0,100,100,0
360,comanche_voxel89,59,-7196,157,-2,-78,1,0,0,1,0,0,100,0,0,0,0,0,0,0,7706,999,969,9,1,0,1,39,0,0,5,0,0,100,100,0
361,comanche_voxel89,58,-7217,157,-2,-78,1,0,0,1,0,0,100,0,0,0,0,0,0,0,7706,999,969,9,1,0,1,38,0,0,5,0,0,100,100,0
362,comanche_voxel89,58,-7238,158,-2,-78,1,0,0,1,0,0,100,0,0,0,0,0,0,0,7706,999,969,9,1,0,1,37,0,0,5,0,0,100,100,0
363,comanche_voxel89,57,-7259,158,-2,-78,1,0,0,1,0,0,100,0,0,0,0,0,0,0,7706,999,969,9,1,0,1,36,0,0,5,0,0,100,100,0
364,comanche_voxel89,57,-7280,159,-2,-78,1,0,0,1,0,0,100,0,0,0,0,0,0,0,7706,999,969,9,1,0,1,35,0,0,5,0,0,100,100,0
365,comanche_voxel89,56,-7301,159,-2,-78,1,0,0,1,0,0,100,0,0,0,0,0,0,0,7706,999,969,9,1,0,1,34,0,0,5,0,0,100,100,0
366,comanche_voxel89,55,-7321,159,-2,-78,1,0,0,1,0,0,100,0,0,0,0,0,0,0,7706,999,969,9,1,0,1,33,0,0,5,0,0,100,100,0
367,comanche_voxel89,55,-7342,160,-2,-78,1,0,0,1,0,0,100,0,0,0,0,0,0,0,7706,999,969,9,1,0,1,32,0,0,5,0,0,100,100,0
368,comanche_voxel89,54,-7363,160,-2,-78,1,0,0,2,0,0,100,0,0,0,0,0,0,0,7706,999,969,9,1,0,1,31,0,0,5,0,0,100,100,0
369,comanche_voxel89,54,-7384,161,-2,-78,1,0,0,1,0,0,100,0,0,0,0,0,0,0,7706,999,969,9,1,0,1,30,0,0,5,0,0,100,100,0
370,comanche_voxel89,53,-7405,161,-2,-78,1,0,0,1,0,0,100,0,0,0,0,0,0,0,7706,999,969,9,1,0,1,29,0,0,5,0,0,100,100,0
371,comanche_voxel89,52,-7426,162,-2,-78,1,0,0,1,0,0,100,0,0,0,0,0,0,0,7706,999,969,9,1,0,1,28,0,0,5,0,0,100,100,0
372,comanche_voxel89,52,-7446,162,-2,-78,1,0,0,1,0,0,100,0,0,0,0,0,0,0,7706,999,969,9,1,0,1,27,0,0,5,0,0,100,100,0
373,comanche_voxel89,51,-7467,163,-2,-78,1,0,0,1,0,0,100,0,0,0,0,0,0,0,7706,999,969,9,1,0,1,26,0,0,5,0,0,100,100,0
374,comanche_voxel89,51,-7488,163,-2,-78,1,0,0,1,0,0,100,0,0,0,0,0,0,0,7706,999,969,9,1,0,1,25,0,0,5,0,0,100,100,0
375,comanche_voxel89,50,-7509,163,-2,-78,1,0,0,3,0,0,100,0,0,0,0,0,0,0,7706,999,968,8,1,0,1,24,0,0,13,0,0,100,100,0
376,comanche_voxel89,50,-7530,164,-2,-78,1,0,0,1,0,0,100,0,0,0,0,0,0,0,7706,999,968,8,1,0,1,23,0,0,21,1,0,100,100,0
377,comanche_voxel89,49,-7550,164,-2,-78,1,0,0,1,0,0,100,0,0,0,0,0,0,0,7706,999,968,8,1,0,1,22,0,0,29,1,0,100,100,0
378,comanche_voxel89,48,-7571,165,-2,-78,1,0,0,1,0,0,100,0,0,0,0,0,0,0,7706,999,968,8,1,0,1,21,0,0,37,1,0,100,100,0
379,comanche_voxel89,48,-7592,165,-2,-78,1,0,0,2,0,0,100,0,0,0,0,0,0,0,7706,999,967,8,1,0,1,20,0,0,45,2,0,100,100,0
380,comanche_voxel89,47,-7613,166,-2,-78,1,0,0,1,0,0,100,0,0,0,0,0,0,0,7706,999,967,8,1,0,1,19,0,0,53,2,0,100,100,0
381,comanche_voxel89,47,-7634,166,-2,-78,1,0,0,1,0,0,100,0,0,0,0,0,0,0,7706,999,967,8,1,0,1,18,0,0,61,2,0,100,100,0
382,comanche_voxel89,46,-7655,167,-2,-78,1,0,0,1,0,0,100,0,0,0,0,0,0,0,7706,999,967,8,1,0,1,17,0,0,69,2,0,100,100,0
383,comanche_voxel89,46,-7675,167,-2,-78,1,0,0,2,0,0,100,0,0,0,0,0,0,0,7706,999,966,8,1,0,1,16,0,0,77,2,0,100,100,0
384,comanche_voxel89,45,-7696,168,-2,-78,1,0,0,2,0,0,100,0,0,0,0,0,0,0,7706,999,966,8,1,0,1,15,0,0,85,3,0,100,100,0
385,comanche_voxel89,44,-7717,168,-2,-78,1,0,0,1,0,0,100,0,0,0,0,0,0,0,7706,999,966,8,1,0,1,14,0,0,93,3,0,100,100,0
386,comanche_voxel89,44,-7738,168,-2,-78,1,0,0,1,0,0,100,0,0,0,0,0,0,0,7706,999,966,8,1,0,1,13,0,0,101,3,0,100,100,0
387,comanche_voxel89,43,-7759,169,-2,-78,1,0,0,2,0,0,100,0,0,0,0,0,0,0,7706,999,965,8,1,0,1,12,0,0,109,3,0,100,100,0
388,comanche_voxel89,43,-7780,169,-2,-78,1,0,0,1,0,0,100,0,0,0,0,0,0,0,7706,999,965,8,1,0,1,11,0,0,117,3,0,100,100,0
389,comanche_voxel89,42,-7800,170,-2,-78,1,0,0,1,0,0,100,0,0,0,0,0,0,0,7706,999,965,8,1,0,1,10,0,0,125,3,0,100,100,0
390,comanche_voxel89,42,-7821,170,-2,-78,1,0,0,1,0,0,100,0,0,0,0,0,0,0,7706,999,965,8,1,0,1,9,0,0,133,3,0,100,100,0
391,comanche_voxel89,41,-7842,171,-2,-78,1,0,0,2,0,0,100,0,0,0,0,0,0,0,7706,999,964,8,1,0,1,8,0,0,141,3,0,100,100,0
392,comanche_voxel89,40,-7863,171,-2,-78,1,0,0,1,0,0,100,0,0,0,0,0,0,0,7706,999,964,8,1,0,1,7,0,0,149,3,0,100,100,0
393,comanche_voxel89,40,-7884,172,-2,-78,1,0,0,2,0,0,100,0,0,0,0,0,0,0,7706,999,964,7,1,0,1,6,0,0,157,3,0,100,100,0
394,comanche_voxel89,39,-7905,172,-2,-78,1,0,0,1,0,0,100,0,0,0,0,0,0,0,7706,999,964,7,1,0,1,5,0,0,165,3,0,100,100,0
395,comanche_voxel89,39,-7925,173,-2,-78,1,0,0,2,0,0,100,0,0,0,0,0,0,0,7706,999,963,7,1,0,1,4,0,0,173,3,0,100,100,0
396,comanche_voxel89,38,-7946,173,-2,-78,1,0,0,1,0,0,100,0,0,0,0,0,0,0,7706,999,963,7,1,0,1,3,0,0,181,3,0,100,100,0
397,comanche_voxel89,37,-7967,173,-2,-78,1,0,0,1,0,0,100,0,0,0,0,0,0,0,7706,999,963,7,1,0,1,2,0,0,181,3,0,100,100,0
398,comanche_voxel89,37,-7988,174,-2,-78,1,0,0,1,0,0,100,0,0,0,0,0,0,0,7706,999,963,7,1,0,1,1,0,0,181,3,0,100,100,0
399,comanche_voxel89,36,-8009,174,-2,-78,1,0,0,1,0,0,100,0,0,0,0,0,0,0,7706,999,963,7,1,0,1,0,0,0,181,3,0,100,100,0
400,comanche_voxel89,36,-8030,175,-2,-78,1,0,0,1,0,0,100,0,0,0,0,0,0,0,7706,999,963,7,1,0,1,0,0,0,181,3,0,100,100,0
401,comanche_voxel89,35,-8050,175,-2,-78,1,0,0,1,0,0,100,0,0,0,0,0,0,0,7706,999,963,7,1,0,1,0,0,0,181,3,0,100,100,0
402,comanche_voxel89,35,-8071,176,-2,-78,1,0,0,1,0,0,100,0,0,0,0,0,0,0,7706,999,963,7,1,0,1,0,0,0,181,3,0,100,100,0
403,comanche_voxel89,34,-8092,176,-2,-78,1,0,0,1,0,0,100,0,0,0,0,0,0,0,7706,999,963,7,1,0,1,0,0,0,181,3,0,100,100,0
404,comanche_voxel89,33,-8113,177,-2,-78,1,0,0,1,0,0,100,0,0,0,0,0,0,0,7706,999,963,7,1,0,1,0,0,0,181,3,0,100,100,0
405,comanche_voxel89,33,-8134,177,-2,-78,1,0,0,1,0,0,100,0,0,0,0,0,0,0,7706,999,963,7,1,0,1,0,0,0,181,3,0,100,100,0
406,comanche_voxel89,32,-8155,178,-2,-78,1,0,0,1,0,0,100,0,0,0,0,0,0,0,7706,999,963,7,1,0,1,0,0,0,181,3,0,100,100,0
407,comanche_voxel89,32,-8175,178,-2,-78,1,0,0,1,0,0,100,0,0,0,0,0,0,0,7706,999,963,7,1,0,1,0,0,0,181,3,0,100,100,0
408,comanche_voxel89,31,-8196,178,-2,-78,1,0,0,1,0,0,100,0,0,0,0,0,0,0,7706,999,963,7,1,0,1,0,0,0,181,3,0,100,100,0
409,comanche_voxel89,31,-8217,179,-2,-78,1,0,0,1,0,0,100,0,0,0,0,0,0,0,7706,999,963,7,1,0,1,0,0,0,181,3,0,100,100,0
410,comanche_voxel89,30,-8238,179,-2,-78,1,0,0,1,0,0,100,0,0,0,0,0,0,0,7706,999,963,7,1,0,1,0,0,0,181,3,0,100,100,0
411,comanche_voxel89,29,-8259,180,-2,-78,1,0,0,1,0,0,100,0,0,0,0,0,0,0,7706,999,963,7,1,0,1,0,0,0,181,3,0,100,100,0
412,comanche_voxel89,29,-8279,180,-2,-78,1,0,0,1,0,0,100,0,0,0,0,0,0,0,7706,999,963,7,1,0,1,0,0,0,181,3,0,100,100,0
413,comanche_voxel89,28,-8300,181,-2,-78,1,0,0,1,0,0,100,0,0,0,0,0,0,0,7706,999,963,7,1,0,1,0,0,0,181,3,0,100,100,0
414,comanche_voxel89,28,-8321,181,-2,-78,1,0,0,1,0,0,100,0,0,0,0,0,0,0,7706,999,963,7,1,0,1,0,0,0,181,3,0,100,100,0
415,comanche_voxel89,27,-8342,182,-2,-78,1,0,0,1,0,0,100,0,0,0,0,0,0,0,7706,999,963,7,1,0,1,0,0,0,181,3,0,100,100,0
416,comanche_voxel89,27,-8363,182,-2,-78,1,0,0,1,0,0,100,0,0,0,0,0,0,0,7706,999,963,7,1,0,1,0,0,0,181,3,0,100,100,0
417,comanche_voxel89,26,-8384,183,-2,-78,1,0,0,1,0,0,100,0,0,0,0,0,0,0,7706,999,963,7,1,0,1,0,0,0,181,3,0,100,100,0
418,comanche_voxel89,26,-8404,183,-2,-78,1,0,0,1,0,0,100,0,0,0,0,0,0,0,7706,999,963,7,1,0,1,0,0,0,181,3,0,100,100,0
419,comanche_voxel89,25,-8425,183,-2,-78,1,0,0,1,0,0,100,0,0,0,0,0,0,0,7706,999,963,7,1,0,1,0,0,0,181,3,0,100,100,0
420,comanche_voxel89,24,-8446,184,-2,-78,1,0,0,1,0,0,100,0,0,0,0,0,0,0,7706,999,963,7,1,0,1,0,0,0,181,3,0,100,100,0
421,comanche_voxel89,24,-8467,184,-2,-78,1,0,0,1,0,0,100,0,0,0,0,0,0,0,7706,999,963,7,1,0,1,0,0,0,181,3,0,100,100,0
422,comanche_voxel89,23,-8488,185,-2,-78,1,0,0,1,0,0,100,0,0,0,0,0,0,0,7706,999,963,7,1,0,1,0,0,0,181,3,0,100,100,0
423,comanche_voxel89,23,-8509,185,-2,-78,1,0,0,1,0,0,100,0,0,0,0,0,0,0,7706,999,963,7,1,0,1,0,0,0,181,3,0,100,100,0
424,comanche_voxel89,22,-8529,186,-2,-78,1,0,0,1,0,0,100,0,0,0,0,0,0,0,7706,999,963,7,1,0,1,0,0,0,181,3,0,100,100,0
425,comanche_voxel89,22,-8550,186,-2,-78,1,0,0,1,0,0,100,0,0,0,0,0,0,0,7706,999,963,7,1,0,1,0,0,0,181,3,0,100,100,0
426,comanche_voxel89,21,-8571,187,-2,-78,1,0,0,1,0,0,100,0,0,0,0,0,0,0,7706,999,963,7,1,0,1,0,0,0,181,3,0,100,100,0
427,comanche_voxel89,20,-8592,187,-2,-78,1,0,0,1,0,0,100,0,0,0,0,0,0,0,7706,999,963,7,1,0,1,0,0,0,181,3,0,100,100,0
428,comanche_voxel89,20,-8613,188,-2,-78,1,0,0,1,0,0,100,0,0,0,0,0,0,0,7706,999,963,7,1,0,1,0,0,0,181,3,0,100,100,0
429,comanche_voxel89,19,-8634,188,-2,-78,1,0,0,1,0,0,100,0,0,0,0,0,0,0,7706,999,963,7,1,0,1,0,0,0,181,3,0,100,100,0
430,comanche_voxel89,19,-8654,188,-1,-78,1,0,0,1,0,0,100,0,0,0,0,0,0,0,7706,999,963,7,1,0,1,0,0,0,181,3,0,100,100,0
431,comanche_voxel89,18,-8675,189,-1,-78,1,0,0,1,0,0,100,0,0,0,0,0,0,0,7706,999,963,7,1,0,1,0,0,0,181,3,0,100,100,0
432,comanche_voxel89,18,-8696,189,-1,-78,1,0,0,1,0,0,100,0,0,0,0,0,0,0,7711,999,963,7,1,0,1,0,0,0,181,3,0,100,100,0
433,comanche_voxel89,17,-8717,190,-1,-78,1,0,0,1,0,0,100,0,0,0,0,0,0,0,7716,999,963,7,1,0,1,0,0,0,181,3,0,100,100,0
434,comanche_voxel89,17,-8738,190,-1,-78,2,0,0,1,0,0,100,0,0,0,0,0,0,0,7720,999,963,7,1,0,1,0,0,0,181,3,0,100,100,0
435,comanche_voxel89,17,-8759,191,-1,-78,2,0,0,1,0,0,100,0,0,0,0,0,0,0,7724,999,963,7,1,0,1,0,0,0,181,3,0,100,100,0
436,comanche_voxel89,16,-8779,192,-1,-78,2,0,0,1,0,0,100,0,0,0,0,0,0,0,7728,999,963,7,1,0,1,0,0,0,181,3,0,100,100,0
437,comanche_voxel89,16,-8800,192,-1,-78,2,0,0,1,0,0,100,0,0,0,0,0,0,0,7731,999,963,7,1,0,1,0,0,0,181,3,0,100,100,0
438,comanche_voxel89,16,-8821,193,-1,-78,2,0,0,1,0,0,100,0,0,0,0,0,0,0,7734,999,963,7,1,0,1,0,0,0,181,3,0,100,100,0
439,comanche_voxel89,15,-8842,193,-1,-78,2,0,0,1,0,0,100,0,0,0,0,0,0,0,7737,999,963,7,1,0,1,0,0,0,181,3,0,100,100,0
440,comanche_voxel89,15,-8863,194,-1,-78,2,0,0,1,0,0,100,0,0,0,0,0,0,0,7740,999,963,7,1,0,1,0,0,0,181,3,0,100,100,0
441,comanche_voxel89,15,-8883,195,0,-78,2,0,0,1,0,0,100,0,0,0,0,0,0,0,7743,999,963,7,1,0,1,0,0,0,181,3,0,100,100,0
442,comanche_voxel89,15,-8904,195,0,-78,2,0,0,1,0,0,100,0,0,0,0,0,0,0,7745,999,963,7,1,0,1,0,0,0,181,3,0,100,100,0
443,comanche_voxel89,14,-8925,196,0,-78,2,0,0,1,0,0,100,0,0,0,0,0,0,0,7748,999,963,7,1,0,1,0,0,0,181,3,0,100,100,0
444,comanche_voxel89,14,-8946,197,0,-78,2,0,0,1,0,0,100,0,0,0,0,0,0,0,7750,999,963,7,1,0,1,0,0,0,181,3,0,100,100,0
445,comanche_voxel89,14,-8967,197,0,-78,2,0,0,1,0,0,100,0,0,0,0,0,0,0,7752,999,963,7,1,0,1,0,0,0,181,3,0,100,100,0
446,comanche_voxel89,14,-8988,198,0,-78,2,0,0,1,0,0,100,0,0,0,0,0,0,0,7754,999,963,7,1,0,1,0,0,0,181,3,0,100,100,0
447,comanche_voxel89,14,-9008,199,0,-78,2,0,0,1,0,0,100,0,0,0,0,0,0,0,7755,999,963,7,1,0,1,0,0,0,181,3,0,100,100,0
448,comanche_voxel89,13,-9029,200,0,-78,2,0,0,1,0,0,100,0,0,0,0,0,0,0,7757,999,963,7,1,0,1,0,0,0,181,3,0,100,100,0
449,comanche_voxel89,13,-9050,200,0,-78,2,0,0,1,0,0,100,0,0,0,0,0,0,0,7759,999,963,7,1,0,1,0,0,0,181,3,0,100,100,0
450,comanche_voxel89,13,-9071,201,0,-78,2,0,0,3,0,0,100,0,0,0,0,0,0,0,7760,999,962,6,1,0,1,40,0,0,189,3,0,100,100,0
451,comanche_voxel89,13,-9092,202,0,-78,2,0,0,1,0,0,100,0,0,0,0,0,0,0,7762,999,962,6,1,0,1,40,0,0,197,3,0,100,100,0
452,comanche_voxel89,13,-9113,202,0,-78,2,0,0,1,0,0,100,0,0,0,0,0,0,0,7763,999,962,6,1,0,1,40,0,0,205,3,0,100,100,0
453,comanche_voxel89,13,-9133,203,0,-78,2,0,0,1,0,0,100,0,0,0,0,0,0,0,7764,999,962,6,1,0,1,40,0,0,213,3,0,100,100,0
454,comanche_voxel89,13,-9154,204,0,-78,2,0,0,2,0,0,100,0,0,0,0,0,0,0,7765,999,961,6,1,0,1,40,0,0,221,3,0,100,100,0
455,comanche_voxel89,13,-9175,205,0,-78,2,0,0,1,0,0,100,0,0,0,0,0,0,0,7766,999,961,6,1,0,1,40,0,0,229,3,0,100,100,0
456,comanche_voxel89,13,-9196,205,0,-78,2,0,0,1,0,0,100,0,0,0,0,0,0,0,7767,999,961,6,1,0,1,40,0,0,237,3,0,100,100,0
457,comanche_voxel89,12,-9217,206,0,-78,2,0,0,1,0,0,100,0,0,0,0,0,0,0,7768,999,961,6,1,0,1,40,0,0,245,3,0,100,100,0
458,comanche_voxel89,12,-9238,207,0,-78,2,0,0,2,0,0,100,0,0,0,0,0,0,0,7769,999,960,6,1,0,1,40,0,0,253,3,0,100,100,0
459,comanche_voxel89,12,-9258,208,0,-78,2,0,0,1,0,0,100,0,0,0,0,0,0,0,7770,999,960,6,1,0,1,40,0,0,261,3,0,100,100,0
460,comanche_voxel89,12,-9279,209,0,-78,2,0,0,1,0,0,100,0,0,0,0,0,0,0,7771,999,960,6,1,0,1,40,0,0,269,3,0,100,100,0
461,comanche_voxel89,12,-9300,209,0,-78,2,0,0,1,0,0,100,0,0,0,0,0,0,0,7771,999,960,6,1,0,1,40,0,0,277,3,0,100,100,0
462,comanche_voxel89,12,-9321,210,0,-78,2,0,0,2,0,0,100,0,0,0,0,0,0,0,7772,999,959,6,1,0,1,40,0,0,285,3,0,100,100,0
463,comanche_voxel89,12,-9342,211,0,-78,2,0,0,1,0,0,100,0,0,0,0,0,0,0,7773,999,959,6,1,0,1,40,0,0,293,3,0,100,100,0
464,comanche_voxel89,12,-9363,212,0,-78,2,0,0,2,0,0,100,0,0,0,0,0,0,0,7773,999,959,6,1,0,1,40,0,0,301,3,0,100,100,0
465,comanche_voxel89,12,-9383,213,0,-78,2,0,0,1,0,0,100,0,0,0,0,0,0,0,7774,999,959,6,1,0,1,40,0,0,309,3,0,100,100,0
466,comanche_voxel89,12,-9404,213,0,-78,2,0,0,2,0,0,100,0,0,0,0,0,0,0,7775,999,958,6,1,0,1,40,0,0,317,3,0,100,100,0
467,comanche_voxel89,12,-9425,214,0,-78,3,0,0,1,0,0,100,0,0,0,0,0,0,0,7775,999,958,6,1,0,1,40,0,0,325,3,0,100,100,0
468,comanche_voxel89,12,-9446,215,0,-78,3,0,0,2,0,0,100,0,0,0,0,0,0,0,7775,999,958,5,1,0,1,40,0,0,333,3,0,100,100,0
469,comanche_voxel89,12,-9467,216,0,-78,3,0,0,1,0,0,100,0,0,0,0,0,0,0,7776,999,958,5,1,0,1,40,0,0,341,3,0,100,100,0
470,comanche_voxel89,12,-9488,217,0,-78,3,0,0,2,0,0,100,0,0,0,0,0,0,0,7776,999,957,5,1,0,1,40,0,0,349,3,0,100,100,0
471,comanche_voxel89,12,-9508,217,0,-78,3,0,0,1,0,0,100,0,0,0,0,0,0,0,7777,999,957,5,1,0,1,40,0,0,357,3,0,100,100,0
472,comanche_voxel89,12,-9529,218,0,-78,3,0,0,1,0,0,100,0,0,0,0,0,0,0,7777,999,957,5,1,0,1,40,0,0,357,3,0,100,100,0
473,comanche_voxel89,12,-9550,219,0,-78,3,0,0,1,0,0,100,0,0,0,0,0,0,0,7777,999,957,5,1,0,1,40,0,0,357,3,0,100,100,0
474,comanche_voxel89,12,-9571,220,0,-78,3,0,0,1,0,0,100,0,0,0,0,0,0,0,7778,999,957,5,1,0,1,40,0,0,357,3,0,100,100,0
475,comanche_voxel89,12,-9592,221,0,-78,3,0,0,1,0,0,100,0,0,0,0,0,0,0,7778,999,957,5,1,0,1,40,0,0,357,3,0,100,100,0
476,comanche_voxel89,12,-9612,221,0,-78,3,0,0,1,0,0,100,0,0,0,0,0,0,0,7778,999,957,5,1,0,1,40,0,0,357,3,0,100,100,0
477,comanche_voxel89,12,-9633,222,0,-78,3,0,0,1,0,0,100,0,0,0,0,0,0,0,7778,999,957,5,1,0,1,40,0,0,357,3,0,100,100,0
478,comanche_voxel89,12,-9654,223,0,-78,3,0,0,1,0,0,100,0,0,0,0,0,0,0,7778,999,957,5,1,0,1,40,0,0,357,3,0,100,100,0
479,comanche_voxel89,12,-9675,224,0,-78,3,0,0,1,0,0,100,0,0,0,0,0,0,0,7778,999,957,5,1,0,1,40,0,0,357,3,0,100,100,0
480,comanche_voxel89,12,-9696,225,0,-78,3,0,0,2,0,0,100,0,0,0,0,0,0,0,7778,999,957,5,1,0,1,40,0,0,357,3,0,100,100,0
481,comanche_voxel89,11,-9717,225,0,-78,3,0,0,1,0,0,100,0,0,0,0,0,0,0,7778,999,957,5,1,0,1,40,0,0,357,3,0,100,100,0
482,comanche_voxel89,11,-9737,226,0,-78,3,0,0,1,0,0,100,0,0,0,0,0,0,0,7778,999,957,5,1,0,1,40,0,0,357,3,0,100,100,0
483,comanche_voxel89,11,-9758,227,0,-78,3,0,0,1,0,0,100,0,0,0,0,0,0,0,7778,999,957,5,1,0,1,40,0,0,357,3,0,100,100,0
484,comanche_voxel89,11,-9779,228,0,-78,3,0,0,1,0,0,100,0,0,0,0,0,0,0,7778,999,957,5,1,0,1,40,0,0,357,3,0,100,100,0
485,comanche_voxel89,11,-9800,229,0,-78,3,0,0,1,0,0,100,0,0,0,0,0,0,0,7778,999,957,5,1,0,1,40,0,0,357,3,0,100,100,0
486,comanche_voxel89,11,-9821,230,0,-78,3,0,0,1,0,0,100,0,0,0,0,0,0,0,7778,999,957,5,1,0,1,40,0,0,357,3,0,100,100,0
487,comanche_voxel89,11,-9842,230,0,-78,3,0,0,1,0,0,100,0,0,0,0,0,0,0,7778,999,957,5,1,0,1,40,0,0,357,3,0,100,100,0
488,comanche_voxel89,11,-9862,231,0,-78,3,0,0,1,0,0,100,0,0,0,0,0,0,0,7778,999,957,5,1,0,1,40,0,0,357,3,0,100,100,0
489,comanche_voxel89,11,-9883,232,0,-78,3,0,0,1,0,0,100,0,0,0,0,0,0,0,7778,999,957,5,1,0,1,40,0,0,357,3,0,100,100,0
490,comanche_voxel89,11,-9904,233,0,-78,3,0,0,1,0,0,100,0,0,0,0,0,0,0,7778,999,957,5,1,0,1,40,0,0,357,3,0,100,100,0
491,comanche_voxel89,11,-9925,234,0,-78,3,0,0,1,0,0,100,0,0,0,0,0,0,0,7778,999,957,5,1,0,1,40,0,0,357,3,0,100,100,0
492,comanche_voxel89,11,-9946,234,0,-78,3,0,0,1,0,0,100,0,0,0,0,0,0,0,7778,999,957,5,1,0,1,40,0,0,357,3,0,100,100,0
493,comanche_voxel89,11,-9967,235,0,-78,3,0,0,1,0,0,100,0,0,0,0,0,0,0,7778,999,957,5,1,0,1,40,0,0,357,3,0,100,100,0
494,comanche_voxel89,11,-9987,236,0,-78,3,0,0,1,0,0,100,0,0,0,0,0,0,0,7778,999,957,5,1,0,1,40,0,0,357,3,0,100,100,0
495,comanche_voxel89,11,-10008,237,0,-78,3,0,0,1,0,0,100,0,0,0,0,0,0,0,7778,999,957,5,1,0,1,40,0,0,357,3,0,100,100,0
496,comanche_voxel89,11,-10029,238,0,-78,3,0,0,2,0,0,100,0,0,0,0,0,0,0,7778,999,957,5,1,0,1,40,0,0,357,3,0,100,100,0
497,comanche_voxel89,11,-10050,239,0,-78,3,0,0,1,0,0,100,0,0,0,0,0,0,0,7778,999,957,5,1,0,1,40,0,0,357,3,0,100,100,0
498,comanche_voxel89,11,-10071,239,0,-78,3,0,0,1,0,0,100,0,0,0,0,0,0,0,7778,999,957,5,1,0,1,40,0,0,357,3,0,100,100,0
499,comanche_voxel89,11,-10092,240,0,-78,3,0,0,1,0,0,100,0,0,0,0,0,0,0,7778,999,957,5,1,0,1,40,0,0,357,3,0,100,100,0
500,comanche_voxel89,11,-10112,241,0,-78,3,0,0,1,0,0,100,0,0,0,0,0,0,0,7778,999,957,5,1,0,1,40,0,0,357,3,0,100,100,0
501,comanche_voxel89,11,-10133,242,0,-78,3,0,0,1,0,0,100,0,0,0,0,0,0,0,7778,999,957,5,1,0,1,40,0,0,357,3,0,100,100,0
502,comanche_voxel89,11,-10154,243,0,-78,3,0,0,1,0,0,100,0,0,0,0,0,0,0,7778,999,957,5,1,0,1,40,0,0,357,3,0,100,100,0
503,comanche_voxel89,11,-10175,243,0,-78,3,0,0,1,0,0,100,0,0,0,0,0,0,0,7778,999,957,5,1,0,1,40,0,0,357,3,0,100,100,0
504,comanche_voxel89,11,-10196,244,0,-78,3,0,0,1,0,0,100,0,0,0,0,0,0,0,7778,999,957,5,1,0,1,40,0,0,357,3,0,100,100,0
505,comanche_voxel89,11,-10216,245,0,-78,3,0,0,1,0,0,100,0,0,0,0,0,0,0,7778,999,957,5,1,0,1,40,0,0,357,3,0,100,100,0
506,comanche_voxel89,11,-10237,246,0,-78,3,0,0,1,0,0,100,0,0,0,0,0,0,0,7778,999,957,5,1,0,1,40,0,0,357,3,0,100,100,0
507,comanche_voxel89,11,-10258,247,0,-78,3,0,0,1,0,0,100,0,0,0,0,0,0,0,7778,999,957,5,1,0,1,40,0,0,357,3,0,100,100,0
508,comanche_voxel89,11,-10279,248,0,-78,3,0,0,1,0,0,100,0,0,0,0,0,0,0,7778,999,957,5,1,0,1,40,0,0,357,3,0,100,100,0
509,comanche_voxel89,11,-10300,248,0,-78,3,0,0,1,0,0,100,0,0,0,0,0,0,0,7778,999,957,5,1,0,1,40,0,0,357,3,0,100,100,0
510,comanche_voxel89,11,-10321,249,0,-78,3,0,0,1,0,0,100,0,0,0,0,0,0,0,7778,999,957,5,1,0,1,40,0,0,357,3,0,100,100,0
511,comanche_voxel89,11,-10341,250,0,-78,3,0,0,1,0,0,100,0,0,0,0,0,0,0,7778,999,957,5,1,0,1,40,0,0,357,3,0,100,100,0
512,comanche_voxel89,11,-10362,251,0,-78,3,0,0,2,0,0,100,0,0,0,0,0,0,0,7778,999,957,5,1,0,1,40,0,0,357,3,0,100,100,0
513,comanche_voxel89,11,-10383,252,0,-78,3,0,0,1,0,0,100,0,0,0,0,0,0,0,7778,999,957,5,1,0,1,40,0,0,357,3,0,100,100,0
514,comanche_voxel89,11,-10404,252,0,-78,3,0,0,1,0,0,100,0,0,0,0,0,0,0,7778,999,957,5,1,0,1,40,0,0,357,3,0,100,100,0
515,comanche_voxel89,11,-10425,253,0,-78,3,0,0,1,0,0,100,0,0,0,0,0,0,0,7778,999,957,5,1,0,1,40,0,0,357,3,0,100,100,0
516,comanche_voxel89,11,-10446,254,0,-78,3,0,0,1,0,0,100,0,0,0,0,0,0,0,7778,999,957,5,1,0,1,40,0,0,357,3,0,100,100,0
517,comanche_voxel89,11,-10466,255,0,-78,3,0,0,1,0,0,100,0,0,0,0,0,0,0,7778,999,957,5,1,0,1,40,0,0,357,3,0,100,100,0
518,comanche_voxel89,11,-10487,256,0,-78,3,0,0,1,0,0,100,0,0,0,0,0,0,0,7778,999,957,5,1,0,1,40,0,0,357,3,0,100,100,0
519,comanche_voxel89,11,-10508,256,0,-78,3,0,0,1,0,0,100,0,0,0,0,0,0,0,7778,999,957,5,1,0,1,40,0,0,357,3,0,100,100,0
520,comanche_voxel89,11,-10529,257,0,-78,3,0,0,0,0,0,100,0,0,0,0,0,0,0,7778,999,957,5,1,0,0,40,0,0,357,3,0,100,100,0
521,comanche_voxel89,11,-10550,258,0,-78,3,0,0,0,0,0,100,0,0,0,0,0,0,0,7778,999,957,5,1,0,0,40,0,0,357,3,0,100,100,0
522,comanche_voxel89,11,-10571,259,0,-78,3,0,0,0,0,0,100,0,0,0,0,0,0,0,7778,999,957,5,1,0,0,40,0,0,357,3,0,100,100,0
523,comanche_voxel89,11,-10591,260,0,-78,3,0,0,0,0,0,100,0,0,0,0,0,0,0,7778,999,957,5,1,0,0,40,0,0,357,3,0,100,100,0
524,comanche_voxel89,11,-10612,261,0,-78,3,0,0,0,0,0,100,0,0,0,0,0,0,0,7778,999,957,5,1,0,0,40,0,0,357,3,0,100,100,0
525,comanche_voxel89,11,-10633,261,0,-78,3,0,0,1,0,0,100,0,0,0,0,0,0,0,7778,999,956,5,1,0,0,40,0,0,357,3,0,100,100,0
526,comanche_voxel89,11,-10654,262,0,-78,3,0,0,0,0,0,100,0,0,0,0,0,0,0,7778,999,956,5,1,0,0,40,0,0,357,3,0,100,100,0
527,comanche_voxel89,11,-10675,263,0,-78,3,0,0,0,0,0,100,0,0,0,0,0,0,0,7778,999,956,5,1,0,0,40,0,0,357,3,0,100,100,0
528,comanche_voxel89,11,-10696,264,0,-78,3,0,0,1,0,0,100,0,0,0,0,0,0,0,7778,999,956,5,1,0,0,40,0,0,357,3,0,100,100,0
529,comanche_voxel89,11,-10716,265,0,-78,3,0,0,1,0,0,100,0,0,0,0,0,0,0,7778,999,955,5,1,0,0,40,0,0,357,3,0,100,100,0
530,comanche_voxel89,11,-10737,265,0,-78,3,0,0,0,0,0,100,0,0,0,0,0,0,0,7778,999,955,5,1,0,0,40,0,0,357,3,0,100,100,0
531,comanche_voxel89,11,-10758,266,0,-78,3,0,0,0,0,0,100,0,0,0,0,0,0,0,7778,999,955,5,1,0,0,40,0,0,357,3,0,100,100,0
532,comanche_voxel89,11,-10779,267,0,-78,3,0,0,0,0,0,100,0,0,0,0,0,0,0,7778,999,955,5,1,0,0,40,0,0,357,3,0,100,100,0
533,comanche_voxel89,11,-10800,268,0,-78,3,0,0,1,0,0,100,0,0,0,0,0,0,0,7778,999,954,5,1,0,0,40,0,0,357,3,0,100,100,0
534,comanche_voxel89,11,-10821,269,0,-78,3,0,0,0,0,0,100,0,0,0,0,0,0,0,7778,999,954,5,1,0,0,40,0,0,357,3,0,100,100,0
535,comanche_voxel89,11,-10841,269,0,-78,3,0,0,0,0,0,100,0,0,0,0,0,0,0,7778,999,954,5,1,0,0,40,0,0,357,3,0,100,100,0
536,comanche_voxel89,11,-10862,270,0,-78,3,0,0,0,0,0,100,0,0,0,0,0,0,0,7778,999,954,5,1,0,0,40,0,0,357,3,0,100,100,0
537,comanche_voxel89,11,-10883,271,0,-78,3,0,0,1,0,0,100,0,0,0,0,0,0,0,7778,999,953,5,0,0,0,40,0,0,357,3,0,100,100,0
538,comanche_voxel89,11,-10904,272,0,-78,3,0,0,0,0,0,100,0,0,0,0,0,0,0,7778,999,953,5,0,0,0,40,0,0,357,3,0,100,100,0
539,comanche_voxel89,11,-10925,273,0,-78,3,0,0,0,0,0,100,0,0,0,0,0,0,0,7778,999,953,5,0,0,0,40,0,0,357,3,0,100,100,0
540,comanche_voxel89,11,-10945,274,0,-78,3,0,0,0,0,0,100,0,0,0,0,0,0,0,7778,999,953,5,0,0,0,39,0,0,357,3,0,100,100,0
541,comanche_voxel89,11,-10966,274,0,-78,3,0,0,1,0,0,100,0,0,0,0,0,0,0,7778,999,952,5,0,0,0,38,0,0,357,3,0,100,100,0
542,comanche_voxel89,11,-10987,275,0,-78,3,0,0,0,0,0,100,0,0,0,0,0,0,0,7778,999,952,5,0,0,0,37,0,0,357,3,0,100,100,0
543,comanche_voxel89,11,-11008,276,0,-78,3,0,0,0,0,0,100,0,0,0,0,0,0,0,7778,999,952,5,0,0,0,36,0,0,357,3,0,100,100,0
544,comanche_voxel89,11,-11029,277,0,-78,3,0,0,1,0,0,100,0,0,0,0,0,0,0,7778,999,952,5,0,0,0,35,0,0,357,3,0,100,100,0
545,comanche_voxel89,11,-11050,278,0,-78,3,0,0,1,0,0,100,0,0,0,0,0,0,0,7778,999,951,5,0,0,0,34,0,0,357,3,0,100,100,0
546,comanche_voxel89,11,-11070,278,0,-78,3,0,0,0,0,0,100,0,0,0,0,0,0,0,7778,999,951,5,0,0,0,33,0,0,357,3,0,100,100,0
547,comanche_voxel89,11,-11091,279,0,-78,3,0,0,0,0,0,100,0,0,0,0,0,0,0,7778,999,951,5,0,0,0,32,0,0,357,3,0,100,100,0
548,comanche_voxel89,11,-11112,280,0,-78,3,0,0,0,0,0,100,0,0,0,0,0,0,0,7778,999,951,5,0,0,0,31,0,0,357,3,0,100,100,0
549,comanche_voxel89,11,-11133,281,0,-78,3,0,0,0,0,0,100,0,0,0,0,0,0,0,7778,999,951,5,0,0,0,30,0,0,357,3,0,100,100,0
550,comanche_voxel89,11,-11154,282,0,-78,3,0,0,0,0,0,100,0,0,0,0,0,0,0,7778,999,951,5,0,0,0,29,0,0,357,3,0,100,100,0
551,comanche_voxel89,11,-11175,282,0,-78,3,0,0,0,0,0,100,0,0,0,0,0,0,0,7778,999,951,5,0,0,0,28,0,0,357,3,0,100,100,0
552,comanche_voxel89,11,-11195,283,0,-78,3,0,0,0,0,0,100,0,0,0,0,0,0,0,7777,999,951,5,0,0,0,27,0,0,357,3,0,100,100,0
553,comanche_voxel89,11,-11216,284,0,-78,3,0,0,0,0,0,100,0,0,0,0,0,0,0,7777,999,951,5,0,0,0,26,0,0,357,3,0,100,100,0
554,comanche_voxel89,11,-11237,285,0,-78,3,0,0,0,0,0,100,0,0,0,0,0,0,0,7777,999,951,5,0,0,0,25,0,0,357,3,0,100,100,0
555,comanche_voxel89,11,-11258,286,0,-78,3,0,0,0,0,0,100,0,0,0,0,0,0,0,7777,999,951,5,0,0,0,24,0,0,357,3,0,100,100,0
556,comanche_voxel89,11,-11279,287,0,-78,3,0,0,0,0,0,100,0,0,0,0,0,0,0,7777,999,951,5,0,0,0,23,0,0,357,3,0,100,100,0
557,comanche_voxel89,11,-11300,287,0,-78,3,0,0,0,0,0,100,0,0,0,0,0,0,0,7776,999,951,5,0,0,0,22,0,0,357,3,0,100,100,0
558,comanche_voxel89,11,-11320,288,0,-78,3,0,0,0,0,0,100,0,0,0,0,0,0,0,7776,999,951,5,0,0,0,21,0,0,357,3,0,100,100,0
559,comanche_voxel89,11,-11341,289,0,-78,3,0,0,0,0,0,100,0,0,0,0,0,0,0,7776,999,951,5,0,0,0,20,0,0,357,3,0,100,100,0
560,comanche_voxel89,11,-11362,290,0,-78,2,0,0,1,0,0,100,0,0,0,0,0,0,0,7776,999,951,5,0,0,0,19,0,0,357,3,0,100,100,0
561,comanche_voxel89,11,-11383,290,0,-78,2,0,0,0,0,0,100,0,0,0,1,0,0,0,7771,999,951,5,0,0,0,18,0,0,357,3,0,100,100,0
562,comanche_voxel89,11,-11404,291,0,-78,2,0,0,0,0,0,100,0,0,0,1,0,0,0,7768,999,951,5,0,0,0,17,0,0,357,3,0,100,100,0
563,comanche_voxel89,11,-11425,292,0,-78,2,0,0,0,0,0,100,0,0,0,1,0,0,0,7764,999,951,5,0,0,0,16,0,0,357,3,0,100,100,0
564,comanche_voxel89,11,-11445,293,0,-78,2,0,0,0,0,0,100,0,0,0,2,0,0,0,7760,999,951,5,0,0,0,15,0,0,357,3,0,100,100,0
565,comanche_voxel89,11,-11466,293,0,-78,2,0,0,0,0,0,100,0,0,0,2,0,0,0,7757,999,951,5,0,0,0,14,0,0,357,3,0,100,100,0
566,comanche_voxel89,11,-11487,294,0,-78,2,0,0,0,0,0,100,0,0,0,2,0,0,0,7754,999,951,5,0,0,0,13,0,0,357,3,0,100,100,0
567,comanche_voxel89,11,-11508,295,0,-78,2,0,0,0,0,0,100,0,0,0,3,0,0,0,7751,999,951,5,0,0,0,12,0,0,357,3,0,100,100,0
568,comanche_voxel89,11,-11529,295,0,-78,2,0,0,0,0,0,100,0,0,0,3,0,0,0,7748,999,951,5,0,0,0,11,0,0,357,3,0,100,100,0
569,comanche_voxel89,11,-11549,296,0,-78,2,0,0,0,0,0,100,0,0,0,3,0,0,0,7746,999,951,5,0,0,0,10,0,0,357,3,0,100,100,0
570,comanche_voxel89,11,-11570,297,0,-78,2,0,0,0,0,0,100,0,0,0,4,0,0,0,7743,999,951,5,0,0,0,9,0,0,357,3,0,100,100,0
571,comanche_voxel89,11,-11591,297,0,-78,2,0,0,0,0,0,100,0,0,0,4,0,0,0,7741,999,951,5,0,0,0,8,0,0,357,3,0,100,100,0
572,comanche_voxel89,11,-11612,298,0,-78,2,0,0,0,0,0,100,0,0,0,4,0,0,0,7739,999,951,5,0,0,0,7,0,0,357,3,0,100,100,0
573,comanche_voxel89,11,-11633,298,0,-78,2,0,0,0,0,0,100,0,0,0,4,0,0,0,7737,999,951,5,0,0,0,6,0,0,357,3,0,100,100,0
574,comanche_voxel89,11,-11654,299,0,-78,2,0,0,0,0,0,100,0,0,0,4,0,0,0,7735,999,951,5,0,0,0,5,0,0,357,3,0,100,100,0
575,comanche_voxel89,11,-11674,300,0,-78,2,0,0,0,0,0,100,0,0,0,5,0,0,0,7734,999,951,5,0,0,0,4,0,0,357,3,0,100,100,0
576,comanche_voxel89,11,-11695,300,0,-78,2,0,0,1,0,0,100,0,0,0,5,0,0,0,7732,999,951,5,0,0,0,3,0,0,357,3,0,100,100,0
577,comanche_voxel89,11,-11716,301,0,-78,2,0,0,0,0,0,100,0,0,0,5,0,0,0,7731,999,951,5,0,0,0,2,0,0,357,3,0,100,100,0
578,comanche_voxel89,11,-11737,301,0,-78,2,0,0,0,0,0,100,0,0,0,5,0,0,0,7729,999,951,5,0,0,0,1,0,0,357,3,0,100,100,0
579,comanche_voxel89,11,-11758,302,0,-78,2,0,0,0,0,0,100,0,0,0,5,0,0,0,7728,999,951,5,0,0,0,0,0,0,357,3,0,100,100,0
580,comanche_voxel89,11,-11779,302,0,-78,2,0,0,0,0,0,100,0,0,0,5,0,0,0,7727,999,951,5,0,0,0,0,0,0,357,3,0,100,100,0
581,comanche_voxel89,11,-11799,303,0,-78,2,0,0,0,0,0,100,0,0,0,5,0,0,0,7726,999,951,5,0,0,0,0,0,0,357,3,0,100,100,0
582,comanche_voxel89,11,-11820,303,0,-78,2,0,0,0,0,0,100,0,0,0,5,0,0,0,7725,999,951,5,0,0,0,0,0,0,357,3,0,100,100,0
583,comanche_voxel89,11,-11841,304,0,-78,2,0,0,0,0,0,100,0,0,0,6,0,0,0,7723,999,951,5,0,0,0,0,0,0,357,3,0,100,100,0
584,comanche_voxel89,11,-11862,305,0,-78,1,0,0,0,0,0,100,0,0,0,6,0,0,0,7722,999,951,5,0,0,0,0,0,0,357,3,0,100,100,0
585,comanche_voxel89,11,-11883,305,0,-78,1,0,0,0,0,0,100,0,0,0,6,0,0,0,7722,999,951,5,0,0,0,0,0,0,357,3,0,100,100,0
586,comanche_voxel89,11,-11904,306,0,-78,1,0,0,0,0,0,100,0,0,0,6,0,0,0,7721,999,951,5,0,0,0,0,0,0,357,3,0,100,100,0
587,comanche_voxel89,11,-11924,306,0,-78,1,0,0,0,0,0,100,0,0,0,6,0,0,0,7720,999,951,5,0,0,0,0,0,0,357,3,0,100,100,0
588,comanche_voxel89,11,-11945,307,0,-78,1,0,0,0,0,0,100,0,0,0,6,0,0,0,7719,999,951,5,0,0,0,0,0,0,357,3,0,100,100,0
589,comanche_voxel89,11,-11966,307,0,-78,1,0,0,0,0,0,100,0,0,0,6,0,0,0,7719,999,951,5,0,0,0,0,0,0,357,3,0,100,100,0
590,comanche_voxel89,11,-11987,308,0,-78,1,0,0,0,0,0,100,0,0,0,6,0,0,0,7718,999,951,5,0,0,0,0,0,0,357,3,0,100,100,0
591,comanche_voxel89,11,-12008,308,0,-78,1,0,0,0,0,0,100,0,0,0,6,0,0,0,7717,999,951,5,0,0,0,0,0,0,357,3,0,100,100,0
592,comanche_voxel89,11,-12029,309,0,-78,1,0,0,0,0,0,100,0,0,0,6,0,0,0,7717,999,951,5,0,0,0,0,0,0,357,3,0,100,100,0
593,comanche_voxel89,11,-12049,309,0,-78,1,0,0,0,0,0,100,0,0,0,6,0,0,0,7716,999,951,5,0,0,0,0,0,0,357,3,0,100,100,0
594,comanche_voxel89,11,-12070,310,0,-78,1,0,0,0,0,0,100,0,0,0,6,0,0,0,7716,999,951,5,0,0,0,0,0,0,357,3,0,100,100,0
595,comanche_voxel89,11,-12091,310,0,-78,1,0,0,0,0,0,100,0,0,0,6,0,0,0,7715,999,951,5,0,0,0,0,0,0,357,3,0,100,100,0
596,comanche_voxel89,11,-12112,311,0,-78,1,0,0,0,0,0,100,0,0,0,6,0,0,0,7715,999,951,5,0,0,0,0,0,0,357,3,0,100,100,0
597,comanche_voxel89,11,-12133,311,0,-78,1,0,0,0,0,0,100,0,0,0,7,0,0,0,7714,999,951,5,0,0,0,0,0,0,357,3,0,100,100,0
598,comanche_voxel89,11,-12154,312,0,-78,1,0,0,0,0,0,100,0,0,0,7,0,0,0,7714,999,951,5,0,0,0,0,0,0,357,3,0,100,100,0
599,comanche_voxel89,11,-12174,312,0,-78,1,0,0,0,0,0,100,0,0,0,7,0,0,0,7714,999,951,5,0,0,0,0,0,0,357,3,0,100,100,0
600,comanche_voxel89,11,-12195,313,0,-78,1,0,0,1,0,0,100,0,0,0,7,0,0,0,7713,999,950,5,0,0,0,0,0,0,357,3,0,100,100,0
601,comanche_voxel89,11,-12216,313,0,-78,1,0,0,0,0,0,100,0,0,0,7,0,0,0,7713,999,950,5,0,0,0,0,0,0,357,3,0,100,100,0
602,comanche_voxel89,11,-12237,314,0,-78,1,0,0,0,0,0,100,0,0,0,7,0,0,0,7713,999,950,5,0,0,0,0,0,0,357,3,0,100,100,0
603,comanche_voxel89,11,-12258,314,0,-78,1,0,0,0,0,0,100,0,0,0,7,0,0,0,7712,999,950,5,0,0,0,0,0,0,357,3,0,100,100,0
604,comanche_voxel89,11,-12278,315,0,-78,1,0,0,1,0,0,100,0,0,0,7,0,0,0,7712,999,949,5,0,0,0,0,0,0,357,3,0,100,100,0
605,comanche_voxel89,11,-12299,315,0,-78,1,0,0,0,0,0,100,0,0,0,7,0,0,0,7712,999,949,5,0,0,0,0,0,0,357,3,0,100,100,0
606,comanche_voxel89,11,-12320,315,0,-78,1,0,0,0,0,0,100,0,0,0,7,0,0,0,7712,999,949,5,0,0,0,0,0,0,357,3,0,100,100,0
607,comanche_voxel89,11,-12341,316,0,-78,1,0,0,0,0,0,100,0,0,0,7,0,0,0,7712,999,949,5,0,0,0,0,0,0,357,3,0,100,100,0
608,comanche_voxel89,11,-12362,316,0,-78,1,0,0,1,0,0,100,0,0,0,7,0,0,0,7711,999,948,5,0,0,0,0,0,0,357,3,0,100,100,0
609,comanche_voxel89,11,-12383,317,0,-78,1,0,0,0,0,0,100,0,0,0,7,0,0,0,7711,999,948,5,0,0,0,0,0,0,357,3,0,100,100,0
610,comanche_voxel89,11,-12403,317,0,-78,1,0,0,0,0,0,100,0,0,0,7,0,0,0,7711,999,948,5,0,0,0,0,0,0,357,3,0,100,100,0
611,comanche_voxel89,11,-12424,318,0,-78,1,0,0,0,0,0,100,0,0,0,7,0,0,0,7711,999,948,5,0,0,0,0,0,0,357,3,0,100,100,0
612,comanche_voxel89,11,-12445,318,0,-78,1,0,0,1,0,0,100,0,0,0,7,0,0,0,7711,999,947,5,0,0,0,0,0,0,357,3,0,100,100,0
613,comanche_voxel89,11,-12466,319,0,-78,1,0,0,0,0,0,100,0,0,0,7,0,0,0,7710,999,947,5,0,0,0,0,0,0,357,3,0,100,100,0
614,comanche_voxel89,11,-12487,319,0,-78,1,0,0,0,0,0,100,0,0,0,7,0,0,0,7710,999,947,5,0,0,0,0,0,0,357,3,0,100,100,0
615,comanche_voxel89,11,-12508,320,0,-78,1,0,0,0,0,0,100,0,0,0,7,0,0,0,7710,999,947,5,0,0,0,0,0,0,357,3,0,100,100,0
616,comanche_voxel89,11,-12528,320,0,-78,1,0,0,1,0,0,100,0,0,0,7,0,0,0,7710,999,946,5,0,0,0,0,0,0,357,3,0,100,100,0
617,comanche_voxel89,11,-12549,321,0,-78,1,0,0,0,0,0,100,0,0,0,7,0,0,0,7710,999,946,5,0,0,0,0,0,0,357,3,0,100,100,0
618,comanche_voxel89,11,-12570,321,0,-78,1,0,0,0,0,0,100,0,0,0,7,0,0,0,7710,999,946,5,0,0,0,0,0,0,357,3,0,100,100,0
619,comanche_voxel89,11,-12591,322,0,-78,1,0,0,0,0,0,100,0,0,0,7,0,0,0,7710,999,946,5,0,0,0,0,0,0,357,3,0,100,100,0
620,comanche_voxel89,11,-12612,322,0,-78,1,0,0,1,0,0,100,0,0,0,7,0,0,0,7710,999,945,5,0,0,0,0,0,0,357,3,0,100,100,0
621,comanche_voxel89,11,-12633,323,0,-78,1,0,0,0,0,0,100,0,0,0,7,0,0,0,7710,999,945,5,0,0,0,0,0,0,357,3,0,100,100,0
622,comanche_voxel89,11,-12653,323,0,-78,1,0,0,0,0,0,100,0,0,0,7,0,0,0,7710,999,945,5,0,0,0,0,0,0,357,3,0,100,100,0
623,comanche_voxel89,11,-12674,323,0,-78,1,0,0,0,0,0,100,0,0,0,7,0,0,0,7710,999,945,5,0,0,0,0,0,0,357,3,0,100,100,0
624,comanche_voxel89,11,-12695,324,0,-78,1,0,0,0,0,0,100,0,0,0,7,0,0,0,7710,999,945,5,0,0,0,0,0,0,357,3,0,100,100,0
625,comanche_voxel89,11,-12716,324,0,-78,1,0,0,0,0,0,100,0,0,0,7,0,0,0,7710,999,945,5,0,0,0,0,0,0,357,3,0,100,100,0
626,comanche_voxel89,11,-12737,325,0,-78,1,0,0,0,0,0,100,0,0,0,7,0,0,0,7710,999,945,5,0,0,0,0,0,0,357,3,0,100,100,0
627,comanche_voxel89,11,-12758,325,0,-78,1,0,0,0,0,0,100,0,0,0,7,0,0,0,7710,999,945,5,0,0,0,0,0,0,357,3,0,100,100,0
628,comanche_voxel89,11,-12778,326,0,-78,1,0,0,0,0,0,100,0,0,0,7,0,0,0,7710,999,945,5,0,0,0,0,0,0,357,3,0,100,100,0
629,comanche_voxel89,11,-12799,326,0,-78,1,0,0,0,0,0,100,0,0,0,7,0,0,0,7710,999,945,5,0,0,0,0,0,0,357,3,0,100,100,0
630,comanche_voxel89,11,-12820,327,0,-78,1,0,0,0,0,0,100,0,0,0,7,0,0,0,7710,999,945,5,0,0,0,40,0,0,357,3,0,100,100,0
631,comanche_voxel89,11,-12841,327,0,-78,1,0,0,0,0,0,100,0,0,0,7,0,0,0,7710,999,945,5,0,0,0,40,0,0,357,3,0,100,100,0
632,comanche_voxel89,11,-12862,328,0,-78,1,0,0,0,0,0,100,0,0,0,7,0,0,0,7710,999,945,5,0,0,0,40,0,0,357,3,0,100,100,0
633,comanche_voxel89,11,-12882,328,0,-78,1,0,0,0,0,0,100,0,0,0,7,0,0,0,7710,999,945,5,0,0,0,40,0,0,357,3,0,100,100,0
634,comanche_voxel89,11,-12903,329,0,-78,1,0,0,0,0,0,100,0,0,0,7,0,0,0,7710,999,945,5,0,0,0,40,0,0,357,3,0,100,100,0
635,comanche_voxel89,11,-12924,329,0,-78,1,0,0,0,0,0,100,0,0,0,7,0,0,0,7710,999,945,5,0,0,0,40,0,0,357,3,0,100,100,0
636,comanche_voxel89,11,-12945,330,0,-78,1,0,0,0,0,0,100,0,0,0,7,0,0,0,7710,999,945,5,0,0,0,40,0,0,357,3,0,100,100,0
637,comanche_voxel89,11,-12966,330,0,-78,1,0,0,0,0,0,100,0,0,0,7,0,0,0,7710,999,945,5,0,0,0,40,0,0,357,3,0,100,100,0
638,comanche_voxel89,11,-12987,330,0,-78,1,0,0,0,0,0,100,0,0,0,7,0,0,0,7710,999,945,5,0,0,0,40,0,0,357,3,0,100,100,0
639,comanche_voxel89,11,-13007,331,0,-78,1,0,0,0,0,0,100,0,0,0,7,0,0,0,7710,999,945,5,0,0,0,40,0,0,357,3,0,100,100,0
640,comanche_voxel89,11,-13028,331,0,-78,1,0,0,1,0,0,100,0,0,0,7,0,0,0,7710,999,945,5,0,0,0,40,0,0,357,3,0,100,100,0
641,comanche_voxel89,11,-13022,332,0,23,1,0,0,0,0,0,100,0,0,0,7,0,0,0,1572244,999,945,5,0,0,0,40,0,0,357,3,0,100,100,0
642,comanche_voxel89,11,-12990,332,0,119,1,0,0,0,0,0,100,0,0,0,7,0,0,0,1571484,999,945,5,0,0,0,40,0,0,357,3,0,100,100,0
643,comanche_voxel89,11,-12935,333,0,208,1,0,0,0,0,0,100,0,0,0,7,0,0,0,1567671,999,945,5,0,0,0,40,0,0,357,3,0,100,100,0
644,comanche_voxel89,11,-12857,333,0,291,1,0,0,0,0,0,100,0,0,0,7,0,0,0,1561003,999,945,5,0,0,0,40,0,0,357,3,0,100,100,0
645,comanche_voxel89,11,-12758,334,0,369,1,0,0,0,0,0,100,0,0,0,7,0,0,0,1551671,999,945,5,0,0,0,40,0,0,357,3,0,100,100,0
646,comanche_voxel89,11,-12641,334,0,440,1,0,0,0,0,0,100,0,0,0,7,0,0,0,1539863,999,945,5,0,0,0,40,0,0,357,3,0,100,100,0
647,comanche_voxel89,11,-12506,335,0,507,1,0,0,0,0,0,100,0,0,0,7,0,0,0,1525757,999,945,5,0,0,0,40,0,0,357,3,0,100,100,0
648,comanche_voxel89,11,-12354,335,0,568,1,0,0,0,0,0,100,0,0,0,7,0,0,0,1509527,999,945,5,0,0,0,40,0,0,357,3,0,100,100,0
649,comanche_voxel89,11,-12188,336,0,624,1,0,0,0,0,0,100,0,0,0,7,0,0,0,1491340,999,945,5,0,0,0,40,0,0,357,3,0,100,100,0
650,comanche_voxel89,11,-12007,336,0,675,1,0,0,0,0,0,100,0,0,0,7,0,0,0,1471355,999,945,5,0,0,0,40,0,0,357,3,0,100,100,0
651,comanche_voxel89,11,-11815,337,0,722,1,0,0,0,0,0,100,0,0,0,7,0,0,0,1449726,999,945,5,0,0,0,40,0,0,357,3,0,100,100,0
652,comanche_voxel89,11,-11611,337,0,764,1,0,0,0,0,0,100,0,0,0,7,0,0,0,1426601,999,945,5,0,0,0,40,0,0,357,3,0,100,100,0
653,comanche_voxel89,11,-11396,338,0,803,1,0,0,0,0,0,100,0,0,0,7,0,0,0,1402122,999,945,5,0,0,0,40,0,0,357,3,0,100,100,0
654,comanche_voxel89,11,-11173,338,0,837,1,0,0,0,0,0,100,0,0,0,7,0,0,0,1376425,999,945,5,0,0,0,40,0,0,357,3,0,100,100,0
655,comanche_voxel89,11,-10942,338,0,867,1,0,0,0,0,0,100,0,0,0,7,0,0,0,1349639,999,945,5,0,0,0,40,0,0,357,3,0,100,100,0
656,comanche_voxel89,11,-10704,339,0,893,1,0,0,1,0,0,100,0,0,0,7,0,0,0,1321888,999,945,5,0,0,0,40,0,0,357,3,0,100,100,0
657,comanche_voxel89,11,-10459,339,0,916,1,0,0,0,0,0,100,0,0,0,7,0,0,0,1293290,999,945,5,0,0,0,40,0,0,357,3,0,100,100,0
658,comanche_voxel89,11,-10210,340,0,936,1,0,0,0,0,0,100,0,0,0,7,0,0,0,1263958,999,945,5,0,0,0,40,0,0,357,3,0,100,100,0
659,comanche_voxel89,11,-9956,340,0,952,1,0,0,0,0,0,100,0,0,0,7,0,0,0,1233998,999,945,5,0,0,0,40,0,0,357,3,0,100,100,0
660,comanche_voxel89,11,-9698,341,0,966,1,0,0,0,0,0,100,0,0,0,7,0,0,0,1203513,999,945,5,0,0,0,40,0,0,357,3,0,100,100,0
661,comanche_voxel89,11,-9437,341,0,976,1,0,0,0,0,0,100,0,0,0,7,0,0,0,1172598,999,945,5,0,0,0,40,0,0,357,3,0,100,100,0
662,comanche_voxel89,11,-9175,342,0,984,1,0,0,0,0,0,100,0,0,0,7,0,0,0,1141346,999,945,5,0,0,0,40,0,0,357,3,0,100,100,0
663,comanche_voxel89,11,-8911,342,0,989,1,0,0,0,0,0,100,0,0,0,7,0,0,0,1109841,999,945,5,0,0,0,40,0,0,357,3,0,100,100,0
664,comanche_voxel89,11,-8646,343,0,992,1,0,0,0,0,0,100,0,0,0,7,0,0,0,1078166,999,945,5,0,0,0,40,0,0,357,3,0,100,100,0
665,comanche_voxel89,11,-8381,343,0,993,1,0,0,0,0,0,100,0,0,0,7,0,0,0,1046398,999,945,5,0,0,0,40,0,0,357,3,0,100,100,0
666,comanche_voxel89,11,-8117,344,0,992,1,0,0,0,0,0,100,0,0,0,7,0,0,0,1014607,999,945,5,0,0,0,40,0,0,357,3,0,100,100,0
667,comanche_voxel89,11,-7853,344,0,988,1,0,0,0,0,0,100,0,0,0,7,0,0,0,982862,999,945,5,0,0,0,40,0,0,357,3,0,100,100,0
668,comanche_voxel89,11,-7591,345,0,983,1,0,0,0,0,0,100,0,0,0,7,0,0,0,951227,999,945,5,0,0,0,40,0,0,357,3,0,100,100,0
669,comanche_voxel89,11,-7331,345,0,976,1,0,0,0,0,0,100,0,0,0,7,0,0,0,919759,999,945,5,0,0,0,40,0,0,357,3,0,100,100,0
670,comanche_voxel89,11,-7072,345,0,967,1,0,0,0,0,0,100,0,0,0,7,0,0,0,888515,999,945,5,0,0,0,40,0,0,357,3,0,100,100,0
671,comanche_voxel89,11,-6817,346,0,957,1,0,0,0,0,0,100,0,0,0,7,0,0,0,857545,999,945,5,0,0,0,40,0,0,357,3,0,100,100,0
672,comanche_voxel89,11,-6565,346,0,946,1,0,0,1,0,0,100,0,0,0,7,0,0,0,826897,999,945,5,0,0,0,40,0,0,357,3,0,100,100,0
673,comanche_voxel89,11,-6316,347,0,933,1,0,0,0,0,0,100,0,0,0,7,0,0,0,796614,999,945,5,0,0,0,40,0,0,357,3,0,100,100,0
674,comanche_voxel89,11,-6070,347,0,919,1,0,0,0,0,0,100,0,0,0,7,0,0,0,766737,999,945,5,0,0,0,40,0,0,357,3,0,100,100,0
675,comanche_voxel89,11,-5829,348,0,904,1,0,0,1,0,0,100,0,0,0,7,0,0,0,737303,999,944,5,0,0,0,40,0,0,357,3,0,100,100,0
676,comanche_voxel89,11,-5592,348,0,889,1,0,0,0,0,0,100,0,0,0,7,0,0,0,708345,999,944,5,0,0,0,40,0,0,357,3,0,100,100,0
677,comanche_voxel89,11,-5359,349,0,872,1,0,0,0,0,0,100,0,0,0,7,0,0,0,679894,999,944,5,0,0,0,40,0,0,357,3,0,100,100,0
678,comanche_voxel89,11,-5131,349,0,854,1,0,0,0,0,0,100,0,0,0,7,0,0,0,651977,999,944,5,0,0,0,40,0,0,357,3,0,100,100,0
679,comanche_voxel89,11,-4908,350,0,836,1,0,0,1,0,0,100,0,0,0,7,0,0,0,624619,999,943,5,0,0,0,40,0,0,357,3,0,100,100,0
680,comanche_voxel89,11,-4690,350,0,817,1,0,0,0,0,0,100,0,0,0,7,0,0,0,597843,999,943,5,0,0,0,40,0,0,357,3,0,100,100,0
681,comanche_voxel89,11,-4477,351,0,798,1,0,0,0,0,0,100,0,0,0,7,0,0,0,571667,999,943,5,0,0,0,40,0,0,357,3,0,100,100,0
682,comanche_voxel89,11,-4269,351,0,778,1,0,0,0,0,0,100,0,0,0,7,0,0,0,546109,999,943,5,0,0,0,40,0,0,357,3,0,100,100,0
683,comanche_voxel89,11,-4067,352,0,758,1,0,0,1,0,0,100,0,0,0,7,0,0,0,521183,999,942,5,0,0,0,40,0,0,357,3,0,100,100,0
684,comanche_voxel89,11,-3870,352,0,738,1,0,0,0,0,0,100,0,0,0,7,0,0,0,496902,999,942,5,0,0,0,40,0,0,357,3,0,100,100,0
685,comanche_voxel89,11,-3679,353,0,717,1,0,0,0,0,0,100,0,0,0,7,0,0,0,473276,999,942,5,0,0,0,40,0,0,357,3,0,100,100,0
686,comanche_voxel89,11,-3493,353,0,696,1,0,0,0,0,0,100,0,0,0,7,0,0,0,450314,999,942,5,0,0,0,40,0,0,357,3,0,100,100,0
687,comanche_voxel89,11,-3313,353,0,675,1,0,0,1,0,0,100,0,0,0,7,0,0,0,428020,999,941,5,0,0,0,40,0,0,357,3,0,100,100,0
688,comanche_voxel89,11,-3138,354,0,654,1,0,0,1,0,0,100,0,0,0,7,0,0,0,406402,999,941,5,0,0,0,40,0,0,357,3,0,100,100,0
689,comanche_voxel89,11,-2970,354,0,633,1,0,0,0,0,0,100,0,0,0,7,0,0,0,385460,999,941,5,0,0,0,40,0,0,357,3,0,100,100,0
690,comanche_voxel89,11,-2806,355,0,612,1,0,0,0,0,0,100,0,0,0,7,0,0,0,365197,999,941,5,0,0,0,40,0,0,357,3,0,100,100,0
691,comanche_voxel89,11,-2649,355,0,590,1,0,0,1,0,0,100,0,0,0,7,0,0,0,345612,999,940,5,0,0,0,40,0,0,357,3,0,100,100,0
692,comanche_voxel89,11,-2497,356,0,569,1,0,0,0,0,0,100,0,0,0,7,0,0,0,326703,999,940,5,0,0,0,40,0,0,357,3,0,100,100,0
693,comanche_voxel89,11,-2350,356,0,548,1,0,0,0,0,0,100,0,0,0,7,0,0,0,308469,999,940,5,0,0,0,40,0,0,357,3,0,100,100,0
694,comanche_voxel89,11,-2210,357,0,528,1,0,0,0,0,0,100,0,0,0,7,0,0,0,290904,999,940,5,0,0,0,40,0,0,357,3,0,100,100,0
695,comanche_voxel89,11,-2074,357,0,507,1,0,0,1,0,0,100,0,0,0,7,0,0,0,274004,999,939,5,0,0,0,40,0,0,357,3,0,100,100,0
696,comanche_voxel89,11,-1944,358,0,487,1,0,0,0,0,0,100,0,0,0,7,0,0,0,257762,999,939,5,0,0,0,40,0,0,357,3,0,100,100,0
697,comanche_voxel89,11,-1820,358,0,467,1,0,0,0,0,0,100,0,0,0,7,0,0,0,242170,999,939,5,0,0,0,40,0,0,357,3,0,100,100,0
698,comanche_voxel89,11,-1700,359,0,447,1,0,0,0,0,0,100,0,0,0,7,0,0,0,227221,999,939,5,0,0,0,40,0,0,357,3,0,100,100,0
699,comanche_voxel89,11,-1586,359,0,427,1,0,0,0,0,0,100,0,0,0,7,0,0,0,212906,999,939,5,0,0,0,40,0,0,357,3,0,100,100,0
700,comanche_voxel89,11,-1477,360,0,408,1,0,0,0,0,0,100,0,0,0,7,0,0,0,199214,999,939,5,0,0,0,40,0,0,357,3,0,100,100,0
701,comanche_voxel89,11,-1373,360,0,389,1,0,0,0,0,0,100,0,0,0,7,0,0,0,186136,999,939,5,0,0,0,40,0,0,357,3,0,100,100,0
702,comanche_voxel89,11,-1274,360,0,371,1,0,0,0,0,0,100,0,0,0,7,0,0,0,173660,999,939,5,0,0,0,40,0,0,357,3,0,100,100,0
703,comanche_voxel89,11,-1180,361,0,353,1,0,0,0,0,0,100,0,0,0,7,0,0,0,161775,999,939,5,0,0,0,40,0,0,357,3,0,100,100,0
704,comanche_voxel89,11,-1091,361,0,335,1,0,0,1,0,0,100,0,0,0,7,0,0,0,150467,999,939,5,0,0,0,40,0,0,357,3,0,100,100,0
705,comanche_voxel89,11,-1006,362,0,318,1,0,0,0,0,0,100,0,0,0,7,0,0,0,139726,999,939,5,0,0,0,40,0,0,357,3,0,100,100,0
706,comanche_voxel89,11,-925,362,0,301,1,0,0,0,0,0,100,0,0,0,7,0,0,0,129538,999,939,5,0,0,0,40,0,0,357,3,0,100,100,0
707,comanche_voxel89,11,-849,363,0,285,1,0,0,0,0,0,100,0,0,0,7,0,0,0,119889,999,939,5,0,0,0,40,0,0,357,3,0,100,100,0
708,comanche_voxel89,11,-778,363,0,269,1,0,0,0,0,0,100,0,0,0,7,0,0,0,110767,999,939,5,0,0,0,40,0,0,357,3,0,100,100,0
709,comanche_voxel89,11,-710,364,0,253,1,0,0,0,0,0,100,0,0,0,7,0,0,0,102156,999,939,5,0,0,0,40,0,0,357,3,0,100,100,0
710,comanche_voxel89,11,-646,364,0,238,1,0,0,0,0,0,100,0,0,0,7,0,0,0,94043,999,939,5,0,0,0,40,0,0,357,3,0,100,100,0
711,comanche_voxel89,11,-587,365,0,223,1,0,0,0,0,0,100,0,0,0,7,0,0,0,86414,999,939,5,0,0,0,40,0,0,357,3,0,100,100,0
712,comanche_voxel89,11,-531,365,0,209,1,0,0,0,0,0,100,0,0,0,7,0,0,0,79254,999,939,5,0,0,0,40,0,0,357,3,0,100,100,0
713,comanche_voxel89,11,-479,366,0,195,1,0,0,0,0,0,100,0,0,0,7,0,0,0,72550,999,939,5,0,0,0,40,0,0,357,3,0,100,100,0
714,comanche_voxel89,11,-430,366,0,182,1,0,0,0,0,0,100,0,0,0,7,0,0,0,66285,999,939,5,0,0,0,40,0,0,357,3,0,100,100,0
715,comanche_voxel89,11,-385,367,0,169,1,0,0,0,0,0,100,0,0,0,7,0,0,0,60447,999,939,5,0,0,0,40,0,0,357,3,0,100,100,0
716,comanche_voxel89,11,-343,367,0,157,1,0,0,0,0,0,100,0,0,0,7,0,0,0,55020,999,939,5,0,0,0,40,0,0,357,3,0,100,100,0
717,comanche_voxel89,11,-304,368,0,145,1,0,0,0,0,0,100,0,0,0,7,0,0,0,49991,999,939,5,0,0,0,40,0,0,357,3,0,100,100,0
718,comanche_voxel89,11,-268,368,0,133,1,0,0,0,0,0,100,0,0,0,7,0,0,0,45344,999,939,5,0,0,0,40,0,0,357,3,0,100,100,0
719,comanche_voxel89,11,-236,368,0,122,1,0,0,0,0,0,100,0,0,0,7,0,0,0,41065,999,939,5,0,0,0,40,0,0,357,3,0,100,100,0
720,comanche_voxel89,11,-206,369,0,112,1,0,0,1,0,0,100,0,0,0,7,0,0,0,37140,999,939,5,0,0,0,39,0,0,357,3,0,100,100,0
721,comanche_voxel89,11,-179,369,0,101,1,0,0,0,0,0,100,0,0,0,7,0,0,0,33556,999,939,5,0,0,0,38,0,0,357,3,0,100,100,0
722,comanche_voxel89,11,-154,370,0,92,1,0,0,0,0,0,100,0,0,0,7,0,0,0,30299,999,939,5,0,0,0,37,0,0,357,3,0,100,100,0
723,comanche_voxel89,11,-132,370,0,82,1,0,0,0,0,0,100,0,0,0,7,0,0,0,27355,999,939,5,0,0,0,36,0,0,357,3,0,100,100,0
724,comanche_voxel89,11,-113,371,0,73,1,0,0,0,0,0,100,0,0,0,7,0,0,0,24710,999,939,5,0,0,0,35,0,0,357,3,0,100,100,0
725,comanche_voxel89,11,-95,371,0,65,1,0,0,0,0,0,100,0,0,0,7,0,0,0,22352,999,939,5,0,0,0,34,0,0,357,3,0,100,100,0
726,comanche_voxel89,11,-80,372,0,57,1,0,0,0,0,0,100,0,0,0,7,0,0,0,20267,999,939,5,0,0,0,33,0,0,357,3,0,100,100,0
727,comanche_voxel89,11,-67,372,0,49,1,0,0,0,0,0,100,0,0,0,7,0,0,0,18442,999,939,5,0,0,0,32,0,0,357,3,0,100,100,0
728,comanche_voxel89,11,-56,373,0,41,1,0,0,0,0,0,100,0,0,0,7,0,0,0,16866,999,939,5,0,0,0,31,0,0,357,3,0,100,100,0
729,comanche_voxel89,11,-46,373,0,34,1,0,0,0,0,0,100,0,0,0,7,0,0,0,15525,999,939,5,0,0,0,30,0,0,357,3,0,100,100,0
730,comanche_voxel89,11,-39,374,0,28,1,0,0,0,0,0,100,0,0,0,7,0,0,0,14409,999,939,5,0,0,0,29,0,0,357,3,0,100,100,0
731,comanche_voxel89,11,-33,374,0,21,1,0,0,0,0,0,100,0,0,0,7,0,0,0,13505,999,939,5,0,0,0,28,0,0,357,3,0,100,100,0
732,comanche_voxel89,11,-29,375,0,16,1,0,0,0,0,0,100,0,0,0,7,0,0,0,12801,998,939,5,0,0,0,27,0,0,357,3,0,100,100,0
733,comanche_voxel89,11,-26,375,0,10,1,0,0,0,0,0,100,0,0,0,7,0,0,0,12287,998,939,5,0,0,0,26,0,0,357,3,0,100,100,0
734,comanche_voxel89,11,-24,375,0,5,1,0,0,0,0,0,100,0,0,0,7,0,0,0,11953,998,939,5,0,0,0,25,0,0,357,3,0,100,100,0
735,comanche_voxel89,11,-24,376,0,0,1,0,0,0,0,0,100,0,0,0,7,0,0,0,11787,998,939,5,0,0,0,24,0,0,357,3,0,100,100,0
736,comanche_voxel89,11,-26,376,0,-4,1,0,0,1,0,0,100,0,0,0,7,0,0,0,11779,998,939,5,0,0,0,23,0,0,357,3,0,100,100,0
737,comanche_voxel89,11,-28,377,0,-8,1,0,0,0,0,0,100,0,0,0,7,0,0,0,11919,998,939,5,0,0,0,22,0,0,357,3,0,100,100,0
738,comanche_voxel89,11,-31,377,0,-12,1,0,0,0,0,0,100,0,0,0,7,0,0,0,12198,998,939,5,0,0,0,21,0,0,357,3,0,100,100,0
739,comanche_voxel89,11,-36,378,0,-16,1,0,0,0,0,0,100,0,0,0,7,0,0,0,12607,998,939,5,0,0,0,20,0,0,357,3,0,100,100,0
740,comanche_voxel89,11,-41,378,0,-20,1,0,0,0,0,0,100,0,0,0,7,0,0,0,13136,998,939,5,0,0,0,19,0,0,357,3,0,100,100,0
741,comanche_voxel89,11,-47,379,0,-23,1,0,0,0,0,0,100,0,0,0,7,0,0,0,13777,998,939,5,0,0,0,18,0,0,357,3,0,100,100,0
742,comanche_voxel89,11,-54,379,0,-26,1,0,0,0,0,0,100,0,0,0,7,0,0,0,14522,998,939,5,0,0,0,17,0,0,357,3,0,100,100,0
743,comanche_voxel89,11,-62,380,0,-29,1,0,0,0,0,0,100,0,0,0,7,0,0,0,15363,998,939,5,0,0,0,16,0,0,357,3,0,100,100,0
744,comanche_voxel89,11,-70,380,0,-31,1,0,0,0,0,0,100,0,0,0,7,0,0,0,16291,998,939,5,0,0,0,15,0,0,357,3,0,100,100,0
745,comanche_voxel89,11,-79,381,0,-33,1,0,0,0,0,0,100,0,0,0,7,0,0,0,17299,998,939,5,0,0,0,14,0,0,357,3,0,100,100,0
746,comanche_voxel89,11,-89,381,0,-35,1,0,0,0,0,0,100,0,0,0,7,0,0,0,18381,998,939,5,0,0,0,13,0,0,357,3,0,100,100,0
747,comanche_voxel89,11,-99,382,0,-37,1,0,0,0,0,0,100,0,0,0,7,0,0,0,19530,998,939,5,0,0,0,12,0,0,357,3,0,100,100,0
748,comanche_voxel89,11,-110,382,0,-39,1,0,0,0,0,0,100,0,0,0,7,0,0,0,20737,998,939,5,0,0,0,11,0,0,357,3,0,100,100,0
749,comanche_voxel89,11,-120,383,0,-40,1,0,0,0,0,0,100,0,0,0,7,0,0,0,21999,998,939,5,0,0,0,10,0,0,357,3,0,100,100,0
750,comanche_voxel89,11,-132,383,0,-42,1,0,0,1,0,0,100,0,0,0,7,0,0,0,23309,998,938,5,0,0,0,9,0,0,357,3,0,100,100,0
751,comanche_voxel89,11,-143,383,0,-43,1,0,0,0,0,0,100,0,0,0,7,0,0,0,24660,998,938,5,0,0,0,8,0,0,357,3,0,100,100,0
752,comanche_voxel89,11,-155,384,0,-44,1,0,0,1,0,0,100,0,0,0,7,0,0,0,26048,998,938,5,0,0,0,7,0,0,357,3,0,100,100,0
753,comanche_voxel89,11,-167,384,0,-45,1,0,0,0,0,0,100,0,0,0,7,0,0,0,27467,998,938,5,0,0,0,6,0,0,357,3,0,100,100,0
754,comanche_voxel89,11,-179,385,0,-45,1,0,0,1,0,0,100,0,0,0,7,0,0,0,28913,998,937,5,0,0,0,5,0,0,357,3,0,100,100,0
755,comanche_voxel89,11,-192,385,0,-46,1,0,0,0,0,0,100,0,0,0,7,0,0,0,30380,998,937,5,0,0,0,4,0,0,357,3,0,100,100,0
756,comanche_voxel89,11,-204,386,0,-46,1,0,0,0,0,0,100,0,0,0,7,0,0,0,31865,998,937,5,0,0,0,3,0,0,357,3,0,100,100,0
757,comanche_voxel89,11,-217,386,0,-47,1,0,0,0,0,0,100,0,0,0,7,0,0,0,33363,998,937,5,0,0,0,2,0,0,357,3,0,100,100,0
758,comanche_voxel89,11,-229,387,0,-47,1,0,0,1,0,0,100,0,0,0,7,0,0,0,34870,998,936,5,0,0,0,1,0,0,357,3,0,100,100,0
759,comanche_voxel89,11,-242,387,0,-47,1,0,0,0,0,0,100,0,0,0,7,0,0,0,36382,998,936,5,0,0,0,0,0,0,357,3,0,100,100,0
760,comanche_voxel89,11,-255,388,0,-47,1,0,0,0,0,0,100,0,0,0,7,0,0,0,37897,998,936,5,0,0,0,0,0,0,357,3,0,100,100,0
761,comanche_voxel89,11,-267,388,0,-47,1,0,0,0,0,0,100,0,0,0,7,0,0,0,39411,998,936,5,0,0,0,0,0,0,357,3,0,100,100,0
762,comanche_voxel89,11,-280,389,0,-46,1,0,0,1,0,0,100,0,0,0,7,0,0,0,40920,998,935,5,0,0,0,0,0,0,357,3,0,100,100,0
763,comanche_voxel89,11,-292,389,0,-46,1,0,0,0,0,0,100,0,0,0,7,0,0,0,42422,998,935,5,0,0,0,0,0,0,357,3,0,100,100,0
764,comanche_voxel89,11,-305,390,0,-46,1,0,0,0,0,0,100,0,0,0,7,0,0,0,43914,998,935,5,0,0,0,0,0,0,357,3,0,100,100,0
765,comanche_voxel89,11,-317,390,0,-45,1,0,0,0,0,0,100,0,0,0,7,0,0,0,45394,998,935,5,0,0,0,0,0,0,357,3,0,100,100,0
766,comanche_voxel89,11,-329,390,0,-45,1,0,0,1,0,0,100,0,0,0,7,0,0,0,46859,998,934,5,0,0,0,0,0,0,357,3,0,100,100,0
767,comanche_voxel89,11,-341,391,0,-44,1,0,0,0,0,0,100,0,0,0,7,0,0,0,48307,998,934,5,0,0,0,0,0,0,357,3,0,100,100,0
768,comanche_voxel89,11,-352,391,0,-44,1,0,0,0,0,0,100,0,0,0,7,0,0,0,49736,998,934,5,0,0,0,0,0,0,357,3,0,100,100,0
769,comanche_voxel89,11,-364,392,0,-43,1,0,0,0,0,0,100,0,0,0,7,0,0,0,51145,998,934,5,0,0,0,0,0,0,357,3,0,100,100,0
770,comanche_voxel89,11,-375,392,0,-42,1,0,0,1,0,0,100,0,0,0,7,0,0,0,52531,998,933,5,0,0,0,0,0,0,357,3,0,100,100,0
771,comanche_voxel89,11,-387,393,0,-41,1,0,0,0,0,0,100,0,0,0,7,0,0,0,53894,998,933,5,0,0,0,0,0,0,357,3,0,100,100,0
772,comanche_voxel89,11,-397,393,0,-40,1,0,0,0,0,0,100,0,0,0,7,0,0,0,55232,998,933,5,0,0,0,0,0,0,357,3,0,100,100,0
773,comanche_voxel89,11,-408,394,0,-40,1,0,0,0,0,0,100,0,0,0,7,0,0,0,56543,998,933,5,0,0,0,0,0,0,357,3,0,100,100,0
774,comanche_voxel89,11,-419,394,0,-39,1,0,0,0,0,0,100,0,0,0,7,0,0,0,57827,998,933,5,0,0,0,0,0,0,357,3,0,100,100,0
775,comanche_voxel89,11,-429,395,0,-38,1,0,0,0,0,0,100,0,0,0,7,0,0,0,59083,998,933,5,0,0,0,0,0,0,357,3,0,100,100,0
776,comanche_voxel89,11,-439,395,0,-37,1,0,0,0,0,0,100,0,0,0,7,0,0,0,60310,998,933,5,0,0,0,0,0,0,357,3,0,100,100,0
777,comanche_voxel89,11,-449,396,0,-36,1,0,0,0,0,0,100,0,0,0,7,0,0,0,61507,998,933,5,0,0,0,0,0,0,357,3,0,100,100,0
778,comanche_voxel89,11,-458,396,0,-35,1,0,0,0,0,0,100,0,0,0,7,0,0,0,62672,998,933,5,0,0,0,0,0,0,357,3,0,100,100,0
779,comanche_voxel89,11,-467,397,0,-34,1,0,0,0,0,0,100,0,0,0,7,0,0,0,63807,998,933,5,0,0,0,0,0,0,357,3,0,100,100,0
780,comanche_voxel89,11,-476,397,0,-33,1,0,0,0,0,0,100,0,0,0,7,0,0,0,64911,998,933,5,0,0,0,0,0,0,357,3,0,100,100,0
781,comanche_voxel89,11,-485,398,0,-32,1,0,0,0,0,0,100,0,0,0,7,0,0,0,65982,998,933,5,0,0,0,0,0,0,357,3,0,100,100,0
782,comanche_voxel89,11,-493,398,0,-31,1,0,0,0,0,0,100,0,0,0,7,0,0,0,67022,998,933,5,0,0,0,0,0,0,357,3,0,100,100,0
783,comanche_voxel89,11,-501,398,0,-30,1,0,0,0,0,0,100,0,0,0,7,0,0,0,68029,998,933,5,0,0,0,0,0,0,357,3,0,100,100,0
784,comanche_voxel89,11,-509,399,0,-29,1,0,0,0,0,0,100,0,0,0,7,0,0,0,69004,998,933,5,0,0,0,0,0,0,357,3,0,100,100,0
785,comanche_voxel89,11,-517,399,0,-28,1,0,0,0,0,0,100,0,0,0,7,0,0,0,69947,998,933,5,0,0,0,0,0,0,357,3,0,100,100,0
786,comanche_voxel89,11,-524,400,0,-27,1,0,0,0,0,0,100,0,0,0,7,0,0,0,70857,998,933,5,0,0,0,0,0,0,357,3,0,100,100,0
787,comanche_voxel89,11,-531,400,0,-26,1,0,0,0,0,0,100,0,0,0,7,0,0,0,71736,998,933,5,0,0,0,0,0,0,357,3,0,100,100,0
788,comanche_voxel89,11,-538,401,0,-25,1,0,0,0,0,0,100,0,0,0,7,0,0,0,72582,998,933,5,0,0,0,0,0,0,357,3,0,100,100,0
789,comanche_voxel89,11,-544,401,0,-24,1,0,0,0,0,0,100,0,0,0,7,0,0,0,73396,998,933,5,0,0,0,0,0,0,357,3,0,100,100,0
790,comanche_voxel89,11,-551,402,0,-23,1,0,0,0,0,0,100,0,0,0,7,0,0,0,74180,998,933,5,0,0,0,0,0,0,357,3,0,100,100,0
791,comanche_voxel89,11,-557,402,0,-22,1,0,0,0,0,0,100,0,0,0,7,0,0,0,74932,998,933,5,0,0,0,0,0,0,357,3,0,100,100,0
792,comanche_voxel89,11,-562,403,0,-21,1,0,0,0,0,0,100,0,0,0,7,0,0,0,75653,998,933,5,0,0,0,0,0,0,357,3,0,100,100,0
793,comanche_voxel89,11,-568,403,0,-20,1,0,0,0,0,0,100,0,0,0,7,0,0,0,76344,998,933,5,0,0,0,0,0,0,357,3,0,100,100,0
794,comanche_voxel89,11,-573,404,0,-19,1,0,0,0,0,0,100,0,0,0,7,0,0,0,77005,998,933,5,0,0,0,0,0,0,357,3,0,100,100,0
795,comanche_voxel89,11,-578,404,0,-18,1,0,0,0,0,0,100,0,0,0,7,0,0,0,77637,998,933,5,0,0,0,0,0,0,357,3,0,100,100,0
796,comanche_voxel89,11,-583,405,0,-17,1,0,0,0,0,0,100,0,0,0,7,0,0,0,78240,998,933,5,0,0,0,0,0,0,357,3,0,100,100,0
797,comanche_voxel89,11,-588,405,0,-17,1,0,0,0,0,0,100,0,0,0,7,0,0,0,78814,998,933,5,0,0,0,0,0,0,357,3,0,100,100,0
798,comanche_voxel89,11,-592,405,0,-16,1,0,0,0,0,0,100,0,0,0,7,0,0,0,79361,998,933,5,0,0,0,0,0,0,357,3,0,100,100,0
799,comanche_voxel89,11,-596,406,0,-15,1,0,0,0,0,0,100,0,0,0,7,0,0,0,79881,998,933,5,0,0,0,0,0,0,357,3,0,100,100,0
800,comanche_voxel89,11,-600,406,0,-14,1,0,0,0,0,0,100,0,0,0,7,0,0,0,80374,998,933,5,0,0,0,0,0,0,357,3,0,100,100,0
801,comanche_voxel89,11,-604,407,0,-13,1,0,0,0,0,0,100,0,0,0,7,0,0,0,80842,998,933,5,0,0,0,0,0,0,357,3,0,100,100,0
802,comanche_voxel89,11,-607,407,0,-13,1,0,0,0,0,0,100,0,0,0,7,0,0,0,81284,998,933,5,0,0,0,0,0,0,357,3,0,100,100,0
803,comanche_voxel89,11,-610,408,0,-12,1,0,0,0,0,0,100,0,0,0,7,0,0,0,81701,998,933,5,0,0,0,0,0,0,357,3,0,100,100,0
804,comanche_voxel89,11,-613,408,0,-11,1,0,0,0,0,0,100,0,0,0,7,0,0,0,82094,998,933,5,0,0,0,0,0,0,357,3,0,100,100,0
805,comanche_voxel89,11,-616,409,0,-10,1,0,0,0,0,0,100,0,0,0,7,0,0,0,82464,998,933,5,0,0,0,0,0,0,357,3,0,100,100,0
806,comanche_voxel89,11,-619,409,0,-10,1,0,0,0,0,0,100,0,0,0,7,0,0,0,82812,998,933,5,0,0,0,0,0,0,357,3,0,100,100,0
807,comanche_voxel89,11,-622,410,0,-9,1,0,0,0,0,0,100,0,0,0,7,0,0,0,83138,998,933,5,0,0,0,0,0,0,357,3,0,100,100,0
808,comanche_voxel89,11,-624,410,0,-8,1,0,0,0,0,0,100,0,0,0,7,0,0,0,83443,998,933,5,0,0,0,0,0,0,357,3,0,100,100,0
809,comanche_voxel89,11,-626,411,0,-8,1,0,0,0,0,0,100,0,0,0,7,0,0,0,83727,998,933,5,0,0,0,0,0,0,357,3,0,100,100,0
810,comanche_voxel89,11,-628,411,0,-7,1,0,0,0,0,0,100,0,0,0,7,0,0,0,83992,998,933,5,0,0,0,40,0,0,357,3,0,100,100,0
811,comanche_voxel89,11,-630,412,0,-7,1,0,0,0,0,0,100,0,0,0,7,0,0,0,84238,998,933,5,0,0,0,40,0,0,357,3,0,100,100,0
812,comanche_voxel89,11,-632,412,0,-6,1,0,0,0,0,0,100,0,0,0,7,0,0,0,84465,998,933,5,0,0,0,40,0,0,357,3,0,100,100,0
813,comanche_voxel89,11,-633,413,0,-6,1,0,0,0,0,0,100,0,0,0,7,0,0,0,84675,998,933,5,0,0,0,40,0,0,357,3,0,100,100,0
814,comanche_voxel89,11,-635,413,0,-5,1,0,0,0,0,0,100,0,0,0,7,0,0,0,84867,998,933,5,0,0,0,40,0,0,357,3,0,100,100,0
815,comanche_voxel89,11,-636,413,0,-5,1,0,0,0,0,0,100,0,0,0,7,0,0,0,85043,998,933,5,0,0,0,40,0,0,357,3,0,100,100,0
816,comanche_voxel89,11,-637,414,0,-4,1,0,0,1,0,0,100,0,0,0,7,0,0,0,85204,998,933,5,0,0,0,40,0,0,357,3,0,100,100,0
817,comanche_voxel89,11,-639,414,0,-4,1,0,0,0,0,0,100,0,0,0,7,0,0,0,85349,998,933,5,0,0,0,40,0,0,357,3,0,100,100,0
818,comanche_voxel89,11,-640,415,0,-3,1,0,0,0,0,0,100,0,0,0,7,0,0,0,85480,998,933,5,0,0,0,40,0,0,357,3,0,100,100,0
819,comanche_voxel89,11,-640,415,0,-3,1,0,0,0,0,0,100,0,0,0,7,0,0,0,85597,998,933,5,0,0,0,40,0,0,357,3,0,100,100,0
820,comanche_voxel89,11,-641,416,0,-2,1,0,0,0,0,0,100,0,0,0,7,0,0,0,85702,998,933,5,0,0,0,40,0,0,357,3,0,100,100,0
821,comanche_voxel89,11,-642,416,0,-2,1,0,0,0,0,0,100,0,0,0,7,0,0,0,85793,998,933,5,0,0,0,40,0,0,357,3,0,100,100,0
822,comanche_voxel89,11,-642,417,0,-2,1,0,0,0,0,0,100,0,0,0,7,0,0,0,85873,998,933,5,0,0,0,40,0,0,357,3,0,100,100,0
823,comanche_voxel89,11,-643,417,0,-1,1,0,0,0,0,0,100,0,0,0,7,0,0,0,85942,998,933,5,0,0,0,40,0,0,357,3,0,100,100,0
824,comanche_voxel89,11,-643,418,0,-1,1,0,0,0,0,0,100,0,0,0,7,0,0,0,85999,998,933,5,0,0,0,40,0,0,357,3,0,100,100,0
825,comanche_voxel89,11,-644,418,0,-1,1,0,0,1,0,0,100,0,0,0,7,0,0,0,86047,998,932,5,0,0,0,40,0,0,357,3,0,100,100,0
826,comanche_voxel89,11,-644,419,0,0,1,0,0,0,0,0,100,0,0,0,7,0,0,0,86084,998,932,5,0,0,0,40,0,0,357,3,0,100,100,0
827,comanche_voxel89,11,-644,419,0,0,1,0,0,0,0,0,100,0,0,0,7,0,0,0,86113,998,932,5,0,0,0,40,0,0,357,3,0,100,100,0
828,comanche_voxel89,11,-644,420,0,0,1,0,0,0,0,0,100,0,0,0,7,0,0,0,86132,998,932,5,0,0,0,40,0,0,357,3,0,100,100,0
829,comanche_voxel89,11,-644,420,0,0,1,0,0,1,0,0,100,0,0,0,7,0,0,0,86144,998,931,5,0,0,0,40,0,0,357,3,0,100,100,0
830,comanche_voxel89,11,-644,420,0,0,1,0,0,0,0,0,100,0,0,0,7,0,0,0,86148,998,931,5,0,0,0,40,0,0,357,3,0,100,100,0
831,comanche_voxel89,11,-644,421,0,0,1,0,0,0,0,0,100,0,0,0,7,0,0,0,86145,998,931,5,0,0,0,40,0,0,357,3,0,100,100,0
832,comanche_voxel89,11,-644,421,0,0,1,0,0,1,0,0,100,0,0,0,7,0,0,0,86135,998,931,5,0,0,0,40,0,0,357,3,0,100,100,0
833,comanche_voxel89,11,-644,422,0,0,1,0,0,1,0,0,100,0,0,0,7,0,0,0,86119,998,930,5,0,0,0,40,0,0,357,3,0,100,100,0
834,comanche_voxel89,11,-644,422,0,0,1,0,0,0,0,0,100,0,0,0,7,0,0,0,86097,998,930,5,0,0,0,40,0,0,357,3,0,100,100,0
835,comanche_voxel89,11,-643,423,0,1,1,0,0,0,0,0,100,0,0,0,7,0,0,0,86070,998,930,5,0,0,0,40,0,0,357,3,0,100,100,0
836,comanche_voxel89,11,-643,423,0,1,1,0,0,0,0,0,100,0,0,0,7,0,0,0,86037,998,930,5,0,0,0,40,0,0,357,3,0,100,100,0
837,comanche_voxel89,11,-643,424,0,1,1,0,0,1,0,0,100,0,0,0,7,0,0,0,86000,998,929,5,0,0,0,40,0,0,357,3,0,100,100,0
838,comanche_voxel89,11,-642,424,0,1,1,0,0,0,0,0,100,0,0,0,7,0,0,0,85959,998,929,5,0,0,0,40,0,0,357,3,0,100,100,0
839,comanche_voxel89,11,-642,425,0,1,1,0,0,0,0,0,100,0,0,0,7,0,0,0,85914,998,929,5,0,0,0,40,0,0,357,3,0,100,100,0
840,comanche_voxel89,11,-641,425,0,1,1,0,0,0,0,0,100,0,0,0,7,0,0,0,85865,998,929,5,0,0,0,40,0,0,357,3,0,100,100,0
841,comanche_voxel89,11,-641,426,0,1,1,0,0,1,0,0,100,0,0,0,7,0,0,0,85813,998,928,5,0,0,0,40,0,0,357,3,0,100,100,0
842,comanche_voxel89,11,-640,426,0,1,1,0,0,0,0,0,100,0,0,0,7,0,0,0,85758,998,928,5,0,0,0,40,0,0,357,3,0,100,100,0
843,comanche_voxel89,11,-640,427,0,1,1,0,0,0,0,0,100,0,0,0,7,0,0,0,85701,998,928,5,0,0,0,40,0,0,357,3,0,100,100,0
844,comanche_voxel89,11,-639,427,0,1,1,0,0,0,0,0,100,0,0,0,7,0,0,0,85642,998,928,5,0,0,0,40,0,0,357,3,0,100,100,0
845,comanche_voxel89,11,-639,428,0,1,1,0,0,1,0,0,100,0,0,0,7,0,0,0,85580,998,927,5,0,0,0,40,0,0,357,3,0,100,100,0
846,comanche_voxel89,11,-638,428,0,2,1,0,0,0,0,0,100,0,0,0,7,0,0,0,85516,998,927,5,0,0,0,40,0,0,357,3,0,100,100,0
847,comanche_voxel89,11,-638,428,0,2,1,0,0,0,0,0,100,0,0,0,7,0,0,0,85451,998,927,5,0,0,0,40,0,0,357,3,0,100,100,0
848,comanche_voxel89,11,-637,429,0,2,1,0,0,1,0,0,100,0,0,0,7,0,0,0,85384,998,927,5,0,0,0,40,0,0,357,3,0,100,100,0
849,comanche_voxel89,11,-637,429,0,2,1,0,0,0,0,0,100,0,0,0,7,0,0,0,85317,998,927,5,0,0,0,40,0,0,357,3,0,100,100,0
850,comanche_voxel89,11,-636,430,0,2,1,0,0,0,0,0,100,0,0,0,7,0,0,0,85248,998,927,5,0,0,0,40,0,0,357,3,0,100,100,0
851,comanche_voxel89,11,-635,430,0,2,1,0,0,0,0,0,100,0,0,0,7,0,0,0,85179,998,927,5,0,0,0,40,0,0,357,3,0,100,100,0
852,comanche_voxel89,11,-635,431,0,2,1,0,0,0,0,0,100,0,0,0,7,0,0,0,85109,998,927,5,0,0,0,40,0,0,357,3,0,100,100,0
853,comanche_voxel89,11,-634,431,0,2,1,0,0,0,0,0,100,0,0,0,7,0,0,0,85039,998,927,5,0,0,0,40,0,0,357,3,0,100,100,0
854,comanche_voxel89,11,-634,432,0,2,1,0,0,0,0,0,100,0,0,0,7,0,0,0,84968,998,927,5,0,0,0,40,0,0,357,3,0,100,100,0
855,comanche_voxel89,11,-633,432,0,2,1,0,0,0,0,0,100,0,0,0,7,0,0,0,84898,998,927,5,0,0,0,40,0,0,357,3,0,100,100,0
856,comanche_voxel89,11,-633,433,0,2,1,0,0,0,0,0,100,0,0,0,7,0,0,0,84828,998,927,5,0,0,0,40,0,0,357,3,0,100,100,0
857,comanche_voxel89,11,-632,433,0,2,1,0,0,0,0,0,100,0,0,0,7,0,0,0,84758,998,927,5,0,0,0,40,0,0,357,3,0,100,100,0
858,comanche_voxel89,11,-631,434,0,2,1,0,0,0,0,0,100,0,0,0,7,0,0,0,84689,998,927,5,0,0,0,40,0,0,357,3,0,100,100,0
859,comanche_voxel89,11,-631,434,0,2,1,0,0,0,0,0,100,0,0,0,7,0,0,0,84620,998,927,5,0,0,0,40,0,0,357,3,0,100,100,0
860,comanche_voxel89,11,-630,435,0,2,1,0,0,0,0,0,100,0,0,0,7,0,0,0,84551,998,927,5,0,0,0,40,0,0,357,3,0,100,100,0
861,comanche_voxel89,11,-630,435,0,2,1,0,0,0,0,0,100,0,0,0,7,0,0,0,84484,998,927,5,0,0,0,40,0,0,357,3,0,100,100,0
862,comanche_voxel89,11,-629,435,0,2,1,0,0,0,0,0,100,0,0,0,7,0,0,0,84417,998,927,5,0,0,0,40,0,0,357,3,0,100,100,0
863,comanche_voxel89,11,-629,436,0,2,1,0,0,0,0,0,100,0,0,0,7,0,0,0,84352,998,927,5,0,0,0,40,0,0,357,3,0,100,100,0
864,comanche_voxel89,11,-628,436,0,1,1,0,0,1,0,0,100,0,0,0,7,0,0,0,84287,998,927,5,0,0,0,40,0,0,357,3,0,100,100,0
865,comanche_voxel89,11,-628,437,0,1,1,0,0,0,0,0,100,0,0,0,7,0,0,0,84223,998,927,5,0,0,0,40,0,0,357,3,0,100,100,0
866,comanche_voxel89,11,-627,437,0,1,1,0,0,0,0,0,100,0,0,0,7,0,0,0,84161,998,927,5,0,0,0,40,0,0,357,3,0,100,100,0
867,comanche_voxel89,11,-627,438,0,1,1,0,0,0,0,0,100,0,0,0,7,0,0,0,84099,998,927,5,0,0,0,40,0,0,357,3,0,100,100,0
868,comanche_voxel89,11,-626,438,0,1,1,0,0,0,0,0,100,0,0,0,7,0,0,0,84039,998,927,5,0,0,0,40,0,0,357,3,0,100,100,0
869,comanche_voxel89,11,-626,439,0,1,1,0,0,0,0,0,100,0,0,0,7,0,0,0,83980,998,927,5,0,0,0,40,0,0,357,3,0,100,100,0
870,comanche_voxel89,11,-625,439,0,1,1,0,0,0,0,0,100,0,0,0,7,0,0,0,83923,998,927,5,0,0,0,40,0,0,357,3,0,100,100,0
871,comanche_voxel89,11,-625,440,0,1,1,0,0,0,0,0,100,0,0,0,7,0,0,0,83866,998,927,5,0,0,0,40,0,0,357,3,0,100,100,0
872,comanche_voxel89,11,-624,440,0,1,1,0,0,0,0,0,100,0,0,0,7,0,0,0,83812,998,927,5,0,0,0,40,0,0,357,3,0,100,100,0
873,comanche_voxel89,11,-624,441,0,1,1,0,0,0,0,0,100,0,0,0,7,0,0,0,83759,998,927,5,0,0,0,40,0,0,357,3,0,100,100,0
874,comanche_voxel89,11,-623,441,0,1,1,0,0,0,0,0,100,0,0,0,7,0,0,0,83707,998,927,5,0,0,0,40,0,0,357,3,0,100,100,0
875,comanche_voxel89,11,-623,442,0,1,1,0,0,0,0,0,100,0,0,0,7,0,0,0,83657,998,927,5,0,0,0,40,0,0,357,3,0,100,100,0
876,comanche_voxel89,11,-623,442,0,1,1,0,0,0,0,0,100,0,0,0,7,0,0,0,83608,998,927,5,0,0,0,40,0,0,357,3,0,100,100,0
877,comanche_voxel89,11,-622,443,0,1,1,0,0,0,0,0,100,0,0,0,7,0,0,0,83561,998,927,5,0,0,0,40,0,0,357,3,0,100,100,0
878,comanche_voxel89,11,-622,443,0,1,1,0,0,0,0,0,100,0,0,0,7,0,0,0,83515,998,927,5,0,0,0,40,0,0,357,3,0,100,100,0
879,comanche_voxel89,11,-621,443,0,1,1,0,0,0,0,0,100,0,0,0,7,0,0,0,83470,998,927,5,0,0,0,40,0,0,357,3,0,100,100,0
880,comanche_voxel89,11,-621,444,0,1,1,0,0,1,0,0,100,0,0,0,7,0,0,0,83428,998,927,5,0,0,0,40,0,0,357,3,0,100,100,0
881,comanche_voxel89,11,-621,444,0,1,1,0,0,0,0,0,100,0,0,0,7,0,0,0,83386,998,927,5,0,0,0,40,0,0,357,3,0,100,100,0
882,comanche_voxel89,11,-620,445,0,1,1,0,0,0,0,0,100,0,0,0,7,0,0,0,83347,998,927,5,0,0,0,40,0,0,357,3,0,100,100,0
883,comanche_voxel89,11,-620,445,0,1,1,0,0,0,0,0,100,0,0,0,7,0,0,0,83308,998,927,5,0,0,0,40,0,0,357,3,0,100,100,0
884,comanche_voxel89,11,-620,446,0,1,1,0,0,0,0,0,100,0,0,0,7,0,0,0,83271,998,927,5,0,0,0,40,0,0,357,3,0,100,100,0
885,comanche_voxel89,11,-620,446,0,1,1,0,0,0,0,0,100,0,0,0,7,0,0,0,83235,998,927,5,0,0,0,40,0,0,357,3,0,100,100,0
886,comanche_voxel89,11,-619,447,0,1,1,0,0,0,0,0,100,0,0,0,7,0,0,0,83201,998,927,5,0,0,0,40,0,0,357,3,0,100,100,0
887,comanche_voxel89,11,-619,447,0,0,1,0,0,0,0,0,100,0,0,0,7,0,0,0,83168,998,927,5,0,0,0,40,0,0,357,3,0,100,100,0
888,comanche_voxel89,11,-619,448,0,0,1,0,0,0,0,0,100,0,0,0,7,0,0,0,83137,998,927,5,0,0,0,40,0,0,357,3,0,100,100,0
889,comanche_voxel89,11,-619,448,0,0,1,0,0,0,0,0,100,0,0,0,7,0,0,0,83107,998,927,5,0,0,0,40,0,0,357,3,0,100,100,0
890,comanche_voxel89,11,-618,449,0,0,1,0,0,0,0,0,100,0,0,0,7,0,0,0,83078,998,927,5,0,0,0,40,0,0,357,3,0,100,100,0
891,comanche_voxel89,11,-618,449,0,0,1,0,0,0,0,0,100,0,0,0,7,0,0,0,83051,998,927,5,0,0,0,40,0,0,357,3,0,100,100,0
892,comanche_voxel89,11,-618,450,0,0,1,0,0,0,0,0,100,0,0,0,7,0,0,0,83025,998,927,5,0,0,0,40,0,0,357,3,0,100,100,0
893,comanche_voxel89,11,-618,450,0,0,1,0,0,0,0,0,100,0,0,0,7,0,0,0,83001,998,927,5,0,0,0,40,0,0,357,3,0,100,100,0
894,comanche_voxel89,11,-618,450,0,0,1,0,0,0,0,0,100,0,0,0,7,0,0,0,82977,998,927,5,0,0,0,40,0,0,357,3,0,100,100,0
895,comanche_voxel89,11,-617,451,0,0,1,0,0,0,0,0,100,0,0,0,7,0,0,0,82955,998,927,5,0,0,0,40,0,0,357,3,0,100,100,0
896,comanche_voxel89,11,-617,451,0,0,1,0,0,1,0,0,100,0,0,0,7,0,0,0,82934,998,927,5,0,0,0,40,0,0,357,3,0,100,100,0
897,comanche_voxel89,11,-617,452,0,0,1,0,0,0,0,0,100,0,0,0,7,0,0,0,82914,998,927,5,0,0,0,40,0,0,357,3,0,100,100,0
898,comanche_voxel89,11,-617,452,0,0,1,0,0,0,0,0,100,0,0,0,7,0,0,0,82896,998,927,5,0,0,0,40,0,0,357,3,0,100,100,0
899,comanche_voxel89,11,-617,453,0,0,1,0,0,0,0,0,100,0,0,0,7,0,0,0,82878,998,927,5,0,0,0,40,0,0,357,3,0,100,100,0
