tick,name,pos_x,pos_y,pos_z,vel_x,vel_y,vel_z,yaw,grounded,fx_count,kudos,combo,nitro,riskboost,takedowns,skill_driver,crashbreaker,airspeed,air_lift,rotor_rpm,rotor_lift,fuel,cannon,missiles,lock,cargo,av_lock,threat,engine_dead,ctrl_loss,mission_score,medal,wing_score,shield,laser,heat
0,longbow_campaign89,0,10,0,0,-5,0,0,0,1,0,0,50,0,0,0,0,0,0,0,6778,99,299,16,0,0,0,0,0,0,0,0,0,100,100,0
1,longbow_campaign89,0,7,0,0,-10,0,0,0,0,0,0,50,0,0,0,0,0,0,0,7354,99,299,16,0,0,0,0,0,0,0,0,0,100,100,0
2,longbow_campaign89,0,3,0,0,-14,0,0,0,0,0,0,50,0,0,0,0,0,0,0,7464,99,299,16,0,0,0,0,0,0,0,0,0,100,100,0
3,longbow_campaign89,0,-1,0,0,-19,0,0,0,0,0,0,50,0,0,0,0,0,0,0,7558,99,299,16,0,0,0,0,0,0,0,0,0,100,100,0
4,longbow_campaign89,0,-7,0,0,-23,0,0,0,0,0,0,50,0,0,0,0,0,0,0,7678,99,299,16,0,0,0,0,0,0,0,0,0,100,100,0
5,longbow_campaign89,0,-14,0,0,-27,0,0,0,1,0,0,51,0,0,0,0,0,0,0,7824,99,298,16,0,0,0,0,0,0,0,0,0,100,100,0
6,longbow_campaign89,0,-22,0,0,-30,0,0,0,0,0,0,51,0,0,0,0,0,0,0,7994,99,298,16,0,0,0,0,0,0,0,0,0,100,100,0
7,longbow_campaign89,0,-32,0,0,-34,0,0,0,0,0,0,51,0,0,0,0,0,0,0,8185,99,298,16,0,0,0,0,0,0,0,0,0,100,100,0
8,longbow_campaign89,0,-41,0,0,-37,0,0,0,0,0,0,51,0,0,0,0,0,0,0,8397,99,298,16,0,0,0,0,0,0,0,0,0,100,100,0
9,longbow_campaign89,0,-52,0,0,-40,0,0,0,0,0,0,51,0,0,0,0,0,0,0,8629,99,298,16,0,0,0,0,0,0,0,0,0,100,100,0
10,longbow_campaign89,0,-64,0,0,-42,0,0,0,1,0,0,52,0,0,0,0,0,0,0,8878,99,297,16,0,0,0,0,0,0,0,0,0,100,100,0
11,longbow_campaign89,0,-76,0,0,-45,0,0,0,0,0,0,52,0,0,0,0,0,0,0,9144,99,297,16,0,0,0,0,0,0,0,0,0,100,100,0
12,longbow_campaign89,0,-88,0,0,-47,0,0,0,0,0,0,52,0,0,0,0,0,0,0,9426,99,297,16,0,0,0,0,0,0,0,0,0,100,100,0
13,longbow_campaign89,0,-102,0,0,-49,0,0,0,0,0,0,52,0,0,0,0,0,0,0,9723,99,297,16,0,0,0,0,0,0,0,0,0,100,100,0
14,longbow_campaign89,0,-116,0,0,-52,0,0,0,0,0,0,52,0,0,0,0,0,0,0,10033,99,297,16,0,0,0,0,0,0,0,0,0,100,100,0
15,longbow_campaign89,0,-130,0,0,-53,0,0,0,1,0,0,53,0,0,0,0,0,0,0,10356,99,296,16,0,0,0,0,0,0,0,0,0,100,100,0
16,longbow_campaign89,0,-145,1,0,-55,0,0,0,0,0,0,53,0,0,0,0,0,0,0,10691,99,296,16,0,0,0,0,0,0,0,0,0,100,100,0
17,longbow_campaign89,0,-160,1,0,-57,0,0,0,0,0,0,53,0,0,0,0,0,0,0,11037,99,296,16,0,0,0,0,0,0,0,0,0,100,100,0
18,longbow_campaign89,0,-176,1,0,-58,0,0,0,0,0,0,53,0,0,0,0,0,0,0,11393,99,296,16,0,0,0,0,0,0,0,0,0,100,100,0
19,longbow_campaign89,0,-192,1,0,-60,0,0,0,0,0,0,53,0,0,0,0,0,0,0,11758,99,296,16,0,0,0,0,0,0,0,0,0,100,100,0
20,longbow_campaign89,0,-208,1,0,-61,0,0,0,1,0,0,53,0,0,0,0,0,0,0,12133,99,295,16,0,0,0,0,0,0,0,0,0,100,100,0
21,longbow_campaign89,0,-225,1,0,-62,0,0,0,0,0,0,54,0,0,0,0,0,0,0,12515,99,295,16,0,0,0,0,0,0,0,0,0,100,100,0
22,longbow_campaign89,0,-242,1,0,-64,0,0,0,0,0,0,54,0,0,0,0,0,0,0,12905,99,295,16,0,0,0,0,0,0,0,0,0,100,100,0
23,longbow_campaign89,0,-260,1,0,-65,0,0,0,0,0,0,54,0,0,0,0,0,0,0,13302,99,295,16,0,0,0,0,0,0,0,0,0,100,100,0
24,longbow_campaign89,0,-277,1,0,-66,0,0,0,0,0,0,54,0,0,0,0,0,0,0,13706,99,295,16,0,0,0,0,0,0,0,0,0,100,100,0
25,longbow_campaign89,0,-295,1,0,-66,0,0,0,0,0,0,54,0,0,0,0,0,0,0,14115,98,295,16,0,0,0,0,0,0,0,0,0,100,100,0
26,longbow_campaign89,0,-313,2,0,-67,0,0,0,0,0,0,55,0,0,0,0,0,0,0,14530,98,295,16,0,0,0,0,0,0,0,0,0,100,100,0
27,longbow_campaign89,0,-331,2,0,-68,0,0,0,0,0,0,55,0,0,0,0,0,0,0,14950,98,295,16,0,0,0,0,0,0,0,0,0,100,100,0
28,longbow_campaign89,0,-350,2,0,-69,0,0,0,0,0,0,55,0,0,0,0,0,0,0,15374,98,295,16,0,0,0,0,0,0,0,0,0,100,100,0
29,longbow_campaign89,0,-368,2,0,-69,0,0,0,0,0,0,55,0,0,0,0,0,0,0,15802,98,295,16,0,0,0,0,0,0,0,0,0,100,100,0
30,longbow_campaign89,0,-387,2,0,-70,0,0,0,0,0,0,55,0,0,0,0,0,0,0,16235,98,295,16,0,0,0,0,0,0,0,0,0,100,100,0
31,longbow_campaign89,0,-406,2,0,-70,0,0,0,0,0,0,56,0,0,0,0,0,0,0,16670,98,295,16,0,0,0,0,0,0,0,0,0,100,100,0
32,longbow_campaign89,0,-425,2,0,-71,0,0,0,0,0,0,56,0,0,0,0,0,0,0,17109,98,295,16,0,0,0,0,0,0,0,0,0,100,100,0
33,longbow_campaign89,0,-444,3,0,-71,0,0,0,0,0,0,56,0,0,0,0,0,0,0,17550,98,295,16,0,0,0,0,0,0,0,0,0,100,100,0
34,longbow_campaign89,0,-463,3,0,-71,0,0,0,0,0,0,56,0,0,0,0,0,0,0,17994,98,295,16,0,0,0,0,0,0,0,0,0,100,100,0
35,longbow_campaign89,0,-483,3,0,-72,0,0,0,0,0,0,56,0,0,0,0,0,0,0,18440,98,295,16,0,0,0,0,0,0,0,0,0,100,100,0
36,longbow_campaign89,0,-502,3,0,-72,0,0,0,0,0,0,56,0,0,0,0,0,0,0,18888,98,295,16,0,0,0,0,0,0,0,0,0,100,100,0
37,longbow_campaign89,0,-521,3,0,-72,0,0,0,0,0,0,57,0,0,0,0,0,0,0,19338,98,295,16,0,0,0,0,0,0,0,0,0,100,100,0
38,longbow_campaign89,0,-541,3,0,-73,0,0,0,0,0,0,57,0,0,0,0,0,0,0,19789,98,295,16,0,0,0,0,0,0,0,0,0,100,100,0
39,longbow_campaign89,0,-560,3,0,-73,0,0,0,0,0,0,57,0,0,0,0,0,0,0,20242,98,295,16,0,0,0,0,0,0,0,0,0,100,100,0
40,longbow_campaign89,0,-580,3,0,-73,0,0,0,0,0,0,57,0,0,0,0,0,0,0,20696,98,295,16,0,0,0,0,0,0,0,0,0,100,100,0
41,longbow_campaign89,0,-599,4,0,-73,0,0,0,0,0,0,57,0,0,0,0,0,0,0,21150,98,295,16,0,0,0,0,0,0,0,0,0,100,100,0
42,longbow_campaign89,0,-619,4,0,-73,0,0,0,0,0,0,58,0,0,0,0,0,0,0,21605,98,295,16,0,0,0,0,0,0,0,0,0,100,100,0
43,longbow_campaign89,0,-639,4,0,-73,0,0,0,0,0,0,58,0,0,0,0,0,0,0,22061,98,295,16,0,0,0,0,0,0,0,0,0,100,100,0
44,longbow_campaign89,0,-658,4,0,-73,0,0,0,0,0,0,58,0,0,0,0,0,0,0,22517,98,295,16,0,0,0,0,0,0,0,0,0,100,100,0
45,longbow_campaign89,0,-678,4,0,-73,0,0,0,0,0,0,58,0,0,0,0,0,0,0,22973,98,295,16,0,0,0,0,0,0,0,0,0,100,100,0
46,longbow_campaign89,0,-698,4,0,-73,0,0,0,0,0,0,58,0,0,0,0,0,0,0,23430,98,295,16,0,0,0,0,0,0,0,0,0,100,100,0
47,longbow_campaign89,0,-717,4,0,-73,0,0,0,0,0,0,59,0,0,0,0,0,0,0,23886,98,295,16,0,0,0,0,0,0,0,0,0,100,100,0
48,longbow_campaign89,0,-737,5,0,-73,0,0,0,0,0,0,59,0,0,0,0,0,0,0,24342,98,295,16,0,0,0,0,0,0,0,0,0,100,100,0
49,longbow_campaign89,0,-756,5,0,-73,0,0,0,0,0,0,59,0,0,0,0,0,0,0,24798,98,295,16,0,0,0,0,0,0,0,0,0,100,100,0
50,longbow_campaign89,0,-776,5,0,-73,0,0,0,0,0,0,59,0,0,0,0,0,0,0,25253,98,295,16,0,0,0,0,0,0,0,0,0,100,100,0
51,longbow_campaign89,0,-795,5,0,-73,0,0,0,0,0,0,59,0,0,0,0,0,0,0,25708,97,295,16,0,0,0,0,0,0,0,0,0,100,100,0
52,longbow_campaign89,0,-815,5,0,-73,0,0,0,0,0,0,59,0,0,0,0,0,0,0,26163,97,295,16,0,0,0,0,0,0,0,0,0,100,100,0
53,longbow_campaign89,0,-834,5,0,-73,0,0,0,0,0,0,60,0,0,0,0,0,0,0,26616,97,295,16,0,0,0,0,0,0,0,0,0,100,100,0
54,longbow_campaign89,0,-854,5,0,-72,0,0,0,0,0,0,60,0,0,0,0,0,0,0,27069,97,295,16,0,0,0,0,0,0,0,0,0,100,100,0
55,longbow_campaign89,0,-873,6,0,-72,0,0,0,0,0,0,60,0,0,0,0,0,0,0,27521,97,295,16,0,0,0,0,0,0,0,0,0,100,100,0
56,longbow_campaign89,0,-893,6,0,-72,0,0,0,0,0,0,60,0,0,0,0,0,0,0,27973,97,295,16,0,0,0,0,0,0,0,0,0,100,100,0
57,longbow_campaign89,0,-912,6,0,-72,0,0,0,0,0,0,60,0,0,0,0,0,0,0,28423,97,295,16,0,0,0,0,0,0,0,0,0,100,100,0
58,longbow_campaign89,0,-931,6,0,-72,0,0,0,0,0,0,61,0,0,0,0,0,0,0,28872,97,295,16,0,0,0,0,0,0,0,0,0,100,100,0
59,longbow_campaign89,0,-951,6,0,-72,0,0,0,0,0,0,61,0,0,0,0,0,0,0,29320,97,295,16,0,0,0,0,0,0,0,0,0,100,100,0
60,longbow_campaign89,0,-970,6,0,-71,0,0,0,0,0,0,61,0,0,0,0,0,0,0,29767,97,295,16,0,0,0,0,0,0,0,0,0,100,100,0
61,longbow_campaign89,0,-989,6,0,-71,0,0,0,0,0,0,61,0,0,0,0,0,0,0,30213,97,295,16,0,0,0,0,0,0,0,0,0,100,100,0
62,longbow_campaign89,0,-1008,7,0,-71,0,0,0,0,0,0,61,0,0,0,0,0,0,0,30658,97,295,16,0,0,0,0,0,0,0,0,0,100,100,0
63,longbow_campaign89,0,-1027,7,0,-71,0,0,0,0,0,0,62,0,0,0,0,0,0,0,31101,97,295,16,0,0,0,0,0,0,0,0,0,100,100,0
64,longbow_campaign89,0,-1046,7,0,-71,0,0,0,0,0,0,62,0,0,0,0,0,0,0,31543,97,295,16,0,0,0,0,0,0,0,0,0,100,100,0
65,longbow_campaign89,0,-1065,7,0,-70,0,0,0,0,0,0,62,0,0,0,0,0,0,0,31984,97,295,16,0,0,0,0,0,0,0,0,0,100,100,0
66,longbow_campaign89,0,-1084,7,0,-70,0,0,0,0,0,0,62,0,0,0,0,0,0,0,32423,97,295,16,0,0,0,0,0,0,0,0,0,100,100,0
67,longbow_campaign89,0,-1102,7,0,-70,0,0,0,0,0,0,62,0,0,0,0,0,0,0,32861,97,295,16,0,0,0,0,0,0,0,0,0,100,100,0
68,longbow_campaign89,0,-1121,7,0,-70,0,0,0,0,0,0,62,0,0,0,0,0,0,0,33297,97,295,16,0,0,0,0,0,0,0,0,0,100,100,0
69,longbow_campaign89,0,-1140,8,0,-69,0,0,0,0,0,0,63,0,0,0,0,0,0,0,33732,97,295,16,0,0,0,0,0,0,0,0,0,100,100,0
70,longbow_campaign89,0,-1158,8,0,-69,0,0,0,0,0,0,63,0,0,0,0,0,0,0,34166,97,295,16,0,0,0,0,0,0,0,0,0,100,100,0
71,longbow_campaign89,0,-1177,8,0,-69,0,0,0,0,0,0,63,0,0,0,0,0,0,0,34598,97,295,16,0,0,0,0,0,0,0,0,0,100,100,0
72,longbow_campaign89,0,-1195,8,0,-69,0,0,0,0,0,0,63,0,0,0,0,0,0,0,35028,97,295,16,0,0,0,0,0,0,0,0,0,100,100,0
73,longbow_campaign89,0,-1214,8,0,-68,0,0,0,0,0,0,63,0,0,0,0,0,0,0,35457,97,295,16,0,0,0,0,0,0,0,0,0,100,100,0
74,longbow_campaign89,0,-1232,8,0,-68,0,0,0,0,0,0,64,0,0,0,0,0,0,0,35884,97,295,16,0,0,0,0,0,0,0,0,0,100,100,0
75,longbow_campaign89,0,-1250,8,0,-68,0,0,0,1,0,0,64,0,0,0,0,0,0,0,36310,97,294,16,0,0,0,0,0,0,0,0,0,100,100,0
76,longbow_campaign89,0,-1268,8,0,-68,0,0,0,0,0,0,64,0,0,0,0,0,0,0,36734,96,294,16,0,0,0,0,0,0,0,0,0,100,100,0
77,longbow_campaign89,0,-1287,9,0,-67,0,0,0,0,0,0,64,0,0,0,0,0,0,0,37156,96,294,16,0,0,0,0,0,0,0,0,0,100,100,0
78,longbow_campaign89,0,-1305,9,0,-67,0,0,0,0,0,0,64,0,0,0,0,0,0,0,37577,96,294,16,0,0,0,0,0,0,0,0,0,100,100,0
79,longbow_campaign89,0,-1323,9,0,-67,0,0,0,0,0,0,65,0,0,0,0,0,0,0,37996,96,294,16,0,0,0,0,0,0,0,0,0,100,100,0
80,longbow_campaign89,0,-1340,9,0,-67,0,0,0,1,0,0,65,0,0,0,0,0,0,0,38413,96,293,16,0,0,0,0,0,0,0,0,0,100,100,0
81,longbow_campaign89,0,-1358,9,0,-66,0,0,0,0,0,0,65,0,0,0,0,0,0,0,38829,96,293,16,0,0,0,0,0,0,0,0,0,100,100,0
82,longbow_campaign89,0,-1376,9,0,-66,0,0,0,0,0,0,65,0,0,0,0,0,0,0,39243,96,293,16,0,0,0,0,0,0,0,0,0,100,100,0
83,longbow_campaign89,0,-1394,9,0,-66,0,0,0,0,0,0,65,0,0,0,0,0,0,0,39655,96,293,16,0,0,0,0,0,0,0,0,0,100,100,0
84,longbow_campaign89,0,-1411,10,0,-65,0,0,0,0,0,0,65,0,0,0,0,0,0,0,40066,96,293,16,0,0,0,0,0,0,0,0,0,100,100,0
85,longbow_campaign89,0,-1429,10,0,-65,0,0,0,1,0,0,66,0,0,0,0,0,0,0,40475,96,292,16,0,0,0,0,0,0,0,0,0,100,100,0
86,longbow_campaign89,0,-1446,10,0,-65,0,0,0,0,0,0,66,0,0,0,0,0,0,0,40882,96,292,16,0,0,0,0,0,0,0,0,0,100,100,0
87,longbow_campaign89,0,-1464,10,0,-65,0,0,0,0,0,0,66,0,0,0,0,0,0,0,41287,96,292,16,0,0,0,0,0,0,0,0,0,100,100,0
88,longbow_campaign89,0,-1481,10,0,-64,0,0,0,0,0,0,66,0,0,0,0,0,0,0,41691,96,292,16,0,0,0,0,0,0,0,0,0,100,100,0
89,longbow_campaign89,0,-1498,10,0,-64,0,0,0,0,0,0,66,0,0,0,0,0,0,0,42093,96,292,16,0,0,0,0,0,0,0,0,0,100,100,0
90,longbow_campaign89,0,-1515,10,0,-64,0,0,0,1,0,0,67,0,0,0,0,0,0,0,42493,96,291,16,0,0,0,40,0,0,0,0,0,100,100,0
91,longbow_campaign89,0,-1532,11,0,-64,0,0,0,0,0,0,67,0,0,0,0,0,0,0,42892,96,291,16,0,0,0,40,0,0,0,0,0,100,100,0
92,longbow_campaign89,0,-1549,11,0,-63,0,0,0,0,0,0,67,0,0,0,0,0,0,0,43289,96,291,16,0,0,0,40,0,0,0,0,0,100,100,0
93,longbow_campaign89,0,-1566,11,0,-63,0,0,0,0,0,0,67,0,0,0,0,0,0,0,43684,96,291,16,0,0,0,40,0,0,0,0,0,100,100,0
94,longbow_campaign89,1,-1583,11,0,-63,0,0,0,0,0,0,67,0,0,0,0,0,0,0,44077,96,291,16,0,0,0,40,0,0,0,0,0,100,100,0
95,longbow_campaign89,1,-1600,11,0,-62,0,0,0,1,0,0,68,0,0,0,0,0,0,0,44469,96,290,16,0,0,0,40,0,0,0,0,0,100,100,0
96,longbow_campaign89,1,-1617,11,0,-62,0,0,0,1,0,0,68,0,0,0,0,0,0,0,44859,96,290,16,0,0,0,40,0,0,0,0,0,100,100,0
97,longbow_campaign89,1,-1633,11,0,-62,0,0,0,0,0,0,68,0,0,0,0,0,0,0,45247,96,290,16,0,0,0,40,0,0,0,0,0,100,100,0
98,longbow_campaign89,1,-1650,12,0,-62,0,0,0,0,0,0,68,0,0,0,0,0,0,0,45634,96,290,16,0,0,0,40,0,0,0,0,0,100,100,0
99,longbow_campaign89,1,-1666,12,0,-61,0,0,0,0,0,0,68,0,0,0,0,0,0,0,46019,96,290,16,0,0,0,40,0,0,0,0,0,100,100,0
100,longbow_campaign89,1,-1683,12,0,-61,0,0,0,0,0,0,68,0,0,0,0,0,0,0,46402,96,290,16,0,0,0,40,0,0,0,0,0,100,100,0
101,longbow_campaign89,2,-1699,12,0,-61,0,0,0,0,0,0,69,0,0,0,0,0,0,0,46783,96,290,16,0,0,0,40,0,0,0,0,0,100,100,0
102,longbow_campaign89,2,-1715,12,0,-60,0,0,0,0,0,0,69,0,0,0,0,0,0,0,47163,95,290,16,0,0,0,40,0,0,0,0,0,100,100,0
103,longbow_campaign89,2,-1732,12,0,-60,0,0,0,0,0,0,69,0,0,0,0,0,0,0,47541,95,290,16,0,0,0,40,0,0,0,0,0,100,100,0
104,longbow_campaign89,2,-1748,12,0,-60,0,0,0,0,0,0,69,0,0,0,0,0,0,0,47918,95,290,16,0,0,0,40,0,0,0,0,0,100,100,0
105,longbow_campaign89,2,-1764,13,0,-60,0,0,0,0,0,0,69,0,0,0,0,0,0,0,48292,95,290,16,0,0,0,40,0,0,0,0,0,100,100,0
106,longbow_campaign89,2,-1780,13,0,-59,0,0,0,0,0,0,70,0,0,0,0,0,0,0,48665,95,290,16,0,0,0,40,0,0,0,0,0,100,100,0
107,longbow_campaign89,3,-1796,13,0,-59,0,0,0,0,0,0,70,0,0,0,0,0,0,0,49036,95,290,16,0,0,0,40,0,0,0,0,0,100,100,0
108,longbow_campaign89,3,-1811,13,0,-59,0,0,0,0,0,0,70,0,0,0,0,0,0,0,49406,95,290,16,0,0,0,40,0,0,0,0,0,100,100,0
109,longbow_campaign89,3,-1827,13,0,-59,0,0,0,0,0,0,70,0,0,0,0,0,0,0,49774,95,290,16,0,0,0,40,0,0,0,0,0,100,100,0
110,longbow_campaign89,3,-1843,13,0,-58,0,0,0,0,0,0,70,0,0,0,0,0,0,0,50140,95,290,16,0,0,0,40,0,0,0,0,0,100,100,0
111,longbow_campaign89,3,-1858,13,0,-58,0,0,0,0,0,0,71,0,0,0,0,0,0,0,50505,95,290,16,0,0,0,40,0,0,0,0,0,100,100,0
112,longbow_campaign89,3,-1874,14,0,-58,0,0,0,1,0,0,71,0,0,0,0,0,0,0,50868,95,290,16,0,0,0,40,0,0,0,0,0,100,100,0
113,longbow_campaign89,4,-1889,14,0,-58,0,0,0,0,0,0,71,0,0,0,0,0,0,0,51229,95,290,16,0,0,0,40,0,0,0,0,0,100,100,0
114,longbow_campaign89,4,-1905,14,0,-57,0,0,0,0,0,0,71,0,0,0,0,0,0,0,51588,95,290,16,0,0,0,40,0,0,0,0,0,100,100,0
115,longbow_campaign89,4,-1920,14,0,-57,0,0,0,0,0,0,71,0,0,0,0,0,0,0,51946,95,290,16,0,0,0,40,0,0,0,0,0,100,100,0
116,longbow_campaign89,4,-1935,14,0,-57,0,0,0,0,0,0,71,0,0,0,0,0,0,0,52303,95,290,16,0,0,0,40,0,0,0,0,0,100,100,0
117,longbow_campaign89,4,-1951,14,0,-56,0,0,0,0,0,0,72,0,0,0,0,0,0,0,52657,95,290,16,0,0,0,40,0,0,0,0,0,100,100,0
118,longbow_campaign89,5,-1966,14,0,-56,0,0,0,0,0,0,72,0,0,0,0,0,0,0,53011,95,290,16,0,0,0,40,0,0,0,0,0,100,100,0
119,longbow_campaign89,5,-1981,15,0,-56,0,0,0,0,0,0,72,0,0,0,0,0,0,0,53362,95,290,16,0,0,0,40,0,0,0,0,0,100,100,0
120,longbow_campaign89,5,-1996,15,0,-56,0,0,0,0,0,0,72,0,0,0,0,0,0,0,53712,95,290,16,0,0,0,40,0,0,0,0,0,100,100,0
121,longbow_campaign89,5,-2011,15,0,-55,0,0,0,0,0,0,72,0,0,0,0,0,0,0,54060,95,290,16,0,0,0,40,0,0,0,0,0,100,100,0
122,longbow_campaign89,5,-2026,15,0,-55,0,0,0,0,0,0,73,0,0,0,0,0,0,0,54407,95,290,16,0,0,0,40,0,0,0,0,0,100,100,0
123,longbow_campaign89,6,-2040,15,0,-55,0,0,0,0,0,0,73,0,0,0,0,0,0,0,54752,95,290,16,0,0,0,40,0,0,0,0,0,100,100,0
124,longbow_campaign89,6,-2055,15,0,-55,0,0,0,0,0,0,73,0,0,0,0,0,0,0,55095,95,290,16,0,0,0,40,0,0,0,0,0,100,100,0
125,longbow_campaign89,6,-2070,15,0,-54,0,0,0,0,0,0,73,0,0,0,0,0,0,0,55437,95,290,16,0,0,0,40,0,0,0,0,0,100,100,0
126,longbow_campaign89,6,-2084,16,0,-54,0,0,0,0,0,0,73,0,0,0,0,0,0,0,55777,95,290,16,0,0,0,40,0,0,0,0,0,100,100,0
127,longbow_campaign89,6,-2099,16,0,-54,0,0,0,0,0,0,74,0,0,0,0,0,0,0,56116,95,290,16,0,0,0,40,0,0,0,0,0,100,100,0
128,longbow_campaign89,7,-2113,16,0,-54,0,0,0,1,0,0,74,0,0,0,0,0,0,0,56453,94,290,16,0,0,0,40,0,0,0,0,0,100,100,0
129,longbow_campaign89,7,-2128,16,0,-53,0,0,0,0,0,0,74,0,0,0,0,0,0,0,56789,94,290,16,0,0,0,40,0,0,0,0,0,100,100,0
130,longbow_campaign89,7,-2142,16,0,-53,0,0,0,0,0,0,74,0,0,0,0,0,0,0,57123,94,290,16,0,0,0,40,0,0,0,0,0,100,100,0
131,longbow_campaign89,7,-2156,16,0,-53,0,0,0,0,0,0,74,0,0,0,0,0,0,0,57455,94,290,16,0,0,0,40,0,0,0,0,0,100,100,0
132,longbow_campaign89,7,-2170,16,0,-53,0,0,0,0,0,0,74,0,0,0,0,0,0,0,57786,94,290,16,0,0,0,40,0,0,0,0,0,100,100,0
133,longbow_campaign89,8,-2184,17,0,-52,0,0,0,0,0,0,75,0,0,0,0,0,0,0,58115,94,290,16,0,0,0,40,0,0,0,0,0,100,100,0
134,longbow_campaign89,8,-2198,17,0,-52,0,0,0,0,0,0,75,0,0,0,0,0,0,0,58443,94,290,16,0,0,0,40,0,0,0,0,0,100,100,0
135,longbow_campaign89,8,-2212,17,0,-52,0,0,0,0,0,0,75,0,0,0,0,0,0,0,58769,94,290,16,0,0,0,40,0,0,0,0,0,100,100,0
136,longbow_campaign89,8,-2226,17,0,-52,0,0,0,0,0,0,75,0,0,0,0,0,0,0,59094,94,290,16,0,0,0,40,0,0,0,0,0,100,100,0
137,longbow_campaign89,8,-2240,17,0,-51,0,0,0,0,0,0,75,0,0,0,0,0,0,0,59418,94,290,16,0,0,0,40,0,0,0,0,0,100,100,0
138,longbow_campaign89,9,-2254,17,0,-51,0,0,0,0,0,0,76,0,0,0,0,0,0,0,59739,94,290,16,0,0,0,40,0,0,0,0,0,100,100,0
139,longbow_campaign89,9,-2268,17,0,-51,0,0,0,0,0,0,76,0,0,0,0,0,0,0,60060,94,290,16,0,0,0,40,0,0,0,0,0,100,100,0
140,longbow_campaign89,9,-2281,17,0,-51,0,0,0,0,0,0,76,0,0,0,0,0,0,0,60378,94,290,16,0,0,0,40,0,0,0,0,0,100,100,0
141,longbow_campaign89,9,-2295,18,0,-50,0,0,0,0,0,0,76,0,0,0,0,0,0,0,60696,94,290,16,0,0,0,40,0,0,0,0,0,100,100,0
142,longbow_campaign89,9,-2308,18,0,-50,0,0,0,0,0,0,76,0,0,0,0,0,0,0,61012,94,290,16,0,0,0,40,0,0,0,0,0,100,100,0
143,longbow_campaign89,10,-2322,18,0,-50,0,0,0,0,0,0,77,0,0,0,0,0,0,0,61326,94,290,16,0,0,0,40,0,0,0,0,0,100,100,0
144,longbow_campaign89,10,-2335,18,0,-50,0,0,0,1,0,0,77,0,0,0,0,0,0,0,61639,94,290,16,0,0,0,40,0,0,0,0,0,100,100,0
145,longbow_campaign89,10,-2349,18,0,-50,0,0,0,0,0,0,77,0,0,0,0,0,0,0,61950,94,290,16,0,0,0,40,0,0,0,0,0,100,100,0
146,longbow_campaign89,10,-2362,18,0,-49,0,0,0,0,0,0,77,0,0,0,0,0,0,0,62260,94,290,16,0,0,0,40,0,0,0,0,0,100,100,0
147,longbow_campaign89,10,-2375,18,0,-49,0,0,0,0,0,0,77,0,0,0,0,0,0,0,62569,94,290,16,0,0,0,40,0,0,0,0,0,100,100,0
148,longbow_campaign89,11,-2388,19,0,-49,0,0,0,0,0,0,77,0,0,0,0,0,0,0,62876,94,290,16,0,0,0,40,0,0,0,0,0,100,100,0
149,longbow_campaign89,11,-2401,19,0,-49,0,0,0,0,0,0,78,0,0,0,0,0,0,0,63182,94,290,16,0,0,0,40,0,0,0,0,0,100,100,0
150,longbow_campaign89,11,-2414,19,0,-48,0,0,0,1,0,0,78,0,0,0,0,0,0,0,63486,94,289,16,0,0,0,40,0,0,0,0,0,100,100,0
151,longbow_campaign89,11,-2427,19,0,-48,0,0,0,0,0,0,78,0,0,0,0,0,0,0,63789,94,289,16,0,0,0,40,0,0,0,0,0,100,100,0
152,longbow_campaign89,11,-2440,19,0,-48,0,0,0,0,0,0,78,0,0,0,0,0,0,0,64091,94,289,16,0,0,0,40,0,0,0,0,0,100,100,0
153,longbow_campaign89,12,-2453,19,0,-48,0,0,0,0,0,0,78,0,0,0,0,0,0,0,64391,93,289,16,0,0,0,40,0,0,0,0,0,100,100,0
154,longbow_campaign89,12,-2466,19,0,-47,0,0,0,0,0,0,79,0,0,0,0,0,0,0,64689,93,289,16,0,0,0,40,0,0,0,0,0,100,100,0
155,longbow_campaign89,12,-2479,20,0,-47,0,0,0,1,0,0,79,0,0,0,0,0,0,0,64987,93,288,16,0,0,0,40,0,0,0,0,0,100,100,0
156,longbow_campaign89,12,-2491,20,0,-47,0,0,0,0,0,0,79,0,0,0,0,0,0,0,65283,93,288,16,0,0,0,40,0,0,0,0,0,100,100,0
157,longbow_campaign89,12,-2504,20,0,-47,0,0,0,0,0,0,79,0,0,0,0,0,0,0,65577,93,288,16,0,0,0,40,0,0,0,0,0,100,100,0
158,longbow_campaign89,13,-2516,20,0,-47,0,0,0,0,0,0,79,0,0,0,0,0,0,0,65870,93,288,16,0,0,0,40,0,0,0,0,0,100,100,0
159,longbow_campaign89,13,-2529,20,0,-46,0,0,0,0,0,0,80,0,0,0,0,0,0,0,66162,93,288,16,0,0,0,40,0,0,0,0,0,100,100,0
160,longbow_campaign89,13,-2541,20,0,-46,0,0,0,2,0,0,80,0,0,0,0,0,0,0,66452,93,287,16,0,0,0,40,0,0,0,0,0,100,100,0
161,longbow_campaign89,13,-2554,20,0,-46,0,0,0,0,0,0,80,0,0,0,0,0,0,0,66742,93,287,16,0,0,0,40,0,0,0,0,0,100,100,0
162,longbow_campaign89,13,-2566,21,0,-46,0,0,0,0,0,0,80,0,0,0,0,0,0,0,67029,93,287,16,0,0,0,40,0,0,0,0,0,100,100,0
163,longbow_campaign89,14,-2578,21,0,-45,0,0,0,0,0,0,80,0,0,0,0,0,0,0,67316,93,287,16,0,0,0,40,0,0,0,0,0,100,100,0
164,longbow_campaign89,14,-2591,21,0,-45,0,0,0,0,0,0,80,0,0,0,0,0,0,0,67601,93,287,16,0,0,0,40,0,0,0,0,0,100,100,0
165,longbow_campaign89,14,-2603,21,0,-45,0,0,0,1,0,0,81,0,0,0,0,0,0,0,67884,93,286,16,0,0,0,40,0,0,0,0,0,100,100,0
166,longbow_campaign89,14,-2615,21,0,-45,0,0,0,0,0,0,81,0,0,0,0,0,0,0,68167,93,286,16,0,0,0,40,0,0,0,0,0,100,100,0
167,longbow_campaign89,14,-2627,21,0,-45,0,0,0,0,0,0,81,0,0,0,0,0,0,0,68448,93,286,16,0,0,0,40,0,0,0,0,0,100,100,0
168,longbow_campaign89,15,-2639,21,0,-44,0,0,0,0,0,0,81,0,0,0,0,0,0,0,68728,93,286,16,0,0,0,40,0,0,0,0,0,100,100,0
169,longbow_campaign89,15,-2651,22,0,-44,0,0,0,0,0,0,81,0,0,0,0,0,0,0,69006,93,286,16,0,0,0,40,0,0,0,0,0,100,100,0
170,longbow_campaign89,15,-2663,22,0,-44,0,0,0,1,0,0,82,0,0,0,0,0,0,0,69283,93,285,16,0,0,0,40,0,0,0,0,0,100,100,0
171,longbow_campaign89,15,-2674,22,0,-44,0,0,0,0,0,0,82,0,0,0,0,0,0,0,69559,93,285,16,0,0,0,40,0,0,0,0,0,100,100,0
172,longbow_campaign89,15,-2686,22,0,-44,0,0,0,0,0,0,82,0,0,0,0,0,0,0,69834,93,285,16,0,0,0,40,0,0,0,0,0,100,100,0
173,longbow_campaign89,16,-2698,22,0,-43,0,0,0,0,0,0,82,0,0,0,0,0,0,0,70107,93,285,16,0,0,0,40,0,0,0,0,0,100,100,0
174,longbow_campaign89,16,-2710,22,0,-43,0,0,0,0,0,0,82,0,0,0,0,0,0,0,70379,93,285,16,0,0,0,40,0,0,0,0,0,100,100,0
175,longbow_campaign89,16,-2721,22,0,-43,0,0,0,0,0,0,83,0,0,0,0,0,0,0,70650,93,285,16,0,0,0,40,0,0,0,0,0,100,100,0
176,longbow_campaign89,16,-2733,23,0,-43,0,0,0,1,0,0,83,0,0,0,0,0,0,0,70919,93,285,16,0,0,0,40,0,0,0,0,0,100,100,0
177,longbow_campaign89,17,-2744,23,0,-43,0,0,0,0,0,0,83,0,0,0,0,0,0,0,71187,93,285,16,0,0,0,40,0,0,0,0,0,100,100,0
178,longbow_campaign89,17,-2756,23,0,-42,0,0,0,0,0,0,83,0,0,0,0,0,0,0,71454,93,285,16,0,0,0,40,0,0,0,0,0,100,100,0
179,longbow_campaign89,17,-2767,23,0,-42,0,0,0,0,0,0,83,0,0,0,0,0,0,0,71720,92,285,16,0,0,0,40,0,0,0,0,0,100,100,0
180,longbow_campaign89,17,-2778,23,0,-42,0,0,0,0,0,0,83,0,0,0,0,0,0,0,71984,92,285,16,0,0,0,39,0,0,0,0,0,100,100,0
181,longbow_campaign89,17,-2790,23,0,-42,0,0,0,0,0,0,84,0,0,0,0,0,0,0,72247,92,285,16,0,0,0,38,0,0,0,0,0,100,100,0
182,longbow_campaign89,18,-2801,23,0,-42,0,0,0,0,0,0,84,0,0,0,0,0,0,0,72509,92,285,16,0,0,0,37,0,0,0,0,0,100,100,0
183,longbow_campaign89,18,-2812,24,0,-41,0,0,0,0,0,0,84,0,0,0,0,0,0,0,72770,92,285,16,0,0,0,36,0,0,0,0,0,100,100,0
184,longbow_campaign89,18,-2823,24,0,-41,0,0,0,0,0,0,84,0,0,0,0,0,0,0,73030,92,285,16,0,0,0,35,0,0,0,0,0,100,100,0
185,longbow_campaign89,18,-2834,24,0,-41,0,0,0,0,0,0,84,0,0,0,0,0,0,0,73288,92,285,16,0,0,0,34,0,0,0,0,0,100,100,0
186,longbow_campaign89,18,-2845,24,0,-41,0,0,0,0,0,0,85,0,0,0,0,0,0,0,73545,92,285,16,0,0,0,33,0,0,0,0,0,100,100,0
187,longbow_campaign89,19,-2856,24,0,-41,0,0,0,0,0,0,85,0,0,0,0,0,0,0,73801,92,285,16,0,0,0,32,0,0,0,0,0,100,100,0
188,longbow_campaign89,19,-2867,24,0,-40,0,0,0,0,0,0,85,0,0,0,0,0,0,0,74056,92,285,16,0,0,0,31,0,0,0,0,0,100,100,0
189,longbow_campaign89,19,-2878,24,0,-40,0,0,0,0,0,0,85,0,0,0,0,0,0,0,74309,92,285,16,0,0,0,30,0,0,0,0,0,100,100,0
190,longbow_campaign89,19,-2889,25,0,-40,0,0,0,0,0,0,85,0,0,0,0,0,0,0,74562,92,285,16,0,0,0,29,0,0,0,0,0,100,100,0
191,longbow_campaign89,19,-2899,25,0,-40,0,0,0,0,0,0,86,0,0,0,0,0,0,0,74813,92,285,16,0,0,0,28,0,0,0,0,0,100,100,0
192,longbow_campaign89,19,-2910,25,0,-40,0,0,0,1,0,0,86,0,0,0,0,0,0,0,75063,92,285,16,0,0,0,27,0,0,0,0,0,100,100,0
193,longbow_campaign89,20,-2921,25,0,-39,0,0,0,0,0,0,86,0,0,0,0,0,0,0,75312,92,285,16,0,0,0,26,0,0,0,0,0,100,100,0
194,longbow_campaign89,20,-2931,25,0,-39,0,0,0,0,0,0,86,0,0,0,0,0,0,0,75560,92,285,16,0,0,0,25,0,0,0,0,0,100,100,0
195,longbow_campaign89,20,-2942,25,0,-39,0,0,0,0,0,0,86,0,0,0,0,0,0,0,75806,92,285,16,0,0,0,24,0,0,0,0,0,100,100,0
196,longbow_campaign89,20,-2952,25,0,-39,0,0,0,0,0,0,86,0,0,0,0,0,0,0,76052,92,285,16,0,0,0,23,0,0,0,0,0,100,100,0
197,longbow_campaign89,20,-2963,26,0,-39,0,0,0,0,0,0,87,0,0,0,0,0,0,0,76296,92,285,16,0,0,0,22,0,0,0,0,0,100,100,0
198,longbow_campaign89,21,-2973,26,0,-39,0,0,0,0,0,0,87,0,0,0,0,0,0,0,76539,92,285,16,0,0,0,21,0,0,0,0,0,100,100,0
199,longbow_campaign89,21,-2984,26,0,-38,0,0,0,0,0,0,87,0,0,0,0,0,0,0,76781,92,285,16,0,0,0,20,0,0,0,0,0,100,100,0
200,longbow_campaign89,21,-2994,26,0,-38,0,0,0,0,0,0,87,0,0,0,0,0,0,0,77022,92,285,16,0,0,0,19,0,0,0,0,0,100,100,0
201,longbow_campaign89,21,-3004,26,0,-38,0,0,0,0,0,0,87,0,0,0,0,0,0,0,77262,92,285,16,0,0,0,18,0,0,0,0,0,100,100,0
202,longbow_campaign89,21,-3015,26,0,-38,0,0,0,0,0,0,88,0,0,0,0,0,0,0,77500,92,285,16,0,0,0,17,0,0,0,0,0,100,100,0
203,longbow_campaign89,22,-3025,26,0,-38,0,0,0,0,0,0,88,0,0,0,0,0,0,0,77738,92,285,16,0,0,0,16,0,0,0,0,0,100,100,0
204,longbow_campaign89,22,-3035,26,0,-37,0,0,0,0,0,0,88,0,0,0,0,0,0,0,77974,91,285,16,0,0,0,15,0,0,0,0,0,100,100,0
205,longbow_campaign89,22,-3045,27,0,-37,0,0,0,0,0,0,88,0,0,0,0,0,0,0,78210,91,285,16,0,0,0,14,0,0,0,0,0,100,100,0
206,longbow_campaign89,22,-3055,27,0,-37,0,0,0,0,0,0,88,0,0,0,0,0,0,0,78444,91,285,16,0,0,0,13,0,0,0,0,0,100,100,0
207,longbow_campaign89,22,-3065,27,0,-37,0,0,0,0,0,0,89,0,0,0,0,0,0,0,78677,91,285,16,0,0,0,12,0,0,0,0,0,100,100,0
208,longbow_campaign89,23,-3075,27,0,-37,0,0,0,1,0,0,89,0,0,0,0,0,0,0,78909,91,285,16,0,0,0,11,0,0,0,0,0,100,100,0
209,longbow_campaign89,23,-3085,27,0,-37,0,0,0,0,0,0,89,0,0,0,0,0,0,0,79140,91,285,16,0,0,0,10,0,0,0,0,0,100,100,0
210,longbow_campaign89,23,-3095,27,0,-36,0,0,0,0,0,0,89,0,0,0,0,0,0,0,79370,91,285,16,0,0,0,9,0,0,0,0,0,100,100,0
211,longbow_campaign89,23,-3104,27,0,-36,0,0,0,0,0,0,89,0,0,0,0,0,0,0,79599,91,285,16,0,0,0,8,0,0,0,0,0,100,100,0
212,longbow_campaign89,23,-3114,28,0,-36,0,0,0,0,0,0,89,0,0,0,0,0,0,0,79827,91,285,16,0,0,0,7,0,0,0,0,0,100,100,0
213,longbow_campaign89,23,-3124,28,0,-36,0,0,0,0,0,0,90,0,0,0,0,0,0,0,80053,91,285,16,0,0,0,6,0,0,0,0,0,100,100,0
214,longbow_campaign89,24,-3134,28,0,-36,0,0,0,0,0,0,90,0,0,0,0,0,0,0,80279,91,285,16,0,0,0,5,0,0,0,0,0,100,100,0
215,longbow_campaign89,24,-3143,28,0,-36,0,0,0,0,0,0,90,0,0,0,0,0,0,0,80503,91,285,16,0,0,0,4,0,0,0,0,0,100,100,0
216,longbow_campaign89,24,-3153,28,0,-35,0,0,0,0,0,0,90,0,0,0,0,0,0,0,80727,91,285,16,0,0,0,3,0,0,0,0,0,100,100,0
217,longbow_campaign89,24,-3162,28,0,-35,0,0,0,0,0,0,90,0,0,0,0,0,0,0,80949,91,285,16,0,0,0,2,0,0,0,0,0,100,100,0
218,longbow_campaign89,24,-3172,28,0,-35,0,0,0,0,0,0,91,0,0,0,0,0,0,0,81170,91,285,16,0,0,0,1,0,0,0,0,0,100,100,0
219,longbow_campaign89,25,-3181,29,0,-35,0,0,0,0,0,0,91,0,0,0,0,0,0,0,81391,91,285,16,0,0,0,0,0,0,0,0,0,100,100,0
220,longbow_campaign89,25,-3191,29,0,-35,0,0,0,0,0,0,91,0,0,0,0,0,0,0,81610,91,285,16,0,0,0,0,0,0,0,0,0,100,100,0
221,longbow_campaign89,25,-3200,29,0,-35,0,0,0,0,0,0,91,0,0,0,0,0,0,0,81828,91,285,16,0,0,0,0,0,0,0,0,0,100,100,0
222,longbow_campaign89,25,-3209,29,0,-34,0,0,0,0,0,0,91,0,0,0,0,0,0,0,82045,91,285,16,0,0,0,0,0,0,0,0,0,100,100,0
223,longbow_campaign89,25,-3218,29,0,-34,0,0,0,0,0,0,92,0,0,0,0,0,0,0,82261,91,285,16,0,0,0,0,0,0,0,0,0,100,100,0
224,longbow_campaign89,26,-3228,29,0,-34,0,0,0,0,0,0,92,0,0,0,0,0,0,0,82477,91,285,16,0,0,0,0,0,0,0,0,0,100,100,0
225,longbow_campaign89,26,-3237,29,0,-34,0,0,0,1,0,0,92,0,0,0,0,0,0,0,82691,91,284,16,0,0,0,0,0,0,0,0,0,100,100,0
226,longbow_campaign89,26,-3246,30,0,-34,0,0,0,0,0,0,92,0,0,0,0,0,0,0,82904,91,284,16,0,0,0,0,0,0,0,0,0,100,100,0
227,longbow_campaign89,26,-3255,30,0,-34,0,0,0,0,0,0,92,0,0,0,0,0,0,0,83116,91,284,16,0,0,0,0,0,0,0,0,0,100,100,0
228,longbow_campaign89,26,-3264,30,0,-33,0,0,0,0,0,0,92,0,0,0,0,0,0,0,83327,91,284,16,0,0,0,0,0,0,0,0,0,100,100,0
229,longbow_campaign89,26,-3273,30,0,-33,0,0,0,0,0,0,93,0,0,0,0,0,0,0,83538,91,284,16,0,0,0,0,0,0,0,0,0,100,100,0
230,longbow_campaign89,27,-3282,30,0,-33,0,0,0,1,0,0,93,0,0,0,0,0,0,0,83747,90,283,16,0,0,0,0,0,0,0,0,0,100,100,0
231,longbow_campaign89,27,-3291,30,0,-33,0,0,0,0,0,0,93,0,0,0,0,0,0,0,83955,90,283,16,0,0,0,0,0,0,0,0,0,100,100,0
232,longbow_campaign89,27,-3300,30,0,-33,0,0,0,0,0,0,93,0,0,0,0,0,0,0,84162,90,283,16,0,0,0,0,0,0,0,0,0,100,100,0
233,longbow_campaign89,27,-3309,31,0,-33,0,0,0,0,0,0,93,0,0,0,0,0,0,0,84369,90,283,16,0,0,0,0,0,0,0,0,0,100,100,0
234,longbow_campaign89,27,-3317,31,0,-32,0,0,0,0,0,0,94,0,0,0,0,0,0,0,84574,90,283,16,0,0,0,0,0,0,0,0,0,100,100,0
235,longbow_campaign89,28,-3326,31,0,-32,0,0,0,1,0,0,94,0,0,0,0,0,0,0,84778,90,282,16,0,0,0,0,0,0,0,0,0,100,100,0
236,longbow_campaign89,28,-3335,31,0,-32,0,0,0,0,0,0,94,0,0,0,0,0,0,0,84982,90,282,16,0,0,0,0,0,0,0,0,0,100,100,0
237,longbow_campaign89,28,-3344,31,0,-32,0,0,0,0,0,0,94,0,0,0,0,0,0,0,85184,90,282,16,0,0,0,0,0,0,0,0,0,100,100,0
238,longbow_campaign89,28,-3352,31,0,-32,0,0,0,0,0,0,94,0,0,0,0,0,0,0,85386,90,282,16,0,0,0,0,0,0,0,0,0,100,100,0
239,longbow_campaign89,28,-3361,31,0,-32,0,0,0,0,0,0,95,0,0,0,0,0,0,0,85586,90,282,16,0,0,0,0,0,0,0,0,0,100,100,0
240,longbow_campaign89,29,-3369,32,0,-32,0,0,0,1,0,0,95,0,0,0,0,0,0,0,85786,90,281,16,0,0,0,0,0,0,0,0,0,100,100,0
241,longbow_campaign89,29,-3378,32,0,-31,0,0,0,0,0,0,95,0,0,0,0,0,0,0,85985,90,281,16,0,0,0,0,0,0,0,0,0,100,100,0
242,longbow_campaign89,29,-3386,32,0,-31,0,0,0,0,0,0,95,0,0,0,0,0,0,0,86183,90,281,16,0,0,0,0,0,0,0,0,0,100,100,0
243,longbow_campaign89,29,-3395,32,0,-31,0,0,0,0,0,0,95,0,0,0,0,0,0,0,86380,90,281,16,0,0,0,0,0,0,0,0,0,100,100,0
244,longbow_campaign89,29,-3403,32,0,-31,0,0,0,0,0,0,95,0,0,0,0,0,0,0,86576,90,281,16,0,0,0,0,0,0,0,0,0,100,100,0
245,longbow_campaign89,29,-3412,32,0,-31,0,0,0,1,0,0,96,0,0,0,0,0,0,0,86771,90,280,16,0,0,0,0,0,0,0,0,0,100,100,0
246,longbow_campaign89,30,-3420,32,0,-31,0,0,0,0,0,0,96,0,0,0,0,0,0,0,86965,90,280,16,0,0,0,0,0,0,0,0,0,100,100,0
247,longbow_campaign89,30,-3428,33,0,-31,0,0,0,0,0,0,96,0,0,0,0,0,0,0,87158,90,280,16,0,0,0,0,0,0,0,0,0,100,100,0
248,longbow_campaign89,30,-3436,33,0,-30,0,0,0,0,0,0,96,0,0,0,0,0,0,0,87350,90,280,16,0,0,0,0,0,0,0,0,0,100,100,0
249,longbow_campaign89,30,-3445,33,0,-30,0,0,0,0,0,0,96,0,0,0,0,0,0,0,87542,90,280,16,0,0,0,0,0,0,0,0,0,100,100,0
250,longbow_campaign89,30,-3453,33,0,-30,0,0,0,0,0,0,97,0,0,0,0,0,0,0,87732,90,280,16,0,0,0,0,0,0,0,0,0,100,100,0
251,longbow_campaign89,31,-3461,33,0,-30,0,0,0,0,0,0,97,0,0,0,0,0,0,0,87922,90,280,16,0,0,0,0,0,0,0,0,0,100,100,0
252,longbow_campaign89,31,-3469,33,0,-30,0,0,0,0,0,0,97,0,0,0,0,0,0,0,88110,90,280,16,0,0,0,0,0,0,0,0,0,100,100,0
253,longbow_campaign89,31,-3477,33,0,-30,0,0,0,0,0,0,97,0,0,0,0,0,0,0,88298,90,280,16,0,0,0,0,0,0,0,0,0,100,100,0
254,longbow_campaign89,31,-3485,34,0,-30,0,0,0,0,0,0,97,0,0,0,0,0,0,0,88485,90,280,16,0,0,0,0,0,0,0,0,0,100,100,0
255,longbow_campaign89,31,-3493,34,0,-29,0,0,0,0,0,0,98,0,0,0,0,0,0,0,88671,90,280,16,0,0,0,0,0,0,0,0,0,100,100,0
256,longbow_campaign89,32,-3501,34,0,-29,0,0,0,0,0,0,98,0,0,0,0,0,0,0,88857,89,280,16,0,0,0,0,0,0,0,0,0,100,100,0
257,longbow_campaign89,32,-3509,34,0,-29,0,0,0,0,0,0,98,0,0,0,0,0,0,0,89041,89,280,16,0,0,0,0,0,0,0,0,0,100,100,0
258,longbow_campaign89,32,-3517,34,0,-29,0,0,0,0,0,0,98,0,0,0,0,0,0,0,89224,89,280,16,0,0,0,0,0,0,0,0,0,100,100,0
259,longbow_campaign89,32,-3524,34,0,-29,0,0,0,0,0,0,98,0,0,0,0,0,0,0,89407,89,280,16,0,0,0,0,0,0,0,0,0,100,100,0
260,longbow_campaign89,32,-3532,34,0,-29,0,0,0,0,0,0,98,0,0,0,0,0,0,0,89589,89,280,16,0,0,0,0,0,0,0,0,0,100,100,0
261,longbow_campaign89,32,-3540,35,0,-29,0,0,0,0,0,0,99,0,0,0,0,0,0,0,89770,89,280,16,0,0,0,0,0,0,0,0,0,100,100,0
262,longbow_campaign89,32,-3548,35,0,-28,0,0,0,0,0,0,99,0,0,0,0,0,0,0,89950,89,280,16,0,0,0,0,0,0,0,0,0,100,100,0
263,longbow_campaign89,33,-3555,35,0,-28,0,0,0,0,0,0,99,0,0,0,0,0,0,0,90129,89,280,16,0,0,0,0,0,0,0,0,0,100,100,0
264,longbow_campaign89,33,-3563,35,0,-28,0,0,0,0,0,0,99,0,0,0,0,0,0,0,90308,89,280,16,0,0,0,0,0,0,0,0,0,100,100,0
265,longbow_campaign89,33,-3571,35,0,-28,0,0,0,0,0,0,99,0,0,0,0,0,0,0,90485,89,280,16,0,0,0,0,0,0,0,0,0,100,100,0
266,longbow_campaign89,33,-3578,35,0,-28,0,0,0,0,0,0,100,0,0,0,0,0,0,0,90662,89,280,16,0,0,0,0,0,0,0,0,0,100,100,0
267,longbow_campaign89,33,-3586,35,0,-28,0,0,0,0,0,0,100,0,0,0,0,0,0,0,90838,89,280,16,0,0,0,0,0,0,0,0,0,100,100,0
268,longbow_campaign89,33,-3593,35,0,-28,0,0,0,0,0,0,100,0,0,0,0,0,0,0,91013,89,280,16,0,0,0,0,0,0,0,0,0,100,100,0
269,longbow_campaign89,33,-3601,36,0,-27,0,0,0,0,0,0,100,0,0,0,0,0,0,0,91187,89,280,16,0,0,0,0,0,0,0,0,0,100,100,0
270,longbow_campaign89,33,-3608,36,0,-27,0,0,0,0,0,0,100,0,0,0,0,0,0,0,91361,89,280,16,0,0,0,40,0,0,0,0,0,100,100,0
271,longbow_campaign89,33,-3615,36,0,-27,0,0,0,0,0,0,100,0,0,0,0,0,0,0,91533,89,280,16,0,0,0,40,0,0,0,0,0,100,100,0
272,longbow_campaign89,33,-3623,36,0,-27,0,0,0,1,0,0,100,0,0,0,0,0,0,0,91705,89,280,16,0,0,0,40,0,0,0,0,0,100,100,0
273,longbow_campaign89,33,-3630,36,0,-27,0,0,0,0,0,0,100,0,0,0,0,0,0,0,91876,89,280,16,0,0,0,40,0,0,0,0,0,100,100,0
274,longbow_campaign89,33,-3637,36,0,-27,0,0,0,0,0,0,100,0,0,0,0,0,0,0,92047,89,280,16,0,0,0,40,0,0,0,0,0,100,100,0
275,longbow_campaign89,33,-3645,36,0,-27,0,0,0,0,0,0,100,0,0,0,0,0,0,0,92216,89,280,16,0,0,0,40,0,0,0,0,0,100,100,0
276,longbow_campaign89,33,-3652,37,0,-27,0,0,0,0,0,0,100,0,0,0,0,0,0,0,92385,89,280,16,0,0,0,40,0,0,0,0,0,100,100,0
277,longbow_campaign89,33,-3659,37,0,-26,0,0,0,0,0,0,100,0,0,0,0,0,0,0,92553,89,280,16,0,0,0,40,0,0,0,0,0,100,100,0
278,longbow_campaign89,32,-3666,37,0,-26,0,0,0,0,0,0,100,0,0,0,0,0,0,0,92720,89,280,16,0,0,0,40,0,0,0,0,0,100,100,0
279,longbow_campaign89,32,-3673,37,0,-26,0,0,0,0,0,0,100,0,0,0,0,0,0,0,92886,89,280,16,0,0,0,40,0,0,0,0,0,100,100,0
280,longbow_campaign89,32,-3680,37,0,-26,0,0,0,0,0,0,100,0,0,0,0,0,0,0,93052,89,280,16,0,0,0,40,0,0,0,0,0,100,100,0
281,longbow_campaign89,32,-3688,37,0,-26,0,0,0,0,0,0,100,0,0,0,0,0,0,0,93216,88,280,16,0,0,0,40,0,0,0,0,0,100,100,0
282,longbow_campaign89,32,-3695,37,0,-26,0,0,0,0,0,0,100,0,0,0,0,0,0,0,93380,88,280,16,0,0,0,40,0,0,0,0,0,100,100,0
283,longbow_campaign89,32,-3702,38,0,-26,0,0,0,0,0,0,100,0,0,0,0,0,0,0,93544,88,280,16,0,0,0,40,0,0,0,0,0,100,100,0
284,longbow_campaign89,32,-3709,38,0,-26,0,0,0,0,0,0,100,0,0,0,0,0,0,0,93706,88,280,16,0,0,0,40,0,0,0,0,0,100,100,0
285,longbow_campaign89,32,-3715,38,0,-25,0,0,0,0,0,0,100,0,0,0,0,0,0,0,93868,88,280,16,0,0,0,40,0,0,0,0,0,100,100,0
286,longbow_campaign89,32,-3722,38,0,-25,0,0,0,0,0,0,100,0,0,0,0,0,0,0,94029,88,280,16,0,0,0,40,0,0,0,0,0,100,100,0
287,longbow_campaign89,31,-3729,38,0,-25,0,0,0,0,0,0,100,0,0,0,0,0,0,0,94189,88,280,16,0,0,0,40,0,0,0,0,0,100,100,0
288,longbow_campaign89,31,-3736,38,0,-25,0,0,0,1,0,0,100,0,0,0,0,0,0,0,94348,88,280,16,0,0,0,40,0,0,0,0,0,100,100,0
289,longbow_campaign89,31,-3743,38,0,-25,0,0,0,0,0,0,100,0,0,0,0,0,0,0,94507,88,280,16,0,0,0,40,0,0,0,0,0,100,100,0
290,longbow_campaign89,31,-3750,39,0,-25,0,0,0,0,0,0,100,0,0,0,0,0,0,0,94665,88,280,16,0,0,0,40,0,0,0,0,0,100,100,0
291,longbow_campaign89,31,-3756,39,0,-25,0,0,0,0,0,0,100,0,0,0,0,0,0,0,94822,88,280,16,0,0,0,40,0,0,0,0,0,100,100,0
292,longbow_campaign89,31,-3763,39,0,-25,0,0,0,0,0,0,100,0,0,0,0,0,0,0,94979,88,280,16,0,0,0,40,0,0,0,0,0,100,100,0
293,longbow_campaign89,31,-3770,39,0,-25,0,0,0,0,0,0,100,0,0,0,0,0,0,0,95134,88,280,16,0,0,0,40,0,0,0,0,0,100,100,0
294,longbow_campaign89,31,-3776,39,0,-24,0,0,0,0,0,0,100,0,0,0,0,0,0,0,95290,88,280,16,0,0,0,40,0,0,0,0,0,100,100,0
295,longbow_campaign89,30,-3783,39,0,-24,0,0,0,0,0,0,100,0,0,0,0,0,0,0,95444,88,280,16,0,0,0,40,0,0,0,0,0,100,100,0
296,longbow_campaign89,30,-3790,39,0,-24,0,0,0,0,0,0,100,0,0,0,0,0,0,0,95598,88,280,16,0,0,0,40,0,0,0,0,0,100,100,0
297,longbow_campaign89,30,-3796,40,0,-24,0,0,0,0,0,0,100,0,0,0,0,0,0,0,95750,88,280,16,0,0,0,40,0,0,0,0,0,100,100,0
298,longbow_campaign89,30,-3803,40,0,-24,0,0,0,0,0,0,100,0,0,0,0,0,0,0,95903,88,280,16,0,0,0,40,0,0,0,0,0,100,100,0
299,longbow_campaign89,30,-3809,40,0,-24,0,0,0,0,0,0,100,0,0,0,0,0,0,0,96054,88,280,16,0,0,0,40,0,0,0,0,0,100,100,0
300,longbow_campaign89,30,-3816,40,0,-24,0,0,0,1,0,0,100,0,0,0,0,0,0,0,96205,88,279,16,0,0,0,40,0,0,0,0,0,100,100,0
301,longbow_campaign89,30,-3822,40,0,-24,0,0,0,0,0,0,100,0,0,0,0,0,0,0,96355,88,279,16,0,0,0,40,0,0,0,0,0,100,100,0
302,longbow_campaign89,29,-3828,40,0,-23,0,0,0,0,0,0,100,0,0,0,0,0,0,0,96504,88,279,16,0,0,0,40,0,0,0,0,0,100,100,0
303,longbow_campaign89,29,-3835,40,0,-23,0,0,0,0,0,0,100,0,0,0,0,0,0,0,96653,88,279,16,0,0,0,40,0,0,0,0,0,100,100,0
304,longbow_campaign89,29,-3841,41,0,-23,0,0,0,1,0,0,100,0,0,0,0,0,0,0,96800,88,279,16,0,0,0,40,0,0,0,0,0,100,100,0
305,longbow_campaign89,29,-3847,41,0,-23,0,0,0,1,0,0,100,0,0,0,0,0,0,0,96948,88,278,16,0,0,0,40,0,0,0,0,0,100,100,0
306,longbow_campaign89,29,-3854,41,0,-23,0,0,0,0,0,0,100,0,0,0,0,0,0,0,97094,87,278,16,0,0,0,40,0,0,0,0,0,100,100,0
307,longbow_campaign89,29,-3860,41,0,-23,0,0,0,0,0,0,100,0,0,0,0,0,0,0,97240,87,278,16,0,0,0,40,0,0,0,0,0,100,100,0
308,longbow_campaign89,29,-3866,41,0,-23,0,0,0,0,0,0,100,0,0,0,0,0,0,0,97385,87,278,16,0,0,0,40,0,0,0,0,0,100,100,0
309,longbow_campaign89,28,-3872,41,0,-23,0,0,0,0,0,0,100,0,0,0,0,0,0,0,97530,87,278,16,0,0,0,40,0,0,0,0,0,100,100,0
310,longbow_campaign89,28,-3878,41,0,-23,0,0,0,1,0,0,100,0,0,0,0,0,0,0,97674,87,277,16,0,0,0,40,0,0,0,0,0,100,100,0
311,longbow_campaign89,28,-3885,42,0,-22,0,0,0,0,0,0,100,0,0,0,0,0,0,0,97817,87,277,16,0,0,0,40,0,0,0,0,0,100,100,0
312,longbow_campaign89,28,-3891,42,0,-22,0,0,0,0,0,0,100,0,0,0,0,0,0,0,97959,87,277,16,0,0,0,40,0,0,0,0,0,100,100,0
313,longbow_campaign89,28,-3897,42,0,-22,0,0,0,0,0,0,100,0,0,0,0,0,0,0,98101,87,277,16,0,0,0,40,0,0,0,0,0,100,100,0
314,longbow_campaign89,28,-3903,42,0,-22,0,0,0,0,0,0,100,0,0,0,0,0,0,0,98242,87,277,16,0,0,0,40,0,0,0,0,0,100,100,0
315,longbow_campaign89,27,-3909,42,0,-22,0,0,0,1,0,0,100,0,0,0,0,0,0,0,98383,87,276,16,0,0,0,40,0,0,0,0,0,100,100,0
316,longbow_campaign89,27,-3915,42,0,-22,0,0,0,0,0,0,100,0,0,0,0,0,0,0,98523,87,276,16,0,0,0,40,0,0,0,0,0,100,100,0
317,longbow_campaign89,27,-3921,42,0,-22,0,0,0,0,0,0,100,0,0,0,0,0,0,0,98662,87,276,16,0,0,0,40,0,0,0,0,0,100,100,0
318,longbow_campaign89,27,-3927,43,0,-22,0,0,0,0,0,0,100,0,0,0,0,0,0,0,98800,87,276,16,0,0,0,40,0,0,0,0,0,100,100,0
319,longbow_campaign89,27,-3933,43,0,-22,0,0,0,0,0,0,100,0,0,0,0,0,0,0,98938,87,276,16,0,0,0,40,0,0,0,0,0,100,100,0
320,longbow_campaign89,27,-3938,43,0,-22,0,0,0,2,0,0,100,0,0,0,0,0,0,0,99075,87,275,16,0,0,0,40,0,0,0,0,0,100,100,0
321,longbow_campaign89,27,-3944,43,0,-21,0,0,0,0,0,0,100,0,0,0,0,0,0,0,99212,87,275,16,0,0,0,40,0,0,0,0,0,100,100,0
322,longbow_campaign89,26,-3950,43,0,-21,0,0,0,0,0,0,100,0,0,0,0,0,0,0,99348,87,275,16,0,0,0,40,0,0,0,0,0,100,100,0
323,longbow_campaign89,26,-3956,43,0,-21,0,0,0,0,0,0,100,0,0,0,0,0,0,0,99483,87,275,16,0,0,0,40,0,0,0,0,0,100,100,0
324,longbow_campaign89,26,-3962,43,0,-21,0,0,0,0,0,0,100,0,0,0,0,0,0,0,99618,87,275,16,1,0,0,40,0,0,0,0,0,100,100,0
325,longbow_campaign89,26,-3967,44,0,-21,0,0,0,0,0,0,100,0,0,0,0,0,0,0,99752,87,275,16,1,0,0,40,0,0,0,0,0,100,100,0
326,longbow_campaign89,26,-3973,44,0,-21,0,0,0,0,0,0,100,0,0,0,0,0,0,0,99886,87,275,16,1,0,0,40,0,0,0,0,0,100,100,0
327,longbow_campaign89,26,-3979,44,0,-21,0,0,0,0,0,0,100,0,0,0,0,0,0,0,100019,87,275,16,1,0,0,40,0,0,0,0,0,100,100,0
328,longbow_campaign89,25,-3985,44,0,-21,0,0,0,0,0,0,100,0,0,0,0,0,0,0,100151,87,275,16,1,0,0,40,0,0,0,0,0,100,100,0
329,longbow_campaign89,25,-3990,44,0,-21,0,0,0,0,0,0,100,0,0,0,0,0,0,0,100282,86,275,16,1,0,0,40,0,0,0,0,0,100,100,0
330,longbow_campaign89,25,-3996,44,0,-21,0,0,0,0,0,0,100,0,0,0,0,0,0,0,100413,86,275,16,1,0,0,40,0,0,0,0,0,100,100,0
331,longbow_campaign89,25,-4001,44,0,-20,0,0,0,0,0,0,100,0,0,0,0,0,0,0,100544,86,275,16,1,0,0,40,0,0,0,0,0,100,100,0
332,longbow_campaign89,25,-4007,44,0,-20,0,0,0,0,0,0,100,0,0,0,0,0,0,0,100673,86,275,16,1,0,0,40,0,0,0,0,0,100,100,0
333,longbow_campaign89,25,-4012,45,0,-20,0,0,0,0,0,0,100,0,0,0,0,0,0,0,100803,86,275,16,1,0,0,40,0,0,0,0,0,100,100,0
334,longbow_campaign89,24,-4018,45,0,-20,0,0,0,0,0,0,100,0,0,0,0,0,0,0,100931,86,275,16,1,0,0,40,0,0,0,0,0,100,100,0
335,longbow_campaign89,24,-4023,45,0,-20,0,0,0,0,0,0,100,0,0,0,0,0,0,0,101059,86,275,16,1,0,0,40,0,0,0,0,0,100,100,0
336,longbow_campaign89,24,-4029,45,0,-20,0,0,0,1,0,0,100,0,0,0,0,0,0,0,101186,86,275,16,1,0,0,40,0,0,0,0,0,100,100,0
337,longbow_campaign89,24,-4034,45,0,-20,0,0,0,0,0,0,100,0,0,0,0,0,0,0,101313,86,275,16,1,0,0,40,0,0,0,0,0,100,100,0
338,longbow_campaign89,24,-4040,45,0,-20,0,0,0,0,0,0,100,0,0,0,0,0,0,0,101439,86,275,16,1,0,0,40,0,0,0,0,0,100,100,0
339,longbow_campaign89,24,-4045,45,0,-20,0,0,0,0,0,0,100,0,0,0,0,0,0,0,101565,86,275,16,1,0,0,40,0,0,0,0,0,100,100,0
340,longbow_campaign89,24,-4050,46,0,-20,0,0,0,0,0,0,100,0,0,0,0,0,0,0,101690,86,275,16,1,0,0,40,0,0,0,0,0,100,100,0
341,longbow_campaign89,23,-4056,46,0,-19,0,0,0,0,0,0,100,0,0,0,0,0,0,0,101814,86,275,16,1,0,0,40,0,0,0,0,0,100,100,0
342,longbow_campaign89,23,-4061,46,0,-19,0,0,0,0,0,0,100,0,0,0,0,0,0,0,101938,86,275,16,1,0,0,40,0,0,0,0,0,100,100,0
343,longbow_campaign89,23,-4066,46,0,-19,0,0,0,0,0,0,100,0,0,0,0,0,0,0,102061,86,275,16,1,0,0,40,0,0,0,0,0,100,100,0
344,longbow_campaign89,23,-4072,46,0,-19,0,0,0,0,0,0,100,0,0,0,0,0,0,0,102184,86,275,16,1,0,0,40,0,0,0,0,0,100,100,0
345,longbow_campaign89,23,-4077,46,0,-19,0,0,0,0,0,0,100,0,0,0,0,0,0,0,102306,86,275,16,1,0,0,40,0,0,0,0,0,100,100,0
346,longbow_campaign89,23,-4082,46,0,-19,0,0,0,0,0,0,100,0,0,0,0,0,0,0,102428,86,275,16,1,0,0,40,0,0,0,0,0,100,100,0
347,longbow_campaign89,22,-4087,47,0,-19,0,0,0,0,0,0,100,0,0,0,0,0,0,0,102549,86,275,16,1,0,0,40,0,0,0,0,0,100,100,0
348,longbow_campaign89,22,-4092,47,0,-19,0,0,0,0,0,0,100,0,0,0,0,0,0,0,102669,86,275,16,1,0,0,40,0,0,0,0,0,100,100,0
349,longbow_campaign89,22,-4097,47,0,-19,0,0,0,0,0,0,100,0,0,0,0,0,0,0,102789,86,275,16,1,0,0,40,0,0,0,0,0,100,100,0
350,longbow_campaign89,22,-4103,47,0,-19,0,0,0,0,0,0,100,0,0,0,0,0,0,0,102908,86,275,16,1,0,0,40,0,0,0,0,0,100,100,0
351,longbow_campaign89,22,-4108,47,0,-19,0,0,0,0,0,0,100,0,0,0,0,0,0,0,103027,86,275,16,1,0,0,40,0,0,0,0,0,100,100,0
352,longbow_campaign89,22,-4113,47,0,-18,0,0,0,1,0,0,100,0,0,0,0,0,0,0,103145,86,275,16,1,0,0,40,0,0,0,0,0,100,100,0
353,longbow_campaign89,22,-4118,47,0,-18,0,0,0,0,0,0,100,0,0,0,0,0,0,0,103263,85,275,16,1,0,0,40,0,0,0,0,0,100,100,0
354,longbow_campaign89,21,-4123,48,0,-18,0,0,0,0,0,0,100,0,0,0,0,0,0,0,103380,85,275,16,1,0,0,40,0,0,0,0,0,100,100,0
355,longbow_campaign89,21,-4128,48,0,-18,0,0,0,1,0,0,100,0,0,0,0,0,0,0,103497,85,275,16,1,0,1,40,0,0,5,0,3,100,100,0
356,longbow_campaign89,21,-4133,48,0,-18,0,0,0,1,0,0,100,0,0,0,0,0,0,0,103613,85,275,16,1,0,1,40,0,0,5,0,6,100,100,0
357,longbow_campaign89,21,-4138,48,0,-18,0,0,0,1,0,0,100,0,0,0,0,0,0,0,103728,85,275,16,1,0,1,40,0,0,5,0,9,100,100,0
358,longbow_campaign89,21,-4143,48,0,-18,0,0,0,1,0,0,100,0,0,0,0,0,0,0,103843,85,275,16,1,0,1,40,0,0,5,0,12,100,100,0
359,longbow_campaign89,21,-4148,48,0,-18,0,0,0,1,0,0,100,0,0,0,0,0,0,0,103958,85,275,16,1,0,1,40,0,0,5,0,15,100,100,0
360,longbow_campaign89,20,-4152,48,0,-18,0,0,0,1,0,0,100,0,0,0,0,0,0,0,104071,85,275,16,1,0,1,39,0,0,5,0,18,100,100,0
361,longbow_campaign89,20,-4157,49,0,-18,0,0,0,1,0,0,100,0,0,0,0,0,0,0,104185,85,275,16,1,0,1,38,0,0,5,0,21,100,100,0
362,longbow_campaign89,20,-4162,49,0,-18,0,0,0,1,0,0,100,0,0,0,0,0,0,0,104297,85,275,16,1,0,1,37,0,0,5,0,24,100,100,0
363,longbow_campaign89,20,-4167,49,0,-18,0,0,0,1,0,0,100,0,0,0,0,0,0,0,104410,85,275,16,1,0,1,36,0,0,5,0,27,100,100,0
364,longbow_campaign89,20,-4172,49,0,-17,0,0,0,1,0,0,100,0,0,0,0,0,0,0,104521,85,275,16,1,0,1,35,0,0,5,0,30,100,100,0
365,longbow_campaign89,20,-4176,49,0,-17,0,0,0,1,0,0,100,0,0,0,0,0,0,0,104633,85,275,16,1,0,1,34,0,0,5,0,33,100,100,0
366,longbow_campaign89,19,-4181,49,0,-17,0,0,0,1,0,0,100,0,0,0,0,0,0,0,104743,85,275,16,1,0,1,33,0,0,5,0,36,100,100,0
367,longbow_campaign89,19,-4186,49,0,-17,0,0,0,1,0,0,100,0,0,0,0,0,0,0,104853,85,275,16,1,0,1,32,0,0,5,0,36,100,100,0
368,longbow_campaign89,19,-4191,50,0,-17,0,0,0,2,0,0,100,0,0,0,0,0,0,0,104963,85,275,16,1,0,1,31,0,0,5,0,36,100,100,0
369,longbow_campaign89,19,-4195,50,0,-17,0,0,0,1,0,0,100,0,0,0,0,0,0,0,105072,85,275,16,1,0,1,30,0,0,5,0,36,100,100,0
370,longbow_campaign89,19,-4200,50,0,-17,0,0,0,1,0,0,100,0,0,0,0,0,0,0,105181,85,275,16,1,0,1,29,0,0,5,0,36,100,100,0
371,longbow_campaign89,19,-4205,50,0,-17,0,0,0,1,0,0,100,0,0,0,0,0,0,0,105289,85,275,16,1,0,1,28,0,0,5,0,36,100,100,0
372,longbow_campaign89,19,-4209,50,0,-17,0,0,0,1,0,0,100,0,0,0,0,0,0,0,105396,85,275,16,1,0,1,27,0,0,5,0,36,100,100,0
373,longbow_campaign89,18,-4214,50,0,-17,0,0,0,1,0,0,100,0,0,0,0,0,0,0,105503,85,275,16,1,0,1,26,0,0,5,0,36,100,100,0
374,longbow_campaign89,18,-4218,50,0,-17,0,0,0,1,0,0,100,0,0,0,0,0,0,0,105610,85,275,16,1,0,1,25,0,0,5,0,36,100,100,0
375,longbow_campaign89,18,-4223,51,0,-17,0,0,0,3,0,0,100,0,0,0,0,0,0,0,105716,85,274,15,1,0,1,24,0,0,13,0,36,100,100,0
376,longbow_campaign89,18,-4227,51,0,-16,0,0,0,1,0,0,100,0,0,0,0,0,0,0,105822,84,274,15,1,0,1,23,0,0,21,1,36,100,100,0
377,longbow_campaign89,18,-4232,51,0,-16,0,0,0,1,0,0,100,0,0,0,0,0,0,0,105927,84,274,15,1,0,1,22,0,0,29,1,36,100,100,0
378,longbow_campaign89,18,-4236,51,0,-16,0,0,0,1,0,0,100,0,0,0,0,0,0,0,106032,84,274,15,1,0,1,21,0,0,37,1,36,100,100,0
379,longbow_campaign89,17,-4241,51,0,-16,0,0,0,1,0,0,100,0,0,0,0,0,0,0,106136,84,274,15,1,0,1,20,0,0,45,2,36,100,100,0
380,longbow_campaign89,17,-4245,51,0,-16,0,0,0,2,0,0,100,0,0,0,0,0,0,0,106239,84,273,15,1,0,1,19,0,0,53,2,36,100,100,0
381,longbow_campaign89,17,-4250,51,0,-16,0,0,0,1,0,0,100,0,0,0,0,0,0,0,106342,84,273,15,1,0,1,18,0,0,61,2,36,100,100,0
382,longbow_campaign89,17,-4254,52,0,-16,0,0,0,1,0,0,100,0,0,0,0,0,0,0,106445,84,273,15,1,0,1,17,0,0,69,2,36,100,100,0
383,longbow_campaign89,17,-4258,52,0,-16,0,0,0,1,0,0,100,0,0,0,0,0,0,0,106547,84,273,15,1,0,1,16,0,0,77,2,36,100,100,0
384,longbow_campaign89,17,-4263,52,0,-16,0,0,0,2,0,0,100,0,0,0,0,0,0,0,106649,84,273,15,1,0,1,15,0,0,85,3,36,100,100,0
385,longbow_campaign89,17,-4267,52,0,-16,0,0,0,2,0,0,100,0,0,0,0,0,0,0,106750,84,272,15,1,0,1,14,0,0,93,3,36,100,100,0
386,longbow_campaign89,16,-4271,52,0,-16,0,0,0,1,0,0,100,0,0,0,0,0,0,0,106851,84,272,15,1,0,1,13,0,0,101,3,36,100,100,0
387,longbow_campaign89,16,-4276,52,0,-16,0,0,0,1,0,0,100,0,0,0,0,0,0,0,106951,84,272,15,1,0,1,12,0,0,109,3,36,100,100,0
388,longbow_campaign89,16,-4280,52,0,-16,0,0,0,1,0,0,100,0,0,0,0,0,0,0,107051,84,272,15,1,0,1,11,0,0,117,3,36,100,100,0
389,longbow_campaign89,16,-4284,53,0,-15,0,0,0,1,0,0,100,0,0,0,0,0,0,0,107151,84,272,15,1,0,1,10,0,0,125,3,36,100,100,0
390,longbow_campaign89,16,-4289,53,0,-15,0,0,0,2,0,0,100,0,0,0,0,0,0,0,107249,84,271,15,1,0,1,9,0,0,133,3,36,100,100,0
391,longbow_campaign89,16,-4293,53,0,-15,0,0,0,1,0,0,100,0,0,0,0,0,0,0,107348,84,271,15,1,0,1,8,0,0,141,3,36,100,100,0
392,longbow_campaign89,15,-4297,53,0,-15,0,0,0,1,0,0,100,0,0,0,0,0,0,0,107446,84,271,15,1,0,1,7,0,0,149,3,36,100,100,0
393,longbow_campaign89,15,-4301,53,0,-15,0,0,0,1,0,0,100,0,0,0,0,0,0,0,107543,84,271,15,1,0,1,6,0,0,157,3,36,100,100,0
394,longbow_campaign89,15,-4305,53,0,-15,0,0,0,1,0,0,100,0,0,0,0,0,0,0,107640,84,271,15,1,0,1,5,0,0,165,3,36,100,100,0
395,longbow_campaign89,15,-4309,53,0,-15,0,0,0,2,0,0,100,0,0,0,0,0,0,0,107737,84,270,15,1,0,1,4,0,0,173,3,36,100,100,0
396,longbow_campaign89,15,-4313,53,0,-15,0,0,0,1,0,0,100,0,0,0,0,0,0,0,107833,84,270,15,1,0,1,3,0,0,181,3,36,100,100,0
397,longbow_campaign89,15,-4318,54,0,-15,0,0,0,1,0,0,100,0,0,0,0,0,0,0,107929,84,270,15,1,0,1,2,0,0,181,3,36,100,100,0
398,longbow_campaign89,15,-4322,54,0,-15,0,0,0,1,0,0,100,0,0,0,0,0,0,0,108024,84,270,15,1,0,1,1,0,0,181,3,36,100,100,0
399,longbow_campaign89,14,-4326,54,0,-15,0,0,0,1,0,0,100,0,0,0,0,0,0,0,108119,83,270,15,1,0,1,0,0,0,181,3,36,100,100,0
400,longbow_campaign89,14,-4330,54,0,-15,0,0,0,1,0,0,100,0,0,0,0,0,0,0,108213,83,270,15,1,0,1,0,0,0,181,3,36,100,100,0
401,longbow_campaign89,14,-4334,54,0,-15,0,0,0,1,0,0,100,0,0,0,0,0,0,0,108307,83,270,15,1,0,1,0,0,0,181,3,36,100,100,0
402,longbow_campaign89,14,-4338,54,0,-15,0,0,0,1,0,0,100,0,0,0,0,0,0,0,108401,83,270,15,1,0,1,0,0,0,181,3,36,100,100,0
403,longbow_campaign89,14,-4342,54,0,-14,0,0,0,1,0,0,100,0,0,0,0,0,0,0,108494,83,270,15,1,0,1,0,0,0,181,3,36,100,100,0
404,longbow_campaign89,14,-4346,55,0,-14,0,0,0,1,0,0,100,0,0,0,0,0,0,0,108586,83,270,15,1,0,1,0,0,0,181,3,36,100,100,0
405,longbow_campaign89,14,-4350,55,0,-14,0,0,0,1,0,0,100,0,0,0,0,0,0,0,108679,83,270,15,1,0,1,0,0,0,181,3,36,100,100,0
406,longbow_campaign89,13,-4354,55,0,-14,0,0,0,1,0,0,100,0,0,0,0,0,0,0,108770,83,270,15,1,0,1,0,0,0,181,3,36,100,100,0
407,longbow_campaign89,13,-4358,55,0,-14,0,0,0,1,0,0,100,0,0,0,0,0,0,0,108862,83,270,15,1,0,1,0,0,0,181,3,36,100,100,0
408,longbow_campaign89,13,-4361,55,0,-14,0,0,0,1,0,0,100,0,0,0,0,0,0,0,108953,83,270,15,1,0,1,0,0,0,181,3,36,100,100,0
409,longbow_campaign89,13,-4365,55,0,-14,0,0,0,1,0,0,100,0,0,0,0,0,0,0,109043,83,270,15,1,0,1,0,0,0,181,3,36,100,100,0
410,longbow_campaign89,13,-4369,55,0,-14,0,0,0,1,0,0,100,0,0,0,0,0,0,0,109133,83,270,15,1,0,1,0,0,0,181,3,36,100,100,0
411,longbow_campaign89,13,-4373,56,0,-14,0,0,0,1,0,0,100,0,0,0,0,0,0,0,109223,83,270,15,1,0,1,0,0,0,181,3,36,100,100,0
412,longbow_campaign89,13,-4377,56,0,-14,0,0,0,1,0,0,100,0,0,0,0,0,0,0,109312,83,270,15,1,0,1,0,0,0,181,3,36,100,100,0
413,longbow_campaign89,12,-4381,56,0,-14,0,0,0,1,0,0,100,0,0,0,0,0,0,0,109401,83,270,15,1,0,1,0,0,0,181,3,36,100,100,0
414,longbow_campaign89,12,-4384,56,0,-14,0,0,0,1,0,0,100,0,0,0,0,0,0,0,109489,83,270,15,1,0,1,0,0,0,181,3,36,100,100,0
415,longbow_campaign89,12,-4388,56,0,-14,0,0,0,1,0,0,100,0,0,0,0,0,0,0,109577,83,270,15,1,0,1,0,0,0,181,3,36,100,100,0
416,longbow_campaign89,12,-4392,56,0,-14,0,0,0,1,0,0,100,0,0,0,0,0,0,0,109665,83,270,15,1,0,1,0,0,0,181,3,36,100,100,0
417,longbow_campaign89,12,-4396,56,0,-14,0,0,0,1,0,0,100,0,0,0,0,0,0,0,109752,83,270,15,1,0,1,0,0,0,181,3,36,100,100,0
418,longbow_campaign89,12,-4399,57,0,-13,0,0,0,1,0,0,100,0,0,0,0,0,0,0,109839,83,270,15,1,0,1,0,0,0,181,3,36,100,100,0
419,longbow_campaign89,12,-4403,57,0,-13,0,0,0,1,0,0,100,0,0,0,0,0,0,0,109925,83,270,15,1,0,1,0,0,0,181,3,36,100,100,0
420,longbow_campaign89,11,-4407,57,0,-13,0,0,0,1,0,0,100,0,0,0,0,0,0,0,110011,83,270,15,1,0,1,0,0,0,181,3,36,100,100,0
421,longbow_campaign89,11,-4410,57,0,-13,0,0,0,1,0,0,100,0,0,0,0,0,0,0,110097,83,270,15,1,0,1,0,0,0,181,3,36,100,100,0
422,longbow_campaign89,11,-4414,57,0,-13,0,0,0,1,0,0,100,0,0,0,0,0,0,0,110182,83,270,15,1,0,1,0,0,0,181,3,36,100,100,0
423,longbow_campaign89,11,-4418,57,0,-13,0,0,0,1,0,0,100,0,0,0,0,0,0,0,110267,82,270,15,1,0,1,0,0,0,181,3,36,100,100,0
424,longbow_campaign89,11,-4421,57,0,-13,0,0,0,1,0,0,100,0,0,0,0,0,0,0,110351,82,270,15,1,0,1,0,0,0,181,3,36,100,100,0
425,longbow_campaign89,11,-4425,58,0,-13,0,0,0,1,0,0,100,0,0,0,0,0,0,0,110435,82,270,15,1,0,1,0,0,0,181,3,36,100,100,0
426,longbow_campaign89,11,-4428,58,0,-13,0,0,0,1,0,0,100,0,0,0,0,0,0,0,110518,82,270,15,1,0,1,0,0,0,181,3,36,100,100,0
427,longbow_campaign89,10,-4432,58,0,-13,0,0,0,1,0,0,100,0,0,0,0,0,0,0,110602,82,270,15,1,0,1,0,0,0,181,3,36,100,100,0
428,longbow_campaign89,10,-4436,58,0,-13,0,0,0,1,0,0,100,0,0,0,0,0,0,0,110684,82,270,15,1,0,1,0,0,0,181,3,36,100,100,0
429,longbow_campaign89,10,-4439,58,0,-13,0,0,0,1,0,0,100,0,0,0,0,0,0,0,110767,82,270,15,1,0,1,0,0,0,181,3,36,100,100,0
430,longbow_campaign89,10,-4443,58,0,-13,0,0,0,1,0,0,100,0,0,0,0,0,0,0,110849,82,270,15,1,0,1,0,0,0,181,3,36,100,100,0
431,longbow_campaign89,10,-4446,58,0,-13,0,0,0,1,0,0,100,0,0,0,0,0,0,0,110930,82,270,15,1,0,1,0,0,0,181,3,36,100,100,0
432,longbow_campaign89,10,-4450,59,0,-13,0,0,0,1,0,0,100,0,0,0,0,0,0,0,111012,82,270,15,1,0,1,0,0,0,181,3,36,100,100,0
433,longbow_campaign89,10,-4453,59,0,-12,0,0,0,1,0,0,100,0,0,0,0,0,0,0,111093,82,270,15,1,0,1,0,0,0,181,3,36,100,100,0
434,longbow_campaign89,10,-4457,59,0,-12,0,0,0,1,0,0,100,0,0,0,0,0,0,0,111174,82,270,15,1,0,1,0,0,0,181,3,36,100,100,0
435,longbow_campaign89,10,-4460,59,0,-12,0,0,0,1,0,0,100,0,0,0,0,0,0,0,111255,82,270,15,1,0,1,0,0,0,181,3,36,100,100,0
436,longbow_campaign89,9,-4463,59,0,-12,0,0,0,1,0,0,100,0,0,0,0,0,0,0,111335,82,270,15,1,0,1,0,0,0,181,3,36,100,100,0
437,longbow_campaign89,9,-4467,59,0,-12,0,0,0,1,0,0,100,0,0,0,0,0,0,0,111415,82,270,15,1,0,1,0,0,0,181,3,36,100,100,0
438,longbow_campaign89,9,-4470,60,0,-12,0,0,0,1,0,0,100,0,0,0,0,0,0,0,111494,82,270,15,1,0,1,0,0,0,181,3,36,100,100,0
439,longbow_campaign89,9,-4474,60,0,-12,0,0,0,1,0,0,100,0,0,0,0,0,0,0,111573,82,270,15,1,0,1,0,0,0,181,3,36,100,100,0
440,longbow_campaign89,9,-4477,60,0,-12,0,0,0,1,0,0,100,0,0,0,0,0,0,0,111652,82,270,15,1,0,1,0,0,0,181,3,36,100,100,0
441,longbow_campaign89,9,-4480,60,0,-12,0,0,0,1,0,0,100,0,0,0,0,0,0,0,111730,82,270,15,1,0,1,0,0,0,181,3,36,100,100,0
442,longbow_campaign89,9,-4484,60,0,-12,0,0,0,1,0,0,100,0,0,0,0,0,0,0,111808,82,270,15,1,0,1,0,0,0,181,3,36,100,100,0
443,longbow_campaign89,9,-4487,60,0,-12,0,0,0,1,0,0,100,0,0,0,0,0,0,0,111885,82,270,15,1,0,1,0,0,0,181,3,36,100,100,0
444,longbow_campaign89,9,-4490,61,0,-12,0,0,0,1,0,0,100,0,0,0,0,0,0,0,111962,82,270,15,1,0,1,0,0,0,181,3,36,100,100,0
445,longbow_campaign89,9,-4493,61,0,-12,0,0,0,1,0,0,100,0,0,0,0,0,0,0,112039,82,270,15,1,0,1,0,0,0,181,3,36,100,100,0
446,longbow_campaign89,9,-4497,61,0,-12,0,0,0,1,0,0,100,0,0,0,0,0,0,0,112115,81,270,15,1,0,1,0,0,0,181,3,36,100,100,0
447,longbow_campaign89,9,-4500,61,0,-12,0,0,0,1,0,0,100,0,0,0,0,0,0,0,112191,81,270,15,1,0,1,0,0,0,181,3,36,100,100,0
448,longbow_campaign89,9,-4503,61,0,-12,0,0,0,1,0,0,100,0,0,0,0,0,0,0,112267,81,270,15,1,0,1,0,0,0,181,3,36,100,100,0
449,longbow_campaign89,9,-4506,62,0,-12,0,0,0,1,0,0,100,0,0,0,0,0,0,0,112342,81,270,15,1,0,1,0,0,0,181,3,36,100,100,0
450,longbow_campaign89,9,-4510,62,0,-11,0,0,0,3,0,0,100,0,0,0,0,0,0,0,112416,81,269,14,1,0,1,40,0,0,189,3,36,100,100,0
451,longbow_campaign89,9,-4513,62,0,-11,0,0,0,1,0,0,100,0,0,0,0,0,0,0,112491,81,269,14,1,0,1,40,0,0,197,3,36,100,100,0
452,longbow_campaign89,9,-4516,62,0,-11,0,0,0,1,0,0,100,0,0,0,0,0,0,0,112565,81,269,14,1,0,1,40,0,0,205,3,36,100,100,0
453,longbow_campaign89,9,-4519,62,0,-11,0,0,0,1,0,0,100,0,0,0,0,0,0,0,112639,81,269,14,1,0,1,40,0,0,213,3,36,100,100,0
454,longbow_campaign89,9,-4522,62,0,-11,0,0,0,1,0,0,100,0,0,0,0,0,0,0,112712,81,269,14,1,0,1,40,0,0,221,3,36,100,100,0
455,longbow_campaign89,9,-4525,63,0,-11,0,0,0,2,0,0,100,0,0,0,0,0,0,0,112785,81,268,14,1,0,1,40,0,0,229,3,36,100,100,0
456,longbow_campaign89,9,-4528,63,0,-11,0,0,0,1,0,0,100,0,0,0,0,0,0,0,112858,81,268,14,1,0,1,40,0,0,237,3,36,100,100,0
457,longbow_campaign89,9,-4531,63,0,-11,0,0,0,1,0,0,100,0,0,0,0,0,0,0,112931,81,268,14,1,0,1,40,0,0,245,3,36,100,100,0
458,longbow_campaign89,9,-4535,63,0,-11,0,0,0,1,0,0,100,0,0,0,0,0,0,0,113003,81,268,14,1,0,1,40,0,0,253,3,36,100,100,0
459,longbow_campaign89,9,-4538,63,0,-11,0,0,0,1,0,0,100,0,0,0,0,0,0,0,113074,81,268,14,1,0,1,40,0,0,261,3,36,100,100,0
460,longbow_campaign89,9,-4541,64,0,-11,0,0,0,2,0,0,100,0,0,0,0,0,0,0,113146,81,267,14,1,0,1,40,0,0,269,3,36,100,100,0
461,longbow_campaign89,9,-4544,64,0,-11,0,0,0,1,0,0,100,0,0,0,0,0,0,0,113217,81,267,14,1,0,1,40,0,0,277,3,36,100,100,0
462,longbow_campaign89,9,-4547,64,0,-11,0,0,0,1,0,0,100,0,0,0,0,0,0,0,113287,81,267,14,1,0,1,40,0,0,285,3,36,100,100,0
463,longbow_campaign89,9,-4550,64,0,-11,0,0,0,1,0,0,100,0,0,0,0,0,0,0,113358,81,267,14,1,0,1,40,0,0,293,3,36,100,100,0
464,longbow_campaign89,9,-4553,64,0,-11,0,0,0,2,0,0,100,0,0,0,0,0,0,0,113428,81,267,14,1,0,1,40,0,0,301,3,36,100,100,0
465,longbow_campaign89,9,-4556,65,0,-11,0,0,0,2,0,0,100,0,0,0,0,0,0,0,113497,81,266,14,1,0,1,40,0,0,309,3,36,100,100,0
466,longbow_campaign89,8,-4559,65,0,-11,0,0,0,1,0,0,100,0,0,0,0,0,0,0,113566,81,266,14,1,0,1,40,0,0,317,3,36,100,100,0
467,longbow_campaign89,8,-4562,65,0,-11,0,0,0,1,0,0,100,0,0,0,0,0,0,0,113635,81,266,14,1,0,1,40,0,0,325,3,36,100,100,0
468,longbow_campaign89,8,-4565,65,0,-11,0,0,0,1,0,0,100,0,0,0,0,0,0,0,113704,81,266,14,1,0,1,40,0,0,333,3,36,100,100,0
469,longbow_campaign89,8,-4567,65,0,-10,0,0,0,1,0,0,100,0,0,0,0,0,0,0,113772,80,266,14,1,0,1,40,0,0,341,3,36,100,100,0
470,longbow_campaign89,8,-4570,66,0,-10,0,0,0,2,0,0,100,0,0,0,0,0,0,0,113840,80,265,14,1,0,1,40,0,0,349,3,36,100,100,0
471,longbow_campaign89,8,-4573,66,0,-10,0,0,0,1,0,0,100,0,0,0,0,0,0,0,113908,80,265,14,1,0,1,40,0,0,357,3,36,100,100,0
472,longbow_campaign89,8,-4576,66,0,-10,0,0,0,1,0,0,100,0,0,0,0,0,0,0,113975,80,265,14,1,0,1,40,0,0,357,3,36,100,100,0
473,longbow_campaign89,8,-4579,66,0,-10,0,0,0,1,0,0,100,0,0,0,0,0,0,0,114042,80,265,14,1,0,1,40,0,0,357,3,36,100,100,0
474,longbow_campaign89,8,-4582,66,0,-10,0,0,0,1,0,0,100,0,0,0,0,0,0,0,114109,80,265,14,1,0,1,40,0,0,357,3,36,100,100,0
475,longbow_campaign89,8,-4585,67,0,-10,0,0,0,1,0,0,100,0,0,0,0,0,0,0,114175,80,265,14,1,0,1,40,0,0,357,3,36,100,100,0
476,longbow_campaign89,8,-4588,67,0,-10,0,0,0,1,0,0,100,0,0,0,0,0,0,0,114241,80,265,14,1,0,1,40,0,0,357,3,36,100,100,0
477,longbow_campaign89,8,-4590,67,0,-10,0,0,0,1,0,0,100,0,0,0,0,0,0,0,114307,80,265,14,1,0,1,40,0,0,357,3,36,100,100,0
478,longbow_campaign89,8,-4593,67,0,-10,0,0,0,1,0,0,100,0,0,0,0,0,0,0,114372,80,265,14,1,0,1,40,0,0,357,3,36,100,100,0
479,longbow_campaign89,8,-4596,68,0,-10,0,0,0,1,0,0,100,0,0,0,0,0,0,0,114438,80,265,14,1,0,1,40,0,0,357,3,36,100,100,0
480,longbow_campaign89,8,-4599,68,0,-10,0,0,0,2,0,0,100,0,0,0,0,0,0,0,114502,80,265,14,1,0,1,40,0,0,357,3,36,100,100,0
481,longbow_campaign89,8,-4602,68,0,-10,0,0,0,1,0,0,100,0,0,0,0,0,0,0,114567,80,265,14,1,0,1,40,0,0,357,3,36,100,100,0
482,longbow_campaign89,8,-4604,68,0,-10,0,0,0,1,0,0,100,0,0,0,0,0,0,0,114631,80,265,14,1,0,1,40,0,0,357,3,36,100,100,0
483,longbow_campaign89,8,-4607,68,0,-10,0,0,0,1,0,0,100,0,0,0,0,0,0,0,114695,80,265,14,1,0,1,40,0,0,357,3,36,100,100,0
484,longbow_campaign89,8,-4610,69,0,-10,0,0,0,1,0,0,100,0,0,0,0,0,0,0,114759,80,265,14,1,0,1,40,0,0,357,3,36,100,100,0
485,longbow_campaign89,8,-4612,69,0,-10,0,0,0,1,0,0,100,0,0,0,0,0,0,0,114822,80,265,14,1,0,1,40,0,0,357,3,36,100,100,0
486,longbow_campaign89,8,-4615,69,0,-10,0,0,0,1,0,0,100,0,0,0,0,0,0,0,114885,80,265,14,1,0,1,40,0,0,357,3,36,100,100,0
487,longbow_campaign89,8,-4618,69,0,-10,0,0,0,1,0,0,100,0,0,0,0,0,0,0,114948,80,265,14,1,0,1,40,0,0,357,3,36,100,100,0
488,longbow_campaign89,8,-4621,69,0,-10,0,0,0,1,0,0,100,0,0,0,0,0,0,0,115010,80,265,14,1,0,1,40,0,0,357,3,36,100,100,0
489,longbow_campaign89,8,-4623,70,0,-9,0,0,0,1,0,0,100,0,0,0,0,0,0,0,115072,80,265,14,1,0,1,40,0,0,357,3,36,100,100,0
490,longbow_campaign89,8,-4626,70,0,-9,0,0,0,1,0,0,100,0,0,0,0,0,0,0,115134,80,265,14,1,0,1,40,0,0,357,3,36,100,100,0
491,longbow_campaign89,8,-4628,70,0,-9,0,0,0,1,0,0,100,0,0,0,0,0,0,0,115196,80,265,14,1,0,1,40,0,0,357,3,36,100,100,0
492,longbow_campaign89,8,-4631,70,0,-9,0,0,0,1,0,0,100,0,0,0,0,0,0,0,115257,79,265,14,1,0,1,40,0,0,357,3,36,100,100,0
493,longbow_campaign89,8,-4634,70,0,-9,0,0,0,1,0,0,100,0,0,0,0,0,0,0,115318,79,265,14,1,0,1,40,0,0,357,3,36,100,100,0
494,longbow_campaign89,8,-4636,71,0,-9,0,0,0,1,0,0,100,0,0,0,0,0,0,0,115379,79,265,14,1,0,1,40,0,0,357,3,36,100,100,0
495,longbow_campaign89,8,-4639,71,0,-9,0,0,0,1,0,0,100,0,0,0,0,0,0,0,115439,79,265,14,1,0,1,40,0,0,357,3,36,100,100,0
496,longbow_campaign89,8,-4641,71,0,-9,0,0,0,2,0,0,100,0,0,0,0,0,0,0,115499,79,265,14,1,0,1,40,0,0,357,3,36,100,100,0
497,longbow_campaign89,8,-4644,71,0,-9,0,0,0,1,0,0,100,0,0,0,0,0,0,0,115559,79,265,14,1,0,1,40,0,0,357,3,36,100,100,0
498,longbow_campaign89,8,-4647,71,0,-9,0,0,0,1,0,0,100,0,0,0,0,0,0,0,115619,79,265,14,1,0,1,40,0,0,357,3,36,100,100,0
499,longbow_campaign89,8,-4649,72,0,-9,0,0,0,1,0,0,100,0,0,0,0,0,0,0,115678,79,265,14,1,0,1,40,0,0,357,3,36,100,100,0
500,longbow_campaign89,8,-4652,72,0,-9,0,0,0,1,0,0,100,0,0,0,0,0,0,0,115737,79,265,14,1,0,1,40,0,0,357,3,36,100,100,0
501,longbow_campaign89,8,-4654,72,0,-9,0,0,0,1,0,0,100,0,0,0,0,0,0,0,115796,79,265,14,1,0,1,40,0,0,357,3,36,100,100,0
502,longbow_campaign89,8,-4657,72,0,-9,0,0,0,1,0,0,100,0,0,0,0,0,0,0,115854,79,265,14,1,0,1,40,0,0,357,3,36,100,100,0
503,longbow_campaign89,8,-4659,72,0,-9,0,0,0,1,0,0,100,0,0,0,0,0,0,0,115912,79,265,14,1,0,1,40,0,0,357,3,36,100,100,0
504,longbow_campaign89,8,-4662,73,0,-9,0,0,0,1,0,0,100,0,0,0,0,0,0,0,115970,79,265,14,1,0,1,40,0,0,357,3,36,100,100,0
505,longbow_campaign89,8,-4664,73,0,-9,0,0,0,1,0,0,100,0,0,0,0,0,0,0,116028,79,265,14,1,0,1,40,0,0,357,3,36,100,100,0
506,longbow_campaign89,8,-4667,73,0,-9,0,0,0,1,0,0,100,0,0,0,0,0,0,0,116085,79,265,14,1,0,1,40,0,0,357,3,36,100,100,0
507,longbow_campaign89,8,-4669,73,0,-9,0,0,0,1,0,0,100,0,0,0,0,0,0,0,116143,79,265,14,1,0,1,40,0,0,357,3,36,100,100,0
508,longbow_campaign89,8,-4671,73,0,-9,0,0,0,1,0,0,100,0,0,0,0,0,0,0,116199,79,265,14,1,0,1,40,0,0,357,3,36,100,100,0
509,longbow_campaign89,8,-4674,74,0,-9,0,0,0,1,0,0,100,0,0,0,0,0,0,0,116256,79,265,14,1,0,1,40,0,0,357,3,36,100,100,0
510,longbow_campaign89,8,-4676,74,0,-9,0,0,0,1,0,0,100,0,0,0,0,0,0,0,116312,79,265,14,1,0,1,40,0,0,357,3,36,100,100,0
511,longbow_campaign89,8,-4679,74,0,-9,0,0,0,1,0,0,100,0,0,0,0,0,0,0,116368,79,265,14,1,0,1,40,0,0,357,3,36,100,100,0
512,longbow_campaign89,8,-4681,74,0,-8,0,0,0,2,0,0,100,0,0,0,0,0,0,0,116424,79,265,14,1,0,1,40,0,0,357,3,36,100,100,0
513,longbow_campaign89,8,-4683,74,0,-8,0,0,0,1,0,0,100,0,0,0,0,0,0,0,116480,79,265,14,1,0,1,40,0,0,357,3,36,100,100,0
514,longbow_campaign89,8,-4686,75,0,-8,0,0,0,1,0,0,100,0,0,0,0,0,0,0,116535,79,265,14,1,0,1,40,0,0,357,3,36,100,100,0
515,longbow_campaign89,8,-4688,75,0,-8,0,0,0,1,0,0,100,0,0,0,0,0,0,0,116590,78,265,14,1,0,1,40,0,0,357,3,36,100,100,0
516,longbow_campaign89,8,-4691,75,0,-8,0,0,0,1,0,0,100,0,0,0,0,0,0,0,116645,78,265,14,1,0,1,40,0,0,357,3,36,100,100,0
517,longbow_campaign89,8,-4693,75,0,-8,0,0,0,1,0,0,100,0,0,0,0,0,0,0,116699,78,265,14,1,0,1,40,0,0,357,3,36,100,100,0
518,longbow_campaign89,8,-4695,75,0,-8,0,0,0,1,0,0,100,0,0,0,0,0,0,0,116753,78,265,14,1,0,1,40,0,0,357,3,36,100,100,0
519,longbow_campaign89,8,-4697,76,0,-8,0,0,0,1,0,0,100,0,0,0,0,0,0,0,116807,78,265,14,1,0,1,40,0,0,357,3,36,100,100,0
520,longbow_campaign89,8,-4700,76,0,-8,0,0,0,0,0,0,100,0,0,0,0,0,0,0,116861,78,265,14,1,0,0,40,0,0,357,3,36,100,100,0
521,longbow_campaign89,8,-4702,76,0,-8,0,0,0,0,0,0,100,0,0,0,0,0,0,0,116915,78,265,14,1,0,0,40,0,0,357,3,36,100,100,0
522,longbow_campaign89,8,-4704,76,0,-8,0,0,0,0,0,0,100,0,0,0,0,0,0,0,116968,78,265,14,1,0,0,40,0,0,357,3,36,100,100,0
523,longbow_campaign89,8,-4707,76,0,-8,0,0,0,0,0,0,100,0,0,0,0,0,0,0,117021,78,265,14,1,0,0,40,0,0,357,3,36,100,100,0
524,longbow_campaign89,8,-4709,77,0,-8,0,0,0,0,0,0,100,0,0,0,0,0,0,0,117074,78,265,14,1,0,0,40,0,0,357,3,36,100,100,0
525,longbow_campaign89,8,-4711,77,0,-8,0,0,0,1,0,0,100,0,0,0,0,0,0,0,117126,78,264,14,1,0,0,40,0,0,357,3,36,100,100,0
526,longbow_campaign89,8,-4713,77,0,-8,0,0,0,0,0,0,100,0,0,0,0,0,0,0,117178,78,264,14,1,0,0,40,0,0,357,3,36,100,100,0
527,longbow_campaign89,8,-4716,77,0,-8,0,0,0,0,0,0,100,0,0,0,0,0,0,0,117230,78,264,14,1,0,0,40,0,0,357,3,36,100,100,0
528,longbow_campaign89,8,-4718,77,0,-8,0,0,0,1,0,0,100,0,0,0,0,0,0,0,117282,78,264,14,1,0,0,40,0,0,357,3,36,100,100,0
529,longbow_campaign89,8,-4720,78,0,-8,0,0,0,0,0,0,100,0,0,0,0,0,0,0,117334,78,264,14,1,0,0,40,0,0,357,3,36,100,100,0
530,longbow_campaign89,8,-4722,78,0,-8,0,0,0,1,0,0,100,0,0,0,0,0,0,0,117385,78,263,14,1,0,0,40,0,0,357,3,36,100,100,0
531,longbow_campaign89,8,-4724,78,0,-8,0,0,0,0,0,0,100,0,0,0,0,0,0,0,117436,78,263,14,1,0,0,40,0,0,357,3,36,100,100,0
532,longbow_campaign89,8,-4727,78,0,-8,0,0,0,0,0,0,100,0,0,0,0,0,0,0,117487,78,263,14,1,0,0,40,0,0,357,3,36,100,100,0
533,longbow_campaign89,8,-4729,78,0,-8,0,0,0,0,0,0,100,0,0,0,0,0,0,0,117537,78,263,14,1,0,0,40,0,0,357,3,36,100,100,0
534,longbow_campaign89,8,-4731,79,0,-8,0,0,0,0,0,0,100,0,0,0,0,0,0,0,117588,78,263,14,1,0,0,40,0,0,357,3,36,100,100,0
535,longbow_campaign89,8,-4733,79,0,-8,0,0,0,1,0,0,100,0,0,0,0,0,0,0,117638,78,262,14,1,0,0,40,0,0,357,3,36,100,100,0
536,longbow_campaign89,8,-4735,79,0,-8,0,0,0,0,0,0,100,0,0,0,0,0,0,0,117688,78,262,14,1,0,0,40,0,0,357,3,36,100,100,0
537,longbow_campaign89,8,-4737,79,0,-7,0,0,0,0,0,0,100,0,0,0,0,0,0,0,117737,77,262,14,1,0,0,40,0,0,357,3,36,100,100,0
538,longbow_campaign89,8,-4739,79,0,-7,0,0,0,0,0,0,100,0,0,0,0,0,0,0,117787,77,262,14,1,0,0,40,0,0,357,3,36,100,100,0
539,longbow_campaign89,8,-4742,80,0,-7,0,0,0,0,0,0,100,0,0,0,0,0,0,0,117836,77,262,14,1,0,0,40,0,0,357,3,36,100,100,0
540,longbow_campaign89,8,-4744,80,0,-7,0,0,0,1,0,0,100,0,0,0,0,0,0,0,117885,77,261,14,1,0,0,39,0,0,357,3,36,100,100,0
541,longbow_campaign89,8,-4746,80,0,-7,0,0,0,0,0,0,100,0,0,0,0,0,0,0,117933,77,261,14,1,0,0,38,0,0,357,3,36,100,100,0
542,longbow_campaign89,8,-4748,80,0,-7,0,0,0,0,0,0,100,0,0,0,0,0,0,0,117982,77,261,14,1,0,0,37,0,0,357,3,36,100,100,0
543,longbow_campaign89,8,-4750,81,0,-7,0,0,0,0,0,0,100,0,0,0,0,0,0,0,118030,77,261,14,0,0,0,36,0,0,357,3,36,100,100,0
544,longbow_campaign89,8,-4752,81,0,-7,0,0,0,1,0,0,100,0,0,0,0,0,0,0,118078,77,261,14,0,0,0,35,0,0,357,3,36,100,100,0
545,longbow_campaign89,8,-4754,81,0,-7,0,0,0,1,0,0,100,0,0,0,0,0,0,0,118126,77,260,14,0,0,0,34,0,0,357,3,36,100,100,0
546,longbow_campaign89,8,-4756,81,0,-7,0,0,0,0,0,0,100,0,0,0,0,0,0,0,118174,77,260,14,0,0,0,33,0,0,357,3,36,100,100,0
547,longbow_campaign89,8,-4758,81,0,-7,0,0,0,0,0,0,100,0,0,0,0,0,0,0,118221,77,260,14,0,0,0,32,0,0,357,3,36,100,100,0
548,longbow_campaign89,8,-4760,82,0,-7,0,0,0,0,0,0,100,0,0,0,0,0,0,0,118268,77,260,14,0,0,0,31,0,0,357,3,36,100,100,0
549,longbow_campaign89,8,-4762,82,0,-7,0,0,0,0,0,0,100,0,0,0,0,0,0,0,118315,77,260,14,0,0,0,30,0,0,357,3,36,100,100,0
550,longbow_campaign89,8,-4764,82,0,-7,0,0,0,0,0,0,100,0,0,0,0,0,0,0,118362,77,260,14,0,0,0,29,0,0,357,3,36,100,100,0
551,longbow_campaign89,8,-4766,82,0,-7,0,0,0,0,0,0,100,0,0,0,0,0,0,0,118408,77,260,14,0,0,0,28,0,0,357,3,36,100,100,0
552,longbow_campaign89,8,-4768,82,0,-7,0,0,0,0,0,0,100,0,0,0,0,0,0,0,118454,77,260,14,0,0,0,27,0,0,357,3,36,100,100,0
553,longbow_campaign89,8,-4770,83,0,-7,0,0,0,0,0,0,100,0,0,0,0,0,0,0,118500,77,260,14,0,0,0,26,0,0,357,3,36,100,100,0
554,longbow_campaign89,8,-4772,83,0,-7,0,0,0,0,0,0,100,0,0,0,0,0,0,0,118546,77,260,14,0,0,0,25,0,0,357,3,36,100,100,0
555,longbow_campaign89,8,-4774,83,0,-7,0,0,0,0,0,0,100,0,0,0,0,0,0,0,118592,77,260,14,0,0,0,24,0,0,357,3,36,100,100,0
556,longbow_campaign89,8,-4776,83,0,-7,0,0,0,0,0,0,100,0,0,0,0,0,0,0,118637,77,260,14,0,0,0,23,0,0,357,3,36,100,100,0
557,longbow_campaign89,8,-4778,83,0,-7,0,0,0,0,0,0,100,0,0,0,0,0,0,0,118682,77,260,14,0,0,0,22,0,0,357,3,36,100,100,0
558,longbow_campaign89,8,-4780,84,0,-7,0,0,0,0,0,0,100,0,0,0,0,0,0,0,118727,76,260,14,0,0,0,21,0,0,357,3,36,100,100,0
559,longbow_campaign89,8,-4782,84,0,-7,0,0,0,0,0,0,100,0,0,0,0,0,0,0,118772,76,260,14,0,0,0,20,0,0,357,3,36,100,100,0
560,longbow_campaign89,8,-4784,84,0,-7,0,0,0,1,0,0,100,0,0,0,0,0,0,0,118817,76,260,14,0,0,0,19,0,0,357,3,36,100,100,0
561,longbow_campaign89,8,-4785,84,0,-7,0,0,0,0,0,0,100,0,0,0,0,0,0,0,118861,76,260,14,0,0,0,18,0,0,357,3,36,100,100,0
562,longbow_campaign89,8,-4787,84,0,-7,0,0,0,0,0,0,100,0,0,0,0,0,0,0,118904,76,260,14,0,0,0,17,0,0,357,3,36,100,100,0
563,longbow_campaign89,8,-4789,85,0,-7,0,0,0,0,0,0,100,0,0,0,0,0,0,0,118948,76,260,14,0,0,0,16,0,0,357,3,36,100,100,0
564,longbow_campaign89,8,-4791,85,0,-7,0,0,0,0,0,0,100,0,0,0,0,0,0,0,118991,76,260,14,0,0,0,15,0,0,357,3,36,100,100,0
565,longbow_campaign89,8,-4793,85,0,-7,0,0,0,0,0,0,100,0,0,0,0,0,0,0,119035,76,260,14,0,0,0,14,0,0,357,3,36,100,100,0
566,longbow_campaign89,8,-4795,85,0,-6,0,0,0,0,0,0,100,0,0,0,0,0,0,0,119078,76,260,14,0,0,0,13,0,0,357,3,36,100,100,0
567,longbow_campaign89,8,-4797,85,0,-6,0,0,0,0,0,0,100,0,0,0,0,0,0,0,119121,76,260,14,0,0,0,12,0,0,357,3,36,100,100,0
568,longbow_campaign89,8,-4798,85,0,-6,0,0,0,0,0,0,100,0,0,0,0,0,0,0,119163,76,260,14,0,0,0,11,0,0,357,3,36,100,100,0
569,longbow_campaign89,8,-4800,86,0,-6,0,0,0,0,0,0,100,0,0,0,0,0,0,0,119206,76,260,14,0,0,0,10,0,0,357,3,36,100,100,0
570,longbow_campaign89,8,-4802,86,0,-6,0,0,0,0,0,0,100,0,0,0,0,0,0,0,119248,76,260,14,0,0,0,9,0,0,357,3,36,100,100,0
571,longbow_campaign89,8,-4804,86,0,-6,0,0,0,0,0,0,100,0,0,0,0,0,0,0,119290,76,260,14,0,0,0,8,0,0,357,3,36,100,100,0
572,longbow_campaign89,8,-4806,86,0,-6,0,0,0,0,0,0,100,0,0,0,0,0,0,0,119332,76,260,14,0,0,0,7,0,0,357,3,36,100,100,0
573,longbow_campaign89,8,-4808,86,0,-6,0,0,0,0,0,0,100,0,0,0,0,0,0,0,119374,76,260,14,0,0,0,6,0,0,357,3,36,100,100,0
574,longbow_campaign89,8,-4809,86,0,-6,0,0,0,0,0,0,100,0,0,0,0,0,0,0,119415,76,260,14,0,0,0,5,0,0,357,3,36,100,100,0
575,longbow_campaign89,8,-4811,87,0,-6,0,0,0,0,0,0,100,0,0,0,0,0,0,0,119457,76,260,14,0,0,0,4,0,0,357,3,36,100,100,0
576,longbow_campaign89,8,-4813,87,0,-6,0,0,0,1,0,0,100,0,0,0,0,0,0,0,119498,76,260,14,0,0,0,3,0,0,357,3,36,100,100,0
577,longbow_campaign89,8,-4815,87,0,-6,0,0,0,0,0,0,100,0,0,0,0,0,0,0,119539,76,260,14,0,0,0,2,0,0,357,3,36,100,100,0
578,longbow_campaign89,8,-4816,87,0,-6,0,0,0,0,0,0,100,0,0,0,0,0,0,0,119580,76,260,14,0,0,0,1,0,0,357,3,36,100,100,0
579,longbow_campaign89,8,-4818,87,0,-6,0,0,0,0,0,0,100,0,0,0,0,0,0,0,119620,75,260,14,0,0,0,0,0,0,357,3,36,100,100,0
580,longbow_campaign89,8,-4820,87,0,-6,0,0,0,0,0,0,100,0,0,0,0,0,0,0,119661,75,260,14,0,0,0,0,0,0,357,3,36,100,100,0
581,longbow_campaign89,8,-4822,88,0,-6,0,0,0,0,0,0,100,0,0,0,0,0,0,0,119701,75,260,14,0,0,0,0,0,0,357,3,36,100,100,0
582,longbow_campaign89,8,-4823,88,0,-6,0,0,0,0,0,0,100,0,0,0,0,0,0,0,119741,75,260,14,0,0,0,0,0,0,357,3,36,100,100,0
583,longbow_campaign89,8,-4825,88,0,-6,0,0,0,0,0,0,100,0,0,0,0,0,0,0,119781,75,260,14,0,0,0,0,0,0,357,3,36,100,100,0
584,longbow_campaign89,8,-4827,88,0,-6,0,0,0,0,0,0,100,0,0,0,0,0,0,0,119821,75,260,14,0,0,0,0,0,0,357,3,36,100,100,0
585,longbow_campaign89,8,-4828,88,0,-6,0,0,0,0,0,0,100,0,0,0,0,0,0,0,119861,75,260,14,0,0,0,0,0,0,357,3,36,100,100,0
586,longbow_campaign89,8,-4830,88,0,-6,0,0,0,0,0,0,100,0,0,0,0,0,0,0,119900,75,260,14,0,0,0,0,0,0,357,3,36,100,100,0
587,longbow_campaign89,8,-4832,89,0,-6,0,0,0,0,0,0,100,0,0,0,1,0,0,0,119939,75,260,14,0,0,0,0,0,0,357,3,36,100,100,0
588,longbow_campaign89,8,-4834,89,0,-6,0,0,0,0,0,0,100,0,0,0,1,0,0,0,119978,75,260,14,0,0,0,0,0,0,357,3,36,100,100,0
589,longbow_campaign89,8,-4835,89,0,-6,0,0,0,0,0,0,100,0,0,0,1,0,0,0,120017,75,260,14,0,0,0,0,0,0,357,3,36,100,100,0
590,longbow_campaign89,8,-4837,89,0,-6,0,0,0,0,0,0,100,0,0,0,1,0,0,0,120056,75,260,14,0,0,0,0,0,0,357,3,36,100,100,0
591,longbow_campaign89,8,-4838,89,0,-6,0,0,0,0,0,0,100,0,0,0,1,0,0,0,120094,75,260,14,0,0,0,0,0,0,357,3,36,100,100,0
592,longbow_campaign89,8,-4840,89,0,-6,0,0,0,0,0,0,100,0,0,0,1,0,0,0,120133,75,260,14,0,0,0,0,0,0,357,3,36,100,100,0
593,longbow_campaign89,8,-4842,90,0,-6,0,0,0,0,0,0,100,0,0,0,1,0,0,0,120171,75,260,14,0,0,0,0,0,0,357,3,36,100,100,0
594,longbow_campaign89,8,-4843,90,0,-6,0,0,0,0,0,0,100,0,0,0,1,0,0,0,120209,75,260,14,0,0,0,0,0,0,357,3,36,100,100,0
595,longbow_campaign89,8,-4845,90,0,-6,0,0,0,1,0,0,100,0,0,0,1,0,0,0,120247,75,260,14,0,1,0,0,0,0,372,3,36,100,100,0
596,longbow_campaign89,8,-4847,90,0,-6,0,0,0,0,0,0,100,0,0,0,1,0,0,0,120285,75,260,14,0,1,0,0,0,0,372,3,36,100,100,0
597,longbow_campaign89,8,-4848,90,0,-6,0,0,0,0,0,0,100,0,0,0,1,0,0,0,120322,75,260,14,0,1,0,0,0,0,372,3,36,100,100,0
598,longbow_campaign89,8,-4850,90,0,-6,0,0,0,0,0,0,100,0,0,0,1,0,0,0,120359,75,260,14,0,1,0,0,0,0,372,3,36,100,100,0
599,longbow_campaign89,8,-4851,90,0,-5,0,0,0,0,0,0,100,0,0,0,1,0,0,0,120397,75,260,14,0,1,0,0,0,0,372,3,36,100,100,0
600,longbow_campaign89,8,-4853,91,0,-5,0,0,0,1,0,0,100,0,0,0,1,0,0,0,120434,75,259,14,0,1,0,0,0,0,372,3,36,100,100,0
601,longbow_campaign89,8,-4855,91,0,-5,0,0,0,0,0,0,100,0,0,0,1,0,0,0,120471,74,259,14,0,1,0,0,0,0,372,3,36,100,100,0
602,longbow_campaign89,8,-4856,91,0,-5,0,0,0,0,0,0,100,0,0,0,1,0,0,0,120507,74,259,14,0,1,0,0,0,0,372,3,36,100,100,0
603,longbow_campaign89,8,-4858,91,0,-5,0,0,0,0,0,0,100,0,0,0,1,0,0,0,120544,74,259,14,0,1,0,0,0,0,372,3,36,100,100,0
604,longbow_campaign89,8,-4859,91,0,-5,0,0,0,0,0,0,100,0,0,0,1,0,0,0,120580,74,259,14,0,1,0,0,0,0,372,3,36,100,100,0
605,longbow_campaign89,8,-4861,91,0,-5,0,0,0,1,0,0,100,0,0,0,1,0,0,0,120616,74,258,14,0,1,0,0,0,0,372,3,36,100,100,0
606,longbow_campaign89,8,-4862,92,0,-5,0,0,0,0,0,0,100,0,0,0,1,0,0,0,120652,74,258,14,0,1,0,0,0,0,372,3,36,100,100,0
607,longbow_campaign89,8,-4864,92,0,-5,0,0,0,0,0,0,100,0,0,0,1,0,0,0,120688,74,258,14,0,1,0,0,0,0,372,3,36,100,100,0
608,longbow_campaign89,8,-4865,92,0,-5,0,0,0,0,0,0,100,0,0,0,1,0,0,0,120723,74,258,14,0,1,0,0,0,0,372,3,36,100,100,0
609,longbow_campaign89,8,-4867,92,0,-5,0,0,0,0,0,0,100,0,0,0,1,0,0,0,120759,74,258,14,0,1,0,0,0,0,372,3,36,100,100,0
610,longbow_campaign89,8,-4868,92,0,-5,0,0,0,1,0,0,100,0,0,0,1,0,0,0,120794,74,257,14,0,1,0,0,0,0,372,3,36,100,100,0
611,longbow_campaign89,8,-4870,92,0,-5,0,0,0,0,0,0,100,0,0,0,1,0,0,0,120829,74,257,14,0,1,0,0,0,0,372,3,36,100,100,0
612,longbow_campaign89,8,-4871,92,0,-5,0,0,0,0,0,0,100,0,0,0,1,0,0,0,120864,74,257,14,0,1,0,0,0,0,372,3,36,100,100,0
613,longbow_campaign89,8,-4873,93,0,-5,0,0,0,0,0,0,100,0,0,0,1,0,0,0,120899,74,257,14,0,1,0,0,0,0,372,3,36,100,100,0
614,longbow_campaign89,8,-4874,93,0,-5,0,0,0,0,0,0,100,0,0,0,1,0,0,0,120934,74,257,14,0,1,0,0,0,0,372,3,36,100,100,0
615,longbow_campaign89,8,-4876,93,0,-5,0,0,0,1,0,0,100,0,0,0,1,0,0,0,120968,74,256,14,0,1,0,0,0,0,372,3,36,100,100,0
616,longbow_campaign89,8,-4877,93,0,-5,0,0,0,0,0,0,100,0,0,0,1,0,0,0,121002,74,256,14,0,1,0,0,0,0,372,3,36,100,100,0
617,longbow_campaign89,8,-4879,93,0,-5,0,0,0,0,0,0,100,0,0,0,1,0,0,0,121037,74,256,14,0,1,0,0,0,0,372,3,36,100,100,0
618,longbow_campaign89,8,-4880,93,0,-5,0,0,0,0,0,0,100,0,0,0,1,0,0,0,121071,74,256,14,0,1,0,0,0,0,372,3,36,100,100,0
619,longbow_campaign89,8,-4882,94,0,-5,0,0,0,0,0,0,100,0,0,0,1,0,0,0,121104,74,256,14,0,1,0,0,0,0,372,3,36,100,100,0
620,longbow_campaign89,8,-4883,94,0,-5,0,0,0,1,0,0,100,0,0,0,1,0,0,0,121138,74,255,14,0,1,0,0,0,0,372,3,36,100,100,0
621,longbow_campaign89,8,-4885,94,0,-5,0,0,0,0,0,0,100,0,0,0,1,0,0,0,121172,74,255,14,0,1,0,0,0,0,372,3,36,100,100,0
622,longbow_campaign89,8,-4886,94,0,-5,0,0,0,0,0,0,100,0,0,0,1,0,0,0,121205,73,255,14,0,1,0,0,0,0,372,3,36,100,100,0
623,longbow_campaign89,8,-4887,94,0,-5,0,0,0,0,0,0,100,0,0,0,1,0,0,0,121238,73,255,14,0,1,0,0,0,0,372,3,36,100,100,0
624,longbow_campaign89,8,-4889,94,0,-5,0,0,0,0,0,0,100,0,0,0,1,0,0,0,121271,73,255,14,0,1,0,0,0,0,372,3,36,100,100,0
625,longbow_campaign89,8,-4890,95,0,-5,0,0,0,0,0,0,100,0,0,0,1,0,0,0,121304,73,255,14,0,1,0,0,0,0,372,3,36,100,100,0
626,longbow_campaign89,8,-4892,95,0,-5,0,0,0,0,0,0,100,0,0,0,1,0,0,0,121337,73,255,14,0,1,0,0,0,0,372,3,36,100,100,0
627,longbow_campaign89,8,-4893,95,0,-5,0,0,0,0,0,0,100,0,0,0,1,0,0,0,121369,73,255,14,0,1,0,0,0,0,372,3,36,100,100,0
628,longbow_campaign89,8,-4894,95,0,-5,0,0,0,0,0,0,100,0,0,0,1,0,0,0,121402,73,255,14,0,1,0,0,0,0,372,3,36,100,100,0
629,longbow_campaign89,8,-4896,95,0,-5,0,0,0,0,0,0,100,0,0,0,1,0,0,0,121434,73,255,14,0,1,0,0,0,0,372,3,36,100,100,0
630,longbow_campaign89,8,-4897,95,0,-5,0,0,0,0,0,0,100,0,0,0,1,0,0,0,121466,73,255,14,0,1,0,40,0,0,372,3,36,100,100,0
631,longbow_campaign89,8,-4899,95,0,-5,0,0,0,0,0,0,100,0,0,0,1,0,0,0,121498,73,255,14,0,1,0,40,0,0,372,3,36,100,100,0
632,longbow_campaign89,8,-4900,96,0,-5,0,0,0,0,0,0,100,0,0,0,1,0,0,0,121530,73,255,14,0,1,0,40,0,0,372,3,36,100,100,0
633,longbow_campaign89,8,-4901,96,0,-5,0,0,0,0,0,0,100,0,0,0,1,0,0,0,121562,73,255,14,0,1,0,40,0,0,372,3,36,100,100,0
634,longbow_campaign89,8,-4903,96,0,-5,0,0,0,0,0,0,100,0,0,0,1,0,0,0,121593,73,255,14,0,1,0,40,0,0,372,3,36,100,100,0
635,longbow_campaign89,8,-4904,96,0,-5,0,0,0,0,0,0,100,0,0,0,1,0,0,0,121625,73,255,14,0,1,0,40,0,0,372,3,36,100,100,0
636,longbow_campaign89,8,-4905,96,0,-5,0,0,0,0,0,0,100,0,0,0,1,0,0,0,121656,73,255,14,0,1,0,40,0,0,372,3,36,100,100,0
637,longbow_campaign89,8,-4907,96,0,-5,0,0,0,0,0,0,100,0,0,0,1,0,0,0,121687,73,255,14,0,1,0,40,0,0,372,3,36,100,100,0
638,longbow_campaign89,8,-4908,97,0,-4,0,0,0,0,0,0,100,0,0,0,1,0,0,0,121718,73,255,14,0,1,0,40,0,0,372,3,36,100,100,0
639,longbow_campaign89,8,-4909,97,0,-4,0,0,0,0,0,0,100,0,0,0,1,0,0,0,121749,73,255,14,0,1,0,40,0,0,372,3,36,100,100,0
640,longbow_campaign89,8,-4911,97,0,-4,0,0,0,1,0,0,100,0,0,0,1,0,0,0,121780,73,255,14,0,1,0,40,0,0,372,3,36,100,100,0
641,longbow_campaign89,8,-4909,97,0,5,0,0,0,0,0,0,100,0,0,0,1,0,0,0,352286,73,255,14,0,1,0,40,0,0,372,3,36,100,100,0
642,longbow_campaign89,8,-4905,97,0,14,0,0,0,0,0,0,100,0,0,0,1,0,0,0,352190,73,255,14,0,1,0,40,0,0,372,3,36,100,100,0
643,longbow_campaign89,8,-4899,97,0,23,0,0,0,0,0,0,100,0,0,0,1,0,0,0,351916,72,255,14,0,1,0,40,0,0,372,3,36,100,100,0
644,longbow_campaign89,8,-4891,97,0,31,0,0,0,0,0,0,100,0,0,0,1,0,0,0,351477,72,255,14,0,1,0,40,0,0,372,3,36,100,100,0
645,longbow_campaign89,8,-4880,98,0,39,0,0,0,0,0,0,100,0,0,0,1,0,0,0,350883,72,255,14,0,1,0,40,0,0,372,3,36,100,100,0
646,longbow_campaign89,8,-4868,98,0,46,0,0,0,0,0,0,100,0,0,0,1,0,0,0,350144,72,255,14,0,1,0,40,0,0,372,3,36,100,100,0
647,longbow_campaign89,8,-4853,98,0,53,0,0,0,0,0,0,100,0,0,0,1,0,0,0,349270,72,255,14,0,1,0,40,0,0,372,3,36,100,100,0
648,longbow_campaign89,8,-4837,98,0,59,0,0,0,0,0,0,100,0,0,0,1,0,0,0,348270,72,255,14,0,1,0,40,0,0,372,3,36,100,100,0
649,longbow_campaign89,8,-4820,98,0,65,0,0,0,0,0,0,100,0,0,0,1,0,0,0,347153,72,255,14,0,1,0,40,0,0,372,3,36,100,100,0
650,longbow_campaign89,8,-4801,98,0,71,0,0,0,0,0,0,100,0,0,0,1,0,0,0,345927,72,255,14,0,1,0,40,0,0,372,3,36,100,100,0
651,longbow_campaign89,8,-4781,99,0,76,0,0,0,0,0,0,100,0,0,0,1,0,0,0,344600,72,255,14,0,1,0,40,0,0,372,3,36,100,100,0
652,longbow_campaign89,8,-4759,99,0,80,0,0,0,0,0,0,100,0,0,0,1,0,0,0,343179,72,255,14,0,1,0,40,0,0,372,3,36,100,100,0
653,longbow_campaign89,8,-4736,99,0,85,0,0,0,0,0,0,100,0,0,0,1,0,0,0,341671,72,255,14,0,1,0,40,0,0,372,3,36,100,100,0
654,longbow_campaign89,8,-4713,99,0,89,0,0,0,0,0,0,100,0,0,0,1,0,0,0,340083,72,255,14,0,1,0,40,0,0,372,3,36,100,100,0
655,longbow_campaign89,8,-4688,99,0,92,0,0,0,0,0,0,100,0,0,0,1,0,0,0,338421,72,255,14,0,1,0,40,0,0,372,3,36,100,100,0
656,longbow_campaign89,8,-4662,99,0,95,0,0,0,1,0,0,100,0,0,0,1,0,0,0,336692,72,255,14,0,1,0,40,0,0,372,3,36,100,100,0
657,longbow_campaign89,8,-4636,100,0,99,0,0,0,0,0,0,100,0,0,0,1,0,0,0,334900,72,255,14,0,1,0,40,0,0,372,3,36,100,100,0
658,longbow_campaign89,8,-4609,100,0,101,0,0,0,0,0,0,100,0,0,0,1,0,0,0,333052,72,255,14,0,1,0,40,0,0,372,3,36,100,100,0
659,longbow_campaign89,8,-4581,100,0,104,0,0,0,0,0,0,100,0,0,0,1,0,0,0,331152,72,255,14,0,1,0,40,0,0,372,3,36,100,100,0
660,longbow_campaign89,8,-4552,100,0,106,0,0,0,0,0,0,100,0,0,0,1,0,0,0,329205,72,255,14,0,1,0,40,0,0,372,3,36,100,100,0
661,longbow_campaign89,8,-4524,100,0,108,0,0,0,0,0,0,100,0,0,0,1,0,0,0,327215,72,255,14,0,1,0,40,0,0,372,3,36,100,100,0
662,longbow_campaign89,8,-4494,100,0,110,0,0,0,0,0,0,100,0,0,0,1,0,0,0,325187,72,255,14,0,1,0,40,0,0,372,3,36,100,100,0
663,longbow_campaign89,8,-4464,100,0,112,0,0,0,0,0,0,100,0,0,0,1,0,0,0,323125,72,255,14,0,1,0,40,0,0,372,3,36,100,100,0
664,longbow_campaign89,8,-4434,101,0,113,0,0,0,0,0,0,100,0,0,0,1,0,0,0,321033,72,255,14,0,1,0,40,0,0,372,3,36,100,100,0
665,longbow_campaign89,8,-4403,101,0,114,0,0,0,0,0,0,100,0,0,0,1,0,0,0,318914,71,255,14,0,1,0,40,0,0,372,3,36,100,100,0
666,longbow_campaign89,8,-4372,101,0,115,0,0,0,0,0,0,100,0,0,0,1,0,0,0,316772,71,255,14,0,1,0,40,0,0,372,3,36,100,100,0
667,longbow_campaign89,8,-4341,101,0,116,0,0,0,0,0,0,100,0,0,0,1,0,0,0,314610,71,255,14,0,1,0,40,0,0,372,3,36,100,100,0
668,longbow_campaign89,8,-4310,101,0,117,0,0,0,0,0,0,100,0,0,0,1,0,0,0,312431,71,255,14,0,1,0,40,0,0,372,3,36,100,100,0
669,longbow_campaign89,8,-4278,101,0,118,0,0,0,0,0,0,100,0,0,0,1,0,0,0,310237,71,255,14,0,1,0,40,0,0,372,3,36,100,100,0
670,longbow_campaign89,8,-4247,102,0,118,0,0,0,0,0,0,100,0,0,0,1,0,0,0,308032,71,255,14,0,1,0,40,0,0,372,3,36,100,100,0
671,longbow_campaign89,8,-4215,102,0,118,0,0,0,0,0,0,100,0,0,0,1,0,0,0,305818,71,255,14,0,1,0,40,0,0,372,3,36,100,100,0
672,longbow_campaign89,8,-4183,102,0,119,0,0,0,1,0,0,100,0,0,0,1,0,0,0,303598,71,255,14,0,1,0,40,0,0,372,3,36,100,100,0
673,longbow_campaign89,8,-4151,102,0,119,0,0,0,0,0,0,100,0,0,0,1,0,0,0,301373,71,255,14,0,1,0,40,0,0,372,3,36,100,100,0
674,longbow_campaign89,8,-4120,102,0,119,0,0,0,0,0,0,100,0,0,0,1,0,0,0,299145,71,255,14,0,1,0,40,0,0,372,3,36,100,100,0
675,longbow_campaign89,8,-4088,102,0,119,0,0,0,1,0,0,100,0,0,0,1,0,0,0,296918,71,254,14,0,1,0,40,0,0,372,3,36,100,100,0
676,longbow_campaign89,8,-4056,102,0,119,0,0,0,0,0,0,100,0,0,0,1,0,0,0,294691,71,254,14,0,1,0,40,0,0,372,3,36,100,100,0
677,longbow_campaign89,8,-4024,103,0,118,0,0,0,0,0,0,100,0,0,0,1,0,0,0,292468,71,254,14,0,1,0,40,0,0,372,3,36,100,100,0
678,longbow_campaign89,8,-3993,103,0,118,0,0,0,0,0,0,100,0,0,0,1,0,0,0,290250,71,254,14,0,1,0,40,0,0,372,3,36,100,100,0
679,longbow_campaign89,8,-3961,103,0,118,0,0,0,0,0,0,100,0,0,0,1,0,0,0,288038,71,254,14,0,1,0,40,0,0,372,3,36,100,100,0
680,longbow_campaign89,8,-3930,103,0,117,0,0,0,1,0,0,100,0,0,0,1,0,0,0,285834,71,253,14,0,1,0,40,0,0,372,3,36,100,100,0
681,longbow_campaign89,8,-3899,103,0,117,0,0,0,0,0,0,100,0,0,0,1,0,0,0,283639,71,253,14,0,1,0,40,0,0,372,3,36,100,100,0
682,longbow_campaign89,8,-3868,103,0,116,0,0,0,0,0,0,100,0,0,0,1,0,0,0,281455,71,253,14,0,1,0,40,0,0,372,3,36,100,100,0
683,longbow_campaign89,8,-3837,104,0,115,0,0,0,0,0,0,100,0,0,0,1,0,0,0,279281,71,253,14,0,1,0,40,0,0,372,3,36,100,100,0
684,longbow_campaign89,8,-3806,104,0,115,0,0,0,0,0,0,100,0,0,0,1,0,0,0,277121,71,253,14,0,1,0,40,0,0,372,3,36,100,100,0
685,longbow_campaign89,8,-3776,104,0,114,0,0,0,1,0,0,100,0,0,0,1,0,0,0,274973,71,252,14,0,1,0,40,0,0,372,3,36,100,100,0
686,longbow_campaign89,8,-3745,104,0,113,0,0,0,0,0,0,100,0,0,0,1,0,0,0,272841,70,252,14,0,1,0,40,0,0,372,3,36,100,100,0
687,longbow_campaign89,8,-3715,104,0,112,0,0,0,0,0,0,100,0,0,0,1,0,0,0,270723,70,252,14,0,1,0,40,0,0,372,3,36,100,100,0
688,longbow_campaign89,8,-3686,104,0,111,0,0,0,1,0,0,100,0,0,0,1,0,0,0,268622,70,252,14,0,1,0,40,0,0,372,3,36,100,100,0
689,longbow_campaign89,8,-3656,105,0,110,0,0,0,0,0,0,100,0,0,0,1,0,0,0,266537,70,252,14,0,1,0,40,0,0,372,3,36,100,100,0
690,longbow_campaign89,8,-3627,105,0,109,0,0,0,1,0,0,100,0,0,0,1,0,0,0,264470,70,251,14,0,1,0,40,0,0,372,3,36,100,100,0
691,longbow_campaign89,8,-3598,105,0,108,0,0,0,0,0,0,100,0,0,0,1,0,0,0,262421,70,251,14,0,1,0,40,0,0,372,3,36,100,100,0
692,longbow_campaign89,8,-3569,105,0,107,0,0,0,0,0,0,100,0,0,0,1,0,0,0,260390,70,251,14,0,1,0,40,0,0,372,3,36,100,100,0
693,longbow_campaign89,8,-3541,105,0,106,0,0,0,0,0,0,100,0,0,0,1,0,0,0,258378,70,251,14,0,1,0,40,0,0,372,3,36,100,100,0
694,longbow_campaign89,8,-3512,105,0,105,0,0,0,0,0,0,100,0,0,0,1,0,0,0,256386,70,251,14,0,1,0,40,0,0,372,3,36,100,100,0
695,longbow_campaign89,8,-3485,105,0,104,0,0,0,1,0,0,100,0,0,0,1,0,0,0,254414,70,250,14,0,1,0,40,0,0,372,3,36,100,100,0
696,longbow_campaign89,8,-3457,106,0,103,0,0,0,0,0,0,100,0,0,0,1,0,0,0,252463,70,250,14,0,1,0,40,0,0,372,3,36,100,100,0
697,longbow_campaign89,8,-3430,106,0,102,0,0,0,0,0,0,100,0,0,0,1,0,0,0,250531,70,250,14,0,1,0,40,0,0,372,3,36,100,100,0
698,longbow_campaign89,8,-3403,106,0,101,0,0,0,0,0,0,100,0,0,0,1,0,0,0,248621,70,250,14,0,1,0,40,0,0,372,3,36,100,100,0
699,longbow_campaign89,8,-3376,106,0,100,0,0,0,0,0,0,100,0,0,0,1,0,0,0,246732,70,250,14,0,1,0,40,0,0,372,3,36,100,100,0
700,longbow_campaign89,8,-3350,106,0,98,0,0,0,0,0,0,100,0,0,0,1,0,0,0,244864,70,250,14,0,1,0,40,0,0,372,3,36,100,100,0
701,longbow_campaign89,8,-3324,106,0,97,0,0,0,0,0,0,100,0,0,0,1,0,0,0,243018,70,250,14,0,1,0,40,0,0,372,3,36,100,100,0
702,longbow_campaign89,8,-3298,107,0,96,0,0,0,0,0,0,100,0,0,0,1,0,0,0,241193,70,250,14,0,1,0,40,0,0,372,3,36,100,100,0
703,longbow_campaign89,8,-3272,107,0,95,0,0,0,0,0,0,100,0,0,0,1,0,0,0,239390,70,250,14,0,1,0,40,0,0,372,3,36,100,100,0
704,longbow_campaign89,8,-3247,107,0,94,0,0,0,1,0,0,100,0,0,0,1,0,0,0,237609,70,250,14,0,1,0,40,0,0,372,3,36,100,100,0
705,longbow_campaign89,8,-3222,107,0,93,0,0,0,0,0,0,100,0,0,0,1,0,0,0,235851,70,250,14,0,1,0,40,0,0,372,3,36,100,100,0
706,longbow_campaign89,8,-3198,107,0,91,0,0,0,0,0,0,100,0,0,0,1,0,0,0,234114,70,250,14,0,1,0,40,0,0,372,3,36,100,100,0
707,longbow_campaign89,8,-3174,107,0,90,0,0,0,0,0,0,100,0,0,0,1,0,0,0,232400,69,250,14,0,1,0,40,0,0,372,3,36,100,100,0
708,longbow_campaign89,8,-3150,107,0,89,0,0,0,0,0,0,100,0,0,0,1,0,0,0,230707,69,250,14,0,1,0,40,0,0,372,3,36,100,100,0
709,longbow_campaign89,8,-3126,108,0,88,0,0,0,0,0,0,100,0,0,0,1,0,0,0,229037,69,250,14,0,1,0,40,0,0,372,3,36,100,100,0
710,longbow_campaign89,8,-3103,108,0,87,0,0,0,0,0,0,100,0,0,0,1,0,0,0,227389,69,250,14,0,1,0,40,0,0,372,3,36,100,100,0
711,longbow_campaign89,8,-3080,108,0,85,0,0,0,0,0,0,100,0,0,0,1,0,0,0,225763,69,250,14,0,1,0,40,0,0,372,3,36,100,100,0
712,longbow_campaign89,8,-3058,108,0,84,0,0,0,0,0,0,100,0,0,0,1,0,0,0,224160,69,250,14,0,1,0,40,0,0,372,3,36,100,100,0
713,longbow_campaign89,8,-3035,108,0,83,0,0,0,0,0,0,100,0,0,0,1,0,0,0,222578,69,250,14,0,1,0,40,0,0,372,3,36,100,100,0
714,longbow_campaign89,8,-3013,108,0,82,0,0,0,0,0,0,100,0,0,0,1,0,0,0,221018,69,250,14,0,1,0,40,0,0,372,3,36,100,100,0
715,longbow_campaign89,8,-2992,109,0,81,0,0,0,0,0,0,100,0,0,0,1,0,0,0,219480,69,250,14,0,1,0,40,0,0,372,3,36,100,100,0
716,longbow_campaign89,8,-2970,109,0,80,0,0,0,0,0,0,100,0,0,0,1,0,0,0,217964,69,250,14,0,1,0,40,0,0,372,3,36,100,100,0
717,longbow_campaign89,8,-2949,109,0,78,0,0,0,0,0,0,100,0,0,0,1,0,0,0,216469,69,250,14,0,1,0,40,0,0,372,3,36,100,100,0
718,longbow_campaign89,8,-2929,109,0,77,0,0,0,0,0,0,100,0,0,0,1,0,0,0,214996,69,250,14,0,1,0,40,0,0,372,3,36,100,100,0
719,longbow_campaign89,8,-2908,109,0,76,0,0,0,0,0,0,100,0,0,0,1,0,0,0,213545,69,250,14,0,1,0,40,0,0,372,3,36,100,100,0
720,longbow_campaign89,8,-2888,109,0,75,0,0,0,1,0,0,100,0,0,0,1,0,0,0,212114,69,250,14,0,1,0,39,0,0,372,3,36,100,100,0
721,longbow_campaign89,8,-2868,110,0,74,0,0,0,0,0,0,100,0,0,0,1,0,0,0,210705,69,250,14,0,1,0,38,0,0,372,3,36,100,100,0
722,longbow_campaign89,8,-2849,110,0,73,0,0,0,0,0,0,100,0,0,0,1,0,0,0,209316,69,250,14,0,1,0,37,1,0,372,3,36,100,100,0
723,longbow_campaign89,8,-2829,110,0,72,0,0,0,0,0,0,100,0,0,0,1,0,0,0,205418,69,250,14,0,1,0,36,1,0,372,3,36,100,100,0
724,longbow_campaign89,8,-2811,110,0,70,0,0,0,0,0,0,100,0,0,0,1,0,0,0,204000,69,250,14,0,1,0,35,1,0,372,3,36,100,100,0
725,longbow_campaign89,8,-2792,110,0,69,0,0,0,0,0,0,100,0,0,0,1,0,0,0,202675,69,250,14,0,1,0,34,1,0,372,3,36,100,100,0
726,longbow_campaign89,8,-2774,110,0,68,0,0,0,0,0,0,100,0,0,0,1,0,0,0,201373,69,250,14,0,1,0,33,1,0,372,3,36,100,100,0
727,longbow_campaign89,8,-2756,110,0,67,0,0,0,0,0,0,100,0,0,0,2,0,0,0,200093,69,250,14,0,1,0,32,1,0,372,3,36,100,100,0
728,longbow_campaign89,8,-2738,110,0,66,0,0,0,0,0,0,100,0,0,0,2,0,0,0,198834,69,250,14,0,1,0,31,1,0,372,3,36,100,100,0
729,longbow_campaign89,8,-2721,111,0,65,0,0,0,0,0,0,100,0,0,0,2,0,0,0,197596,69,250,14,0,1,0,30,1,0,372,3,36,100,100,0
730,longbow_campaign89,8,-2704,111,0,64,0,0,0,0,0,0,100,0,0,0,2,0,0,0,196379,69,250,14,0,1,0,29,1,0,372,3,36,100,100,0
731,longbow_campaign89,8,-2687,111,0,62,0,0,0,0,0,0,100,0,0,0,2,0,0,0,195183,69,250,14,0,1,0,28,1,0,372,3,36,100,100,0
732,longbow_campaign89,8,-2670,111,0,61,0,0,0,0,0,0,100,0,0,0,2,0,0,0,194007,69,250,14,0,1,0,27,1,0,372,3,36,100,100,0
733,longbow_campaign89,8,-2654,111,0,60,0,0,0,0,0,0,100,0,0,0,2,0,0,0,192851,69,250,14,0,1,0,26,1,0,372,3,36,100,100,0
734,longbow_campaign89,8,-2638,111,0,59,0,0,0,0,0,0,100,0,0,0,2,0,0,0,191714,69,250,14,0,1,0,25,1,0,372,3,36,100,100,0
735,longbow_campaign89,8,-2622,111,0,58,0,0,0,0,0,0,100,0,0,0,3,0,0,0,190597,69,250,14,0,1,0,24,1,0,372,3,36,100,100,0
736,longbow_campaign89,8,-2607,111,0,57,0,0,0,1,0,0,100,0,0,0,3,0,0,0,189498,69,250,14,0,1,0,23,1,0,372,3,36,100,100,0
737,longbow_campaign89,8,-2592,111,0,56,0,0,0,0,0,0,100,0,0,0,3,0,0,0,188419,68,250,14,0,1,0,22,1,0,372,3,36,100,100,0
738,longbow_campaign89,8,-2577,111,0,55,0,0,0,0,0,0,100,0,0,0,3,0,0,0,187358,68,250,14,0,1,0,21,1,0,372,3,36,100,100,0
739,longbow_campaign89,8,-2562,111,0,54,0,0,0,0,0,0,100,0,0,0,3,0,0,0,186315,68,250,14,0,1,0,20,1,0,372,3,36,100,100,0
740,longbow_campaign89,8,-2548,111,0,53,0,0,0,0,0,0,100,0,0,0,3,0,0,0,185290,68,250,14,0,1,0,19,1,0,372,3,36,100,100,0
741,longbow_campaign89,8,-2534,111,0,53,0,0,0,0,0,0,100,0,0,0,3,0,0,0,184283,68,250,14,0,1,0,18,1,0,372,3,36,100,100,0
742,longbow_campaign89,8,-2520,111,0,52,0,0,0,0,0,0,100,0,0,0,3,0,0,0,183293,68,250,14,0,1,0,17,1,0,372,3,36,100,100,0
743,longbow_campaign89,8,-2506,111,0,51,0,0,0,0,0,0,100,0,0,0,3,0,0,0,182320,68,250,14,0,1,0,16,1,0,372,3,36,100,100,0
744,longbow_campaign89,8,-2493,111,0,50,0,0,0,0,0,0,100,0,0,0,3,0,0,0,181364,68,250,14,0,1,0,15,1,0,372,3,36,100,100,0
745,longbow_campaign89,8,-2480,111,0,49,0,0,0,0,0,0,100,0,0,0,3,0,0,0,180424,68,250,14,0,1,0,14,1,0,372,3,36,100,100,0
746,longbow_campaign89,8,-2467,111,0,48,0,0,0,0,0,0,100,0,0,0,3,0,0,0,179501,68,250,14,0,1,0,13,1,0,372,3,36,100,100,0
747,longbow_campaign89,8,-2454,111,0,47,0,0,0,0,0,0,100,0,0,0,3,0,0,0,178593,68,250,14,0,1,0,12,1,0,372,3,36,100,100,0
748,longbow_campaign89,8,-2441,111,0,46,0,0,0,0,0,0,100,0,0,0,3,0,0,0,177702,68,250,14,0,1,0,11,1,0,372,3,36,100,100,0
749,longbow_campaign89,8,-2429,111,0,46,0,0,0,0,0,0,100,0,0,0,3,0,0,0,176825,68,250,14,0,1,0,10,1,0,372,3,36,100,100,0
750,longbow_campaign89,8,-2417,111,0,45,0,0,0,1,0,0,100,0,0,0,3,0,0,0,175964,68,249,14,0,1,0,9,1,0,372,3,36,100,100,0
751,longbow_campaign89,8,-2405,112,0,44,0,0,0,0,0,0,100,0,0,0,4,0,0,0,175118,68,249,14,0,1,0,8,1,0,372,3,36,100,100,0
752,longbow_campaign89,8,-2394,112,0,43,0,0,0,1,0,0,100,0,0,0,4,0,0,0,174287,68,249,14,0,1,0,7,1,0,372,3,36,100,100,0
753,longbow_campaign89,8,-2382,112,0,42,0,0,0,0,0,0,100,0,0,0,4,0,0,0,173471,68,249,14,0,1,0,6,1,0,372,3,36,100,100,0
754,longbow_campaign89,8,-2371,112,0,42,0,0,0,0,0,0,100,0,0,0,4,0,0,0,172668,68,249,14,0,1,0,5,1,0,372,3,36,100,100,0
755,longbow_campaign89,8,-2360,112,0,41,0,0,0,1,0,0,100,0,0,0,4,0,0,0,171880,68,248,14,0,1,0,4,1,0,372,3,36,100,100,0
756,longbow_campaign89,8,-2349,112,0,40,0,0,0,0,0,0,100,0,0,0,4,0,0,0,171105,68,248,14,0,1,0,3,1,0,372,3,36,100,100,0
757,longbow_campaign89,8,-2338,112,0,40,0,0,0,0,0,0,100,0,0,0,4,0,0,0,170344,68,248,14,0,1,0,2,1,0,372,3,36,100,100,0
758,longbow_campaign89,8,-2328,112,0,39,0,0,0,0,0,0,100,0,0,0,4,0,0,0,169596,68,248,14,0,1,0,1,1,0,372,3,36,100,100,0
759,longbow_campaign89,8,-2317,112,0,38,0,0,0,0,0,0,100,0,0,0,4,0,0,0,168861,68,248,14,0,1,0,0,1,0,372,3,36,100,100,0
760,longbow_campaign89,8,-2307,112,0,37,0,0,0,1,0,0,100,0,0,0,4,0,0,0,168140,68,247,14,0,1,0,0,1,0,372,3,36,100,100,0
761,longbow_campaign89,8,-2297,112,0,37,0,0,0,0,0,0,100,0,0,0,4,0,0,0,167431,68,247,14,0,1,0,0,1,0,372,3,36,100,100,0
762,longbow_campaign89,8,-2288,112,0,36,0,0,0,0,0,0,100,0,0,0,4,0,0,0,166734,68,247,14,0,1,0,0,1,0,372,3,36,100,100,0
763,longbow_campaign89,8,-2278,112,0,36,0,0,0,0,0,0,100,0,0,0,4,0,0,0,166050,68,247,14,0,1,0,0,1,0,372,3,36,100,100,0
764,longbow_campaign89,8,-2269,112,0,35,0,0,0,0,0,0,100,0,0,0,4,0,0,0,165377,68,247,14,0,1,0,0,1,0,372,3,36,100,100,0
765,longbow_campaign89,8,-2259,112,0,34,0,0,0,1,0,0,100,0,0,0,4,0,0,0,164717,68,246,14,0,1,0,0,1,0,372,3,36,100,100,0
766,longbow_campaign89,8,-2250,112,0,34,0,0,0,0,0,0,100,0,0,0,4,0,0,0,164068,68,246,14,0,1,0,0,1,0,372,3,36,100,100,0
767,longbow_campaign89,8,-2241,112,0,33,0,0,0,0,0,0,100,0,0,0,4,0,0,0,163430,68,246,14,0,1,0,0,1,0,372,3,36,100,100,0
768,longbow_campaign89,8,-2232,112,0,32,0,0,0,0,0,0,100,0,0,0,4,0,0,0,162804,68,246,14,0,1,0,0,1,0,372,3,36,100,100,0
769,longbow_campaign89,8,-2224,112,0,32,0,0,0,0,0,0,100,0,0,0,4,0,0,0,162189,68,246,14,0,1,0,0,1,0,372,3,36,100,100,0
770,longbow_campaign89,8,-2215,112,0,31,0,0,0,1,0,0,100,0,0,0,4,0,0,0,161585,68,245,14,0,1,0,0,1,0,372,3,36,100,100,0
771,longbow_campaign89,8,-2207,112,0,31,0,0,0,0,0,0,100,0,0,0,4,0,0,0,160992,68,245,14,0,1,0,0,1,0,372,3,36,100,100,0
772,longbow_campaign89,8,-2199,112,0,30,0,0,0,0,0,0,100,0,0,0,4,0,0,0,160409,68,245,14,0,1,0,0,1,0,372,3,36,100,100,0
773,longbow_campaign89,8,-2191,112,0,30,0,0,0,0,0,0,100,0,0,0,4,0,0,0,159836,68,245,14,0,1,0,0,1,0,372,3,36,100,100,0
774,longbow_campaign89,8,-2183,112,0,29,0,0,0,0,0,0,100,0,0,0,4,0,0,0,159274,68,245,14,0,1,0,0,1,0,372,3,36,100,100,0
775,longbow_campaign89,8,-2175,112,0,29,0,0,0,0,0,0,100,0,0,0,4,0,0,0,158722,68,245,14,0,1,0,0,1,0,372,3,36,100,100,0
776,longbow_campaign89,8,-2168,112,0,28,0,0,0,0,0,0,100,0,0,0,4,0,0,0,158179,68,245,14,0,1,0,0,1,0,372,3,36,100,100,0
777,longbow_campaign89,8,-2160,112,0,28,0,0,0,0,0,0,100,0,0,0,4,0,0,0,157646,68,245,14,0,1,0,0,1,0,372,3,36,100,100,0
778,longbow_campaign89,8,-2153,112,0,27,0,0,0,0,0,0,100,0,0,0,4,0,0,0,157123,68,245,14,0,1,0,0,1,0,372,3,36,100,100,0
779,longbow_campaign89,8,-2145,112,0,27,0,0,0,0,0,0,100,0,0,0,4,0,0,0,156609,68,245,14,0,1,0,0,1,0,372,3,36,100,100,0
780,longbow_campaign89,8,-2138,112,0,26,0,0,0,0,0,0,100,0,0,0,4,0,0,0,156104,68,245,14,0,1,0,0,1,0,372,3,36,100,100,0
781,longbow_campaign89,8,-2131,112,0,26,0,0,0,0,0,0,100,0,0,0,4,0,0,0,155608,68,245,14,0,1,0,0,1,0,372,3,36,100,100,0
782,longbow_campaign89,8,-2125,112,0,25,0,0,0,0,0,0,100,0,0,0,4,0,0,0,155120,68,245,14,0,1,0,0,1,0,372,3,36,100,100,0
783,longbow_campaign89,8,-2118,112,0,25,0,0,0,0,0,0,100,0,0,0,4,0,0,0,154642,68,245,14,0,1,0,0,1,0,372,3,36,100,100,0
784,longbow_campaign89,8,-2111,112,0,24,0,0,0,0,0,0,100,0,0,0,4,0,0,0,154172,68,245,14,0,1,0,0,1,0,372,3,36,100,100,0
785,longbow_campaign89,8,-2105,112,0,24,0,0,0,0,0,0,100,0,0,0,4,0,0,0,153710,68,245,14,0,1,0,0,1,0,372,3,36,100,100,0
786,longbow_campaign89,8,-2098,112,0,23,0,0,0,0,0,0,100,0,0,0,4,0,0,0,153257,68,245,14,0,1,0,0,1,0,372,3,36,100,100,0
787,longbow_campaign89,8,-2092,112,0,23,0,0,0,0,0,0,100,0,0,0,4,0,0,0,152811,68,245,14,0,1,0,0,1,0,372,3,36,100,100,0
788,longbow_campaign89,8,-2086,112,0,23,0,0,0,0,0,0,100,0,0,0,4,0,0,0,152374,68,245,14,0,1,0,0,1,0,372,3,36,100,100,0
789,longbow_campaign89,8,-2080,112,0,22,0,0,0,0,0,0,100,0,0,0,4,0,0,0,151944,67,245,14,0,1,0,0,1,0,372,3,36,100,100,0
790,longbow_campaign89,8,-2074,112,0,22,0,0,0,0,0,0,100,0,0,0,4,0,0,0,151523,67,245,14,0,1,0,0,1,0,372,3,36,100,100,0
791,longbow_campaign89,8,-2068,112,0,21,0,0,0,0,0,0,100,0,0,0,4,0,0,0,151108,67,245,14,0,1,0,0,1,0,372,3,36,100,100,0
792,longbow_campaign89,8,-2063,112,0,21,0,0,0,0,0,0,100,0,0,0,4,0,0,0,150701,67,245,14,0,1,0,0,1,0,372,3,36,100,100,0
793,longbow_campaign89,8,-2057,112,0,21,0,0,0,0,0,0,100,0,0,0,4,0,0,0,150301,67,245,14,0,1,0,0,1,0,372,3,36,100,100,0
794,longbow_campaign89,8,-2051,112,0,20,0,0,0,0,0,0,100,0,0,0,4,0,0,0,149908,67,245,14,0,1,0,0,1,0,372,3,36,100,100,0
795,longbow_campaign89,8,-2046,112,0,20,0,0,0,0,0,0,100,0,0,0,4,0,0,0,149523,67,245,14,0,1,0,0,1,0,372,3,36,100,100,0
796,longbow_campaign89,8,-2041,112,0,19,0,0,0,0,0,0,100,0,0,0,4,0,0,0,149144,67,245,14,0,1,0,0,1,0,372,3,36,100,100,0
797,longbow_campaign89,8,-2036,112,0,19,0,0,0,0,0,0,100,0,0,0,4,0,0,0,148772,67,245,14,0,1,0,0,1,0,372,3,36,100,100,0
798,longbow_campaign89,8,-2030,112,0,19,0,0,0,0,0,0,100,0,0,0,4,0,0,0,148407,67,245,14,0,1,0,0,1,0,372,3,36,100,100,0
799,longbow_campaign89,8,-2025,112,0,18,0,0,0,0,0,0,100,0,0,0,4,0,0,0,148048,67,245,14,0,1,0,0,1,0,372,3,36,100,100,0
800,longbow_campaign89,8,-2020,112,0,18,0,0,0,0,0,0,100,0,0,0,4,0,0,0,147696,67,245,14,0,1,0,0,1,0,372,3,36,100,100,0
801,longbow_campaign89,8,-2016,112,0,18,0,0,0,0,0,0,100,0,0,0,4,0,0,0,147350,67,245,14,0,1,0,0,1,0,372,3,36,100,100,0
802,longbow_campaign89,8,-2011,112,0,17,0,0,0,0,0,0,100,0,0,0,4,0,0,0,147011,67,245,14,0,1,0,0,1,0,372,3,36,100,100,0
803,longbow_campaign89,8,-2006,112,0,17,0,0,0,0,0,0,100,0,0,0,4,0,0,0,146677,67,245,14,0,1,0,0,1,0,372,3,36,100,100,0
804,longbow_campaign89,8,-2002,112,0,17,0,0,0,0,0,0,100,0,0,0,4,0,0,0,146349,67,245,14,0,1,0,0,1,0,372,3,36,100,100,0
805,longbow_campaign89,8,-1997,112,0,16,0,0,0,0,0,0,100,0,0,0,4,0,0,0,146028,67,245,14,0,1,0,0,1,0,372,3,36,100,100,0
806,longbow_campaign89,8,-1993,112,0,16,0,0,0,0,0,0,100,0,0,0,4,0,0,0,145712,67,245,14,0,1,0,0,1,0,372,3,36,100,100,0
807,longbow_campaign89,8,-1988,112,0,16,0,0,0,0,0,0,100,0,0,0,4,0,0,0,145401,67,245,14,0,1,0,0,1,0,372,3,36,100,100,0
808,longbow_campaign89,8,-1984,112,0,16,0,0,0,0,0,0,100,0,0,0,4,0,0,0,145096,67,245,14,0,1,0,0,1,0,372,3,36,100,100,0
809,longbow_campaign89,8,-1980,112,0,15,0,0,0,0,0,0,100,0,0,0,4,0,0,0,144797,67,245,14,0,1,0,0,1,0,372,3,36,100,100,0
810,longbow_campaign89,8,-1976,112,0,15,0,0,0,0,0,0,100,0,0,0,4,0,0,0,144503,67,245,14,0,1,0,40,1,0,372,3,36,100,100,0
811,longbow_campaign89,8,-1972,112,0,15,0,0,0,0,0,0,100,0,0,0,4,0,0,0,144214,67,245,14,0,1,0,40,1,0,372,3,36,100,100,0
812,longbow_campaign89,8,-1968,112,0,14,0,0,0,0,0,0,100,0,0,0,4,0,0,0,143931,67,245,14,0,1,0,40,1,0,372,3,36,100,100,0
813,longbow_campaign89,8,-1964,112,0,14,0,0,0,0,0,0,100,0,0,0,4,0,0,0,143652,67,245,14,0,1,0,40,1,0,372,3,36,100,100,0
814,longbow_campaign89,8,-1960,112,0,14,0,0,0,0,0,0,100,0,0,0,4,0,0,0,143379,67,245,14,0,1,0,40,1,0,372,3,36,100,100,0
815,longbow_campaign89,8,-1956,112,0,14,0,0,0,0,0,0,100,0,0,0,4,0,0,0,143110,67,245,14,0,1,0,40,1,0,372,3,36,100,100,0
816,longbow_campaign89,8,-1952,112,0,13,0,0,0,1,0,0,100,0,0,0,4,0,0,0,142847,67,245,14,0,1,0,40,1,0,372,3,36,100,100,0
817,longbow_campaign89,8,-1949,112,0,13,0,0,0,0,0,0,100,0,0,0,4,0,0,0,142588,67,245,14,0,1,0,40,1,0,372,3,36,100,100,0
818,longbow_campaign89,8,-1945,112,0,13,0,0,0,0,0,0,100,0,0,0,4,0,0,0,142334,67,245,14,0,1,0,40,1,0,372,3,36,100,100,0
819,longbow_campaign89,8,-1942,112,0,13,0,0,0,0,0,0,100,0,0,0,4,0,0,0,142084,67,245,14,0,1,0,40,1,0,372,3,36,100,100,0
820,longbow_campaign89,8,-1938,112,0,12,0,0,0,0,0,0,100,0,0,0,4,0,0,0,141839,67,245,14,0,1,0,40,1,0,372,3,36,100,100,0
821,longbow_campaign89,8,-1935,112,0,12,0,0,0,0,0,0,100,0,0,0,4,0,0,0,141598,67,245,14,0,1,0,40,1,0,372,3,36,100,100,0
822,longbow_campaign89,8,-1932,112,0,12,0,0,0,0,0,0,100,0,0,0,4,0,0,0,141362,67,245,14,0,1,0,40,1,0,372,3,36,100,100,0
823,longbow_campaign89,8,-1928,112,0,12,0,0,0,0,0,0,100,0,0,0,4,0,0,0,141130,67,245,14,0,1,0,40,1,0,372,3,36,100,100,0
824,longbow_campaign89,8,-1925,112,0,11,0,0,0,0,0,0,100,0,0,0,4,0,0,0,140902,67,245,14,0,1,0,40,1,0,372,3,36,100,100,0
825,longbow_campaign89,8,-1922,112,0,11,0,0,0,1,0,0,100,0,0,0,4,0,0,0,140679,67,244,14,0,1,0,40,1,0,372,3,36,100,100,0
826,longbow_campaign89,8,-1919,112,0,11,0,0,0,0,0,0,100,0,0,0,4,0,0,0,140459,67,244,14,0,1,0,40,1,0,372,3,36,100,100,0
827,longbow_campaign89,8,-1916,112,0,11,0,0,0,0,0,0,100,0,0,0,4,0,0,0,140243,67,244,14,0,1,0,40,1,0,372,3,36,100,100,0
828,longbow_campaign89,8,-1913,112,0,11,0,0,0,0,0,0,100,0,0,0,4,0,0,0,140031,67,244,14,0,1,0,40,1,0,372,3,36,100,100,0
829,longbow_campaign89,8,-1910,112,0,10,0,0,0,0,0,0,100,0,0,0,4,0,0,0,139823,67,244,14,0,1,0,40,1,0,372,3,36,100,100,0
830,longbow_campaign89,8,-1907,112,0,10,0,0,0,1,0,0,100,0,0,0,4,0,0,0,139618,67,243,14,0,1,0,40,1,0,372,3,36,100,100,0
831,longbow_campaign89,8,-1904,112,0,10,0,0,0,0,0,0,100,0,0,0,4,0,0,0,139418,67,243,14,0,1,0,40,1,0,372,3,36,100,100,0
832,longbow_campaign89,8,-1902,112,0,10,0,0,0,1,0,0,100,0,0,0,4,0,0,0,139221,67,243,14,0,1,0,40,1,0,372,3,36,100,100,0
833,longbow_campaign89,8,-1899,112,0,10,0,0,0,0,0,0,100,0,0,0,4,0,0,0,139027,67,243,14,0,1,0,40,1,0,372,3,36,100,100,0
834,longbow_campaign89,8,-1896,112,0,10,0,0,0,0,0,0,100,0,0,0,4,0,0,0,138837,67,243,14,0,1,0,40,1,0,372,3,36,100,100,0
835,longbow_campaign89,8,-1894,112,0,9,0,0,0,1,0,0,100,0,0,0,4,0,0,0,138650,67,242,14,0,1,0,40,1,0,372,3,36,100,100,0
836,longbow_campaign89,8,-1891,112,0,9,0,0,0,0,0,0,100,0,0,0,4,0,0,0,138467,67,242,14,0,1,0,40,1,0,372,3,36,100,100,0
837,longbow_campaign89,8,-1888,112,0,9,0,0,0,0,0,0,100,0,0,0,4,0,0,0,138286,67,242,14,0,1,0,40,1,0,372,3,36,100,100,0
838,longbow_campaign89,8,-1886,112,0,9,0,0,0,0,0,0,100,0,0,0,4,0,0,0,138110,67,242,14,0,1,0,40,1,0,372,3,36,100,100,0
839,longbow_campaign89,8,-1884,112,0,9,0,0,0,0,0,0,100,0,0,0,4,0,0,0,137936,67,242,14,0,1,0,40,1,0,372,3,36,100,100,0
840,longbow_campaign89,8,-1881,112,0,8,0,0,0,1,0,0,100,0,0,0,4,0,0,0,137765,66,241,14,0,1,0,40,1,0,372,3,36,100,100,0
841,longbow_campaign89,8,-1879,112,0,8,0,0,0,0,0,0,100,0,0,0,4,0,0,0,137598,66,241,14,0,1,0,40,1,0,372,3,36,100,100,0
842,longbow_campaign89,8,-1876,112,0,8,0,0,0,0,0,0,100,0,0,0,4,0,0,0,137433,66,241,14,0,1,0,40,1,0,372,3,36,100,100,0
843,longbow_campaign89,8,-1874,112,0,8,0,0,0,0,0,0,100,0,0,0,4,0,0,0,137271,66,241,14,0,1,0,40,1,0,372,3,36,100,100,0
844,longbow_campaign89,8,-1872,112,0,8,0,0,0,0,0,0,100,0,0,0,4,0,0,0,137113,66,241,14,0,1,0,40,1,0,372,3,36,100,100,0
845,longbow_campaign89,8,-1870,112,0,8,0,0,0,1,0,0,100,0,0,0,4,0,0,0,136957,66,240,14,0,1,0,40,1,0,372,3,36,100,100,0
846,longbow_campaign89,8,-1868,112,0,8,0,0,0,0,0,0,100,0,0,0,4,0,0,0,136804,66,240,14,0,1,0,40,1,0,372,3,36,100,100,0
847,longbow_campaign89,8,-1866,112,0,7,0,0,0,0,0,0,100,0,0,0,4,0,0,0,136653,66,240,14,0,1,0,40,1,0,372,3,36,100,100,0
848,longbow_campaign89,8,-1863,112,0,7,0,0,0,1,0,0,100,0,0,0,4,0,0,0,136506,66,240,14,0,1,0,40,1,0,372,3,36,100,100,0
849,longbow_campaign89,8,-1861,112,0,7,0,0,0,0,0,0,100,0,0,0,4,0,0,0,136361,66,240,14,0,1,0,40,1,0,372,3,36,100,100,0
850,longbow_campaign89,8,-1859,112,0,7,0,0,0,0,0,0,100,0,0,0,4,0,0,0,136218,66,240,14,0,1,0,40,1,0,372,3,36,100,100,0
851,longbow_campaign89,8,-1857,112,0,7,0,0,0,0,0,0,100,0,0,0,4,0,0,0,136079,66,240,14,0,1,0,40,1,0,372,3,36,100,100,0
852,longbow_campaign89,8,-1856,112,0,7,0,0,0,0,0,0,100,0,0,0,4,0,0,0,135941,66,240,14,0,1,0,40,1,0,372,3,36,100,100,0
853,longbow_campaign89,8,-1854,112,0,7,0,0,0,0,0,0,100,0,0,0,4,0,0,0,135807,66,240,14,0,1,0,40,1,0,372,3,36,100,100,0
854,longbow_campaign89,8,-1852,112,0,6,0,0,0,0,0,0,100,0,0,0,4,0,0,0,135674,66,240,14,0,1,0,40,1,0,372,3,36,100,100,0
855,longbow_campaign89,8,-1850,112,0,6,0,0,0,0,0,0,100,0,0,0,4,0,0,0,135544,66,240,14,0,1,0,40,1,0,372,3,36,100,100,0
856,longbow_campaign89,8,-1848,112,0,6,0,0,0,0,0,0,100,0,0,0,4,0,0,0,135417,66,240,14,0,1,0,40,1,0,372,3,36,100,100,0
857,longbow_campaign89,8,-1846,112,0,6,0,0,0,0,0,0,100,0,0,0,4,0,0,0,135292,66,240,14,0,1,0,40,1,0,372,3,36,100,100,0
858,longbow_campaign89,8,-1845,112,0,6,0,0,0,0,0,0,100,0,0,0,4,0,0,0,135168,66,240,14,0,1,0,40,1,0,372,3,36,100,100,0
859,longbow_campaign89,8,-1843,112,0,6,0,0,0,0,0,0,100,0,0,0,4,0,0,0,135048,66,240,14,0,1,0,40,1,0,372,3,36,100,100,0
860,longbow_campaign89,8,-1841,112,0,6,0,0,0,0,0,0,100,0,0,0,4,0,0,0,134929,66,240,14,0,1,0,40,1,0,372,3,36,100,100,0
861,longbow_campaign89,8,-1840,112,0,6,0,0,0,0,0,0,100,0,0,0,4,0,0,0,134812,66,240,14,0,1,0,40,1,0,372,3,36,100,100,0
862,longbow_campaign89,8,-1838,112,0,6,0,0,0,0,0,0,100,0,0,0,4,0,0,0,134698,66,240,14,0,1,0,40,1,0,372,3,36,100,100,0
863,longbow_campaign89,8,-1837,112,0,5,0,0,0,0,0,0,100,0,0,0,4,0,0,0,134586,66,240,14,0,1,0,40,1,0,372,3,36,100,100,0
864,longbow_campaign89,8,-1835,112,0,5,0,0,0,1,0,0,100,0,0,0,4,0,0,0,134476,66,240,14,0,1,0,40,1,0,372,3,36,100,100,0
865,longbow_campaign89,8,-1833,112,0,5,0,0,0,0,0,0,100,0,0,0,4,0,0,0,134367,66,240,14,0,1,0,40,1,0,372,3,36,100,100,0
866,longbow_campaign89,8,-1832,112,0,5,0,0,0,0,0,0,100,0,0,0,4,0,0,0,134261,66,240,14,0,1,0,40,1,0,372,3,36,100,100,0
867,longbow_campaign89,8,-1830,112,0,5,0,0,0,0,0,0,100,0,0,0,4,0,0,0,134156,66,240,14,0,1,0,40,1,0,372,3,36,100,100,0
868,longbow_campaign89,8,-1829,112,0,5,0,0,0,0,0,0,100,0,0,0,4,0,0,0,134054,66,240,14,0,1,0,40,1,0,372,3,36,100,100,0
869,longbow_campaign89,8,-1828,112,0,5,0,0,0,0,0,0,100,0,0,0,4,0,0,0,133953,66,240,14,0,1,0,40,1,0,372,3,36,100,100,0
870,longbow_campaign89,8,-1826,112,0,5,0,0,0,0,0,0,100,0,0,0,4,0,0,0,133855,66,240,14,0,1,0,40,1,0,372,3,36,100,100,0
871,longbow_campaign89,8,-1825,112,0,5,0,0,0,0,0,0,100,0,0,0,4,0,0,0,133758,66,240,14,0,1,0,40,1,0,372,3,36,100,100,0
872,longbow_campaign89,8,-1824,112,0,5,0,0,0,0,0,0,100,0,0,0,4,0,0,0,133662,66,240,14,0,1,0,40,1,0,372,3,36,100,100,0
873,longbow_campaign89,8,-1822,112,0,4,0,0,0,0,0,0,100,0,0,0,4,0,0,0,133569,66,240,14,0,1,0,40,1,0,372,3,36,100,100,0
874,longbow_campaign89,8,-1821,112,0,4,0,0,0,0,0,0,100,0,0,0,4,0,0,0,133477,66,240,14,0,1,0,40,1,0,372,3,36,100,100,0
875,longbow_campaign89,8,-1820,112,0,4,0,0,0,0,0,0,100,0,0,0,4,0,0,0,133386,66,240,14,0,1,0,40,1,0,372,3,36,100,100,0
876,longbow_campaign89,8,-1818,112,0,4,0,0,0,0,0,0,100,0,0,0,4,0,0,0,133298,66,240,14,0,1,0,40,1,0,372,3,36,100,100,0
877,longbow_campaign89,8,-1817,112,0,4,0,0,0,0,0,0,100,0,0,0,4,0,0,0,133211,66,240,14,0,1,0,40,1,0,372,3,36,100,100,0
878,longbow_campaign89,8,-1816,112,0,4,0,0,0,0,0,0,100,0,0,0,4,0,0,0,133126,66,240,14,0,1,0,40,1,0,372,3,36,100,100,0
879,longbow_campaign89,8,-1815,112,0,4,0,0,0,0,0,0,100,0,0,0,4,0,0,0,133042,66,240,14,0,1,0,40,1,0,372,3,36,100,100,0
880,longbow_campaign89,8,-1814,112,0,4,0,0,0,1,0,0,100,0,0,0,4,0,0,0,132960,66,240,14,0,1,0,40,1,0,372,3,36,100,100,0
881,longbow_campaign89,8,-1813,112,0,4,0,0,0,0,0,0,100,0,0,0,4,0,0,0,132879,66,240,14,0,1,0,40,1,0,372,3,36,100,100,0
882,longbow_campaign89,8,-1811,112,0,4,0,0,0,0,0,0,100,0,0,0,4,0,0,0,132800,66,240,14,0,1,0,40,1,0,372,3,36,100,100,0
883,longbow_campaign89,8,-1810,112,0,4,0,0,0,0,0,0,100,0,0,0,4,0,0,0,132722,66,240,14,0,1,0,40,1,0,372,3,36,100,100,0
884,longbow_campaign89,8,-1809,112,0,4,0,0,0,0,0,0,100,0,0,0,4,0,0,0,132645,66,240,14,0,1,0,40,1,0,372,3,36,100,100,0
885,longbow_campaign89,8,-1808,112,0,3,0,0,0,0,0,0,100,0,0,0,4,0,0,0,132570,66,240,14,0,1,0,40,1,0,372,3,36,100,100,0
886,longbow_campaign89,8,-1807,112,0,3,0,0,0,0,0,0,100,0,0,0,4,0,0,0,132496,66,240,14,0,1,0,40,1,0,372,3,36,100,100,0
887,longbow_campaign89,8,-1806,112,0,3,0,0,0,0,0,0,100,0,0,0,4,0,0,0,132424,66,240,14,0,1,0,40,1,0,372,3,36,100,100,0
888,longbow_campaign89,8,-1805,112,0,3,0,0,0,0,0,0,100,0,0,0,4,0,0,0,132353,66,240,14,0,1,0,40,1,0,372,3,36,100,100,0
889,longbow_campaign89,8,-1804,112,0,3,0,0,0,0,0,0,100,0,0,0,4,0,0,0,132283,66,240,14,0,1,0,40,1,0,372,3,36,100,100,0
890,longbow_campaign89,8,-1803,112,0,3,0,0,0,0,0,0,100,0,0,0,4,0,0,0,132214,66,240,14,0,1,0,40,1,0,372,3,36,100,100,0
891,longbow_campaign89,8,-1802,112,0,3,0,0,0,0,0,0,100,0,0,0,4,0,0,0,132147,65,240,14,0,1,0,40,1,0,372,3,36,100,100,0
892,longbow_campaign89,8,-1801,112,0,3,0,0,0,0,0,0,100,0,0,0,4,0,0,0,132081,65,240,14,0,1,0,40,1,0,372,3,36,100,100,0
893,longbow_campaign89,8,-1800,112,0,3,0,0,0,0,0,0,100,0,0,0,4,0,0,0,132016,65,240,14,0,1,0,40,1,0,372,3,36,100,100,0
894,longbow_campaign89,8,-1800,112,0,3,0,0,0,0,0,0,100,0,0,0,4,0,0,0,131952,65,240,14,0,1,0,40,1,0,372,3,36,100,100,0
895,longbow_campaign89,8,-1799,112,0,3,0,0,0,0,0,0,100,0,0,0,4,0,0,0,131889,65,240,14,0,1,0,40,1,0,372,3,36,100,100,0
896,longbow_campaign89,8,-1798,112,0,3,0,0,0,1,0,0,100,0,0,0,4,0,0,0,131828,65,240,14,0,1,0,40,1,0,372,3,36,100,100,0
897,longbow_campaign89,8,-1797,112,0,3,0,0,0,0,0,0,100,0,0,0,4,0,0,0,131767,65,240,14,0,1,0,40,1,0,372,3,36,100,100,0
898,longbow_campaign89,8,-1796,112,0,3,0,0,0,0,0,0,100,0,0,0,4,0,0,0,131708,65,240,14,0,1,0,40,1,0,372,3,36,100,100,0
899,longbow_campaign89,8,-1795,112,0,3,0,0,0,0,0,0,100,0,0,0,4,0,0,0,131650,65,240,14,0,1,0,40,1,0,372,3,36,100,100,0
