tick,name,pos_x,pos_y,pos_z,vel_x,vel_y,vel_z,yaw,grounded,fx_count,kudos,combo,nitro,riskboost,takedowns,skill_driver,crashbreaker,airspeed,air_lift,rotor_rpm,rotor_lift,fuel,cannon,missiles,lock,cargo,av_lock,threat,engine_dead,ctrl_loss,mission_score,medal,wing_score,shield,laser,heat,tank_left,tank_right,turret_yaw,turret_elev,tank_ammo,tank_fired,tank_pen,tank_effective,tank_spall,crew_shock,crew_alive,module_last,platoon_order,platoon_score
0,tank4_t72_89,0,2,0,0,0,0,0,0,0,0,0,50,0,0,0,0,0,0,0,0,0,0,0,0,0,0,0,0,0,0,0,0,100,100,0,0,0,0,0,2,0,0,0,0,0,3,-1,0,0
1,tank4_t72_89,0,2,0,0,0,1,0,0,0,0,0,50,0,0,0,0,0,0,0,0,0,0,0,0,0,0,0,0,0,0,0,0,100,100,0,0,0,0,0,2,0,0,0,0,0,3,-1,0,0
2,tank4_t72_89,0,2,1,0,0,1,0,0,0,0,0,50,0,0,0,0,0,0,0,0,0,0,0,0,0,0,0,0,0,0,0,0,100,100,0,0,0,0,0,2,0,0,0,0,0,3,-1,0,0
3,tank4_t72_89,0,2,1,0,0,2,0,0,0,0,0,50,0,0,0,0,0,0,0,0,0,0,0,0,0,0,0,0,0,0,0,0,100,100,0,0,0,0,0,2,0,0,0,0,0,3,-1,0,0
4,tank4_t72_89,0,2,2,0,0,3,0,0,0,0,0,50,0,0,0,0,0,0,0,0,0,0,0,0,0,0,0,0,0,0,0,0,100,100,0,0,0,0,0,2,0,0,0,0,0,3,-1,0,0
5,tank4_t72_89,0,2,3,0,0,3,0,0,0,0,0,51,0,0,0,0,0,0,0,0,0,0,0,0,0,0,0,0,0,0,0,0,100,100,0,0,0,0,0,2,0,0,0,0,0,3,-1,0,0
6,tank4_t72_89,0,2,4,0,0,4,0,0,0,0,0,51,0,0,0,0,0,0,0,0,0,0,0,0,0,0,0,0,0,0,0,0,100,100,0,0,0,0,0,2,0,0,0,0,0,3,-1,0,0
7,tank4_t72_89,0,2,5,0,0,4,0,0,0,0,0,51,0,0,0,0,0,0,0,0,0,0,0,0,0,0,0,0,0,0,0,0,100,100,0,0,0,0,0,2,0,0,0,0,0,3,-1,0,0
8,tank4_t72_89,0,2,7,0,0,4,0,0,0,0,0,51,0,0,0,0,0,0,0,0,0,0,0,0,0,0,0,0,0,0,0,0,100,100,0,0,0,0,0,2,0,0,0,0,0,3,-1,0,0
9,tank4_t72_89,0,2,8,0,0,5,0,0,0,0,0,51,0,0,0,0,0,0,0,0,0,0,0,0,0,0,0,0,0,0,0,0,100,100,0,0,0,0,0,2,0,0,0,0,0,3,-1,0,0
10,tank4_t72_89,0,2,9,0,0,5,0,0,0,0,0,52,0,0,0,0,0,0,0,0,0,0,0,0,0,0,0,0,0,0,0,0,100,100,0,0,0,0,0,2,0,0,0,0,0,3,-1,0,0
11,tank4_t72_89,0,2,11,0,0,6,0,0,0,0,0,52,0,0,0,0,0,0,0,0,0,0,0,0,0,0,0,0,0,0,0,0,100,100,0,0,0,0,0,2,0,0,0,0,0,3,-1,0,0
12,tank4_t72_89,0,2,13,0,0,6,0,0,0,0,0,52,0,0,0,0,0,0,0,0,0,0,0,0,0,0,0,0,0,0,0,0,100,100,0,0,0,0,0,2,0,0,0,0,0,3,-1,0,0
13,tank4_t72_89,0,2,15,0,0,6,0,0,0,0,0,52,0,0,0,0,0,0,0,0,0,0,0,0,0,0,0,0,0,0,0,0,100,100,0,0,0,0,0,2,0,0,0,0,0,3,-1,0,0
14,tank4_t72_89,0,2,16,0,0,6,0,0,0,0,0,52,0,0,0,0,0,0,0,0,0,0,0,0,0,0,0,0,0,0,0,0,100,100,0,0,0,0,0,2,0,0,0,0,0,3,-1,0,0
15,tank4_t72_89,0,2,18,0,0,7,0,0,0,0,0,53,0,0,0,0,0,0,0,0,0,0,0,0,0,0,0,0,0,0,0,0,100,100,0,0,0,0,0,2,0,0,0,0,0,3,-1,0,0
16,tank4_t72_89,0,2,20,0,0,7,0,0,0,0,0,53,0,0,0,0,0,0,0,0,0,0,0,0,0,0,0,0,0,0,0,0,100,100,0,0,0,0,0,2,0,0,0,0,0,3,-1,0,0
17,tank4_t72_89,0,2,22,0,0,7,0,0,0,0,0,53,0,0,0,0,0,0,0,0,0,0,0,0,0,0,0,0,0,0,0,0,100,100,0,0,0,0,0,2,0,0,0,0,0,3,-1,0,0
18,tank4_t72_89,0,2,24,0,0,7,0,0,0,0,0,53,0,0,0,0,0,0,0,0,0,0,0,0,0,0,0,0,0,0,0,0,100,100,0,0,0,0,0,2,0,0,0,0,0,3,-1,0,0
19,tank4_t72_89,0,2,27,0,0,8,0,0,0,0,0,53,0,0,0,0,0,0,0,0,0,0,0,0,0,0,0,0,0,0,0,0,100,100,0,0,0,0,0,2,0,0,0,0,0,3,-1,0,0
20,tank4_t72_89,0,2,29,0,0,8,0,0,0,0,0,53,0,0,0,0,0,0,0,0,0,0,0,0,0,0,0,0,0,0,0,0,100,100,0,0,0,0,0,3,0,0,0,0,0,3,-1,0,0
21,tank4_t72_89,0,2,31,0,0,8,0,0,0,0,0,54,0,0,0,0,0,0,0,0,0,0,0,0,0,0,0,0,0,0,0,0,100,100,0,0,0,0,0,3,0,0,0,0,0,3,-1,0,0
22,tank4_t72_89,0,2,33,0,0,8,0,0,0,0,0,54,0,0,0,0,0,0,0,0,0,0,0,0,0,0,0,0,0,0,0,0,100,100,0,0,0,0,0,3,0,0,0,0,0,3,-1,0,0
23,tank4_t72_89,0,2,36,0,0,8,0,0,0,0,0,54,0,0,0,0,0,0,0,0,0,0,0,0,0,0,0,0,0,0,0,0,100,100,0,0,0,0,0,3,0,0,0,0,0,3,-1,0,0
24,tank4_t72_89,0,2,38,0,0,9,0,0,0,0,0,54,0,0,0,0,0,0,0,0,0,0,0,0,0,0,0,0,0,0,0,0,100,100,0,0,0,0,0,3,0,0,0,0,0,3,-1,0,0
25,tank4_t72_89,0,2,41,0,0,9,0,0,0,0,0,54,0,0,0,0,0,0,0,0,0,0,0,0,0,0,0,0,0,0,0,0,100,100,0,0,0,0,0,3,0,0,0,0,0,3,-1,0,0
26,tank4_t72_89,0,2,43,0,0,9,0,0,0,0,0,55,0,0,0,0,0,0,0,0,0,0,0,0,0,0,0,0,0,0,0,0,100,100,0,0,0,0,0,3,0,0,0,0,0,3,-1,0,0
27,tank4_t72_89,0,2,46,0,0,9,0,0,0,0,0,55,0,0,0,0,0,0,0,0,0,0,0,0,0,0,0,0,0,0,0,0,100,100,0,0,0,0,0,3,0,0,0,0,0,3,-1,0,0
28,tank4_t72_89,0,2,48,0,0,9,0,0,0,0,0,55,0,0,0,0,0,0,0,0,0,0,0,0,0,0,0,0,0,0,0,0,100,100,0,0,0,0,0,3,0,0,0,0,0,3,-1,0,0
29,tank4_t72_89,0,2,51,0,0,9,0,0,0,0,0,55,0,0,0,0,0,0,0,0,0,0,0,0,0,0,0,0,0,0,0,0,100,100,0,0,0,0,0,3,0,0,0,0,0,3,-1,0,0
30,tank4_t72_89,0,2,53,0,0,9,0,0,0,0,0,55,0,0,0,0,0,0,0,0,0,0,0,0,0,0,0,0,0,0,0,0,100,100,0,0,0,0,0,3,0,0,0,0,0,3,-1,0,0
31,tank4_t72_89,0,2,56,0,0,9,0,0,0,0,0,56,0,0,0,0,0,0,0,0,0,0,0,0,0,0,0,0,0,0,0,0,100,100,0,0,0,0,0,3,0,0,0,0,0,3,-1,0,0
32,tank4_t72_89,0,2,59,0,0,9,0,0,0,0,0,56,0,0,0,0,0,0,0,0,0,0,0,0,0,0,0,0,0,0,0,0,100,100,0,0,0,0,0,3,0,0,0,0,0,3,-1,0,0
33,tank4_t72_89,0,2,61,0,0,10,0,0,0,0,0,56,0,0,0,0,0,0,0,0,0,0,0,0,0,0,0,0,0,0,0,0,100,100,0,0,0,0,0,3,0,0,0,0,0,3,-1,0,0
34,tank4_t72_89,0,2,64,0,0,10,0,0,0,0,0,56,0,0,0,0,0,0,0,0,0,0,0,0,0,0,0,0,0,0,0,0,100,100,0,0,0,0,0,3,0,0,0,0,0,3,-1,0,0
35,tank4_t72_89,0,2,67,0,0,10,0,0,0,0,0,56,0,0,0,0,0,0,0,0,0,0,0,0,0,0,0,0,0,0,0,0,100,100,0,0,0,0,0,3,0,0,0,0,0,3,-1,0,0
36,tank4_t72_89,0,2,69,0,0,10,0,0,0,0,0,56,0,0,0,0,0,0,0,0,0,0,0,0,0,0,0,0,0,0,0,0,100,100,0,0,0,0,0,3,0,0,0,0,0,3,-1,0,0
37,tank4_t72_89,0,2,72,0,0,10,0,0,0,0,0,57,0,0,0,0,0,0,0,0,0,0,0,0,0,0,0,0,0,0,0,0,100,100,0,0,0,0,0,3,0,0,0,0,0,3,-1,0,0
38,tank4_t72_89,0,2,75,0,0,10,0,0,0,0,0,57,0,0,0,0,0,0,0,0,0,0,0,0,0,0,0,0,0,0,0,0,100,100,0,0,0,0,0,3,0,0,0,0,0,3,-1,0,0
39,tank4_t72_89,0,2,78,0,0,10,0,0,0,0,0,57,0,0,0,0,0,0,0,0,0,0,0,0,0,0,0,0,0,0,0,0,100,100,0,0,0,0,0,3,0,0,0,0,0,3,-1,0,0
40,tank4_t72_89,0,2,81,0,0,10,0,0,0,0,0,57,0,0,0,0,0,0,0,0,0,0,0,0,0,0,0,0,0,0,0,0,100,100,0,0,0,0,0,3,0,0,0,0,0,3,-1,1,0
41,tank4_t72_89,0,2,83,0,0,10,0,0,0,0,0,57,0,0,0,0,0,0,0,0,0,0,0,0,0,0,0,0,0,0,0,0,100,100,0,0,0,0,0,3,0,0,0,0,0,3,-1,1,0
42,tank4_t72_89,0,2,86,0,0,10,0,0,0,0,0,58,0,0,0,0,0,0,0,0,0,0,0,0,0,0,0,0,0,0,0,0,100,100,0,0,0,0,0,3,0,0,0,0,0,3,-1,1,0
43,tank4_t72_89,0,2,89,0,0,10,0,0,0,0,0,58,0,0,0,0,0,0,0,0,0,0,0,0,0,0,0,0,0,0,0,0,100,100,0,0,0,0,0,3,0,0,0,0,0,3,-1,1,0
44,tank4_t72_89,0,2,92,0,0,10,0,0,0,0,0,58,0,0,0,0,0,0,0,0,0,0,0,0,0,0,0,0,0,0,0,0,100,100,0,0,0,0,0,3,0,0,0,0,0,3,-1,1,0
45,tank4_t72_89,0,2,95,0,0,10,0,0,0,0,0,58,0,0,0,0,0,0,0,0,0,0,0,0,0,0,0,0,0,0,0,0,100,100,0,0,0,0,0,3,0,0,0,0,0,3,-1,1,0
46,tank4_t72_89,0,2,98,0,0,10,0,0,0,0,0,58,0,0,0,0,0,0,0,0,0,0,0,0,0,0,0,0,0,0,0,0,100,100,0,0,0,0,0,3,0,0,0,0,0,3,-1,1,0
47,tank4_t72_89,0,2,100,0,0,10,0,0,0,0,0,59,0,0,0,0,0,0,0,0,0,0,0,0,0,0,0,0,0,0,0,0,100,100,0,0,0,0,0,3,0,0,0,0,0,3,-1,1,0
48,tank4_t72_89,0,2,103,0,0,10,0,0,0,0,0,59,0,0,0,0,0,0,0,0,0,0,0,0,0,0,0,0,0,0,0,0,100,100,0,0,0,0,0,3,0,0,0,0,0,3,-1,1,0
49,tank4_t72_89,0,2,106,0,0,10,0,0,0,0,0,59,0,0,0,0,0,0,0,0,0,0,0,0,0,0,0,0,0,0,0,0,100,100,0,0,0,0,0,3,0,0,0,0,0,3,-1,1,0
50,tank4_t72_89,0,2,109,0,0,10,0,0,0,0,0,59,0,0,0,0,0,0,0,0,0,0,0,0,0,0,0,0,0,0,0,0,100,100,0,0,0,0,0,3,0,0,0,0,0,3,-1,1,0
51,tank4_t72_89,0,2,112,0,0,10,0,0,0,0,0,59,0,0,0,0,0,0,0,0,0,0,0,0,0,0,0,0,0,0,0,0,100,100,0,0,0,0,0,3,0,0,0,0,0,3,-1,1,0
52,tank4_t72_89,0,2,115,0,0,10,0,0,0,0,0,59,0,0,0,0,0,0,0,0,0,0,0,0,0,0,0,0,0,0,0,0,100,100,0,0,0,0,0,3,0,0,0,0,0,3,-1,1,0
53,tank4_t72_89,0,2,118,0,0,10,0,0,0,0,0,60,0,0,0,0,0,0,0,0,0,0,0,0,0,0,0,0,0,0,0,0,100,100,0,0,0,0,0,3,0,0,0,0,0,3,-1,1,0
54,tank4_t72_89,0,2,121,0,0,10,0,0,0,0,0,60,0,0,0,0,0,0,0,0,0,0,0,0,0,0,0,0,0,0,0,0,100,100,0,0,0,0,0,3,0,0,0,0,0,3,-1,1,0
55,tank4_t72_89,0,2,124,0,0,10,0,0,0,0,0,60,0,0,0,0,0,0,0,0,0,0,0,0,0,0,0,0,0,0,0,0,100,100,0,0,0,0,0,3,0,0,0,0,0,3,-1,1,0
56,tank4_t72_89,0,2,127,0,0,10,0,0,0,0,0,60,0,0,0,0,0,0,0,0,0,0,0,0,0,0,0,0,0,0,0,0,100,100,0,0,0,0,0,3,0,0,0,0,0,3,-1,1,0
57,tank4_t72_89,0,2,129,0,0,11,0,0,0,0,0,60,0,0,0,0,0,0,0,0,0,0,0,0,0,0,0,0,0,0,0,0,100,100,0,0,0,0,0,3,0,0,0,0,0,3,-1,1,0
58,tank4_t72_89,0,2,132,0,0,11,0,0,0,0,0,61,0,0,0,0,0,0,0,0,0,0,0,0,0,0,0,0,0,0,0,0,100,100,0,0,0,0,0,3,0,0,0,0,0,3,-1,1,0
59,tank4_t72_89,0,2,135,0,0,11,0,0,0,0,0,61,0,0,0,0,0,0,0,0,0,0,0,0,0,0,0,0,0,0,0,0,100,100,0,0,0,0,0,3,0,0,0,0,0,3,-1,1,0
60,tank4_t72_89,0,2,138,0,0,11,0,0,0,0,0,61,0,0,0,0,0,0,0,0,0,0,0,0,0,0,0,0,0,0,0,0,100,100,0,0,0,0,0,3,0,0,0,0,0,3,-1,1,0
61,tank4_t72_89,0,2,141,0,0,11,0,0,0,0,0,61,0,0,0,0,0,0,0,0,0,0,0,0,0,0,0,0,0,0,0,0,100,100,0,0,0,0,0,3,0,0,0,0,0,3,-1,1,0
62,tank4_t72_89,0,2,144,0,0,11,0,0,0,0,0,61,0,0,0,0,0,0,0,0,0,0,0,0,0,0,0,0,0,0,0,0,100,100,0,0,0,0,0,3,0,0,0,0,0,3,-1,1,0
63,tank4_t72_89,0,2,147,0,0,11,0,0,0,0,0,62,0,0,0,0,0,0,0,0,0,0,0,0,0,0,0,0,0,0,0,0,100,100,0,0,0,0,0,3,0,0,0,0,0,3,-1,1,0
64,tank4_t72_89,0,2,150,0,0,11,0,0,0,0,0,62,0,0,0,0,0,0,0,0,0,0,0,0,0,0,0,0,0,0,0,0,100,100,0,0,0,0,0,3,0,0,0,0,0,3,-1,1,0
65,tank4_t72_89,0,2,153,0,0,11,0,0,0,0,0,62,0,0,0,0,0,0,0,0,0,0,0,0,0,0,0,0,0,0,0,0,100,100,0,0,0,0,0,3,0,0,0,0,0,3,-1,1,0
66,tank4_t72_89,0,2,156,0,0,11,0,0,0,0,0,62,0,0,0,0,0,0,0,0,0,0,0,0,0,0,0,0,0,0,0,0,100,100,0,0,0,0,0,3,0,0,0,0,0,3,-1,1,0
67,tank4_t72_89,0,2,159,0,0,11,0,0,0,0,0,62,0,0,0,0,0,0,0,0,0,0,0,0,0,0,0,0,0,0,0,0,100,100,0,0,0,0,0,3,0,0,0,0,0,3,-1,1,0
68,tank4_t72_89,0,2,162,0,0,11,0,0,0,0,0,62,0,0,0,0,0,0,0,0,0,0,0,0,0,0,0,0,0,0,0,0,100,100,0,0,0,0,0,3,0,0,0,0,0,3,-1,1,0
69,tank4_t72_89,0,2,165,0,0,11,0,0,0,0,0,63,0,0,0,0,0,0,0,0,0,0,0,0,0,0,0,0,0,0,0,0,100,100,0,0,0,0,0,3,0,0,0,0,0,3,-1,1,0
70,tank4_t72_89,0,2,168,0,0,11,0,0,2,0,0,63,0,0,0,0,0,0,0,0,0,0,0,0,0,0,0,0,0,0,0,0,100,100,0,0,0,0,0,3,1,0,657,0,21,3,-1,1,1
71,tank4_t72_89,0,2,171,0,0,11,0,0,0,0,0,63,0,0,0,0,0,0,0,0,0,0,0,0,0,0,0,0,0,0,0,0,100,100,0,0,0,0,-2,3,0,0,657,0,21,3,-1,1,1
72,tank4_t72_89,0,2,174,0,0,11,0,0,0,0,0,63,0,0,0,0,0,0,0,0,0,0,0,0,0,0,0,0,0,0,0,0,100,100,0,0,0,0,-3,3,0,0,657,0,21,3,-1,1,1
73,tank4_t72_89,0,2,177,0,0,11,0,0,0,0,0,63,0,0,0,0,0,0,0,0,0,0,0,0,0,0,0,0,0,0,0,0,100,100,0,0,0,0,-3,3,0,0,657,0,21,3,-1,1,1
74,tank4_t72_89,0,2,180,0,0,11,0,0,0,0,0,64,0,0,0,0,0,0,0,0,0,0,0,0,0,0,0,0,0,0,0,0,100,100,0,0,0,0,-3,3,0,0,657,0,21,3,-1,1,1
75,tank4_t72_89,0,2,183,0,0,11,0,0,0,0,0,64,0,0,0,0,0,0,0,0,0,0,0,0,0,0,0,0,0,0,0,0,100,100,0,0,0,0,-3,3,0,0,657,0,21,3,-1,1,1
76,tank4_t72_89,0,2,186,0,0,11,0,0,0,0,0,64,0,0,0,0,0,0,0,0,0,0,0,0,0,0,0,0,0,0,0,0,100,100,0,0,0,0,-3,3,0,0,657,0,21,3,-1,1,1
77,tank4_t72_89,0,2,189,0,0,11,0,0,0,0,0,64,0,0,0,0,0,0,0,0,0,0,0,0,0,0,0,0,0,0,0,0,100,100,0,0,0,0,-3,3,0,0,657,0,21,3,-1,1,1
78,tank4_t72_89,0,2,192,0,0,11,0,0,0,0,0,64,0,0,0,0,0,0,0,0,0,0,0,0,0,0,0,0,0,0,0,0,100,100,0,0,0,0,-3,3,0,0,657,0,21,3,-1,1,1
79,tank4_t72_89,0,2,195,0,0,11,0,0,0,0,0,65,0,0,0,0,0,0,0,0,0,0,0,0,0,0,0,0,0,0,0,0,100,100,0,0,0,0,-3,3,0,0,657,0,21,3,-1,1,1
80,tank4_t72_89,0,2,198,0,0,11,0,0,0,0,0,65,0,0,0,0,0,0,0,0,0,0,0,0,0,0,0,0,0,0,0,0,100,100,0,0,0,0,-3,3,0,0,657,0,21,3,-1,1,1
81,tank4_t72_89,0,2,201,0,0,11,0,0,0,0,0,65,0,0,0,0,0,0,0,0,0,0,0,0,0,0,0,0,0,0,0,0,100,100,0,0,0,0,-3,3,0,0,657,0,21,3,-1,1,1
82,tank4_t72_89,0,2,204,0,0,11,0,0,0,0,0,65,0,0,0,0,0,0,0,0,0,0,0,0,0,0,0,0,0,0,0,0,100,100,0,0,0,0,-3,3,0,0,657,0,21,3,-1,1,1
83,tank4_t72_89,0,2,207,0,0,11,0,0,0,0,0,65,0,0,0,0,0,0,0,0,0,0,0,0,0,0,0,0,0,0,0,0,100,100,0,0,0,0,-3,3,0,0,657,0,21,3,-1,1,1
84,tank4_t72_89,0,2,210,0,0,11,0,0,0,0,0,65,0,0,0,0,0,0,0,0,0,0,0,0,0,0,0,0,0,0,0,0,100,100,0,0,0,0,-3,3,0,0,657,0,21,3,-1,1,1
85,tank4_t72_89,0,2,213,0,0,11,0,0,0,0,0,66,0,0,0,0,0,0,0,0,0,0,0,0,0,0,0,0,0,0,0,0,100,100,0,0,0,0,-3,3,0,0,657,0,21,3,-1,1,1
86,tank4_t72_89,0,2,216,0,0,11,0,0,0,0,0,66,0,0,0,0,0,0,0,0,0,0,0,0,0,0,0,0,0,0,0,0,100,100,0,0,0,0,-3,3,0,0,657,0,21,3,-1,1,1
87,tank4_t72_89,0,2,219,0,0,11,0,0,0,0,0,66,0,0,0,0,0,0,0,0,0,0,0,0,0,0,0,0,0,0,0,0,100,100,0,0,0,0,-3,3,0,0,657,0,21,3,-1,1,1
88,tank4_t72_89,0,2,222,0,0,11,0,0,0,0,0,66,0,0,0,0,0,0,0,0,0,0,0,0,0,0,0,0,0,0,0,0,100,100,0,0,0,0,-3,3,0,0,657,0,21,3,-1,1,1
89,tank4_t72_89,0,2,225,0,0,11,0,0,0,0,0,66,0,0,0,0,0,0,0,0,0,0,0,0,0,0,0,0,0,0,0,0,100,100,0,0,0,0,-3,3,0,0,657,0,21,3,-1,1,1
90,tank4_t72_89,0,2,228,0,0,11,0,0,0,0,0,67,0,0,0,0,0,0,0,0,0,0,0,0,0,0,0,0,0,0,0,0,100,100,0,0,0,0,-3,3,0,0,657,0,21,3,-1,1,1
91,tank4_t72_89,0,2,231,0,0,11,0,0,0,0,0,67,0,0,0,0,0,0,0,0,0,0,0,0,0,0,0,0,0,0,0,0,100,100,0,0,0,0,-3,3,0,0,657,0,21,3,-1,1,1
92,tank4_t72_89,0,2,234,0,0,11,0,0,0,0,0,67,0,0,0,0,0,0,0,0,0,0,0,0,0,0,0,0,0,0,0,0,100,100,0,0,0,0,-3,3,0,0,657,0,21,3,-1,1,1
93,tank4_t72_89,0,2,237,0,0,11,0,0,0,0,0,67,0,0,0,0,0,0,0,0,0,0,0,0,0,0,0,0,0,0,0,0,100,100,0,0,0,0,-3,3,0,0,657,0,21,3,-1,1,1
94,tank4_t72_89,0,2,240,0,0,11,0,0,0,0,0,67,0,0,0,0,0,0,0,0,0,0,0,0,0,0,0,0,0,0,0,0,100,100,0,0,0,0,-3,3,0,0,657,0,21,3,-1,1,1
95,tank4_t72_89,0,2,243,0,0,11,0,0,0,0,0,68,0,0,0,0,0,0,0,0,0,0,0,0,0,0,0,0,0,0,0,0,100,100,0,0,0,0,-3,3,0,0,657,0,21,3,-1,1,1
96,tank4_t72_89,0,2,246,0,0,11,0,0,0,0,0,68,0,0,0,0,0,0,0,0,0,0,0,0,0,0,0,0,0,0,0,0,100,100,0,0,0,0,-3,3,0,0,657,0,21,3,-1,1,1
97,tank4_t72_89,0,2,249,0,0,11,0,0,0,0,0,68,0,0,0,0,0,0,0,0,0,0,0,0,0,0,0,0,0,0,0,0,100,100,0,0,0,0,-3,3,0,0,657,0,21,3,-1,1,1
98,tank4_t72_89,0,2,252,0,0,11,0,0,0,0,0,68,0,0,0,0,0,0,0,0,0,0,0,0,0,0,0,0,0,0,0,0,100,100,0,0,0,0,-3,3,0,0,657,0,21,3,-1,1,1
99,tank4_t72_89,0,2,255,0,0,11,0,0,0,0,0,68,0,0,0,0,0,0,0,0,0,0,0,0,0,0,0,0,0,0,0,0,100,100,0,0,0,0,-3,3,0,0,657,0,21,3,-1,1,1
100,tank4_t72_89,0,2,258,0,0,11,0,0,0,0,0,68,0,0,0,0,0,0,0,0,0,0,0,0,0,0,0,0,0,0,0,0,100,100,0,0,0,0,-3,3,0,0,657,0,21,3,-1,1,1
101,tank4_t72_89,0,2,261,0,0,11,0,0,0,0,0,69,0,0,0,0,0,0,0,0,0,0,0,0,0,0,0,0,0,0,0,0,100,100,0,0,0,0,-3,3,0,0,657,0,21,3,-1,1,1
102,tank4_t72_89,0,2,264,0,0,11,0,0,0,0,0,69,0,0,0,0,0,0,0,0,0,0,0,0,0,0,0,0,0,0,0,0,100,100,0,0,0,0,-3,3,0,0,657,0,21,3,-1,1,1
103,tank4_t72_89,0,2,267,0,0,11,0,0,0,0,0,69,0,0,0,0,0,0,0,0,0,0,0,0,0,0,0,0,0,0,0,0,100,100,0,0,0,0,-3,3,0,0,657,0,21,3,-1,1,1
104,tank4_t72_89,0,2,270,0,0,11,0,0,0,0,0,69,0,0,0,0,0,0,0,0,0,0,0,0,0,0,0,0,0,0,0,0,100,100,0,0,0,0,-3,3,0,0,657,0,21,3,-1,1,1
105,tank4_t72_89,0,2,273,0,0,11,0,0,0,0,0,69,0,0,0,0,0,0,0,0,0,0,0,0,0,0,0,0,0,0,0,0,100,100,0,0,0,0,-3,3,0,0,657,0,21,3,-1,1,1
106,tank4_t72_89,0,2,276,0,0,11,0,0,0,0,0,70,0,0,0,0,0,0,0,0,0,0,0,0,0,0,0,0,0,0,0,0,100,100,0,0,0,0,-3,3,0,0,657,0,21,3,-1,1,1
107,tank4_t72_89,0,2,279,0,0,11,0,0,0,0,0,70,0,0,0,0,0,0,0,0,0,0,0,0,0,0,0,0,0,0,0,0,100,100,0,0,0,0,-3,3,0,0,657,0,21,3,-1,1,1
108,tank4_t72_89,0,2,282,0,0,11,0,0,0,0,0,70,0,0,0,0,0,0,0,0,0,0,0,0,0,0,0,0,0,0,0,0,100,100,0,0,0,0,-3,3,0,0,657,0,21,3,-1,1,1
109,tank4_t72_89,0,2,285,0,0,11,0,0,0,0,0,70,0,0,0,0,0,0,0,0,0,0,0,0,0,0,0,0,0,0,0,0,100,100,0,0,0,0,-3,3,0,0,657,0,21,3,-1,1,1
110,tank4_t72_89,0,2,288,0,0,11,0,0,0,0,0,70,0,0,0,0,0,0,0,0,0,0,0,0,0,0,0,0,0,0,0,0,100,100,0,0,0,0,-3,3,0,0,657,0,21,3,-1,1,1
111,tank4_t72_89,0,2,291,0,0,11,0,0,0,0,0,71,0,0,0,0,0,0,0,0,0,0,0,0,0,0,0,0,0,0,0,0,100,100,0,0,0,0,-3,3,0,0,657,0,21,3,-1,1,1
112,tank4_t72_89,0,2,294,0,0,11,0,0,0,0,0,71,0,0,0,0,0,0,0,0,0,0,0,0,0,0,0,0,0,0,0,0,100,100,0,0,0,0,-3,3,0,0,657,0,21,3,-1,1,1
113,tank4_t72_89,0,2,297,0,0,11,0,0,0,0,0,71,0,0,0,0,0,0,0,0,0,0,0,0,0,0,0,0,0,0,0,0,100,100,0,0,0,0,-3,3,0,0,657,0,21,3,-1,1,1
114,tank4_t72_89,0,2,300,0,0,11,0,0,0,0,0,71,0,0,0,0,0,0,0,0,0,0,0,0,0,0,0,0,0,0,0,0,100,100,0,0,0,0,-3,3,0,0,657,0,21,3,-1,1,1
115,tank4_t72_89,0,2,303,0,0,11,0,0,0,0,0,71,0,0,0,0,0,0,0,0,0,0,0,0,0,0,0,0,0,0,0,0,100,100,0,0,0,0,-3,3,0,0,657,0,21,3,-1,1,1
116,tank4_t72_89,0,2,306,0,0,11,0,0,0,0,0,71,0,0,0,0,0,0,0,0,0,0,0,0,0,0,0,0,0,0,0,0,100,100,0,0,0,0,-3,3,0,0,657,0,21,3,-1,1,1
117,tank4_t72_89,0,2,309,0,0,11,0,0,0,0,0,72,0,0,0,0,0,0,0,0,0,0,0,0,0,0,0,0,0,0,0,0,100,100,0,0,0,0,-3,3,0,0,657,0,21,3,-1,1,1
118,tank4_t72_89,0,2,312,0,0,11,0,0,0,0,0,72,0,0,0,0,0,0,0,0,0,0,0,0,0,0,0,0,0,0,0,0,100,100,0,0,0,0,-3,3,0,0,657,0,21,3,-1,1,1
119,tank4_t72_89,0,2,315,0,0,11,0,0,0,0,0,72,0,0,0,0,0,0,0,0,0,0,0,0,0,0,0,0,0,0,0,0,100,100,0,0,0,0,-3,3,0,0,657,0,21,3,-1,1,1
120,tank4_t72_89,0,2,318,0,0,11,0,0,0,0,0,72,0,0,0,0,0,0,0,0,0,0,0,0,0,0,0,0,0,0,0,0,100,100,0,0,0,0,-3,3,0,0,657,0,21,3,-1,1,1
121,tank4_t72_89,0,2,321,0,0,11,0,0,0,0,0,72,0,0,0,0,0,0,0,0,0,0,0,0,0,0,0,0,0,0,0,0,100,100,0,0,0,0,-3,3,0,0,657,0,21,3,-1,1,1
122,tank4_t72_89,0,2,324,0,0,11,0,0,0,0,0,73,0,0,0,0,0,0,0,0,0,0,0,0,0,0,0,0,0,0,0,0,100,100,0,0,0,0,-3,3,0,0,657,0,21,3,-1,1,1
123,tank4_t72_89,0,2,327,0,0,11,0,0,0,0,0,73,0,0,0,0,0,0,0,0,0,0,0,0,0,0,0,0,0,0,0,0,100,100,0,0,0,0,-3,3,0,0,657,0,21,3,-1,1,1
124,tank4_t72_89,0,2,330,0,0,11,0,0,0,0,0,73,0,0,0,0,0,0,0,0,0,0,0,0,0,0,0,0,0,0,0,0,100,100,0,0,0,0,-3,3,0,0,657,0,21,3,-1,1,1
125,tank4_t72_89,0,2,333,0,0,11,0,0,0,0,0,73,0,0,0,0,0,0,0,0,0,0,0,0,0,0,0,0,0,0,0,0,100,100,0,0,0,0,-3,3,0,0,657,0,21,3,-1,1,1
126,tank4_t72_89,0,2,336,0,0,11,0,0,0,0,0,73,0,0,0,0,0,0,0,0,0,0,0,0,0,0,0,0,0,0,0,0,100,100,0,0,0,0,-3,3,0,0,657,0,21,3,-1,1,1
127,tank4_t72_89,0,2,339,0,0,11,0,0,0,0,0,74,0,0,0,0,0,0,0,0,0,0,0,0,0,0,0,0,0,0,0,0,100,100,0,0,0,0,-3,3,0,0,657,0,21,3,-1,1,1
128,tank4_t72_89,0,2,342,0,0,11,0,0,0,0,0,74,0,0,0,0,0,0,0,0,0,0,0,0,0,0,0,0,0,0,0,0,100,100,0,0,0,0,-3,3,0,0,657,0,21,3,-1,1,1
129,tank4_t72_89,0,2,345,0,0,11,0,0,0,0,0,74,0,0,0,0,0,0,0,0,0,0,0,0,0,0,0,0,0,0,0,0,100,100,0,0,0,0,-3,3,0,0,657,0,21,3,-1,1,1
130,tank4_t72_89,0,2,348,0,0,11,0,0,0,0,0,74,0,0,0,0,0,0,0,0,0,0,0,0,0,0,0,0,0,0,0,0,100,100,0,0,0,0,-3,3,0,0,657,0,21,3,-1,1,1
131,tank4_t72_89,0,2,351,0,0,11,0,0,0,0,0,74,0,0,0,0,0,0,0,0,0,0,0,0,0,0,0,0,0,0,0,0,100,100,0,0,0,0,-3,3,0,0,657,0,21,3,-1,1,1
132,tank4_t72_89,0,2,354,0,0,11,0,0,0,0,0,74,0,0,0,0,0,0,0,0,0,0,0,0,0,0,0,0,0,0,0,0,100,100,0,0,0,0,-3,3,0,0,657,0,21,3,-1,1,1
133,tank4_t72_89,0,2,357,0,0,11,0,0,0,0,0,75,0,0,0,0,0,0,0,0,0,0,0,0,0,0,0,0,0,0,0,0,100,100,0,0,0,0,-3,3,0,0,657,0,21,3,-1,1,1
134,tank4_t72_89,0,2,360,0,0,11,0,0,0,0,0,75,0,0,0,0,0,0,0,0,0,0,0,0,0,0,0,0,0,0,0,0,100,100,0,0,0,0,-3,3,0,0,657,0,21,3,-1,1,1
135,tank4_t72_89,0,2,363,0,0,11,0,0,0,0,0,75,0,0,0,0,0,0,0,0,0,0,0,0,0,0,0,0,0,0,0,0,100,100,0,0,0,0,-3,3,0,0,657,0,21,3,-1,1,1
136,tank4_t72_89,0,2,366,0,0,11,0,0,0,0,0,75,0,0,0,0,0,0,0,0,0,0,0,0,0,0,0,0,0,0,0,0,100,100,0,0,0,0,-3,3,0,0,657,0,21,3,-1,1,1
137,tank4_t72_89,0,2,369,0,0,11,0,0,0,0,0,75,0,0,0,0,0,0,0,0,0,0,0,0,0,0,0,0,0,0,0,0,100,100,0,0,0,0,-3,3,0,0,657,0,21,3,-1,1,1
138,tank4_t72_89,0,2,372,0,0,11,0,0,0,0,0,76,0,0,0,0,0,0,0,0,0,0,0,0,0,0,0,0,0,0,0,0,100,100,0,0,0,0,-3,3,0,0,657,0,21,3,-1,1,1
139,tank4_t72_89,0,2,375,0,0,11,0,0,0,0,0,76,0,0,0,0,0,0,0,0,0,0,0,0,0,0,0,0,0,0,0,0,100,100,0,0,0,0,-3,3,0,0,657,0,21,3,-1,1,1
140,tank4_t72_89,0,2,378,0,0,11,0,0,0,0,0,76,0,0,0,0,0,0,0,0,0,0,0,0,0,0,0,0,0,0,0,0,100,100,0,0,0,0,-3,3,0,0,657,0,21,3,-1,1,1
141,tank4_t72_89,0,2,381,0,0,11,0,0,0,0,0,76,0,0,0,0,0,0,0,0,0,0,0,0,0,0,0,0,0,0,0,0,100,100,0,0,0,0,-3,3,0,0,657,0,21,3,-1,1,1
142,tank4_t72_89,0,2,384,0,0,11,0,0,0,0,0,76,0,0,0,0,0,0,0,0,0,0,0,0,0,0,0,0,0,0,0,0,100,100,0,0,0,0,-3,3,0,0,657,0,21,3,-1,1,1
143,tank4_t72_89,0,2,387,0,0,11,0,0,0,0,0,77,0,0,0,0,0,0,0,0,0,0,0,0,0,0,0,0,0,0,0,0,100,100,0,0,0,0,-3,3,0,0,657,0,21,3,-1,1,1
144,tank4_t72_89,0,2,390,0,0,11,0,0,0,0,0,77,0,0,0,0,0,0,0,0,0,0,0,0,0,0,0,0,0,0,0,0,100,100,0,0,0,0,-3,3,0,0,657,0,21,3,-1,1,1
145,tank4_t72_89,0,2,393,0,0,11,0,0,0,0,0,77,0,0,0,0,0,0,0,0,0,0,0,0,0,0,0,0,0,0,0,0,100,100,0,0,0,0,-3,3,0,0,657,0,21,3,-1,1,1
146,tank4_t72_89,0,2,396,0,0,11,0,0,0,0,0,77,0,0,0,0,0,0,0,0,0,0,0,0,0,0,0,0,0,0,0,0,100,100,0,0,0,0,-3,3,0,0,657,0,21,3,-1,1,1
147,tank4_t72_89,0,2,399,0,0,11,0,0,0,0,0,77,0,0,0,0,0,0,0,0,0,0,0,0,0,0,0,0,0,0,0,0,100,100,0,0,0,0,-3,3,0,0,657,0,21,3,-1,1,1
148,tank4_t72_89,0,2,402,0,0,11,0,0,0,0,0,77,0,0,0,0,0,0,0,0,0,0,0,0,0,0,0,0,0,0,0,0,100,100,0,0,0,0,-3,3,0,0,657,0,21,3,-1,1,1
149,tank4_t72_89,0,2,405,0,0,11,0,0,0,0,0,78,0,0,0,0,0,0,0,0,0,0,0,0,0,0,0,0,0,0,0,0,100,100,0,0,0,0,-3,3,0,0,657,0,21,3,-1,1,1
150,tank4_t72_89,0,2,408,0,0,11,0,0,0,0,0,78,0,0,0,0,0,0,0,0,0,0,0,0,0,0,0,0,0,0,0,0,100,100,0,0,0,0,-3,3,0,0,657,0,21,3,-1,1,1
151,tank4_t72_89,0,2,411,0,0,11,0,0,0,0,0,78,0,0,0,0,0,0,0,0,0,0,0,0,0,0,0,0,0,0,0,0,100,100,0,0,0,0,-3,3,0,0,657,0,21,3,-1,1,1
152,tank4_t72_89,0,2,414,0,0,11,0,0,0,0,0,78,0,0,0,0,0,0,0,0,0,0,0,0,0,0,0,0,0,0,0,0,100,100,0,0,0,0,-3,3,0,0,657,0,21,3,-1,1,1
153,tank4_t72_89,0,2,417,0,0,11,0,0,0,0,0,78,0,0,0,0,0,0,0,0,0,0,0,0,0,0,0,0,0,0,0,0,100,100,0,0,0,0,-3,3,0,0,657,0,21,3,-1,1,1
154,tank4_t72_89,0,2,420,0,0,11,0,0,0,0,0,79,0,0,0,0,0,0,0,0,0,0,0,0,0,0,0,0,0,0,0,0,100,100,0,0,0,0,-3,3,0,0,657,0,21,3,-1,1,1
155,tank4_t72_89,0,2,423,0,0,11,0,0,0,0,0,79,0,0,0,0,0,0,0,0,0,0,0,0,0,0,0,0,0,0,0,0,100,100,0,0,0,0,-3,3,0,0,657,0,21,3,-1,1,1
156,tank4_t72_89,0,2,426,0,0,11,0,0,0,0,0,79,0,0,0,0,0,0,0,0,0,0,0,0,0,0,0,0,0,0,0,0,100,100,0,0,0,0,-3,3,0,0,657,0,21,3,-1,1,1
157,tank4_t72_89,0,2,429,0,0,11,0,0,0,0,0,79,0,0,0,0,0,0,0,0,0,0,0,0,0,0,0,0,0,0,0,0,100,100,0,0,0,0,-3,3,0,0,657,0,21,3,-1,1,1
158,tank4_t72_89,0,2,432,0,0,11,0,0,0,0,0,79,0,0,0,0,0,0,0,0,0,0,0,0,0,0,0,0,0,0,0,0,100,100,0,0,0,0,-3,3,0,0,657,0,21,3,-1,1,1
159,tank4_t72_89,0,2,435,0,0,11,0,0,0,0,0,80,0,0,0,0,0,0,0,0,0,0,0,0,0,0,0,0,0,0,0,0,100,100,0,0,0,0,-3,3,0,0,657,0,21,3,-1,1,1
160,tank4_t72_89,0,2,438,0,0,11,0,0,0,0,0,80,0,0,0,0,0,0,0,0,0,0,0,0,0,0,0,0,0,0,0,0,100,100,0,0,0,0,-3,3,0,0,657,0,21,3,-1,1,1
161,tank4_t72_89,0,2,441,0,0,11,0,0,0,0,0,80,0,0,0,0,0,0,0,0,0,0,0,0,0,0,0,0,0,0,0,0,100,100,0,0,0,0,-3,3,0,0,657,0,21,3,-1,1,1
162,tank4_t72_89,0,2,444,0,0,11,0,0,0,0,0,80,0,0,0,0,0,0,0,0,0,0,0,0,0,0,0,0,0,0,0,0,100,100,0,0,0,0,-3,3,0,0,657,0,21,3,-1,1,1
163,tank4_t72_89,0,2,447,0,0,11,0,0,0,0,0,80,0,0,0,0,0,0,0,0,0,0,0,0,0,0,0,0,0,0,0,0,100,100,0,0,0,0,-3,3,0,0,657,0,21,3,-1,1,1
164,tank4_t72_89,0,2,450,0,0,11,0,0,0,0,0,80,0,0,0,0,0,0,0,0,0,0,0,0,0,0,0,0,0,0,0,0,100,100,0,0,0,0,-3,3,0,0,657,0,21,3,-1,1,1
165,tank4_t72_89,0,2,453,0,0,11,0,0,0,0,0,81,0,0,0,0,0,0,0,0,0,0,0,0,0,0,0,0,0,0,0,0,100,100,0,0,0,0,-3,3,0,0,657,0,21,3,-1,1,1
166,tank4_t72_89,0,2,456,0,0,11,0,0,0,0,0,81,0,0,0,0,0,0,0,0,0,0,0,0,0,0,0,0,0,0,0,0,100,100,0,0,0,0,-3,3,0,0,657,0,21,3,-1,1,1
167,tank4_t72_89,0,2,459,0,0,11,0,0,0,0,0,81,0,0,0,0,0,0,0,0,0,0,0,0,0,0,0,0,0,0,0,0,100,100,0,0,0,0,-3,3,0,0,657,0,21,3,-1,1,1
168,tank4_t72_89,0,2,462,0,0,11,0,0,0,0,0,81,0,0,0,0,0,0,0,0,0,0,0,0,0,0,0,0,0,0,0,0,100,100,0,0,0,0,-3,3,0,0,657,0,21,3,-1,1,1
169,tank4_t72_89,0,2,465,0,0,11,0,0,0,0,0,81,0,0,0,0,0,0,0,0,0,0,0,0,0,0,0,0,0,0,0,0,100,100,0,0,0,0,-3,3,0,0,657,0,21,3,-1,1,1
170,tank4_t72_89,0,2,468,0,0,11,0,0,0,0,0,82,0,0,0,0,0,0,0,0,0,0,0,0,0,0,0,0,0,0,0,0,100,100,0,0,0,0,-3,3,0,0,657,0,21,3,-1,1,1
171,tank4_t72_89,0,2,471,0,0,11,0,0,0,0,0,82,0,0,0,0,0,0,0,0,0,0,0,0,0,0,0,0,0,0,0,0,100,100,0,0,0,0,-3,3,0,0,657,0,21,3,-1,1,1
172,tank4_t72_89,0,2,474,0,0,11,0,0,0,0,0,82,0,0,0,0,0,0,0,0,0,0,0,0,0,0,0,0,0,0,0,0,100,100,0,0,0,0,-3,3,0,0,657,0,21,3,-1,1,1
173,tank4_t72_89,0,2,477,0,0,11,0,0,0,0,0,82,0,0,0,0,0,0,0,0,0,0,0,0,0,0,0,0,0,0,0,0,100,100,0,0,0,0,-3,3,0,0,657,0,21,3,-1,1,1
174,tank4_t72_89,0,2,480,0,0,11,0,0,0,0,0,82,0,0,0,0,0,0,0,0,0,0,0,0,0,0,0,0,0,0,0,0,100,100,0,0,0,0,-3,3,0,0,657,0,21,3,-1,1,1
175,tank4_t72_89,0,2,483,0,0,11,0,0,0,0,0,83,0,0,0,0,0,0,0,0,0,0,0,0,0,0,0,0,0,0,0,0,100,100,0,0,0,0,-3,3,0,0,657,0,21,3,-1,1,1
176,tank4_t72_89,0,2,486,0,0,11,0,0,0,0,0,83,0,0,0,0,0,0,0,0,0,0,0,0,0,0,0,0,0,0,0,0,100,100,0,0,0,0,-3,3,0,0,657,0,21,3,-1,1,1
177,tank4_t72_89,0,2,489,0,0,11,0,0,0,0,0,83,0,0,0,0,0,0,0,0,0,0,0,0,0,0,0,0,0,0,0,0,100,100,0,0,0,0,-3,3,0,0,657,0,21,3,-1,1,1
178,tank4_t72_89,0,2,492,0,0,11,0,0,0,0,0,83,0,0,0,0,0,0,0,0,0,0,0,0,0,0,0,0,0,0,0,0,100,100,0,0,0,0,-3,3,0,0,657,0,21,3,-1,1,1
179,tank4_t72_89,0,2,495,0,0,11,0,0,0,0,0,83,0,0,0,0,0,0,0,0,0,0,0,0,0,0,0,0,0,0,0,0,100,100,0,0,0,0,-3,3,0,0,657,0,21,3,-1,1,1
180,tank4_t72_89,0,2,498,0,0,11,0,0,0,0,0,83,0,0,0,0,0,0,0,0,0,0,0,0,0,0,0,0,0,0,0,0,100,100,0,0,0,0,-3,3,0,0,657,0,21,3,-1,1,1
181,tank4_t72_89,0,2,501,0,0,11,0,0,0,0,0,84,0,0,0,0,0,0,0,0,0,0,0,0,0,0,0,0,0,0,0,0,100,100,0,0,0,0,-3,3,0,0,657,0,21,3,-1,1,1
182,tank4_t72_89,0,2,504,0,0,11,0,0,0,0,0,84,0,0,0,0,0,0,0,0,0,0,0,0,0,0,0,0,0,0,0,0,100,100,0,0,0,0,-3,3,0,0,657,0,21,3,-1,1,1
183,tank4_t72_89,0,2,507,0,0,11,0,0,0,0,0,84,0,0,0,0,0,0,0,0,0,0,0,0,0,0,0,0,0,0,0,0,100,100,0,0,0,0,-3,3,0,0,657,0,21,3,-1,1,1
184,tank4_t72_89,0,2,510,0,0,11,0,0,0,0,0,84,0,0,0,0,0,0,0,0,0,0,0,0,0,0,0,0,0,0,0,0,100,100,0,0,0,0,-3,3,0,0,657,0,21,3,-1,1,1
185,tank4_t72_89,0,2,513,0,0,11,0,0,0,0,0,84,0,0,0,0,0,0,0,0,0,0,0,0,0,0,0,0,0,0,0,0,100,100,0,0,0,0,-3,3,0,0,657,0,21,3,-1,1,1
186,tank4_t72_89,0,2,516,0,0,11,0,0,0,0,0,85,0,0,0,0,0,0,0,0,0,0,0,0,0,0,0,0,0,0,0,0,100,100,0,0,0,0,-3,3,0,0,657,0,21,3,-1,1,1
187,tank4_t72_89,0,2,519,0,0,11,0,0,0,0,0,85,0,0,0,0,0,0,0,0,0,0,0,0,0,0,0,0,0,0,0,0,100,100,0,0,0,0,-3,3,0,0,657,0,21,3,-1,1,1
188,tank4_t72_89,0,2,522,0,0,11,0,0,0,0,0,85,0,0,0,0,0,0,0,0,0,0,0,0,0,0,0,0,0,0,0,0,100,100,0,0,0,0,-3,3,0,0,657,0,21,3,-1,1,1
189,tank4_t72_89,0,2,525,0,0,11,0,0,0,0,0,85,0,0,0,0,0,0,0,0,0,0,0,0,0,0,0,0,0,0,0,0,100,100,0,0,0,0,-3,3,0,0,657,0,21,3,-1,1,1
190,tank4_t72_89,0,2,528,0,0,11,0,0,0,0,0,85,0,0,0,0,0,0,0,0,0,0,0,0,0,0,0,0,0,0,0,0,100,100,0,0,0,0,-3,3,0,0,657,0,21,3,-1,2,1
191,tank4_t72_89,0,2,531,0,0,11,0,0,0,0,0,86,0,0,0,0,0,0,0,0,0,0,0,0,0,0,0,0,0,0,0,0,100,100,0,0,0,0,-3,3,0,0,657,0,21,3,-1,2,1
192,tank4_t72_89,0,2,534,0,0,11,0,0,0,0,0,86,0,0,0,0,0,0,0,0,0,0,0,0,0,0,0,0,0,0,0,0,100,100,0,0,0,0,-3,3,0,0,657,0,21,3,-1,2,1
193,tank4_t72_89,0,2,537,0,0,11,0,0,0,0,0,86,0,0,0,0,0,0,0,0,0,0,0,0,0,0,0,0,0,0,0,0,100,100,0,0,0,0,-3,3,0,0,657,0,21,3,-1,2,1
194,tank4_t72_89,0,2,540,0,0,11,0,0,0,0,0,86,0,0,0,0,0,0,0,0,0,0,0,0,0,0,0,0,0,0,0,0,100,100,0,0,0,0,-3,3,0,0,657,0,21,3,-1,2,1
195,tank4_t72_89,0,2,543,0,0,11,0,0,0,0,0,86,0,0,0,0,0,0,0,0,0,0,0,0,0,0,0,0,0,0,0,0,100,100,0,0,0,0,-3,3,0,0,657,0,21,3,-1,2,1
196,tank4_t72_89,0,2,546,0,0,11,0,0,0,0,0,86,0,0,0,0,0,0,0,0,0,0,0,0,0,0,0,0,0,0,0,0,100,100,0,0,0,0,-3,3,0,0,657,0,21,3,-1,2,1
197,tank4_t72_89,0,2,549,0,0,11,0,0,0,0,0,87,0,0,0,0,0,0,0,0,0,0,0,0,0,0,0,0,0,0,0,0,100,100,0,0,0,0,-3,3,0,0,657,0,21,3,-1,2,1
198,tank4_t72_89,0,2,552,0,0,11,0,0,0,0,0,87,0,0,0,0,0,0,0,0,0,0,0,0,0,0,0,0,0,0,0,0,100,100,0,0,0,0,-3,3,0,0,657,0,21,3,-1,2,1
199,tank4_t72_89,0,2,555,0,0,11,0,0,0,0,0,87,0,0,0,0,0,0,0,0,0,0,0,0,0,0,0,0,0,0,0,0,100,100,0,0,0,0,-3,3,0,0,657,0,21,3,-1,2,1
200,tank4_t72_89,0,2,558,0,0,11,0,0,0,0,0,87,0,0,0,0,0,0,0,0,0,0,0,0,0,0,0,0,0,0,0,0,100,100,0,0,0,0,-3,4,0,0,657,0,21,3,-1,2,1
201,tank4_t72_89,0,2,561,0,0,11,0,0,0,0,0,87,0,0,0,0,0,0,0,0,0,0,0,0,0,0,0,0,0,0,0,0,100,100,0,0,0,0,-3,4,0,0,657,0,21,3,-1,2,1
202,tank4_t72_89,0,2,564,0,0,11,0,0,0,0,0,88,0,0,0,0,0,0,0,0,0,0,0,0,0,0,0,0,0,0,0,0,100,100,0,0,0,0,-3,4,0,0,657,0,21,3,-1,2,1
203,tank4_t72_89,0,2,567,0,0,11,0,0,0,0,0,88,0,0,0,0,0,0,0,0,0,0,0,0,0,0,0,0,0,0,0,0,100,100,0,0,0,0,-3,4,0,0,657,0,21,3,-1,2,1
204,tank4_t72_89,0,2,570,0,0,11,0,0,0,0,0,88,0,0,0,0,0,0,0,0,0,0,0,0,0,0,0,0,0,0,0,0,100,100,0,0,0,0,-3,4,0,0,657,0,21,3,-1,2,1
205,tank4_t72_89,0,2,573,0,0,11,0,0,0,0,0,88,0,0,0,0,0,0,0,0,0,0,0,0,0,0,0,0,0,0,0,0,100,100,0,0,0,0,-3,4,0,0,657,0,21,3,-1,2,1
206,tank4_t72_89,0,2,576,0,0,11,0,0,0,0,0,88,0,0,0,0,0,0,0,0,0,0,0,0,0,0,0,0,0,0,0,0,100,100,0,0,0,0,-3,4,0,0,657,0,21,3,-1,2,1
207,tank4_t72_89,0,2,579,0,0,11,0,0,0,0,0,89,0,0,0,0,0,0,0,0,0,0,0,0,0,0,0,0,0,0,0,0,100,100,0,0,0,0,-3,4,0,0,657,0,21,3,-1,2,1
208,tank4_t72_89,0,2,582,0,0,11,0,0,0,0,0,89,0,0,0,0,0,0,0,0,0,0,0,0,0,0,0,0,0,0,0,0,100,100,0,0,0,0,-3,4,0,0,657,0,21,3,-1,2,1
209,tank4_t72_89,0,2,585,0,0,11,0,0,0,0,0,89,0,0,0,0,0,0,0,0,0,0,0,0,0,0,0,0,0,0,0,0,100,100,0,0,0,0,-3,4,0,0,657,0,21,3,-1,2,1
210,tank4_t72_89,0,2,588,0,0,11,0,0,0,0,0,89,0,0,0,0,0,0,0,0,0,0,0,0,0,0,0,0,0,0,0,0,100,100,0,0,0,0,-3,4,0,0,657,0,21,3,-1,2,1
211,tank4_t72_89,0,2,591,0,0,11,0,0,0,0,0,89,0,0,0,0,0,0,0,0,0,0,0,0,0,0,0,0,0,0,0,0,100,100,0,0,0,0,-3,4,0,0,657,0,21,3,-1,2,1
212,tank4_t72_89,0,2,594,0,0,11,0,0,0,0,0,89,0,0,0,0,0,0,0,0,0,0,0,0,0,0,0,0,0,0,0,0,100,100,0,0,0,0,-3,4,0,0,657,0,21,3,-1,2,1
213,tank4_t72_89,0,2,597,0,0,11,0,0,0,0,0,90,0,0,0,0,0,0,0,0,0,0,0,0,0,0,0,0,0,0,0,0,100,100,0,0,0,0,-3,4,0,0,657,0,21,3,-1,2,1
214,tank4_t72_89,0,2,600,0,0,11,0,0,0,0,0,90,0,0,0,0,0,0,0,0,0,0,0,0,0,0,0,0,0,0,0,0,100,100,0,0,0,0,-3,4,0,0,657,0,21,3,-1,2,1
215,tank4_t72_89,0,2,603,0,0,11,0,0,0,0,0,90,0,0,0,0,0,0,0,0,0,0,0,0,0,0,0,0,0,0,0,0,100,100,0,0,0,0,-3,4,0,0,657,0,21,3,-1,2,1
216,tank4_t72_89,0,2,606,0,0,11,0,0,0,0,0,90,0,0,0,0,0,0,0,0,0,0,0,0,0,0,0,0,0,0,0,0,100,100,0,0,0,0,-3,4,0,0,657,0,21,3,-1,2,1
217,tank4_t72_89,0,2,609,0,0,11,0,0,0,0,0,90,0,0,0,0,0,0,0,0,0,0,0,0,0,0,0,0,0,0,0,0,100,100,0,0,0,0,-3,4,0,0,657,0,21,3,-1,2,1
218,tank4_t72_89,0,2,612,0,0,11,0,0,0,0,0,91,0,0,0,0,0,0,0,0,0,0,0,0,0,0,0,0,0,0,0,0,100,100,0,0,0,0,-3,4,0,0,657,0,21,3,-1,2,1
219,tank4_t72_89,0,2,615,0,0,11,0,0,0,0,0,91,0,0,0,0,0,0,0,0,0,0,0,0,0,0,0,0,0,0,0,0,100,100,0,0,0,0,-3,4,0,0,657,0,21,3,-1,2,1
220,tank4_t72_89,0,2,618,0,0,11,0,0,0,0,0,91,0,0,0,0,0,0,0,0,0,0,0,0,0,0,0,0,0,0,0,0,100,100,0,0,0,0,-3,4,0,0,657,0,21,3,-1,2,1
221,tank4_t72_89,0,2,621,0,0,11,0,0,0,0,0,91,0,0,0,0,0,0,0,0,0,0,0,0,0,0,0,0,0,0,0,0,100,100,0,0,0,0,-3,4,0,0,657,0,21,3,-1,2,1
222,tank4_t72_89,0,2,624,0,0,11,0,0,0,0,0,91,0,0,0,0,0,0,0,0,0,0,0,0,0,0,0,0,0,0,0,0,100,100,0,0,0,0,-3,4,0,0,657,0,21,3,-1,2,1
223,tank4_t72_89,0,2,627,0,0,11,0,0,0,0,0,92,0,0,0,0,0,0,0,0,0,0,0,0,0,0,0,0,0,0,0,0,100,100,0,0,0,0,-3,4,0,0,657,0,21,3,-1,2,1
224,tank4_t72_89,0,2,630,0,0,11,0,0,0,0,0,92,0,0,0,0,0,0,0,0,0,0,0,0,0,0,0,0,0,0,0,0,100,100,0,0,0,0,-3,4,0,0,657,0,21,3,-1,2,1
225,tank4_t72_89,0,2,633,0,0,11,0,0,0,0,0,92,0,0,0,0,0,0,0,0,0,0,0,0,0,0,0,0,0,0,0,0,100,100,0,0,0,0,-3,4,0,0,657,0,21,3,-1,2,1
226,tank4_t72_89,0,2,636,0,0,11,0,0,0,0,0,92,0,0,0,0,0,0,0,0,0,0,0,0,0,0,0,0,0,0,0,0,100,100,0,0,0,0,-3,4,0,0,657,0,21,3,-1,2,1
227,tank4_t72_89,0,2,639,0,0,11,0,0,0,0,0,92,0,0,0,0,0,0,0,0,0,0,0,0,0,0,0,0,0,0,0,0,100,100,0,0,0,0,-3,4,0,0,657,0,21,3,-1,2,1
228,tank4_t72_89,0,2,642,0,0,11,0,0,0,0,0,92,0,0,0,0,0,0,0,0,0,0,0,0,0,0,0,0,0,0,0,0,100,100,0,0,0,0,-3,4,0,0,657,0,21,3,-1,2,1
229,tank4_t72_89,0,2,645,0,0,11,0,0,0,0,0,93,0,0,0,0,0,0,0,0,0,0,0,0,0,0,0,0,0,0,0,0,100,100,0,0,0,0,-3,4,0,0,657,0,21,3,-1,2,1
230,tank4_t72_89,0,2,648,0,0,11,0,0,0,0,0,93,0,0,0,0,0,0,0,0,0,0,0,0,0,0,0,0,0,0,0,0,100,100,0,0,0,0,-3,4,0,0,657,0,21,3,-1,2,1
231,tank4_t72_89,0,2,651,0,0,11,0,0,0,0,0,93,0,0,0,0,0,0,0,0,0,0,0,0,0,0,0,0,0,0,0,0,100,100,0,0,0,0,-3,4,0,0,657,0,21,3,-1,2,1
232,tank4_t72_89,0,2,654,0,0,11,0,0,0,0,0,93,0,0,0,0,0,0,0,0,0,0,0,0,0,0,0,0,0,0,0,0,100,100,0,0,0,0,-3,4,0,0,657,0,21,3,-1,2,1
233,tank4_t72_89,0,2,657,0,0,11,0,0,0,0,0,93,0,0,0,0,0,0,0,0,0,0,0,0,0,0,0,0,0,0,0,0,100,100,0,0,0,0,-3,4,0,0,657,0,21,3,-1,2,1
234,tank4_t72_89,0,2,660,0,0,11,0,0,0,0,0,94,0,0,0,0,0,0,0,0,0,0,0,0,0,0,0,0,0,0,0,0,100,100,0,0,0,0,-3,4,0,0,657,0,21,3,-1,2,1
235,tank4_t72_89,0,2,663,0,0,11,0,0,0,0,0,94,0,0,0,0,0,0,0,0,0,0,0,0,0,0,0,0,0,0,0,0,100,100,0,0,0,0,-3,4,0,0,657,0,21,3,-1,2,1
236,tank4_t72_89,0,2,666,0,0,11,0,0,0,0,0,94,0,0,0,0,0,0,0,0,0,0,0,0,0,0,0,0,0,0,0,0,100,100,0,0,0,0,-3,4,0,0,657,0,21,3,-1,2,1
237,tank4_t72_89,0,2,669,0,0,11,0,0,0,0,0,94,0,0,0,0,0,0,0,0,0,0,0,0,0,0,0,0,0,0,0,0,100,100,0,0,0,0,-3,4,0,0,657,0,21,3,-1,2,1
238,tank4_t72_89,0,2,672,0,0,11,0,0,0,0,0,94,0,0,0,0,0,0,0,0,0,0,0,0,0,0,0,0,0,0,0,0,100,100,0,0,0,0,-3,4,0,0,657,0,21,3,-1,2,1
239,tank4_t72_89,0,2,675,0,0,11,0,0,0,0,0,95,0,0,0,0,0,0,0,0,0,0,0,0,0,0,0,0,0,0,0,0,100,100,0,0,0,0,-3,4,0,0,657,0,21,3,-1,2,1
240,tank4_t72_89,0,2,678,0,0,11,0,0,0,0,0,95,0,0,0,0,0,0,0,0,0,0,0,0,0,0,0,0,0,0,0,0,100,100,0,0,0,0,-3,4,0,0,657,0,21,3,-1,2,1
241,tank4_t72_89,0,2,681,0,0,11,0,0,0,0,0,95,0,0,0,0,0,0,0,0,0,0,0,0,0,0,0,0,0,0,0,0,100,100,0,0,0,0,-3,4,0,0,657,0,21,3,-1,2,1
242,tank4_t72_89,0,2,684,0,0,11,0,0,0,0,0,95,0,0,0,0,0,0,0,0,0,0,0,0,0,0,0,0,0,0,0,0,100,100,0,0,0,0,-3,4,0,0,657,0,21,3,-1,2,1
243,tank4_t72_89,0,2,687,0,0,11,0,0,0,0,0,95,0,0,0,0,0,0,0,0,0,0,0,0,0,0,0,0,0,0,0,0,100,100,0,0,0,0,-3,4,0,0,657,0,21,3,-1,2,1
244,tank4_t72_89,0,2,690,0,0,11,0,0,0,0,0,95,0,0,0,0,0,0,0,0,0,0,0,0,0,0,0,0,0,0,0,0,100,100,0,0,0,0,-3,4,0,0,657,0,21,3,-1,2,1
245,tank4_t72_89,0,2,693,0,0,11,0,0,0,0,0,96,0,0,0,0,0,0,0,0,0,0,0,0,0,0,0,0,0,0,0,0,100,100,0,0,0,0,-3,4,0,0,657,0,21,3,-1,2,1
246,tank4_t72_89,0,2,696,0,0,11,0,0,0,0,0,96,0,0,0,0,0,0,0,0,0,0,0,0,0,0,0,0,0,0,0,0,100,100,0,0,0,0,-3,4,0,0,657,0,21,3,-1,2,1
247,tank4_t72_89,0,2,699,0,0,11,0,0,0,0,0,96,0,0,0,0,0,0,0,0,0,0,0,0,0,0,0,0,0,0,0,0,100,100,0,0,0,0,-3,4,0,0,657,0,21,3,-1,2,1
248,tank4_t72_89,0,2,702,0,0,11,0,0,0,0,0,96,0,0,0,0,0,0,0,0,0,0,0,0,0,0,0,0,0,0,0,0,100,100,0,0,0,0,-3,4,0,0,657,0,21,3,-1,2,1
249,tank4_t72_89,0,2,705,0,0,11,0,0,0,0,0,96,0,0,0,0,0,0,0,0,0,0,0,0,0,0,0,0,0,0,0,0,100,100,0,0,0,0,-3,4,0,0,657,0,21,3,-1,2,1
250,tank4_t72_89,0,2,708,0,0,11,0,0,0,0,0,97,0,0,0,0,0,0,0,0,0,0,0,0,0,0,0,0,0,0,0,0,100,100,0,0,0,0,-3,4,0,0,657,0,21,3,-1,2,1
251,tank4_t72_89,0,2,711,0,0,11,0,0,0,0,0,97,0,0,0,0,0,0,0,0,0,0,0,0,0,0,0,0,0,0,0,0,100,100,0,0,0,0,-3,4,0,0,657,0,21,3,-1,2,1
252,tank4_t72_89,0,2,714,0,0,11,0,0,0,0,0,97,0,0,0,0,0,0,0,0,0,0,0,0,0,0,0,0,0,0,0,0,100,100,0,0,0,0,-3,4,0,0,657,0,21,3,-1,2,1
253,tank4_t72_89,0,2,717,0,0,11,0,0,0,0,0,97,0,0,0,0,0,0,0,0,0,0,0,0,0,0,0,0,0,0,0,0,100,100,0,0,0,0,-3,4,0,0,657,0,21,3,-1,2,1
254,tank4_t72_89,0,2,720,0,0,11,0,0,0,0,0,97,0,0,0,0,0,0,0,0,0,0,0,0,0,0,0,0,0,0,0,0,100,100,0,0,0,0,-3,4,0,0,657,0,21,3,-1,2,1
255,tank4_t72_89,0,2,723,0,0,11,0,0,0,0,0,98,0,0,0,0,0,0,0,0,0,0,0,0,0,0,0,0,0,0,0,0,100,100,0,0,0,0,-3,4,0,0,657,0,21,3,-1,2,1
256,tank4_t72_89,0,2,726,0,0,11,0,0,0,0,0,98,0,0,0,0,0,0,0,0,0,0,0,0,0,0,0,0,0,0,0,0,100,100,0,0,0,0,-3,4,0,0,657,0,21,3,-1,2,1
257,tank4_t72_89,0,2,729,0,0,11,0,0,0,0,0,98,0,0,0,0,0,0,0,0,0,0,0,0,0,0,0,0,0,0,0,0,100,100,0,0,0,0,-3,4,0,0,657,0,21,3,-1,2,1
258,tank4_t72_89,0,2,732,0,0,11,0,0,0,0,0,98,0,0,0,0,0,0,0,0,0,0,0,0,0,0,0,0,0,0,0,0,100,100,0,0,0,0,-3,4,0,0,657,0,21,3,-1,2,1
259,tank4_t72_89,0,2,735,0,0,11,0,0,0,0,0,98,0,0,0,0,0,0,0,0,0,0,0,0,0,0,0,0,0,0,0,0,100,100,0,0,0,0,-3,4,0,0,657,0,21,3,-1,2,1
260,tank4_t72_89,0,2,738,0,0,11,0,0,0,0,0,98,0,0,0,0,0,0,0,0,0,0,0,0,0,0,0,0,0,0,0,0,100,100,0,0,0,0,-3,4,0,0,657,0,21,3,-1,2,1
261,tank4_t72_89,0,2,741,0,0,11,0,0,0,0,0,99,0,0,0,0,0,0,0,0,0,0,0,0,0,0,0,0,0,0,0,0,100,100,0,0,0,0,-3,4,0,0,657,0,21,3,-1,2,1
262,tank4_t72_89,0,2,744,0,0,11,0,0,0,0,0,99,0,0,0,0,0,0,0,0,0,0,0,0,0,0,0,0,0,0,0,0,100,100,0,0,0,0,-3,4,0,0,657,0,21,3,-1,2,1
263,tank4_t72_89,0,2,747,0,0,11,0,0,0,0,0,99,0,0,0,0,0,0,0,0,0,0,0,0,0,0,0,0,0,0,0,0,100,100,0,0,0,0,-3,4,0,0,657,0,21,3,-1,2,1
264,tank4_t72_89,0,2,750,0,0,11,0,0,0,0,0,99,0,0,0,0,0,0,0,0,0,0,0,0,0,0,0,0,0,0,0,0,100,100,0,0,0,0,-3,4,0,0,657,0,21,3,-1,2,1
265,tank4_t72_89,0,2,753,0,0,11,0,0,0,0,0,99,0,0,0,0,0,0,0,0,0,0,0,0,0,0,0,0,0,0,0,0,100,100,0,0,0,0,-3,4,0,0,657,0,21,3,-1,2,1
266,tank4_t72_89,0,2,756,0,0,11,0,0,0,0,0,100,0,0,0,0,0,0,0,0,0,0,0,0,0,0,0,0,0,0,0,0,100,100,0,0,0,0,-3,4,0,0,657,0,21,3,-1,2,1
267,tank4_t72_89,0,2,759,0,0,11,0,0,0,0,0,100,0,0,0,0,0,0,0,0,0,0,0,0,0,0,0,0,0,0,0,0,100,100,0,0,0,0,-3,4,0,0,657,0,21,3,-1,2,1
268,tank4_t72_89,0,2,762,0,0,11,0,0,0,0,0,100,0,0,0,0,0,0,0,0,0,0,0,0,0,0,0,0,0,0,0,0,100,100,0,0,0,0,-3,4,0,0,657,0,21,3,-1,2,1
269,tank4_t72_89,0,2,765,0,0,11,0,0,0,0,0,100,0,0,0,0,0,0,0,0,0,0,0,0,0,0,0,0,0,0,0,0,100,100,0,0,0,0,-3,4,0,0,657,0,21,3,-1,2,1
270,tank4_t72_89,0,2,768,0,0,11,0,0,0,0,0,100,0,0,0,0,0,0,0,0,0,0,0,0,0,0,0,0,0,0,0,0,100,100,0,0,0,0,-3,4,0,0,657,0,21,3,-1,2,1
271,tank4_t72_89,0,2,771,0,0,11,0,0,0,0,0,100,0,0,0,0,0,0,0,0,0,0,0,0,0,0,0,0,0,0,0,0,100,100,0,0,0,0,-3,4,0,0,657,0,21,3,-1,2,1
272,tank4_t72_89,0,2,774,0,0,11,0,0,0,0,0,100,0,0,0,0,0,0,0,0,0,0,0,0,0,0,0,0,0,0,0,0,100,100,0,0,0,0,-3,4,0,0,657,0,21,3,-1,2,1
273,tank4_t72_89,0,2,777,0,0,11,0,0,0,0,0,100,0,0,0,0,0,0,0,0,0,0,0,0,0,0,0,0,0,0,0,0,100,100,0,0,0,0,-3,4,0,0,657,0,21,3,-1,2,1
274,tank4_t72_89,0,2,780,0,0,11,0,0,0,0,0,100,0,0,0,0,0,0,0,0,0,0,0,0,0,0,0,0,0,0,0,0,100,100,0,0,0,0,-3,4,0,0,657,0,21,3,-1,2,1
275,tank4_t72_89,0,2,783,0,0,11,0,0,0,0,0,100,0,0,0,0,0,0,0,0,0,0,0,0,0,0,0,0,0,0,0,0,100,100,0,0,0,0,-3,4,0,0,657,0,21,3,-1,2,1
276,tank4_t72_89,0,2,786,0,0,11,0,0,0,0,0,100,0,0,0,0,0,0,0,0,0,0,0,0,0,0,0,0,0,0,0,0,100,100,0,0,0,0,-3,4,0,0,657,0,21,3,-1,2,1
277,tank4_t72_89,0,2,789,0,0,11,0,0,0,0,0,100,0,0,0,0,0,0,0,0,0,0,0,0,0,0,0,0,0,0,0,0,100,100,0,0,0,0,-3,4,0,0,657,0,21,3,-1,2,1
278,tank4_t72_89,0,2,792,0,0,11,0,0,0,0,0,100,0,0,0,0,0,0,0,0,0,0,0,0,0,0,0,0,0,0,0,0,100,100,0,0,0,0,-3,4,0,0,657,0,21,3,-1,2,1
279,tank4_t72_89,0,2,795,0,0,11,0,0,0,0,0,100,0,0,0,0,0,0,0,0,0,0,0,0,0,0,0,0,0,0,0,0,100,100,0,0,0,0,-3,4,0,0,657,0,21,3,-1,2,1
280,tank4_t72_89,0,2,798,0,0,11,0,0,0,0,0,100,0,0,0,0,0,0,0,0,0,0,0,0,0,0,0,0,0,0,0,0,100,100,0,0,0,0,-3,4,0,0,657,0,21,3,-1,2,1
281,tank4_t72_89,0,2,801,0,0,11,0,0,0,0,0,100,0,0,0,0,0,0,0,0,0,0,0,0,0,0,0,0,0,0,0,0,100,100,0,0,0,0,-3,4,0,0,657,0,21,3,-1,2,1
282,tank4_t72_89,0,2,804,0,0,11,0,0,0,0,0,100,0,0,0,0,0,0,0,0,0,0,0,0,0,0,0,0,0,0,0,0,100,100,0,0,0,0,-3,4,0,0,657,0,21,3,-1,2,1
283,tank4_t72_89,0,2,807,0,0,11,0,0,0,0,0,100,0,0,0,0,0,0,0,0,0,0,0,0,0,0,0,0,0,0,0,0,100,100,0,0,0,0,-3,4,0,0,657,0,21,3,-1,2,1
284,tank4_t72_89,0,2,810,0,0,11,0,0,0,0,0,100,0,0,0,0,0,0,0,0,0,0,0,0,0,0,0,0,0,0,0,0,100,100,0,0,0,0,-3,4,0,0,657,0,21,3,-1,2,1
285,tank4_t72_89,0,2,813,0,0,11,0,0,0,0,0,100,0,0,0,0,0,0,0,0,0,0,0,0,0,0,0,0,0,0,0,0,100,100,0,0,0,0,-3,4,0,0,657,0,21,3,-1,2,1
286,tank4_t72_89,0,2,816,0,0,11,0,0,0,0,0,100,0,0,0,0,0,0,0,0,0,0,0,0,0,0,0,0,0,0,0,0,100,100,0,0,0,0,-3,4,0,0,657,0,21,3,-1,2,1
287,tank4_t72_89,0,2,819,0,0,11,0,0,0,0,0,100,0,0,0,0,0,0,0,0,0,0,0,0,0,0,0,0,0,0,0,0,100,100,0,0,0,0,-3,4,0,0,657,0,21,3,-1,2,1
288,tank4_t72_89,0,2,822,0,0,11,0,0,0,0,0,100,0,0,0,0,0,0,0,0,0,0,0,0,0,0,0,0,0,0,0,0,100,100,0,0,0,0,-3,4,0,0,657,0,21,3,-1,2,1
289,tank4_t72_89,0,2,825,0,0,11,0,0,0,0,0,100,0,0,0,0,0,0,0,0,0,0,0,0,0,0,0,0,0,0,0,0,100,100,0,0,0,0,-3,4,0,0,657,0,21,3,-1,2,1
290,tank4_t72_89,0,2,828,0,0,11,0,0,0,0,0,100,0,0,0,0,0,0,0,0,0,0,0,0,0,0,0,0,0,0,0,0,100,100,0,0,0,0,-3,4,0,0,657,0,21,3,-1,2,1
291,tank4_t72_89,0,2,831,0,0,11,0,0,0,0,0,100,0,0,0,0,0,0,0,0,0,0,0,0,0,0,0,0,0,0,0,0,100,100,0,0,0,0,-3,4,0,0,657,0,21,3,-1,2,1
292,tank4_t72_89,0,2,834,0,0,11,0,0,0,0,0,100,0,0,0,0,0,0,0,0,0,0,0,0,0,0,0,0,0,0,0,0,100,100,0,0,0,0,-3,4,0,0,657,0,21,3,-1,2,1
293,tank4_t72_89,0,2,837,0,0,11,0,0,0,0,0,100,0,0,0,0,0,0,0,0,0,0,0,0,0,0,0,0,0,0,0,0,100,100,0,0,0,0,-3,4,0,0,657,0,21,3,-1,2,1
294,tank4_t72_89,0,2,840,0,0,11,0,0,0,0,0,100,0,0,0,0,0,0,0,0,0,0,0,0,0,0,0,0,0,0,0,0,100,100,0,0,0,0,-3,4,0,0,657,0,21,3,-1,2,1
295,tank4_t72_89,0,2,843,0,0,11,0,0,0,0,0,100,0,0,0,0,0,0,0,0,0,0,0,0,0,0,0,0,0,0,0,0,100,100,0,0,0,0,-3,4,0,0,657,0,21,3,-1,2,1
296,tank4_t72_89,0,2,846,0,0,11,0,0,0,0,0,100,0,0,0,0,0,0,0,0,0,0,0,0,0,0,0,0,0,0,0,0,100,100,0,0,0,0,-3,4,0,0,657,0,21,3,-1,2,1
297,tank4_t72_89,0,2,849,0,0,11,0,0,0,0,0,100,0,0,0,0,0,0,0,0,0,0,0,0,0,0,0,0,0,0,0,0,100,100,0,0,0,0,-3,4,0,0,657,0,21,3,-1,2,1
298,tank4_t72_89,0,2,852,0,0,11,0,0,0,0,0,100,0,0,0,0,0,0,0,0,0,0,0,0,0,0,0,0,0,0,0,0,100,100,0,0,0,0,-3,4,0,0,657,0,21,3,-1,2,1
299,tank4_t72_89,0,2,855,0,0,11,0,0,0,0,0,100,0,0,0,0,0,0,0,0,0,0,0,0,0,0,0,0,0,0,0,0,100,100,0,0,0,0,-3,4,0,0,657,0,21,3,-1,2,1
300,tank4_t72_89,0,2,858,0,0,11,0,0,0,0,0,100,0,0,0,0,0,0,0,0,0,0,0,0,0,0,0,0,0,0,0,0,100,100,0,0,0,0,-3,4,0,0,657,0,21,3,-1,2,1
301,tank4_t72_89,0,2,861,0,0,11,0,0,0,0,0,100,0,0,0,0,0,0,0,0,0,0,0,0,0,0,0,0,0,0,0,0,100,100,0,0,0,0,-3,4,0,0,657,0,21,3,-1,2,1
302,tank4_t72_89,0,2,864,0,0,11,0,0,0,0,0,100,0,0,0,0,0,0,0,0,0,0,0,0,0,0,0,0,0,0,0,0,100,100,0,0,0,0,-3,4,0,0,657,0,21,3,-1,2,1
303,tank4_t72_89,0,2,867,0,0,11,0,0,0,0,0,100,0,0,0,0,0,0,0,0,0,0,0,0,0,0,0,0,0,0,0,0,100,100,0,0,0,0,-3,4,0,0,657,0,21,3,-1,2,1
304,tank4_t72_89,0,2,870,0,0,11,0,0,0,0,0,100,0,0,0,0,0,0,0,0,0,0,0,0,0,0,0,0,0,0,0,0,100,100,0,0,0,0,-3,4,0,0,657,0,21,3,-1,2,1
305,tank4_t72_89,0,2,873,0,0,11,0,0,0,0,0,100,0,0,0,0,0,0,0,0,0,0,0,0,0,0,0,0,0,0,0,0,100,100,0,0,0,0,-3,4,0,0,657,0,21,3,-1,2,1
306,tank4_t72_89,0,2,876,0,0,11,0,0,0,0,0,100,0,0,0,0,0,0,0,0,0,0,0,0,0,0,0,0,0,0,0,0,100,100,0,0,0,0,-3,4,0,0,657,0,21,3,-1,2,1
307,tank4_t72_89,0,2,879,0,0,11,0,0,0,0,0,100,0,0,0,0,0,0,0,0,0,0,0,0,0,0,0,0,0,0,0,0,100,100,0,0,0,0,-3,4,0,0,657,0,21,3,-1,2,1
308,tank4_t72_89,0,2,882,0,0,11,0,0,0,0,0,100,0,0,0,0,0,0,0,0,0,0,0,0,0,0,0,0,0,0,0,0,100,100,0,0,0,0,-3,4,0,0,657,0,21,3,-1,2,1
309,tank4_t72_89,0,2,885,0,0,11,0,0,0,0,0,100,0,0,0,0,0,0,0,0,0,0,0,0,0,0,0,0,0,0,0,0,100,100,0,0,0,0,-3,4,0,0,657,0,21,3,-1,2,1
310,tank4_t72_89,0,2,888,0,0,11,0,0,0,0,0,100,0,0,0,0,0,0,0,0,0,0,0,0,0,0,0,0,0,0,0,0,100,100,0,0,0,0,-3,4,0,0,657,0,21,3,-1,2,1
311,tank4_t72_89,0,2,891,0,0,11,0,0,0,0,0,100,0,0,0,0,0,0,0,0,0,0,0,0,0,0,0,0,0,0,0,0,100,100,0,0,0,0,-3,4,0,0,657,0,21,3,-1,2,1
312,tank4_t72_89,0,2,894,0,0,11,0,0,0,0,0,100,0,0,0,0,0,0,0,0,0,0,0,0,0,0,0,0,0,0,0,0,100,100,0,0,0,0,-3,4,0,0,657,0,21,3,-1,2,1
313,tank4_t72_89,0,2,897,0,0,11,0,0,0,0,0,100,0,0,0,0,0,0,0,0,0,0,0,0,0,0,0,0,0,0,0,0,100,100,0,0,0,0,-3,4,0,0,657,0,21,3,-1,2,1
314,tank4_t72_89,0,2,900,0,0,11,0,0,0,0,0,100,0,0,0,0,0,0,0,0,0,0,0,0,0,0,0,0,0,0,0,0,100,100,0,0,0,0,-3,4,0,0,657,0,21,3,-1,2,1
315,tank4_t72_89,0,2,903,0,0,11,0,0,0,0,0,100,0,0,0,0,0,0,0,0,0,0,0,0,0,0,0,0,0,0,0,0,100,100,0,0,0,0,-3,4,0,0,657,0,21,3,-1,2,1
316,tank4_t72_89,0,2,906,0,0,11,0,0,0,0,0,100,0,0,0,0,0,0,0,0,0,0,0,0,0,0,0,0,0,0,0,0,100,100,0,0,0,0,-3,4,0,0,657,0,21,3,-1,2,1
317,tank4_t72_89,0,2,909,0,0,11,0,0,0,0,0,100,0,0,0,0,0,0,0,0,0,0,0,0,0,0,0,0,0,0,0,0,100,100,0,0,0,0,-3,4,0,0,657,0,21,3,-1,2,1
318,tank4_t72_89,0,2,912,0,0,11,0,0,0,0,0,100,0,0,0,0,0,0,0,0,0,0,0,0,0,0,0,0,0,0,0,0,100,100,0,0,0,0,-3,4,0,0,657,0,21,3,-1,2,1
319,tank4_t72_89,0,2,915,0,0,11,0,0,0,0,0,100,0,0,0,0,0,0,0,0,0,0,0,0,0,0,0,0,0,0,0,0,100,100,0,0,0,0,-3,4,0,0,657,0,21,3,-1,2,1
320,tank4_t72_89,0,2,918,0,0,11,0,0,0,0,0,100,0,0,0,0,0,0,0,0,0,0,0,0,0,0,0,0,0,0,0,0,100,100,0,0,0,0,-3,4,0,0,657,0,21,3,-1,2,1
321,tank4_t72_89,0,2,921,0,0,11,0,0,0,0,0,100,0,0,0,0,0,0,0,0,0,0,0,0,0,0,0,0,0,0,0,0,100,100,0,0,0,0,-3,4,0,0,657,0,21,3,-1,2,1
322,tank4_t72_89,0,2,924,0,0,11,0,0,0,0,0,100,0,0,0,0,0,0,0,0,0,0,0,0,0,0,0,0,0,0,0,0,100,100,0,0,0,0,-3,4,0,0,657,0,21,3,-1,2,1
323,tank4_t72_89,0,2,927,0,0,11,0,0,0,0,0,100,0,0,0,0,0,0,0,0,0,0,0,0,0,0,0,0,0,0,0,0,100,100,0,0,0,0,-3,4,0,0,657,0,21,3,-1,2,1
324,tank4_t72_89,0,2,930,0,0,11,0,0,0,0,0,100,0,0,0,0,0,0,0,0,0,0,0,0,0,0,0,0,0,0,0,0,100,100,0,0,0,0,-3,4,0,0,657,0,21,3,-1,2,1
325,tank4_t72_89,0,2,933,0,0,11,0,0,0,0,0,100,0,0,0,0,0,0,0,0,0,0,0,0,0,0,0,0,0,0,0,0,100,100,0,0,0,0,-3,4,0,0,657,0,21,3,-1,2,1
326,tank4_t72_89,0,2,936,0,0,11,0,0,0,0,0,100,0,0,0,0,0,0,0,0,0,0,0,0,0,0,0,0,0,0,0,0,100,100,0,0,0,0,-3,4,0,0,657,0,21,3,-1,2,1
327,tank4_t72_89,0,2,939,0,0,11,0,0,0,0,0,100,0,0,0,0,0,0,0,0,0,0,0,0,0,0,0,0,0,0,0,0,100,100,0,0,0,0,-3,4,0,0,657,0,21,3,-1,2,1
328,tank4_t72_89,0,2,942,0,0,11,0,0,0,0,0,100,0,0,0,0,0,0,0,0,0,0,0,0,0,0,0,0,0,0,0,0,100,100,0,0,0,0,-3,4,0,0,657,0,21,3,-1,2,1
329,tank4_t72_89,0,2,945,0,0,11,0,0,0,0,0,100,0,0,0,0,0,0,0,0,0,0,0,0,0,0,0,0,0,0,0,0,100,100,0,0,0,0,-3,4,0,0,657,0,21,3,-1,2,1
330,tank4_t72_89,0,2,948,0,0,11,0,0,0,0,0,100,0,0,0,0,0,0,0,0,0,0,0,0,0,0,0,0,0,0,0,0,100,100,0,0,0,0,-3,4,0,0,657,0,21,3,-1,2,1
331,tank4_t72_89,0,2,951,0,0,11,0,0,0,0,0,100,0,0,0,0,0,0,0,0,0,0,0,0,0,0,0,0,0,0,0,0,100,100,0,0,0,0,-3,4,0,0,657,0,21,3,-1,2,1
332,tank4_t72_89,0,2,954,0,0,11,0,0,0,0,0,100,0,0,0,0,0,0,0,0,0,0,0,0,0,0,0,0,0,0,0,0,100,100,0,0,0,0,-3,4,0,0,657,0,21,3,-1,2,1
333,tank4_t72_89,0,2,957,0,0,11,0,0,0,0,0,100,0,0,0,0,0,0,0,0,0,0,0,0,0,0,0,0,0,0,0,0,100,100,0,0,0,0,-3,4,0,0,657,0,21,3,-1,2,1
334,tank4_t72_89,0,2,960,0,0,11,0,0,0,0,0,100,0,0,0,0,0,0,0,0,0,0,0,0,0,0,0,0,0,0,0,0,100,100,0,0,0,0,-3,4,0,0,657,0,21,3,-1,2,1
335,tank4_t72_89,0,2,963,0,0,11,0,0,0,0,0,100,0,0,0,0,0,0,0,0,0,0,0,0,0,0,0,0,0,0,0,0,100,100,0,0,0,0,-3,4,0,0,657,0,21,3,-1,2,1
336,tank4_t72_89,0,2,966,0,0,11,0,0,0,0,0,100,0,0,0,0,0,0,0,0,0,0,0,0,0,0,0,0,0,0,0,0,100,100,0,0,0,0,-3,4,0,0,657,0,21,3,-1,2,1
337,tank4_t72_89,0,2,969,0,0,11,0,0,0,0,0,100,0,0,0,0,0,0,0,0,0,0,0,0,0,0,0,0,0,0,0,0,100,100,0,0,0,0,-3,4,0,0,657,0,21,3,-1,2,1
338,tank4_t72_89,0,2,972,0,0,11,0,0,0,0,0,100,0,0,0,0,0,0,0,0,0,0,0,0,0,0,0,0,0,0,0,0,100,100,0,0,0,0,-3,4,0,0,657,0,21,3,-1,2,1
339,tank4_t72_89,0,2,975,0,0,11,0,0,0,0,0,100,0,0,0,0,0,0,0,0,0,0,0,0,0,0,0,0,0,0,0,0,100,100,0,0,0,0,-3,4,0,0,657,0,21,3,-1,2,1
340,tank4_t72_89,0,2,978,0,0,11,0,0,0,0,0,100,0,0,0,0,0,0,0,0,0,0,0,0,0,0,0,0,0,0,0,0,100,100,0,0,0,0,-3,4,0,0,657,0,21,3,-1,3,1
341,tank4_t72_89,0,2,981,0,0,11,0,0,0,0,0,100,0,0,0,0,0,0,0,0,0,0,0,0,0,0,0,0,0,0,0,0,100,100,0,0,0,0,-3,4,0,0,657,0,21,3,-1,3,1
342,tank4_t72_89,0,2,984,0,0,11,0,0,0,0,0,100,0,0,0,0,0,0,0,0,0,0,0,0,0,0,0,0,0,0,0,0,100,100,0,0,0,0,-3,4,0,0,657,0,21,3,-1,3,1
343,tank4_t72_89,0,2,987,0,0,11,0,0,0,0,0,100,0,0,0,0,0,0,0,0,0,0,0,0,0,0,0,0,0,0,0,0,100,100,0,0,0,0,-3,4,0,0,657,0,21,3,-1,3,1
344,tank4_t72_89,0,2,990,0,0,11,0,0,0,0,0,100,0,0,0,0,0,0,0,0,0,0,0,0,0,0,0,0,0,0,0,0,100,100,0,0,0,0,-3,4,0,0,657,0,21,3,-1,3,1
345,tank4_t72_89,0,2,993,0,0,11,0,0,0,0,0,100,0,0,0,0,0,0,0,0,0,0,0,0,0,0,0,0,0,0,0,0,100,100,0,0,0,0,-3,4,0,0,657,0,21,3,-1,3,1
346,tank4_t72_89,0,2,996,0,0,11,0,0,0,0,0,100,0,0,0,0,0,0,0,0,0,0,0,0,0,0,0,0,0,0,0,0,100,100,0,0,0,0,-3,4,0,0,657,0,21,3,-1,3,1
347,tank4_t72_89,0,2,999,0,0,11,0,0,0,0,0,100,0,0,0,0,0,0,0,0,0,0,0,0,0,0,0,0,0,0,0,0,100,100,0,0,0,0,-3,4,0,0,657,0,21,3,-1,3,1
348,tank4_t72_89,0,2,1002,0,0,11,0,0,0,0,0,100,0,0,0,0,0,0,0,0,0,0,0,0,0,0,0,0,0,0,0,0,100,100,0,0,0,0,-3,4,0,0,657,0,21,3,-1,3,1
349,tank4_t72_89,0,2,1005,0,0,11,0,0,0,0,0,100,0,0,0,0,0,0,0,0,0,0,0,0,0,0,0,0,0,0,0,0,100,100,0,0,0,0,-3,4,0,0,657,0,21,3,-1,3,1
350,tank4_t72_89,0,2,1008,0,0,11,0,0,0,0,0,100,0,0,0,0,0,0,0,0,0,0,0,0,0,0,0,0,0,0,0,0,100,100,0,0,0,0,-3,4,0,0,657,0,21,3,-1,3,1
351,tank4_t72_89,0,2,1011,0,0,11,0,0,0,0,0,100,0,0,0,0,0,0,0,0,0,0,0,0,0,0,0,0,0,0,0,0,100,100,0,0,0,0,-3,4,0,0,657,0,21,3,-1,3,1
352,tank4_t72_89,0,2,1014,0,0,11,0,0,0,0,0,100,0,0,0,0,0,0,0,0,0,0,0,0,0,0,0,0,0,0,0,0,100,100,0,0,0,0,-3,4,0,0,657,0,21,3,-1,3,1
353,tank4_t72_89,0,2,1017,0,0,11,0,0,0,0,0,100,0,0,0,0,0,0,0,0,0,0,0,0,0,0,0,0,0,0,0,0,100,100,0,0,0,0,-3,4,0,0,657,0,21,3,-1,3,1
354,tank4_t72_89,0,2,1020,0,0,11,0,0,0,0,0,100,0,0,0,0,0,0,0,0,0,0,0,0,0,0,0,0,0,0,0,0,100,100,0,0,0,0,-3,4,0,0,657,0,21,3,-1,3,1
355,tank4_t72_89,0,2,1023,0,0,11,0,0,0,0,0,100,0,0,0,0,0,0,0,0,0,0,0,0,0,0,0,0,0,0,0,0,100,100,0,0,0,0,-3,4,0,0,657,0,21,3,-1,3,1
356,tank4_t72_89,0,2,1026,0,0,11,0,0,0,0,0,100,0,0,0,0,0,0,0,0,0,0,0,0,0,0,0,0,0,0,0,0,100,100,0,0,0,0,-3,4,0,0,657,0,21,3,-1,3,1
357,tank4_t72_89,0,2,1029,0,0,11,0,0,0,0,0,100,0,0,0,0,0,0,0,0,0,0,0,0,0,0,0,0,0,0,0,0,100,100,0,0,0,0,-3,4,0,0,657,0,21,3,-1,3,1
358,tank4_t72_89,0,2,1032,0,0,11,0,0,0,0,0,100,0,0,0,0,0,0,0,0,0,0,0,0,0,0,0,0,0,0,0,0,100,100,0,0,0,0,-3,4,0,0,657,0,21,3,-1,3,1
359,tank4_t72_89,0,2,1035,0,0,11,0,0,0,0,0,100,0,0,0,0,0,0,0,0,0,0,0,0,0,0,0,0,0,0,0,0,100,100,0,0,0,0,-3,4,0,0,657,0,21,3,-1,3,1
360,tank4_t72_89,0,2,1038,0,0,11,0,0,0,0,0,100,0,0,0,0,0,0,0,0,0,0,0,0,0,0,0,0,0,0,0,0,100,100,0,0,0,0,-3,4,0,0,657,0,21,3,-1,3,1
361,tank4_t72_89,0,2,1041,0,0,11,0,0,0,0,0,100,0,0,0,0,0,0,0,0,0,0,0,0,0,0,0,0,0,0,0,0,100,100,0,0,0,0,-3,4,0,0,657,0,21,3,-1,3,1
362,tank4_t72_89,0,2,1044,0,0,11,0,0,0,0,0,100,0,0,0,0,0,0,0,0,0,0,0,0,0,0,0,0,0,0,0,0,100,100,0,0,0,0,-3,4,0,0,657,0,21,3,-1,3,1
363,tank4_t72_89,0,2,1047,0,0,11,0,0,0,0,0,100,0,0,0,0,0,0,0,0,0,0,0,0,0,0,0,0,0,0,0,0,100,100,0,0,0,0,-3,4,0,0,657,0,21,3,-1,3,1
364,tank4_t72_89,0,2,1050,0,0,11,0,0,0,0,0,100,0,0,0,0,0,0,0,0,0,0,0,0,0,0,0,0,0,0,0,0,100,100,0,0,0,0,-3,4,0,0,657,0,21,3,-1,3,1
365,tank4_t72_89,0,2,1053,0,0,11,0,0,0,0,0,100,0,0,0,0,0,0,0,0,0,0,0,0,0,0,0,0,0,0,0,0,100,100,0,0,0,0,-3,4,0,0,657,0,21,3,-1,3,1
366,tank4_t72_89,0,2,1056,0,0,11,0,0,0,0,0,100,0,0,0,0,0,0,0,0,0,0,0,0,0,0,0,0,0,0,0,0,100,100,0,0,0,0,-3,4,0,0,657,0,21,3,-1,3,1
367,tank4_t72_89,0,2,1059,0,0,11,0,0,0,0,0,100,0,0,0,0,0,0,0,0,0,0,0,0,0,0,0,0,0,0,0,0,100,100,0,0,0,0,-3,4,0,0,657,0,21,3,-1,3,1
368,tank4_t72_89,0,2,1062,0,0,11,0,0,0,0,0,100,0,0,0,0,0,0,0,0,0,0,0,0,0,0,0,0,0,0,0,0,100,100,0,0,0,0,-3,4,0,0,657,0,21,3,-1,3,1
369,tank4_t72_89,0,2,1065,0,0,11,0,0,0,0,0,100,0,0,0,0,0,0,0,0,0,0,0,0,0,0,0,0,0,0,0,0,100,100,0,0,0,0,-3,4,0,0,657,0,21,3,-1,3,1
370,tank4_t72_89,0,2,1067,0,0,11,0,0,3,0,0,100,0,0,0,0,0,0,0,0,0,0,0,0,0,0,0,0,0,0,0,0,100,100,0,0,0,0,-3,4,1,1,260,99,44,3,4,3,15
371,tank4_t72_89,0,2,1070,0,0,11,0,0,0,0,0,100,0,0,0,0,0,0,0,0,0,0,0,0,0,0,0,0,0,0,0,0,100,100,0,0,0,0,-5,4,0,0,260,99,44,3,4,3,15
372,tank4_t72_89,0,2,1073,0,0,11,0,0,0,0,0,100,0,0,0,0,0,0,0,0,0,0,0,0,0,0,0,0,0,0,0,0,100,100,0,0,0,0,-6,4,0,0,260,99,44,3,4,3,15
373,tank4_t72_89,0,2,1076,0,0,11,0,0,0,0,0,100,0,0,0,0,0,0,0,0,0,0,0,0,0,0,0,0,0,0,0,0,100,100,0,0,0,0,-6,4,0,0,260,99,44,3,4,3,15
374,tank4_t72_89,0,2,1079,0,0,11,0,0,0,0,0,100,0,0,0,0,0,0,0,0,0,0,0,0,0,0,0,0,0,0,0,0,100,100,0,0,0,0,-6,4,0,0,260,99,44,3,4,3,15
375,tank4_t72_89,0,2,1082,0,0,11,0,0,0,0,0,100,0,0,0,0,0,0,0,0,0,0,0,0,0,0,0,0,0,0,0,0,100,100,0,0,0,0,-6,4,0,0,260,99,44,3,4,3,15
376,tank4_t72_89,0,2,1085,0,0,11,0,0,0,0,0,100,0,0,0,0,0,0,0,0,0,0,0,0,0,0,0,0,0,0,0,0,100,100,0,0,0,0,-6,4,0,0,260,99,44,3,4,3,15
377,tank4_t72_89,0,2,1088,0,0,11,0,0,0,0,0,100,0,0,0,0,0,0,0,0,0,0,0,0,0,0,0,0,0,0,0,0,100,100,0,0,0,0,-6,4,0,0,260,99,44,3,4,3,15
378,tank4_t72_89,0,2,1091,0,0,11,0,0,0,0,0,100,0,0,0,0,0,0,0,0,0,0,0,0,0,0,0,0,0,0,0,0,100,100,0,0,0,0,-6,4,0,0,260,99,44,3,4,3,15
379,tank4_t72_89,0,2,1094,0,0,11,0,0,0,0,0,100,0,0,0,0,0,0,0,0,0,0,0,0,0,0,0,0,0,0,0,0,100,100,0,0,0,0,-6,4,0,0,260,99,44,3,4,3,15
380,tank4_t72_89,0,2,1097,0,0,11,0,0,0,0,0,100,0,0,0,0,0,0,0,0,0,0,0,0,0,0,0,0,0,0,0,0,100,100,0,0,0,0,-6,6,0,0,260,99,44,3,4,3,15
381,tank4_t72_89,0,2,1100,0,0,11,0,0,0,0,0,100,0,0,0,0,0,0,0,0,0,0,0,0,0,0,0,0,0,0,0,0,100,100,0,0,0,0,-6,6,0,0,260,99,44,3,4,3,15
382,tank4_t72_89,0,2,1103,0,0,11,0,0,0,0,0,100,0,0,0,0,0,0,0,0,0,0,0,0,0,0,0,0,0,0,0,0,100,100,0,0,0,0,-6,6,0,0,260,99,44,3,4,3,15
383,tank4_t72_89,0,2,1106,0,0,11,0,0,0,0,0,100,0,0,0,0,0,0,0,0,0,0,0,0,0,0,0,0,0,0,0,0,100,100,0,0,0,0,-6,6,0,0,260,99,44,3,4,3,15
384,tank4_t72_89,0,2,1109,0,0,11,0,0,0,0,0,100,0,0,0,0,0,0,0,0,0,0,0,0,0,0,0,0,0,0,0,0,100,100,0,0,0,0,-6,6,0,0,260,99,44,3,4,3,15
385,tank4_t72_89,0,2,1112,0,0,11,0,0,0,0,0,100,0,0,0,0,0,0,0,0,0,0,0,0,0,0,0,0,0,0,0,0,100,100,0,0,0,0,-6,6,0,0,260,99,44,3,4,3,15
386,tank4_t72_89,0,2,1115,0,0,11,0,0,0,0,0,100,0,0,0,0,0,0,0,0,0,0,0,0,0,0,0,0,0,0,0,0,100,100,0,0,0,0,-6,6,0,0,260,99,44,3,4,3,15
387,tank4_t72_89,0,2,1118,0,0,11,0,0,0,0,0,100,0,0,0,0,0,0,0,0,0,0,0,0,0,0,0,0,0,0,0,0,100,100,0,0,0,0,-6,6,0,0,260,99,44,3,4,3,15
388,tank4_t72_89,0,2,1121,0,0,11,0,0,0,0,0,100,0,0,0,0,0,0,0,0,0,0,0,0,0,0,0,0,0,0,0,0,100,100,0,0,0,0,-6,6,0,0,260,99,44,3,4,3,15
389,tank4_t72_89,0,2,1124,0,0,11,0,0,0,0,0,100,0,0,0,0,0,0,0,0,0,0,0,0,0,0,0,0,0,0,0,0,100,100,0,0,0,0,-6,6,0,0,260,99,44,3,4,3,15
390,tank4_t72_89,0,2,1127,0,0,11,0,0,0,0,0,100,0,0,0,0,0,0,0,0,0,0,0,0,0,0,0,0,0,0,0,0,100,100,0,0,0,0,-6,6,0,0,260,99,44,3,4,3,15
391,tank4_t72_89,0,2,1130,0,0,11,0,0,0,0,0,100,0,0,0,0,0,0,0,0,0,0,0,0,0,0,0,0,0,0,0,0,100,100,0,0,0,0,-6,6,0,0,260,99,44,3,4,3,15
392,tank4_t72_89,0,2,1133,0,0,11,0,0,0,0,0,100,0,0,0,0,0,0,0,0,0,0,0,0,0,0,0,0,0,0,0,0,100,100,0,0,0,0,-6,6,0,0,260,99,44,3,4,3,15
393,tank4_t72_89,0,2,1136,0,0,11,0,0,0,0,0,100,0,0,0,0,0,0,0,0,0,0,0,0,0,0,0,0,0,0,0,0,100,100,0,0,0,0,-6,6,0,0,260,99,44,3,4,3,15
394,tank4_t72_89,0,2,1139,0,0,11,0,0,0,0,0,100,0,0,0,0,0,0,0,0,0,0,0,0,0,0,0,0,0,0,0,0,100,100,0,0,0,0,-6,6,0,0,260,99,44,3,4,3,15
395,tank4_t72_89,0,2,1142,0,0,11,0,0,0,0,0,100,0,0,0,0,0,0,0,0,0,0,0,0,0,0,0,0,0,0,0,0,100,100,0,0,0,0,-6,6,0,0,260,99,44,3,4,3,15
396,tank4_t72_89,0,2,1145,0,0,11,0,0,0,0,0,100,0,0,0,0,0,0,0,0,0,0,0,0,0,0,0,0,0,0,0,0,100,100,0,0,0,0,-6,6,0,0,260,99,44,3,4,3,15
397,tank4_t72_89,0,2,1148,0,0,11,0,0,0,0,0,100,0,0,0,0,0,0,0,0,0,0,0,0,0,0,0,0,0,0,0,0,100,100,0,0,0,0,-6,6,0,0,260,99,44,3,4,3,15
398,tank4_t72_89,0,2,1151,0,0,11,0,0,0,0,0,100,0,0,0,0,0,0,0,0,0,0,0,0,0,0,0,0,0,0,0,0,100,100,0,0,0,0,-6,6,0,0,260,99,44,3,4,3,15
399,tank4_t72_89,0,2,1154,0,0,11,0,0,0,0,0,100,0,0,0,0,0,0,0,0,0,0,0,0,0,0,0,0,0,0,0,0,100,100,0,0,0,0,-6,6,0,0,260,99,44,3,4,3,15
400,tank4_t72_89,0,2,1157,0,0,11,0,0,0,0,0,100,0,0,0,0,0,0,0,0,0,0,0,0,0,0,0,0,0,0,0,0,100,100,0,0,0,0,-6,6,0,0,260,99,44,3,4,3,15
401,tank4_t72_89,0,2,1160,0,0,11,0,0,0,0,0,100,0,0,0,0,0,0,0,0,0,0,0,0,0,0,0,0,0,0,0,0,100,100,0,0,0,0,-6,6,0,0,260,99,44,3,4,3,15
402,tank4_t72_89,0,2,1163,0,0,11,0,0,0,0,0,100,0,0,0,0,0,0,0,0,0,0,0,0,0,0,0,0,0,0,0,0,100,100,0,0,0,0,-6,6,0,0,260,99,44,3,4,3,15
403,tank4_t72_89,0,2,1166,0,0,11,0,0,0,0,0,100,0,0,0,0,0,0,0,0,0,0,0,0,0,0,0,0,0,0,0,0,100,100,0,0,0,0,-6,6,0,0,260,99,44,3,4,3,15
404,tank4_t72_89,0,2,1169,0,0,11,0,0,0,0,0,100,0,0,0,0,0,0,0,0,0,0,0,0,0,0,0,0,0,0,0,0,100,100,0,0,0,0,-6,6,0,0,260,99,44,3,4,3,15
405,tank4_t72_89,0,2,1172,0,0,11,0,0,0,0,0,100,0,0,0,0,0,0,0,0,0,0,0,0,0,0,0,0,0,0,0,0,100,100,0,0,0,0,-6,6,0,0,260,99,44,3,4,3,15
406,tank4_t72_89,0,2,1175,0,0,11,0,0,0,0,0,100,0,0,0,0,0,0,0,0,0,0,0,0,0,0,0,0,0,0,0,0,100,100,0,0,0,0,-6,6,0,0,260,99,44,3,4,3,15
407,tank4_t72_89,0,2,1178,0,0,11,0,0,0,0,0,100,0,0,0,0,0,0,0,0,0,0,0,0,0,0,0,0,0,0,0,0,100,100,0,0,0,0,-6,6,0,0,260,99,44,3,4,3,15
408,tank4_t72_89,0,2,1181,0,0,11,0,0,0,0,0,100,0,0,0,0,0,0,0,0,0,0,0,0,0,0,0,0,0,0,0,0,100,100,0,0,0,0,-6,6,0,0,260,99,44,3,4,3,15
409,tank4_t72_89,0,2,1184,0,0,11,0,0,0,0,0,100,0,0,0,0,0,0,0,0,0,0,0,0,0,0,0,0,0,0,0,0,100,100,0,0,0,0,-6,6,0,0,260,99,44,3,4,3,15
410,tank4_t72_89,0,2,1187,0,0,11,0,0,0,0,0,100,0,0,0,0,0,0,0,0,0,0,0,0,0,0,0,0,0,0,0,0,100,100,0,0,0,0,-6,6,0,0,260,99,44,3,4,3,15
411,tank4_t72_89,0,2,1190,0,0,11,0,0,0,0,0,100,0,0,0,0,0,0,0,0,0,0,0,0,0,0,0,0,0,0,0,0,100,100,0,0,0,0,-6,6,0,0,260,99,44,3,4,3,15
412,tank4_t72_89,0,2,1193,0,0,11,0,0,0,0,0,100,0,0,0,0,0,0,0,0,0,0,0,0,0,0,0,0,0,0,0,0,100,100,0,0,0,0,-6,6,0,0,260,99,44,3,4,3,15
413,tank4_t72_89,0,2,1196,0,0,11,0,0,0,0,0,100,0,0,0,0,0,0,0,0,0,0,0,0,0,0,0,0,0,0,0,0,100,100,0,0,0,0,-6,6,0,0,260,99,44,3,4,3,15
414,tank4_t72_89,0,2,1199,0,0,11,0,0,0,0,0,100,0,0,0,0,0,0,0,0,0,0,0,0,0,0,0,0,0,0,0,0,100,100,0,0,0,0,-6,6,0,0,260,99,44,3,4,3,15
415,tank4_t72_89,0,2,1202,0,0,11,0,0,0,0,0,100,0,0,0,0,0,0,0,0,0,0,0,0,0,0,0,0,0,0,0,0,100,100,0,0,0,0,-6,6,0,0,260,99,44,3,4,3,15
416,tank4_t72_89,0,2,1205,0,0,11,0,0,0,0,0,100,0,0,0,0,0,0,0,0,0,0,0,0,0,0,0,0,0,0,0,0,100,100,0,0,0,0,-6,6,0,0,260,99,44,3,4,3,15
417,tank4_t72_89,0,2,1208,0,0,11,0,0,0,0,0,100,0,0,0,0,0,0,0,0,0,0,0,0,0,0,0,0,0,0,0,0,100,100,0,0,0,0,-6,6,0,0,260,99,44,3,4,3,15
418,tank4_t72_89,0,2,1211,0,0,11,0,0,0,0,0,100,0,0,0,0,0,0,0,0,0,0,0,0,0,0,0,0,0,0,0,0,100,100,0,0,0,0,-6,6,0,0,260,99,44,3,4,3,15
419,tank4_t72_89,0,2,1214,0,0,11,0,0,0,0,0,100,0,0,0,0,0,0,0,0,0,0,0,0,0,0,0,0,0,0,0,0,100,100,0,0,0,0,-6,6,0,0,260,99,44,3,4,3,15
420,tank4_t72_89,0,2,1217,0,0,11,0,0,0,0,0,100,0,0,0,0,0,0,0,0,0,0,0,0,0,0,0,0,0,0,0,0,100,100,0,0,0,0,-6,6,0,0,260,99,44,3,4,3,15
421,tank4_t72_89,0,2,1220,0,0,11,0,0,0,0,0,100,0,0,0,0,0,0,0,0,0,0,0,0,0,0,0,0,0,0,0,0,100,100,0,0,0,0,-6,6,0,0,260,99,44,3,4,3,15
422,tank4_t72_89,0,2,1223,0,0,11,0,0,0,0,0,100,0,0,0,0,0,0,0,0,0,0,0,0,0,0,0,0,0,0,0,0,100,100,0,0,0,0,-6,6,0,0,260,99,44,3,4,3,15
423,tank4_t72_89,0,2,1226,0,0,11,0,0,0,0,0,100,0,0,0,0,0,0,0,0,0,0,0,0,0,0,0,0,0,0,0,0,100,100,0,0,0,0,-6,6,0,0,260,99,44,3,4,3,15
424,tank4_t72_89,0,2,1229,0,0,11,0,0,0,0,0,100,0,0,0,0,0,0,0,0,0,0,0,0,0,0,0,0,0,0,0,0,100,100,0,0,0,0,-6,6,0,0,260,99,44,3,4,3,15
425,tank4_t72_89,0,2,1232,0,0,11,0,0,0,0,0,100,0,0,0,0,0,0,0,0,0,0,0,0,0,0,0,0,0,0,0,0,100,100,0,0,0,0,-6,6,0,0,260,99,44,3,4,3,15
426,tank4_t72_89,0,2,1235,0,0,11,0,0,0,0,0,100,0,0,0,0,0,0,0,0,0,0,0,0,0,0,0,0,0,0,0,0,100,100,0,0,0,0,-6,6,0,0,260,99,44,3,4,3,15
427,tank4_t72_89,0,2,1238,0,0,11,0,0,0,0,0,100,0,0,0,0,0,0,0,0,0,0,0,0,0,0,0,0,0,0,0,0,100,100,0,0,0,0,-6,6,0,0,260,99,44,3,4,3,15
428,tank4_t72_89,0,2,1241,0,0,11,0,0,0,0,0,100,0,0,0,0,0,0,0,0,0,0,0,0,0,0,0,0,0,0,0,0,100,100,0,0,0,0,-6,6,0,0,260,99,44,3,4,3,15
429,tank4_t72_89,0,2,1244,0,0,11,0,0,0,0,0,100,0,0,0,0,0,0,0,0,0,0,0,0,0,0,0,0,0,0,0,0,100,100,0,0,0,0,-6,6,0,0,260,99,44,3,4,3,15
430,tank4_t72_89,0,2,1247,0,0,11,0,0,0,0,0,100,0,0,0,0,0,0,0,0,0,0,0,0,0,0,0,0,0,0,0,0,100,100,0,0,0,0,-6,6,0,0,260,99,44,3,4,3,15
431,tank4_t72_89,0,2,1250,0,0,11,0,0,0,0,0,100,0,0,0,0,0,0,0,0,0,0,0,0,0,0,0,0,0,0,0,0,100,100,0,0,0,0,-6,6,0,0,260,99,44,3,4,3,15
432,tank4_t72_89,0,2,1253,0,0,11,0,0,0,0,0,100,0,0,0,0,0,0,0,0,0,0,0,0,0,0,0,0,0,0,0,0,100,100,0,0,0,0,-6,6,0,0,260,99,44,3,4,3,15
433,tank4_t72_89,0,2,1256,0,0,11,0,0,0,0,0,100,0,0,0,0,0,0,0,0,0,0,0,0,0,0,0,0,0,0,0,0,100,100,0,0,0,0,-6,6,0,0,260,99,44,3,4,3,15
434,tank4_t72_89,0,2,1259,0,0,11,0,0,0,0,0,100,0,0,0,0,0,0,0,0,0,0,0,0,0,0,0,0,0,0,0,0,100,100,0,0,0,0,-6,6,0,0,260,99,44,3,4,3,15
435,tank4_t72_89,0,2,1262,0,0,11,0,0,0,0,0,100,0,0,0,0,0,0,0,0,0,0,0,0,0,0,0,0,0,0,0,0,100,100,0,0,0,0,-6,6,0,0,260,99,44,3,4,3,15
436,tank4_t72_89,0,2,1265,0,0,11,0,0,0,0,0,100,0,0,0,0,0,0,0,0,0,0,0,0,0,0,0,0,0,0,0,0,100,100,0,0,0,0,-6,6,0,0,260,99,44,3,4,3,15
437,tank4_t72_89,0,2,1268,0,0,11,0,0,0,0,0,100,0,0,0,0,0,0,0,0,0,0,0,0,0,0,0,0,0,0,0,0,100,100,0,0,0,0,-6,6,0,0,260,99,44,3,4,3,15
438,tank4_t72_89,0,2,1271,0,0,11,0,0,0,0,0,100,0,0,0,0,0,0,0,0,0,0,0,0,0,0,0,0,0,0,0,0,100,100,0,0,0,0,-6,6,0,0,260,99,44,3,4,3,15
439,tank4_t72_89,0,2,1274,0,0,11,0,0,0,0,0,100,0,0,0,0,0,0,0,0,0,0,0,0,0,0,0,0,0,0,0,0,100,100,0,0,0,0,-6,6,0,0,260,99,44,3,4,3,15
440,tank4_t72_89,0,2,1277,0,0,11,0,0,0,0,0,100,0,0,0,0,0,0,0,0,0,0,0,0,0,0,0,0,0,0,0,0,100,100,0,0,0,0,-6,6,0,0,260,99,44,3,4,3,15
441,tank4_t72_89,0,2,1280,0,0,11,0,0,0,0,0,100,0,0,0,0,0,0,0,0,0,0,0,0,0,0,0,0,0,0,0,0,100,100,0,0,0,0,-6,6,0,0,260,99,44,3,4,3,15
442,tank4_t72_89,0,2,1283,0,0,11,0,0,0,0,0,100,0,0,0,0,0,0,0,0,0,0,0,0,0,0,0,0,0,0,0,0,100,100,0,0,0,0,-6,6,0,0,260,99,44,3,4,3,15
443,tank4_t72_89,0,2,1286,0,0,11,0,0,0,0,0,100,0,0,0,0,0,0,0,0,0,0,0,0,0,0,0,0,0,0,0,0,100,100,0,0,0,0,-6,6,0,0,260,99,44,3,4,3,15
444,tank4_t72_89,0,2,1289,0,0,11,0,0,0,0,0,100,0,0,0,0,0,0,0,0,0,0,0,0,0,0,0,0,0,0,0,0,100,100,0,0,0,0,-6,6,0,0,260,99,44,3,4,3,15
445,tank4_t72_89,0,2,1292,0,0,11,0,0,0,0,0,100,0,0,0,0,0,0,0,0,0,0,0,0,0,0,0,0,0,0,0,0,100,100,0,0,0,0,-6,6,0,0,260,99,44,3,4,3,15
446,tank4_t72_89,0,2,1295,0,0,11,0,0,0,0,0,100,0,0,0,0,0,0,0,0,0,0,0,0,0,0,0,0,0,0,0,0,100,100,0,0,0,0,-6,6,0,0,260,99,44,3,4,3,15
447,tank4_t72_89,0,2,1298,0,0,11,0,0,0,0,0,100,0,0,0,0,0,0,0,0,0,0,0,0,0,0,0,0,0,0,0,0,100,100,0,0,0,0,-6,6,0,0,260,99,44,3,4,3,15
448,tank4_t72_89,0,2,1301,0,0,11,0,0,0,0,0,100,0,0,0,0,0,0,0,0,0,0,0,0,0,0,0,0,0,0,0,0,100,100,0,0,0,0,-6,6,0,0,260,99,44,3,4,3,15
449,tank4_t72_89,0,2,1304,0,0,11,0,0,0,0,0,100,0,0,0,0,0,0,0,0,0,0,0,0,0,0,0,0,0,0,0,0,100,100,0,0,0,0,-6,6,0,0,260,99,44,3,4,3,15
450,tank4_t72_89,0,2,1307,0,0,11,0,0,0,0,0,100,0,0,0,0,0,0,0,0,0,0,0,0,0,0,0,0,0,0,0,0,100,100,0,0,0,0,-6,6,0,0,260,99,44,3,4,3,15
451,tank4_t72_89,0,2,1310,0,0,11,0,0,0,0,0,100,0,0,0,0,0,0,0,0,0,0,0,0,0,0,0,0,0,0,0,0,100,100,0,0,0,0,-6,6,0,0,260,99,44,3,4,3,15
452,tank4_t72_89,0,2,1313,0,0,11,0,0,0,0,0,100,0,0,0,0,0,0,0,0,0,0,0,0,0,0,0,0,0,0,0,0,100,100,0,0,0,0,-6,6,0,0,260,99,44,3,4,3,15
453,tank4_t72_89,0,2,1316,0,0,11,0,0,0,0,0,100,0,0,0,0,0,0,0,0,0,0,0,0,0,0,0,0,0,0,0,0,100,100,0,0,0,0,-6,6,0,0,260,99,44,3,4,3,15
454,tank4_t72_89,0,2,1319,0,0,11,0,0,0,0,0,100,0,0,0,0,0,0,0,0,0,0,0,0,0,0,0,0,0,0,0,0,100,100,0,0,0,0,-6,6,0,0,260,99,44,3,4,3,15
455,tank4_t72_89,0,2,1322,0,0,11,0,0,0,0,0,100,0,0,0,0,0,0,0,0,0,0,0,0,0,0,0,0,0,0,0,0,100,100,0,0,0,0,-6,6,0,0,260,99,44,3,4,3,15
456,tank4_t72_89,0,2,1325,0,0,11,0,0,0,0,0,100,0,0,0,0,0,0,0,0,0,0,0,0,0,0,0,0,0,0,0,0,100,100,0,0,0,0,-6,6,0,0,260,99,44,3,4,3,15
457,tank4_t72_89,0,2,1328,0,0,11,0,0,0,0,0,100,0,0,0,0,0,0,0,0,0,0,0,0,0,0,0,0,0,0,0,0,100,100,0,0,0,0,-6,6,0,0,260,99,44,3,4,3,15
458,tank4_t72_89,0,2,1331,0,0,11,0,0,0,0,0,100,0,0,0,0,0,0,0,0,0,0,0,0,0,0,0,0,0,0,0,0,100,100,0,0,0,0,-6,6,0,0,260,99,44,3,4,3,15
459,tank4_t72_89,0,2,1334,0,0,11,0,0,0,0,0,100,0,0,0,0,0,0,0,0,0,0,0,0,0,0,0,0,0,0,0,0,100,100,0,0,0,0,-6,6,0,0,260,99,44,3,4,3,15
460,tank4_t72_89,0,2,1337,0,0,11,0,0,0,0,0,100,0,0,0,0,0,0,0,0,0,0,0,0,0,0,0,0,0,0,0,0,100,100,0,0,0,0,-6,6,0,0,260,99,44,3,4,3,15
461,tank4_t72_89,0,2,1340,0,0,11,0,0,0,0,0,100,0,0,0,0,0,0,0,0,0,0,0,0,0,0,0,0,0,0,0,0,100,100,0,0,0,0,-6,6,0,0,260,99,44,3,4,3,15
462,tank4_t72_89,0,2,1343,0,0,11,0,0,0,0,0,100,0,0,0,0,0,0,0,0,0,0,0,0,0,0,0,0,0,0,0,0,100,100,0,0,0,0,-6,6,0,0,260,99,44,3,4,3,15
463,tank4_t72_89,0,2,1346,0,0,11,0,0,0,0,0,100,0,0,0,0,0,0,0,0,0,0,0,0,0,0,0,0,0,0,0,0,100,100,0,0,0,0,-6,6,0,0,260,99,44,3,4,3,15
464,tank4_t72_89,0,2,1349,0,0,11,0,0,0,0,0,100,0,0,0,0,0,0,0,0,0,0,0,0,0,0,0,0,0,0,0,0,100,100,0,0,0,0,-6,6,0,0,260,99,44,3,4,3,15
465,tank4_t72_89,0,2,1352,0,0,11,0,0,0,0,0,100,0,0,0,0,0,0,0,0,0,0,0,0,0,0,0,0,0,0,0,0,100,100,0,0,0,0,-6,6,0,0,260,99,44,3,4,3,15
466,tank4_t72_89,0,2,1355,0,0,11,0,0,0,0,0,100,0,0,0,0,0,0,0,0,0,0,0,0,0,0,0,0,0,0,0,0,100,100,0,0,0,0,-6,6,0,0,260,99,44,3,4,3,15
467,tank4_t72_89,0,2,1358,0,0,11,0,0,0,0,0,100,0,0,0,0,0,0,0,0,0,0,0,0,0,0,0,0,0,0,0,0,100,100,0,0,0,0,-6,6,0,0,260,99,44,3,4,3,15
468,tank4_t72_89,0,2,1361,0,0,11,0,0,0,0,0,100,0,0,0,0,0,0,0,0,0,0,0,0,0,0,0,0,0,0,0,0,100,100,0,0,0,0,-6,6,0,0,260,99,44,3,4,3,15
469,tank4_t72_89,0,2,1364,0,0,11,0,0,0,0,0,100,0,0,0,0,0,0,0,0,0,0,0,0,0,0,0,0,0,0,0,0,100,100,0,0,0,0,-6,6,0,0,260,99,44,3,4,3,15
470,tank4_t72_89,0,2,1367,0,0,11,0,0,0,0,0,100,0,0,0,0,0,0,0,0,0,0,0,0,0,0,0,0,0,0,0,0,100,100,0,0,0,0,-6,6,0,0,260,99,44,3,4,3,15
471,tank4_t72_89,0,2,1370,0,0,11,0,0,0,0,0,100,0,0,0,0,0,0,0,0,0,0,0,0,0,0,0,0,0,0,0,0,100,100,0,0,0,0,-6,6,0,0,260,99,44,3,4,3,15
472,tank4_t72_89,0,2,1373,0,0,11,0,0,0,0,0,100,0,0,0,0,0,0,0,0,0,0,0,0,0,0,0,0,0,0,0,0,100,100,0,0,0,0,-6,6,0,0,260,99,44,3,4,3,15
473,tank4_t72_89,0,2,1376,0,0,11,0,0,0,0,0,100,0,0,0,0,0,0,0,0,0,0,0,0,0,0,0,0,0,0,0,0,100,100,0,0,0,0,-6,6,0,0,260,99,44,3,4,3,15
474,tank4_t72_89,0,2,1379,0,0,11,0,0,0,0,0,100,0,0,0,0,0,0,0,0,0,0,0,0,0,0,0,0,0,0,0,0,100,100,0,0,0,0,-6,6,0,0,260,99,44,3,4,3,15
475,tank4_t72_89,0,2,1382,0,0,11,0,0,0,0,0,100,0,0,0,0,0,0,0,0,0,0,0,0,0,0,0,0,0,0,0,0,100,100,0,0,0,0,-6,6,0,0,260,99,44,3,4,3,15
476,tank4_t72_89,0,2,1385,0,0,11,0,0,0,0,0,100,0,0,0,0,0,0,0,0,0,0,0,0,0,0,0,0,0,0,0,0,100,100,0,0,0,0,-6,6,0,0,260,99,44,3,4,3,15
477,tank4_t72_89,0,2,1388,0,0,11,0,0,0,0,0,100,0,0,0,0,0,0,0,0,0,0,0,0,0,0,0,0,0,0,0,0,100,100,0,0,0,0,-6,6,0,0,260,99,44,3,4,3,15
478,tank4_t72_89,0,2,1391,0,0,11,0,0,0,0,0,100,0,0,0,0,0,0,0,0,0,0,0,0,0,0,0,0,0,0,0,0,100,100,0,0,0,0,-6,6,0,0,260,99,44,3,4,3,15
479,tank4_t72_89,0,2,1394,0,0,11,0,0,0,0,0,100,0,0,0,0,0,0,0,0,0,0,0,0,0,0,0,0,0,0,0,0,100,100,0,0,0,0,-6,6,0,0,260,99,44,3,4,3,15
480,tank4_t72_89,0,2,1397,0,0,11,0,0,0,0,0,100,0,0,0,0,0,0,0,0,0,0,0,0,0,0,0,0,0,0,0,0,100,100,0,0,0,0,-6,6,0,0,260,99,44,3,4,3,15
481,tank4_t72_89,0,2,1400,0,0,11,0,0,0,0,0,100,0,0,0,0,0,0,0,0,0,0,0,0,0,0,0,0,0,0,0,0,100,100,0,0,0,0,-6,6,0,0,260,99,44,3,4,3,15
482,tank4_t72_89,0,2,1403,0,0,11,0,0,0,0,0,100,0,0,0,0,0,0,0,0,0,0,0,0,0,0,0,0,0,0,0,0,100,100,0,0,0,0,-6,6,0,0,260,99,44,3,4,3,15
483,tank4_t72_89,0,2,1406,0,0,11,0,0,0,0,0,100,0,0,0,0,0,0,0,0,0,0,0,0,0,0,0,0,0,0,0,0,100,100,0,0,0,0,-6,6,0,0,260,99,44,3,4,3,15
484,tank4_t72_89,0,2,1409,0,0,11,0,0,0,0,0,100,0,0,0,0,0,0,0,0,0,0,0,0,0,0,0,0,0,0,0,0,100,100,0,0,0,0,-6,6,0,0,260,99,44,3,4,3,15
485,tank4_t72_89,0,2,1412,0,0,11,0,0,0,0,0,100,0,0,0,0,0,0,0,0,0,0,0,0,0,0,0,0,0,0,0,0,100,100,0,0,0,0,-6,6,0,0,260,99,44,3,4,3,15
486,tank4_t72_89,0,2,1415,0,0,11,0,0,0,0,0,100,0,0,0,0,0,0,0,0,0,0,0,0,0,0,0,0,0,0,0,0,100,100,0,0,0,0,-6,6,0,0,260,99,44,3,4,3,15
487,tank4_t72_89,0,2,1418,0,0,11,0,0,0,0,0,100,0,0,0,0,0,0,0,0,0,0,0,0,0,0,0,0,0,0,0,0,100,100,0,0,0,0,-6,6,0,0,260,99,44,3,4,3,15
488,tank4_t72_89,0,2,1421,0,0,11,0,0,0,0,0,100,0,0,0,0,0,0,0,0,0,0,0,0,0,0,0,0,0,0,0,0,100,100,0,0,0,0,-6,6,0,0,260,99,44,3,4,3,15
489,tank4_t72_89,0,2,1424,0,0,11,0,0,0,0,0,100,0,0,0,0,0,0,0,0,0,0,0,0,0,0,0,0,0,0,0,0,100,100,0,0,0,0,-6,6,0,0,260,99,44,3,4,3,15
490,tank4_t72_89,0,2,1427,0,0,11,0,0,0,0,0,100,0,0,0,0,0,0,0,0,0,0,0,0,0,0,0,0,0,0,0,0,100,100,0,0,0,0,-6,6,0,0,260,99,44,3,4,4,15
491,tank4_t72_89,0,2,1430,0,0,11,0,0,0,0,0,100,0,0,0,0,0,0,0,0,0,0,0,0,0,0,0,0,0,0,0,0,100,100,0,0,0,0,-6,6,0,0,260,99,44,3,4,4,15
492,tank4_t72_89,0,2,1433,0,0,11,0,0,0,0,0,100,0,0,0,0,0,0,0,0,0,0,0,0,0,0,0,0,0,0,0,0,100,100,0,0,0,0,-6,6,0,0,260,99,44,3,4,4,15
493,tank4_t72_89,0,2,1436,0,0,11,0,0,0,0,0,100,0,0,0,0,0,0,0,0,0,0,0,0,0,0,0,0,0,0,0,0,100,100,0,0,0,0,-6,6,0,0,260,99,44,3,4,4,15
494,tank4_t72_89,0,2,1439,0,0,11,0,0,0,0,0,100,0,0,0,0,0,0,0,0,0,0,0,0,0,0,0,0,0,0,0,0,100,100,0,0,0,0,-6,6,0,0,260,99,44,3,4,4,15
495,tank4_t72_89,0,2,1442,0,0,11,0,0,0,0,0,100,0,0,0,0,0,0,0,0,0,0,0,0,0,0,0,0,0,0,0,0,100,100,0,0,0,0,-6,6,0,0,260,99,44,3,4,4,15
496,tank4_t72_89,0,2,1445,0,0,11,0,0,0,0,0,100,0,0,0,0,0,0,0,0,0,0,0,0,0,0,0,0,0,0,0,0,100,100,0,0,0,0,-6,6,0,0,260,99,44,3,4,4,15
497,tank4_t72_89,0,2,1448,0,0,11,0,0,0,0,0,100,0,0,0,0,0,0,0,0,0,0,0,0,0,0,0,0,0,0,0,0,100,100,0,0,0,0,-6,6,0,0,260,99,44,3,4,4,15
498,tank4_t72_89,0,2,1451,0,0,11,0,0,0,0,0,100,0,0,0,0,0,0,0,0,0,0,0,0,0,0,0,0,0,0,0,0,100,100,0,0,0,0,-6,6,0,0,260,99,44,3,4,4,15
499,tank4_t72_89,0,2,1454,0,0,11,0,0,0,0,0,100,0,0,0,0,0,0,0,0,0,0,0,0,0,0,0,0,0,0,0,0,100,100,0,0,0,0,-6,6,0,0,260,99,44,3,4,4,15
500,tank4_t72_89,0,2,1457,0,0,11,0,0,0,0,0,100,0,0,0,0,0,0,0,0,0,0,0,0,0,0,0,0,0,0,0,0,100,100,0,0,0,0,-6,6,0,0,260,99,44,3,4,4,15
501,tank4_t72_89,0,2,1460,0,0,11,0,0,0,10,1,100,0,0,0,10,0,0,0,0,0,0,0,0,0,0,0,0,0,0,0,0,100,100,0,0,0,0,-6,6,0,0,260,99,44,3,4,4,15
502,tank4_t72_89,0,2,1463,0,0,11,0,0,0,20,2,100,1,0,0,20,0,0,0,0,0,0,0,0,0,0,0,0,0,0,0,0,100,100,0,0,0,0,-6,6,0,0,260,99,44,3,4,4,15
503,tank4_t72_89,0,2,1466,0,0,11,0,0,0,30,3,100,2,0,0,30,0,0,0,0,0,0,0,0,0,0,0,0,0,0,0,0,100,100,0,0,0,0,-6,6,0,0,260,99,44,3,4,4,15
504,tank4_t72_89,0,2,1469,0,0,11,0,0,0,40,4,100,3,0,0,40,0,0,0,0,0,0,0,0,0,0,0,0,0,0,0,0,100,100,0,0,0,0,-6,6,0,0,260,99,44,3,4,4,15
505,tank4_t72_89,0,2,1472,0,0,11,0,0,0,50,5,100,3,0,0,50,0,0,0,0,0,0,0,0,0,0,0,0,0,0,0,0,100,100,0,0,0,0,-6,6,0,0,260,99,44,3,4,4,15
506,tank4_t72_89,0,2,1475,0,0,11,0,0,0,60,6,100,4,0,0,60,0,0,0,0,0,0,0,0,0,0,0,0,0,0,0,0,100,100,0,0,0,0,-6,6,0,0,260,99,44,3,4,4,15
507,tank4_t72_89,0,2,1478,0,0,11,0,0,0,70,7,100,5,0,0,70,0,0,0,0,0,0,0,0,0,0,0,0,0,0,0,0,100,100,0,0,0,0,-6,6,0,0,260,99,44,3,4,4,15
508,tank4_t72_89,0,2,1481,0,0,11,0,0,0,90,8,100,6,0,0,80,0,0,0,0,0,0,0,0,0,0,0,0,0,0,0,0,100,100,0,0,0,0,-6,6,0,0,260,99,44,3,4,4,15
509,tank4_t72_89,0,2,1484,0,0,11,0,0,0,110,9,100,7,0,0,90,0,0,0,0,0,0,0,0,0,0,0,0,0,0,0,0,100,100,0,0,0,0,-6,6,0,0,260,99,44,3,4,4,15
510,tank4_t72_89,0,2,1487,0,0,11,0,0,0,130,10,100,7,0,0,100,0,0,0,0,0,0,0,0,0,0,0,0,0,0,0,0,100,100,0,0,0,0,-6,6,0,0,260,99,44,3,4,4,15
511,tank4_t72_89,0,2,1490,0,0,11,0,0,0,150,11,100,8,0,0,100,0,0,0,0,0,0,0,0,0,0,0,0,0,0,0,0,100,100,0,0,0,0,-6,6,0,0,260,99,44,3,4,4,15
512,tank4_t72_89,0,2,1493,0,0,11,0,0,0,170,12,100,9,0,0,100,0,0,0,0,0,0,0,0,0,0,0,0,0,0,0,0,100,100,0,0,0,0,-6,6,0,0,260,99,44,3,4,4,15
513,tank4_t72_89,0,2,1496,0,0,11,0,0,0,190,13,100,10,0,0,100,0,0,0,0,0,0,0,0,0,0,0,0,0,0,0,0,100,100,0,0,0,0,-6,6,0,0,260,99,44,3,4,4,15
514,tank4_t72_89,0,2,1499,0,0,11,0,0,0,210,14,100,10,0,0,100,0,0,0,0,0,0,0,0,0,0,0,0,0,0,0,0,100,100,0,0,0,0,-6,6,0,0,260,99,44,3,4,4,15
515,tank4_t72_89,0,2,1502,0,0,11,0,0,0,230,15,100,11,0,0,100,0,0,0,0,0,0,0,0,0,0,0,0,0,0,0,0,100,100,0,0,0,0,-6,6,0,0,260,99,44,3,4,4,15
516,tank4_t72_89,0,2,1505,0,0,11,0,0,0,260,16,100,12,0,0,100,0,0,0,0,0,0,0,0,0,0,0,0,0,0,0,0,100,100,0,0,0,0,-6,6,0,0,260,99,44,3,4,4,15
517,tank4_t72_89,0,2,1508,0,0,11,0,0,0,290,17,100,13,0,0,100,0,0,0,0,0,0,0,0,0,0,0,0,0,0,0,0,100,100,0,0,0,0,-6,6,0,0,260,99,44,3,4,4,15
518,tank4_t72_89,0,2,1511,0,0,11,0,0,0,320,18,100,14,0,0,100,0,0,0,0,0,0,0,0,0,0,0,0,0,0,0,0,100,100,0,0,0,0,-6,6,0,0,260,99,44,3,4,4,15
519,tank4_t72_89,0,2,1514,0,0,11,0,0,0,350,19,100,14,0,0,100,0,0,0,0,0,0,0,0,0,0,0,0,0,0,0,0,100,100,0,0,0,0,-6,6,0,0,260,99,44,3,4,4,15
520,tank4_t72_89,0,2,1517,0,0,11,0,0,0,380,20,100,15,0,0,100,0,0,0,0,0,0,0,0,0,0,0,0,0,0,0,0,100,100,0,0,0,0,-6,6,0,0,260,99,44,3,4,4,15
521,tank4_t72_89,0,2,1520,0,0,11,0,0,0,410,21,100,16,0,0,100,0,0,0,0,0,0,0,0,0,0,0,0,0,0,0,0,100,100,0,0,0,0,-6,6,0,0,260,99,44,3,4,4,15
522,tank4_t72_89,0,2,1523,0,0,11,0,0,0,440,22,100,17,0,0,100,0,0,0,0,0,0,0,0,0,0,0,0,0,0,0,0,100,100,0,0,0,0,-6,6,0,0,260,99,44,3,4,4,15
523,tank4_t72_89,0,2,1526,0,0,11,0,0,0,470,23,100,17,0,0,100,0,0,0,0,0,0,0,0,0,0,0,0,0,0,0,0,100,100,0,0,0,0,-6,6,0,0,260,99,44,3,4,4,15
524,tank4_t72_89,0,2,1529,0,0,11,0,0,0,510,24,100,18,0,0,100,0,0,0,0,0,0,0,0,0,0,0,0,0,0,0,0,100,100,0,0,0,0,-6,6,0,0,260,99,44,3,4,4,15
525,tank4_t72_89,0,2,1532,0,0,11,0,0,0,550,25,100,19,0,0,100,0,0,0,0,0,0,0,0,0,0,0,0,0,0,0,0,100,100,0,0,0,0,-6,6,0,0,260,99,44,3,4,4,15
526,tank4_t72_89,0,2,1535,0,0,11,0,0,0,590,26,100,20,0,0,100,0,0,0,0,0,0,0,0,0,0,0,0,0,0,0,0,100,100,0,0,0,0,-6,6,0,0,260,99,44,3,4,4,15
527,tank4_t72_89,0,2,1538,0,0,11,0,0,0,630,27,100,21,0,0,100,0,0,0,0,0,0,0,0,0,0,0,0,0,0,0,0,100,100,0,0,0,0,-6,6,0,0,260,99,44,3,4,4,15
528,tank4_t72_89,0,2,1541,0,0,11,0,0,0,670,28,100,21,0,0,100,0,0,0,0,0,0,0,0,0,0,0,0,0,0,0,0,100,100,0,0,0,0,-6,6,0,0,260,99,44,3,4,4,15
529,tank4_t72_89,0,2,1544,0,0,11,0,0,0,710,29,100,22,0,0,100,0,0,0,0,0,0,0,0,0,0,0,0,0,0,0,0,100,100,0,0,0,0,-6,6,0,0,260,99,44,3,4,4,15
530,tank4_t72_89,0,2,1547,0,0,11,0,0,0,750,30,100,23,0,0,100,0,0,0,0,0,0,0,0,0,0,0,0,0,0,0,0,100,100,0,0,0,0,-6,6,0,0,260,99,44,3,4,4,15
531,tank4_t72_89,0,2,1550,0,0,11,0,0,0,790,31,100,24,0,0,100,0,0,0,0,0,0,0,0,0,0,0,0,0,0,0,0,100,100,0,0,0,0,-6,6,0,0,260,99,44,3,4,4,15
532,tank4_t72_89,0,2,1553,0,0,11,0,0,0,840,32,100,25,0,0,100,0,0,0,0,0,0,0,0,0,0,0,0,0,0,0,0,100,100,0,0,0,0,-6,6,0,0,260,99,44,3,4,4,15
533,tank4_t72_89,0,2,1556,0,0,11,0,0,0,890,33,100,25,0,0,100,0,0,0,0,0,0,0,0,0,0,0,0,0,0,0,0,100,100,0,0,0,0,-6,6,0,0,260,99,44,3,4,4,15
534,tank4_t72_89,0,2,1559,0,0,11,0,0,0,940,34,100,26,0,0,100,0,0,0,0,0,0,0,0,0,0,0,0,0,0,0,0,100,100,0,0,0,0,-6,6,0,0,260,99,44,3,4,4,15
535,tank4_t72_89,0,2,1562,0,0,11,0,0,0,990,35,100,27,0,0,100,0,0,0,0,0,0,0,0,0,0,0,0,0,0,0,0,100,100,0,0,0,0,-6,6,0,0,260,99,44,3,4,4,15
536,tank4_t72_89,0,2,1565,0,0,11,0,0,0,1040,36,100,28,0,0,100,0,0,0,0,0,0,0,0,0,0,0,0,0,0,0,0,100,100,0,0,0,0,-6,6,0,0,260,99,44,3,4,4,15
537,tank4_t72_89,0,2,1568,0,0,11,0,0,0,1090,37,100,28,0,0,100,0,0,0,0,0,0,0,0,0,0,0,0,0,0,0,0,100,100,0,0,0,0,-6,6,0,0,260,99,44,3,4,4,15
538,tank4_t72_89,0,2,1571,0,0,11,0,0,0,1140,38,100,29,0,0,100,0,0,0,0,0,0,0,0,0,0,0,0,0,0,0,0,100,100,0,0,0,0,-6,6,0,0,260,99,44,3,4,4,15
539,tank4_t72_89,0,2,1574,0,0,11,0,0,0,1190,39,100,30,0,0,100,0,0,0,0,0,0,0,0,0,0,0,0,0,0,0,0,100,100,0,0,0,0,-6,6,0,0,260,99,44,3,4,4,15
540,tank4_t72_89,0,2,1577,0,0,11,0,0,0,1250,40,100,31,0,0,100,0,0,0,0,0,0,0,0,0,0,0,0,0,0,0,0,100,100,0,0,0,0,-6,6,0,0,260,99,44,3,4,4,15
541,tank4_t72_89,0,2,1580,0,0,11,0,0,0,1310,41,100,32,0,0,100,0,0,0,0,0,0,0,0,0,0,0,0,0,0,0,0,100,100,0,0,0,0,-6,6,0,0,260,99,44,3,4,4,15
542,tank4_t72_89,0,2,1583,0,0,11,0,0,0,1370,42,100,32,0,0,100,0,0,0,0,0,0,0,0,0,0,0,0,0,0,0,0,100,100,0,0,0,0,-6,6,0,0,260,99,44,3,4,4,15
543,tank4_t72_89,0,2,1586,0,0,11,0,0,0,1430,43,100,33,0,0,100,0,0,0,0,0,0,0,0,0,0,0,0,0,0,0,0,100,100,0,0,0,0,-6,6,0,0,260,99,44,3,4,4,15
544,tank4_t72_89,0,2,1589,0,0,11,0,0,0,1490,44,100,34,0,0,100,0,0,0,0,0,0,0,0,0,0,0,0,0,0,0,0,100,100,0,0,0,0,-6,6,0,0,260,99,44,3,4,4,15
545,tank4_t72_89,0,2,1592,0,0,11,0,0,0,1550,45,100,35,0,0,100,0,0,0,0,0,0,0,0,0,0,0,0,0,0,0,0,100,100,0,0,0,0,-6,6,0,0,260,99,44,3,4,4,15
546,tank4_t72_89,0,2,1595,0,0,11,0,0,0,1610,46,100,35,0,0,100,0,0,0,0,0,0,0,0,0,0,0,0,0,0,0,0,100,100,0,0,0,0,-6,6,0,0,260,99,44,3,4,4,15
547,tank4_t72_89,0,2,1598,0,0,11,0,0,0,1670,47,100,36,0,0,100,0,0,0,0,0,0,0,0,0,0,0,0,0,0,0,0,100,100,0,0,0,0,-6,6,0,0,260,99,44,3,4,4,15
548,tank4_t72_89,0,2,1601,0,0,11,0,0,0,1740,48,100,37,0,0,100,0,0,0,0,0,0,0,0,0,0,0,0,0,0,0,0,100,100,0,0,0,0,-6,6,0,0,260,99,44,3,4,4,15
549,tank4_t72_89,0,2,1604,0,0,11,0,0,0,1810,49,100,38,0,0,100,0,0,0,0,0,0,0,0,0,0,0,0,0,0,0,0,100,100,0,0,0,0,-6,6,0,0,260,99,44,3,4,4,15
550,tank4_t72_89,0,2,1607,0,0,11,0,0,0,1880,50,100,39,0,0,100,0,0,0,0,0,0,0,0,0,0,0,0,0,0,0,0,100,100,0,0,0,0,-6,6,0,0,260,99,44,3,4,4,15
551,tank4_t72_89,0,2,1610,0,0,11,0,0,0,1950,51,100,39,0,0,100,0,0,0,0,0,0,0,0,0,0,0,0,0,0,0,0,100,100,0,0,0,0,-6,6,0,0,260,99,44,3,4,4,15
552,tank4_t72_89,0,2,1613,0,0,11,0,0,0,2020,52,100,40,0,0,100,0,0,0,0,0,0,0,0,0,0,0,0,0,0,0,0,100,100,0,0,0,0,-6,6,0,0,260,99,44,3,4,4,15
553,tank4_t72_89,0,2,1616,0,0,11,0,0,0,2090,53,100,41,0,0,100,0,0,0,0,0,0,0,0,0,0,0,0,0,0,0,0,100,100,0,0,0,0,-6,6,0,0,260,99,44,3,4,4,15
554,tank4_t72_89,0,2,1619,0,0,11,0,0,0,2160,54,100,42,0,0,100,0,0,0,0,0,0,0,0,0,0,0,0,0,0,0,0,100,100,0,0,0,0,-6,6,0,0,260,99,44,3,4,4,15
555,tank4_t72_89,0,2,1622,0,0,11,0,0,0,2230,55,100,42,0,0,100,0,0,0,0,0,0,0,0,0,0,0,0,0,0,0,0,100,100,0,0,0,0,-6,6,0,0,260,99,44,3,4,4,15
556,tank4_t72_89,0,2,1625,0,0,11,0,0,0,2310,56,100,43,0,0,100,0,0,0,0,0,0,0,0,0,0,0,0,0,0,0,0,100,100,0,0,0,0,-6,6,0,0,260,99,44,3,4,4,15
557,tank4_t72_89,0,2,1628,0,0,11,0,0,0,2390,57,100,44,0,0,100,0,0,0,0,0,0,0,0,0,0,0,0,0,0,0,0,100,100,0,0,0,0,-6,6,0,0,260,99,44,3,4,4,15
558,tank4_t72_89,0,2,1631,0,0,11,0,0,0,2470,58,100,45,0,0,100,0,0,0,0,0,0,0,0,0,0,0,0,0,0,0,0,100,100,0,0,0,0,-6,6,0,0,260,99,44,3,4,4,15
559,tank4_t72_89,0,2,1634,0,0,11,0,0,0,2550,59,100,46,0,0,100,0,0,0,0,0,0,0,0,0,0,0,0,0,0,0,0,100,100,0,0,0,0,-6,6,0,0,260,99,44,3,4,4,15
560,tank4_t72_89,0,2,1637,0,0,11,0,0,0,2630,60,100,46,0,0,100,0,0,0,0,0,0,0,0,0,0,0,0,0,0,0,0,100,100,0,0,0,0,-6,2,0,0,260,99,44,3,4,4,15
561,tank4_t72_89,0,2,1640,0,0,11,0,0,0,2710,61,100,47,0,0,100,0,0,0,0,0,0,0,0,0,0,0,0,0,0,0,0,100,100,0,0,0,0,-6,2,0,0,260,99,44,3,4,4,15
562,tank4_t72_89,0,2,1643,0,0,11,0,0,0,2790,62,100,48,0,0,100,0,0,0,0,0,0,0,0,0,0,0,0,0,0,0,0,100,100,0,0,0,0,-6,2,0,0,260,99,44,3,4,4,15
563,tank4_t72_89,0,2,1646,0,0,11,0,0,0,2870,63,100,49,0,0,100,0,0,0,0,0,0,0,0,0,0,0,0,0,0,0,0,100,100,0,0,0,0,-6,2,0,0,260,99,44,3,4,4,15
564,tank4_t72_89,0,2,1649,0,0,11,0,0,0,2950,64,100,50,0,0,100,0,0,0,0,0,0,0,0,0,0,0,0,0,0,0,0,100,100,0,0,0,0,-6,2,0,0,260,99,44,3,4,4,15
565,tank4_t72_89,0,2,1652,0,0,11,0,0,0,3030,65,100,50,0,0,100,0,0,0,0,0,0,0,0,0,0,0,0,0,0,0,0,100,100,0,0,0,0,-6,2,0,0,260,99,44,3,4,4,15
566,tank4_t72_89,0,2,1655,0,0,11,0,0,0,3110,66,100,51,0,0,100,0,0,0,0,0,0,0,0,0,0,0,0,0,0,0,0,100,100,0,0,0,0,-6,2,0,0,260,99,44,3,4,4,15
567,tank4_t72_89,0,2,1658,0,0,11,0,0,0,3190,67,100,52,0,0,100,0,0,0,0,0,0,0,0,0,0,0,0,0,0,0,0,100,100,0,0,0,0,-6,2,0,0,260,99,44,3,4,4,15
568,tank4_t72_89,0,2,1661,0,0,11,0,0,0,3270,68,100,53,0,0,100,0,0,0,0,0,0,0,0,0,0,0,0,0,0,0,0,100,100,0,0,0,0,-6,2,0,0,260,99,44,3,4,4,15
569,tank4_t72_89,0,2,1664,0,0,11,0,0,0,3350,69,100,53,0,0,100,0,0,0,0,0,0,0,0,0,0,0,0,0,0,0,0,100,100,0,0,0,0,-6,2,0,0,260,99,44,3,4,4,15
570,tank4_t72_89,0,2,1667,0,0,11,0,0,0,3430,70,100,54,0,0,100,0,0,0,0,0,0,0,0,0,0,0,0,0,0,0,0,100,100,0,0,0,0,-6,2,0,0,260,99,44,3,4,4,15
571,tank4_t72_89,0,2,1670,0,0,11,0,0,0,3510,71,100,55,0,0,100,0,0,0,0,0,0,0,0,0,0,0,0,0,0,0,0,100,100,0,0,0,0,-6,2,0,0,260,99,44,3,4,4,15
572,tank4_t72_89,0,2,1673,0,0,11,0,0,0,3590,72,100,56,0,0,100,0,0,0,0,0,0,0,0,0,0,0,0,0,0,0,0,100,100,0,0,0,0,-6,2,0,0,260,99,44,3,4,4,15
573,tank4_t72_89,0,2,1676,0,0,11,0,0,0,3670,73,100,57,0,0,100,0,0,0,0,0,0,0,0,0,0,0,0,0,0,0,0,100,100,0,0,0,0,-6,2,0,0,260,99,44,3,4,4,15
574,tank4_t72_89,0,2,1679,0,0,11,0,0,0,3750,74,100,57,0,0,100,0,0,0,0,0,0,0,0,0,0,0,0,0,0,0,0,100,100,0,0,0,0,-6,2,0,0,260,99,44,3,4,4,15
575,tank4_t72_89,0,2,1682,0,0,11,0,0,0,3830,75,100,58,0,0,100,0,0,0,0,0,0,0,0,0,0,0,0,0,0,0,0,100,100,0,0,0,0,-6,2,0,0,260,99,44,3,4,4,15
576,tank4_t72_89,0,2,1685,0,0,11,0,0,0,3910,76,100,59,0,0,100,0,0,0,0,0,0,0,0,0,0,0,0,0,0,0,0,100,100,0,0,0,0,-6,2,0,0,260,99,44,3,4,4,15
577,tank4_t72_89,0,2,1688,0,0,11,0,0,0,3990,77,100,60,0,0,100,0,0,0,0,0,0,0,0,0,0,0,0,0,0,0,0,100,100,0,0,0,0,-6,2,0,0,260,99,44,3,4,4,15
578,tank4_t72_89,0,2,1691,0,0,11,0,0,0,4070,78,100,60,0,0,100,0,0,0,0,0,0,0,0,0,0,0,0,0,0,0,0,100,100,0,0,0,0,-6,2,0,0,260,99,44,3,4,4,15
579,tank4_t72_89,0,2,1694,0,0,11,0,0,0,4150,79,100,61,0,0,100,0,0,0,0,0,0,0,0,0,0,0,0,0,0,0,0,100,100,0,0,0,0,-6,2,0,0,260,99,44,3,4,4,15
580,tank4_t72_89,0,2,1697,0,0,11,0,0,0,4230,80,100,62,0,0,100,0,0,0,0,0,0,0,0,0,0,0,0,0,0,0,0,100,100,0,0,0,0,-6,2,0,0,260,99,44,3,4,4,15
581,tank4_t72_89,0,2,1700,0,0,11,0,0,0,4310,81,100,63,0,0,100,0,0,0,0,0,0,0,0,0,0,0,0,0,0,0,0,100,100,0,0,0,0,-6,2,0,0,260,99,44,3,4,4,15
582,tank4_t72_89,0,2,1703,0,0,11,0,0,0,4390,82,100,64,0,0,100,0,0,0,0,0,0,0,0,0,0,0,0,0,0,0,0,100,100,0,0,0,0,-6,2,0,0,260,99,44,3,4,4,15
583,tank4_t72_89,0,2,1706,0,0,11,0,0,0,4470,83,100,64,0,0,100,0,0,0,0,0,0,0,0,0,0,0,0,0,0,0,0,100,100,0,0,0,0,-6,2,0,0,260,99,44,3,4,4,15
584,tank4_t72_89,0,2,1709,0,0,11,0,0,0,4550,84,100,65,0,0,100,0,0,0,0,0,0,0,0,0,0,0,0,0,0,0,0,100,100,0,0,0,0,-6,2,0,0,260,99,44,3,4,4,15
585,tank4_t72_89,0,2,1712,0,0,11,0,0,0,4630,85,100,66,0,0,100,0,0,0,0,0,0,0,0,0,0,0,0,0,0,0,0,100,100,0,0,0,0,-6,2,0,0,260,99,44,3,4,4,15
586,tank4_t72_89,0,2,1715,0,0,11,0,0,0,4710,86,100,67,0,0,100,0,0,0,0,0,0,0,0,0,0,0,0,0,0,0,0,100,100,0,0,0,0,-6,2,0,0,260,99,44,3,4,4,15
587,tank4_t72_89,0,2,1718,0,0,11,0,0,0,4790,87,100,67,0,0,100,0,0,0,0,0,0,0,0,0,0,0,0,0,0,0,0,100,100,0,0,0,0,-6,2,0,0,260,99,44,3,4,4,15
588,tank4_t72_89,0,2,1721,0,0,11,0,0,0,4870,88,100,68,0,0,100,0,0,0,0,0,0,0,0,0,0,0,0,0,0,0,0,100,100,0,0,0,0,-6,2,0,0,260,99,44,3,4,4,15
589,tank4_t72_89,0,2,1724,0,0,11,0,0,0,4950,89,100,69,0,0,100,0,0,0,0,0,0,0,0,0,0,0,0,0,0,0,0,100,100,0,0,0,0,-6,2,0,0,260,99,44,3,4,4,15
590,tank4_t72_89,0,2,1727,0,0,11,0,0,0,5030,90,100,70,0,0,100,0,0,0,0,0,0,0,0,0,0,0,0,0,0,0,0,100,100,0,0,0,0,-6,2,0,0,260,99,44,3,4,4,15
591,tank4_t72_89,0,2,1730,0,0,11,0,0,0,5110,91,100,71,0,0,100,0,0,0,0,0,0,0,0,0,0,0,0,0,0,0,0,100,100,0,0,0,0,-6,2,0,0,260,99,44,3,4,4,15
592,tank4_t72_89,0,2,1733,0,0,11,0,0,0,5190,92,100,71,0,0,100,0,0,0,0,0,0,0,0,0,0,0,0,0,0,0,0,100,100,0,0,0,0,-6,2,0,0,260,99,44,3,4,4,15
593,tank4_t72_89,0,2,1736,0,0,11,0,0,0,5270,93,100,72,0,0,100,0,0,0,0,0,0,0,0,0,0,0,0,0,0,0,0,100,100,0,0,0,0,-6,2,0,0,260,99,44,3,4,4,15
594,tank4_t72_89,0,2,1739,0,0,11,0,0,0,5350,94,100,73,0,0,100,0,0,0,0,0,0,0,0,0,0,0,0,0,0,0,0,100,100,0,0,0,0,-6,2,0,0,260,99,44,3,4,4,15
595,tank4_t72_89,0,2,1742,0,0,11,0,0,0,5430,95,100,74,0,0,100,0,0,0,0,0,0,0,0,0,0,0,0,0,0,0,0,100,100,0,0,0,0,-6,2,0,0,260,99,44,3,4,4,15
596,tank4_t72_89,0,2,1745,0,0,11,0,0,0,5510,96,100,75,0,0,100,0,0,0,0,0,0,0,0,0,0,0,0,0,0,0,0,100,100,0,0,0,0,-6,2,0,0,260,99,44,3,4,4,15
597,tank4_t72_89,0,2,1748,0,0,11,0,0,0,5590,97,100,75,0,0,100,0,0,0,0,0,0,0,0,0,0,0,0,0,0,0,0,100,100,0,0,0,0,-6,2,0,0,260,99,44,3,4,4,15
598,tank4_t72_89,0,2,1751,0,0,11,0,0,0,5670,98,100,76,0,0,100,0,0,0,0,0,0,0,0,0,0,0,0,0,0,0,0,100,100,0,0,0,0,-6,2,0,0,260,99,44,3,4,4,15
599,tank4_t72_89,0,2,1754,0,0,11,0,0,0,5750,99,100,77,0,0,100,0,0,0,0,0,0,0,0,0,0,0,0,0,0,0,0,100,100,0,0,0,0,-6,2,0,0,260,99,44,3,4,4,15
600,tank4_t72_89,0,2,1757,0,0,11,0,0,0,5830,100,100,78,0,0,100,0,0,0,0,0,0,0,0,0,0,0,0,0,0,0,0,100,100,0,0,0,0,-6,2,0,0,260,99,44,3,4,4,15
601,tank4_t72_89,0,2,1760,0,0,11,0,0,0,5910,101,100,78,0,0,100,0,0,0,0,0,0,0,0,0,0,0,0,0,0,0,0,100,100,0,0,0,0,-6,6,0,0,260,99,44,3,4,4,15
602,tank4_t72_89,0,2,1763,0,0,11,0,0,0,5990,102,100,79,0,0,100,0,0,0,0,0,0,0,0,0,0,0,0,0,0,0,0,100,100,0,0,0,0,-6,6,0,0,260,99,44,3,4,4,15
603,tank4_t72_89,0,2,1766,0,0,11,0,0,0,6070,103,100,80,0,0,100,0,0,0,0,0,0,0,0,0,0,0,0,0,0,0,0,100,100,0,0,0,0,-6,6,0,0,260,99,44,3,4,4,15
604,tank4_t72_89,0,2,1769,0,0,11,0,0,0,6150,104,100,81,0,0,100,0,0,0,0,0,0,0,0,0,0,0,0,0,0,0,0,100,100,0,0,0,0,-6,6,0,0,260,99,44,3,4,4,15
605,tank4_t72_89,0,2,1772,0,0,11,0,0,0,6230,105,100,82,0,0,100,0,0,0,0,0,0,0,0,0,0,0,0,0,0,0,0,100,100,0,0,0,0,-6,6,0,0,260,99,44,3,4,4,15
606,tank4_t72_89,0,2,1775,0,0,11,0,0,0,6310,106,100,82,0,0,100,0,0,0,0,0,0,0,0,0,0,0,0,0,0,0,0,100,100,0,0,0,0,-6,6,0,0,260,99,44,3,4,4,15
607,tank4_t72_89,0,2,1778,0,0,11,0,0,0,6390,107,100,83,0,0,100,0,0,0,0,0,0,0,0,0,0,0,0,0,0,0,0,100,100,0,0,0,0,-6,6,0,0,260,99,44,3,4,4,15
608,tank4_t72_89,0,2,1781,0,0,11,0,0,0,6470,108,100,84,0,0,100,0,0,0,0,0,0,0,0,0,0,0,0,0,0,0,0,100,100,0,0,0,0,-6,6,0,0,260,99,44,3,4,4,15
609,tank4_t72_89,0,2,1784,0,0,11,0,0,0,6550,109,100,85,0,0,100,0,0,0,0,0,0,0,0,0,0,0,0,0,0,0,0,100,100,0,0,0,0,-6,6,0,0,260,99,44,3,4,4,15
610,tank4_t72_89,0,2,1787,0,0,11,0,0,0,6630,110,100,85,0,0,100,0,0,0,0,0,0,0,0,0,0,0,0,0,0,0,0,100,100,0,0,0,0,-6,6,0,0,260,99,44,3,4,4,15
611,tank4_t72_89,0,2,1790,0,0,11,0,0,0,6710,111,100,86,0,0,100,0,0,0,0,0,0,0,0,0,0,0,0,0,0,0,0,100,100,0,0,0,0,-6,6,0,0,260,99,44,3,4,4,15
612,tank4_t72_89,0,2,1793,0,0,11,0,0,0,6790,112,100,87,0,0,100,0,0,0,0,0,0,0,0,0,0,0,0,0,0,0,0,100,100,0,0,0,0,-6,6,0,0,260,99,44,3,4,4,15
613,tank4_t72_89,0,2,1796,0,0,11,0,0,0,6870,113,100,88,0,0,100,0,0,0,0,0,0,0,0,0,0,0,0,0,0,0,0,100,100,0,0,0,0,-6,6,0,0,260,99,44,3,4,4,15
614,tank4_t72_89,0,2,1799,0,0,11,0,0,0,6950,114,100,89,0,0,100,0,0,0,0,0,0,0,0,0,0,0,0,0,0,0,0,100,100,0,0,0,0,-6,6,0,0,260,99,44,3,4,4,15
615,tank4_t72_89,0,2,1802,0,0,11,0,0,0,7030,115,100,89,0,0,100,0,0,0,0,0,0,0,0,0,0,0,0,0,0,0,0,100,100,0,0,0,0,-6,6,0,0,260,99,44,3,4,4,15
616,tank4_t72_89,0,2,1805,0,0,11,0,0,0,7110,116,100,90,0,0,100,0,0,0,0,0,0,0,0,0,0,0,0,0,0,0,0,100,100,0,0,0,0,-6,6,0,0,260,99,44,3,4,4,15
617,tank4_t72_89,0,2,1808,0,0,11,0,0,0,7190,117,100,91,0,0,100,0,0,0,0,0,0,0,0,0,0,0,0,0,0,0,0,100,100,0,0,0,0,-6,6,0,0,260,99,44,3,4,4,15
618,tank4_t72_89,0,2,1811,0,0,11,0,0,0,7270,118,100,92,0,0,100,0,0,0,0,0,0,0,0,0,0,0,0,0,0,0,0,100,100,0,0,0,0,-6,6,0,0,260,99,44,3,4,4,15
619,tank4_t72_89,0,2,1814,0,0,11,0,0,0,7350,119,100,92,0,0,100,0,0,0,0,0,0,0,0,0,0,0,0,0,0,0,0,100,100,0,0,0,0,-6,6,0,0,260,99,44,3,4,4,15
620,tank4_t72_89,0,2,1817,0,0,11,0,0,0,7430,120,100,93,0,0,100,0,0,0,0,0,0,0,0,0,0,0,0,0,0,0,0,100,100,0,0,0,0,-6,6,0,0,260,99,44,3,4,4,15
621,tank4_t72_89,0,2,1820,0,0,11,0,0,0,7510,121,100,94,0,0,100,0,0,0,0,0,0,0,0,0,0,0,0,0,0,0,0,100,100,0,0,0,0,-6,6,0,0,260,99,44,3,4,4,15
622,tank4_t72_89,0,2,1823,0,0,11,0,0,0,7590,122,100,95,0,0,100,0,0,0,0,0,0,0,0,0,0,0,0,0,0,0,0,100,100,0,0,0,0,-6,6,0,0,260,99,44,3,4,4,15
623,tank4_t72_89,0,2,1826,0,0,11,0,0,0,7670,123,100,96,0,0,100,0,0,0,0,0,0,0,0,0,0,0,0,0,0,0,0,100,100,0,0,0,0,-6,6,0,0,260,99,44,3,4,4,15
624,tank4_t72_89,0,2,1829,0,0,11,0,0,0,7750,124,100,96,0,0,100,0,0,0,0,0,0,0,0,0,0,0,0,0,0,0,0,100,100,0,0,0,0,-6,6,0,0,260,99,44,3,4,4,15
625,tank4_t72_89,0,2,1832,0,0,11,0,0,0,7830,125,100,97,0,0,100,0,0,0,0,0,0,0,0,0,0,0,0,0,0,0,0,100,100,0,0,0,0,-6,6,0,0,260,99,44,3,4,4,15
626,tank4_t72_89,0,2,1835,0,0,11,0,0,0,7910,126,100,98,0,0,100,0,0,0,0,0,0,0,0,0,0,0,0,0,0,0,0,100,100,0,0,0,0,-6,6,0,0,260,99,44,3,4,4,15
627,tank4_t72_89,0,2,1838,0,0,11,0,0,0,7990,127,100,99,0,0,100,0,0,0,0,0,0,0,0,0,0,0,0,0,0,0,0,100,100,0,0,0,0,-6,6,0,0,260,99,44,3,4,4,15
628,tank4_t72_89,0,2,1841,0,0,11,0,0,0,8070,128,100,100,0,0,100,0,0,0,0,0,0,0,0,0,0,0,0,0,0,0,0,100,100,0,0,0,0,-6,6,0,0,260,99,44,3,4,4,15
629,tank4_t72_89,0,2,1844,0,0,11,0,0,0,8150,129,100,100,0,0,100,0,0,0,0,0,0,0,0,0,0,0,0,0,0,0,0,100,100,0,0,0,0,-6,6,0,0,260,99,44,3,4,4,15
630,tank4_t72_89,0,2,1847,0,0,11,0,0,0,8230,130,100,100,0,0,100,0,0,0,0,0,0,0,0,0,0,0,0,0,0,0,0,100,100,0,0,0,0,-6,6,0,0,260,99,44,3,4,4,15
631,tank4_t72_89,0,2,1850,0,0,11,0,0,0,8310,131,100,100,0,0,100,0,0,0,0,0,0,0,0,0,0,0,0,0,0,0,0,100,100,0,0,0,0,-6,6,0,0,260,99,44,3,4,4,15
632,tank4_t72_89,0,2,1853,0,0,11,0,0,0,8390,132,100,100,0,0,100,0,0,0,0,0,0,0,0,0,0,0,0,0,0,0,0,100,100,0,0,0,0,-6,6,0,0,260,99,44,3,4,4,15
633,tank4_t72_89,0,2,1856,0,0,11,0,0,0,8470,133,100,100,0,0,100,0,0,0,0,0,0,0,0,0,0,0,0,0,0,0,0,100,100,0,0,0,0,-6,6,0,0,260,99,44,3,4,4,15
634,tank4_t72_89,0,2,1859,0,0,11,0,0,0,8550,134,100,100,0,0,100,0,0,0,0,0,0,0,0,0,0,0,0,0,0,0,0,100,100,0,0,0,0,-6,6,0,0,260,99,44,3,4,4,15
635,tank4_t72_89,0,2,1862,0,0,11,0,0,0,8630,135,100,100,0,0,100,0,0,0,0,0,0,0,0,0,0,0,0,0,0,0,0,100,100,0,0,0,0,-6,6,0,0,260,99,44,3,4,4,15
636,tank4_t72_89,0,2,1865,0,0,11,0,0,0,8710,136,100,100,0,0,100,0,0,0,0,0,0,0,0,0,0,0,0,0,0,0,0,100,100,0,0,0,0,-6,6,0,0,260,99,44,3,4,4,15
637,tank4_t72_89,0,2,1868,0,0,11,0,0,0,8790,137,100,100,0,0,100,0,0,0,0,0,0,0,0,0,0,0,0,0,0,0,0,100,100,0,0,0,0,-6,6,0,0,260,99,44,3,4,4,15
638,tank4_t72_89,0,2,1871,0,0,11,0,0,0,8870,138,100,100,0,0,100,0,0,0,0,0,0,0,0,0,0,0,0,0,0,0,0,100,100,0,0,0,0,-6,6,0,0,260,99,44,3,4,4,15
639,tank4_t72_89,0,2,1874,0,0,11,0,0,0,8950,139,100,100,0,0,100,0,0,0,0,0,0,0,0,0,0,0,0,0,0,0,0,100,100,0,0,0,0,-6,6,0,0,260,99,44,3,4,4,15
640,tank4_t72_89,0,2,1877,0,0,11,0,0,0,9030,140,100,100,0,0,100,0,0,0,0,0,0,0,0,0,0,0,0,0,0,0,0,100,100,0,0,0,0,-6,6,0,0,260,99,44,3,4,5,15
641,tank4_t72_89,0,2,1880,0,0,11,0,0,0,9110,141,100,100,0,0,100,0,0,0,0,0,0,0,0,0,0,0,0,0,0,0,0,100,100,0,0,0,0,-6,6,0,0,260,99,44,3,4,5,15
642,tank4_t72_89,0,2,1883,0,0,11,0,0,0,9190,142,100,100,0,0,100,0,0,0,0,0,0,0,0,0,0,0,0,0,0,0,0,100,100,0,0,0,0,-6,6,0,0,260,99,44,3,4,5,15
643,tank4_t72_89,0,2,1886,0,0,11,0,0,0,9270,143,100,100,0,0,100,0,0,0,0,0,0,0,0,0,0,0,0,0,0,0,0,100,100,0,0,0,0,-6,6,0,0,260,99,44,3,4,5,15
644,tank4_t72_89,0,2,1889,0,0,11,0,0,0,9350,144,100,100,0,0,100,0,0,0,0,0,0,0,0,0,0,0,0,0,0,0,0,100,100,0,0,0,0,-6,6,0,0,260,99,44,3,4,5,15
645,tank4_t72_89,0,2,1892,0,0,11,0,0,0,9430,145,100,100,0,0,100,0,0,0,0,0,0,0,0,0,0,0,0,0,0,0,0,100,100,0,0,0,0,-6,6,0,0,260,99,44,3,4,5,15
646,tank4_t72_89,0,2,1895,0,0,11,0,0,0,9510,146,100,100,0,0,100,0,0,0,0,0,0,0,0,0,0,0,0,0,0,0,0,100,100,0,0,0,0,-6,6,0,0,260,99,44,3,4,5,15
647,tank4_t72_89,0,2,1898,0,0,11,0,0,0,9590,147,100,100,0,0,100,0,0,0,0,0,0,0,0,0,0,0,0,0,0,0,0,100,100,0,0,0,0,-6,6,0,0,260,99,44,3,4,5,15
648,tank4_t72_89,0,2,1901,0,0,11,0,0,0,9670,148,100,100,0,0,100,0,0,0,0,0,0,0,0,0,0,0,0,0,0,0,0,100,100,0,0,0,0,-6,6,0,0,260,99,44,3,4,5,15
649,tank4_t72_89,0,2,1904,0,0,11,0,0,0,9750,149,100,100,0,0,100,0,0,0,0,0,0,0,0,0,0,0,0,0,0,0,0,100,100,0,0,0,0,-6,6,0,0,260,99,44,3,4,5,15
650,tank4_t72_89,0,2,1907,0,0,11,0,0,0,9830,150,100,100,0,0,100,0,0,0,0,0,0,0,0,0,0,0,0,0,0,0,0,100,100,0,0,0,0,-6,6,0,0,260,99,44,3,4,5,15
651,tank4_t72_89,0,2,1910,0,0,11,0,0,0,9910,151,100,100,0,0,100,0,0,0,0,0,0,0,0,0,0,0,0,0,0,0,0,100,100,0,0,0,0,-6,6,0,0,260,99,44,3,4,5,15
652,tank4_t72_89,0,2,1913,0,0,11,0,0,0,9990,152,100,100,0,0,100,0,0,0,0,0,0,0,0,0,0,0,0,0,0,0,0,100,100,0,0,0,0,-6,6,0,0,260,99,44,3,4,5,15
653,tank4_t72_89,0,2,1916,0,0,11,0,0,0,10070,153,100,100,0,0,100,0,0,0,0,0,0,0,0,0,0,0,0,0,0,0,0,100,100,0,0,0,0,-6,6,0,0,260,99,44,3,4,5,15
654,tank4_t72_89,0,2,1919,0,0,11,0,0,0,10150,154,100,100,0,0,100,0,0,0,0,0,0,0,0,0,0,0,0,0,0,0,0,100,100,0,0,0,0,-6,6,0,0,260,99,44,3,4,5,15
655,tank4_t72_89,0,2,1922,0,0,11,0,0,0,10230,155,100,100,0,0,100,0,0,0,0,0,0,0,0,0,0,0,0,0,0,0,0,100,100,0,0,0,0,-6,6,0,0,260,99,44,3,4,5,15
656,tank4_t72_89,0,2,1925,0,0,11,0,0,0,10310,156,100,100,0,0,100,0,0,0,0,0,0,0,0,0,0,0,0,0,0,0,0,100,100,0,0,0,0,-6,6,0,0,260,99,44,3,4,5,15
657,tank4_t72_89,0,2,1928,0,0,11,0,0,0,10390,157,100,100,0,0,100,0,0,0,0,0,0,0,0,0,0,0,0,0,0,0,0,100,100,0,0,0,0,-6,6,0,0,260,99,44,3,4,5,15
658,tank4_t72_89,0,2,1931,0,0,11,0,0,0,10470,158,100,100,0,0,100,0,0,0,0,0,0,0,0,0,0,0,0,0,0,0,0,100,100,0,0,0,0,-6,6,0,0,260,99,44,3,4,5,15
659,tank4_t72_89,0,2,1934,0,0,11,0,0,0,10550,159,100,100,0,0,100,0,0,0,0,0,0,0,0,0,0,0,0,0,0,0,0,100,100,0,0,0,0,-6,6,0,0,260,99,44,3,4,5,15
660,tank4_t72_89,0,2,1937,0,0,11,0,0,0,10630,160,100,100,0,0,100,0,0,0,0,0,0,0,0,0,0,0,0,0,0,0,0,100,100,0,0,0,0,-6,6,0,0,260,99,44,3,4,5,15
661,tank4_t72_89,0,2,1940,0,0,11,0,0,0,10710,161,100,100,0,0,100,0,0,0,0,0,0,0,0,0,0,0,0,0,0,0,0,100,100,0,0,0,0,-6,6,0,0,260,99,44,3,4,5,15
662,tank4_t72_89,0,2,1943,0,0,11,0,0,0,10790,162,100,100,0,0,100,0,0,0,0,0,0,0,0,0,0,0,0,0,0,0,0,100,100,0,0,0,0,-6,6,0,0,260,99,44,3,4,5,15
663,tank4_t72_89,0,2,1946,0,0,11,0,0,0,10870,163,100,100,0,0,100,0,0,0,0,0,0,0,0,0,0,0,0,0,0,0,0,100,100,0,0,0,0,-6,6,0,0,260,99,44,3,4,5,15
664,tank4_t72_89,0,2,1949,0,0,11,0,0,0,10950,164,100,100,0,0,100,0,0,0,0,0,0,0,0,0,0,0,0,0,0,0,0,100,100,0,0,0,0,-6,6,0,0,260,99,44,3,4,5,15
665,tank4_t72_89,0,2,1952,0,0,11,0,0,0,11030,165,100,100,0,0,100,0,0,0,0,0,0,0,0,0,0,0,0,0,0,0,0,100,100,0,0,0,0,-6,6,0,0,260,99,44,3,4,5,15
666,tank4_t72_89,0,2,1955,0,0,11,0,0,0,11110,166,100,100,0,0,100,0,0,0,0,0,0,0,0,0,0,0,0,0,0,0,0,100,100,0,0,0,0,-6,6,0,0,260,99,44,3,4,5,15
667,tank4_t72_89,0,2,1958,0,0,11,0,0,0,11190,167,100,100,0,0,100,0,0,0,0,0,0,0,0,0,0,0,0,0,0,0,0,100,100,0,0,0,0,-6,6,0,0,260,99,44,3,4,5,15
668,tank4_t72_89,0,2,1961,0,0,11,0,0,0,11270,168,100,100,0,0,100,0,0,0,0,0,0,0,0,0,0,0,0,0,0,0,0,100,100,0,0,0,0,-6,6,0,0,260,99,44,3,4,5,15
669,tank4_t72_89,0,2,1964,0,0,11,0,0,0,11350,169,100,100,0,0,100,0,0,0,0,0,0,0,0,0,0,0,0,0,0,0,0,100,100,0,0,0,0,-6,6,0,0,260,99,44,3,4,5,15
670,tank4_t72_89,0,2,1967,0,0,11,0,0,2,11430,170,100,100,0,0,100,0,0,0,0,0,0,0,0,0,0,0,0,0,0,0,0,100,100,0,0,0,0,-6,6,1,0,45,0,44,3,4,5,16
671,tank4_t72_89,0,2,1970,0,0,11,0,0,0,11510,171,100,100,0,0,100,0,0,0,0,0,0,0,0,0,0,0,0,0,0,0,0,100,100,0,0,0,0,-8,6,0,0,45,0,44,3,4,5,16
672,tank4_t72_89,0,2,1973,0,0,11,0,0,0,11590,172,100,100,0,0,100,0,0,0,0,0,0,0,0,0,0,0,0,0,0,0,0,100,100,0,0,0,0,-9,6,0,0,45,0,44,3,4,5,16
673,tank4_t72_89,0,2,1976,0,0,11,0,0,0,11670,173,100,100,0,0,100,0,0,0,0,0,0,0,0,0,0,0,0,0,0,0,0,100,100,0,0,0,0,-9,6,0,0,45,0,44,3,4,5,16
674,tank4_t72_89,0,2,1979,0,0,11,0,0,0,11750,174,100,100,0,0,100,0,0,0,0,0,0,0,0,0,0,0,0,0,0,0,0,100,100,0,0,0,0,-9,6,0,0,45,0,44,3,4,5,16
675,tank4_t72_89,0,2,1982,0,0,11,0,0,0,11830,175,100,100,0,0,100,0,0,0,0,0,0,0,0,0,0,0,0,0,0,0,0,100,100,0,0,0,0,-9,6,0,0,45,0,44,3,4,5,16
676,tank4_t72_89,0,2,1985,0,0,11,0,0,0,11910,176,100,100,0,0,100,0,0,0,0,0,0,0,0,0,0,0,0,0,0,0,0,100,100,0,0,0,0,-9,6,0,0,45,0,44,3,4,5,16
677,tank4_t72_89,0,2,1988,0,0,11,0,0,0,11990,177,100,100,0,0,100,0,0,0,0,0,0,0,0,0,0,0,0,0,0,0,0,100,100,0,0,0,0,-9,6,0,0,45,0,44,3,4,5,16
678,tank4_t72_89,0,2,1991,0,0,11,0,0,0,12070,178,100,100,0,0,100,0,0,0,0,0,0,0,0,0,0,0,0,0,0,0,0,100,100,0,0,0,0,-9,6,0,0,45,0,44,3,4,5,16
679,tank4_t72_89,0,2,1994,0,0,11,0,0,0,12150,179,100,100,0,0,100,0,0,0,0,0,0,0,0,0,0,0,0,0,0,0,0,100,100,0,0,0,0,-9,6,0,0,45,0,44,3,4,5,16
680,tank4_t72_89,0,2,1997,0,0,11,0,0,0,12150,179,100,100,0,0,100,0,0,0,0,0,0,0,0,0,0,0,0,0,0,0,0,100,100,0,0,0,0,-9,6,0,0,45,0,44,3,4,5,16
681,tank4_t72_89,0,2,2000,0,0,11,0,0,0,12150,179,100,100,0,0,100,0,0,0,0,0,0,0,0,0,0,0,0,0,0,0,0,100,100,0,0,0,0,-9,6,0,0,45,0,44,3,4,5,16
682,tank4_t72_89,0,2,2003,0,0,11,0,0,0,12150,179,100,100,0,0,100,0,0,0,0,0,0,0,0,0,0,0,0,0,0,0,0,100,100,0,0,0,0,-9,6,0,0,45,0,44,3,4,5,16
683,tank4_t72_89,0,2,2006,0,0,11,0,0,0,12150,179,100,100,0,0,100,0,0,0,0,0,0,0,0,0,0,0,0,0,0,0,0,100,100,0,0,0,0,-9,6,0,0,45,0,44,3,4,5,16
684,tank4_t72_89,0,2,2009,0,0,11,0,0,0,12150,179,100,100,0,0,100,0,0,0,0,0,0,0,0,0,0,0,0,0,0,0,0,100,100,0,0,0,0,-9,6,0,0,45,0,44,3,4,5,16
685,tank4_t72_89,0,2,2012,0,0,11,0,0,0,12150,179,100,100,0,0,100,0,0,0,0,0,0,0,0,0,0,0,0,0,0,0,0,100,100,0,0,0,0,-9,6,0,0,45,0,44,3,4,5,16
686,tank4_t72_89,0,2,2015,0,0,11,0,0,0,12150,179,100,100,0,0,100,0,0,0,0,0,0,0,0,0,0,0,0,0,0,0,0,100,100,0,0,0,0,-9,6,0,0,45,0,44,3,4,5,16
687,tank4_t72_89,0,2,2018,0,0,11,0,0,0,12150,179,100,100,0,0,100,0,0,0,0,0,0,0,0,0,0,0,0,0,0,0,0,100,100,0,0,0,0,-9,6,0,0,45,0,44,3,4,5,16
688,tank4_t72_89,0,2,2021,0,0,11,0,0,0,12150,179,100,100,0,0,100,0,0,0,0,0,0,0,0,0,0,0,0,0,0,0,0,100,100,0,0,0,0,-9,6,0,0,45,0,44,3,4,5,16
689,tank4_t72_89,0,2,2024,0,0,11,0,0,0,12150,179,100,100,0,0,100,0,0,0,0,0,0,0,0,0,0,0,0,0,0,0,0,100,100,0,0,0,0,-9,6,0,0,45,0,44,3,4,5,16
690,tank4_t72_89,0,2,2027,0,0,11,0,0,0,12150,179,100,100,0,0,100,0,0,0,0,0,0,0,0,0,0,0,0,0,0,0,0,100,100,0,0,0,0,-9,6,0,0,45,0,44,3,4,5,16
691,tank4_t72_89,0,2,2030,0,0,11,0,0,0,12150,179,100,100,0,0,100,0,0,0,0,0,0,0,0,0,0,0,0,0,0,0,0,100,100,0,0,0,0,-9,6,0,0,45,0,44,3,4,5,16
692,tank4_t72_89,0,2,2033,0,0,11,0,0,0,12150,179,100,100,0,0,100,0,0,0,0,0,0,0,0,0,0,0,0,0,0,0,0,100,100,0,0,0,0,-9,6,0,0,45,0,44,3,4,5,16
693,tank4_t72_89,0,2,2036,0,0,11,0,0,0,12150,179,100,100,0,0,100,0,0,0,0,0,0,0,0,0,0,0,0,0,0,0,0,100,100,0,0,0,0,-9,6,0,0,45,0,44,3,4,5,16
694,tank4_t72_89,0,2,2039,0,0,11,0,0,0,12150,179,100,100,0,0,100,0,0,0,0,0,0,0,0,0,0,0,0,0,0,0,0,100,100,0,0,0,0,-9,6,0,0,45,0,44,3,4,5,16
695,tank4_t72_89,0,2,2042,0,0,11,0,0,0,12150,179,100,100,0,0,100,0,0,0,0,0,0,0,0,0,0,0,0,0,0,0,0,100,100,0,0,0,0,-9,6,0,0,45,0,44,3,4,5,16
696,tank4_t72_89,0,2,2045,0,0,11,0,0,0,12150,179,100,100,0,0,100,0,0,0,0,0,0,0,0,0,0,0,0,0,0,0,0,100,100,0,0,0,0,-9,6,0,0,45,0,44,3,4,5,16
697,tank4_t72_89,0,2,2048,0,0,11,0,0,0,12150,179,100,100,0,0,100,0,0,0,0,0,0,0,0,0,0,0,0,0,0,0,0,100,100,0,0,0,0,-9,6,0,0,45,0,44,3,4,5,16
698,tank4_t72_89,0,2,2051,0,0,11,0,0,0,12150,179,100,100,0,0,100,0,0,0,0,0,0,0,0,0,0,0,0,0,0,0,0,100,100,0,0,0,0,-9,6,0,0,45,0,44,3,4,5,16
699,tank4_t72_89,0,2,2054,0,0,11,0,0,0,12150,179,100,100,0,0,100,0,0,0,0,0,0,0,0,0,0,0,0,0,0,0,0,100,100,0,0,0,0,-9,6,0,0,45,0,44,3,4,5,16
700,tank4_t72_89,0,2,2057,0,0,11,0,0,0,12150,179,100,100,0,0,100,0,0,0,0,0,0,0,0,0,0,0,0,0,0,0,0,100,100,0,0,0,0,-9,6,0,0,45,0,44,3,4,5,16
701,tank4_t72_89,0,2,2060,0,0,10,0,0,0,12150,179,100,100,0,0,100,0,0,0,0,0,0,0,0,0,0,0,0,0,0,0,0,100,100,0,0,0,0,-9,6,0,0,45,0,44,3,4,5,16
702,tank4_t72_89,0,2,2063,0,0,10,0,0,0,12150,179,100,100,0,0,100,0,0,0,0,0,0,0,0,0,0,0,0,0,0,0,0,100,100,0,0,0,0,-9,6,0,0,45,0,44,3,4,5,16
703,tank4_t72_89,0,2,2065,0,0,9,0,0,0,12150,179,100,100,0,0,100,0,0,0,0,0,0,0,0,0,0,0,0,0,0,0,0,100,100,0,0,0,0,-9,6,0,0,45,0,44,3,4,5,16
704,tank4_t72_89,0,2,2068,0,0,9,0,0,0,12150,179,100,100,0,0,100,0,0,0,0,0,0,0,0,0,0,0,0,0,0,0,0,100,100,0,0,0,0,-9,6,0,0,45,0,44,3,4,5,16
705,tank4_t72_89,0,2,2070,0,0,8,0,0,0,12150,179,100,100,0,0,100,0,0,0,0,0,0,0,0,0,0,0,0,0,0,0,0,100,100,0,0,0,0,-9,6,0,0,45,0,44,3,4,5,16
706,tank4_t72_89,0,2,2072,0,0,8,0,0,0,12150,179,100,100,0,0,100,0,0,0,0,0,0,0,0,0,0,0,0,0,0,0,0,100,100,0,0,0,0,-9,6,0,0,45,0,44,3,4,5,16
707,tank4_t72_89,0,2,2074,0,0,7,0,0,0,12150,179,100,100,0,0,100,0,0,0,0,0,0,0,0,0,0,0,0,0,0,0,0,100,100,0,0,0,0,-9,6,0,0,45,0,44,3,4,5,16
708,tank4_t72_89,0,2,2077,0,0,7,0,0,0,12150,179,100,100,0,0,100,0,0,0,0,0,0,0,0,0,0,0,0,0,0,0,0,100,100,0,0,0,0,-9,6,0,0,45,0,44,3,4,5,16
709,tank4_t72_89,0,2,2078,0,0,7,0,0,0,12150,179,100,100,0,0,100,0,0,0,0,0,0,0,0,0,0,0,0,0,0,0,0,100,100,0,0,0,0,-9,6,0,0,45,0,44,3,4,5,16
710,tank4_t72_89,0,2,2080,0,0,6,0,0,0,12150,179,100,100,0,0,100,0,0,0,0,0,0,0,0,0,0,0,0,0,0,0,0,100,100,0,0,0,0,-9,6,0,0,45,0,44,3,4,5,16
711,tank4_t72_89,0,2,2082,0,0,6,0,0,0,12150,179,100,100,0,0,100,0,0,0,0,0,0,0,0,0,0,0,0,0,0,0,0,100,100,0,0,0,0,-9,6,0,0,45,0,44,3,4,5,16
712,tank4_t72_89,0,2,2084,0,0,6,0,0,0,12150,179,100,100,0,0,100,0,0,0,0,0,0,0,0,0,0,0,0,0,0,0,0,100,100,0,0,0,0,-9,6,0,0,45,0,44,3,4,5,16
713,tank4_t72_89,0,2,2085,0,0,6,0,0,0,12150,179,100,100,0,0,100,0,0,0,0,0,0,0,0,0,0,0,0,0,0,0,0,100,100,0,0,0,0,-9,6,0,0,45,0,44,3,4,5,16
714,tank4_t72_89,0,2,2087,0,0,5,0,0,0,12150,179,100,100,0,0,100,0,0,0,0,0,0,0,0,0,0,0,0,0,0,0,0,100,100,0,0,0,0,-9,6,0,0,45,0,44,3,4,5,16
715,tank4_t72_89,0,2,2089,0,0,5,0,0,0,12150,179,100,100,0,0,100,0,0,0,0,0,0,0,0,0,0,0,0,0,0,0,0,100,100,0,0,0,0,-9,6,0,0,45,0,44,3,4,5,16
716,tank4_t72_89,0,2,2090,0,0,5,0,0,0,12150,179,100,100,0,0,100,0,0,0,0,0,0,0,0,0,0,0,0,0,0,0,0,100,100,0,0,0,0,-9,6,0,0,45,0,44,3,4,5,16
717,tank4_t72_89,0,2,2091,0,0,5,0,0,0,12150,179,100,100,0,0,100,0,0,0,0,0,0,0,0,0,0,0,0,0,0,0,0,100,100,0,0,0,0,-9,6,0,0,45,0,44,3,4,5,16
718,tank4_t72_89,0,2,2093,0,0,5,0,0,0,12150,179,100,100,0,0,100,0,0,0,0,0,0,0,0,0,0,0,0,0,0,0,0,100,100,0,0,0,0,-9,6,0,0,45,0,44,3,4,5,16
719,tank4_t72_89,0,2,2094,0,0,4,0,0,0,12150,179,100,100,0,0,100,0,0,0,0,0,0,0,0,0,0,0,0,0,0,0,0,100,100,0,0,0,0,-9,6,0,0,45,0,44,3,4,5,16
720,tank4_t72_89,0,2,2095,0,0,4,0,0,0,12150,179,100,100,0,0,100,0,0,0,0,0,0,0,0,0,0,0,0,0,0,0,0,100,100,0,0,0,0,-9,6,0,0,45,0,44,3,4,5,16
721,tank4_t72_89,0,2,2096,0,0,4,0,0,0,12150,179,100,100,0,0,100,0,0,0,0,0,0,0,0,0,0,0,0,0,0,0,0,100,100,0,0,0,0,-9,6,0,0,45,0,44,3,4,5,16
722,tank4_t72_89,0,2,2098,0,0,4,0,0,0,12150,179,100,100,0,0,100,0,0,0,0,0,0,0,0,0,0,0,0,0,0,0,0,100,100,0,0,0,0,-9,6,0,0,45,0,44,3,4,5,16
723,tank4_t72_89,0,2,2099,0,0,4,0,0,0,12150,179,100,100,0,0,100,0,0,0,0,0,0,0,0,0,0,0,0,0,0,0,0,100,100,0,0,0,0,-9,6,0,0,45,0,44,3,4,5,16
724,tank4_t72_89,0,2,2100,0,0,4,0,0,0,12150,179,100,100,0,0,100,0,0,0,0,0,0,0,0,0,0,0,0,0,0,0,0,100,100,0,0,0,0,-9,6,0,0,45,0,44,3,4,5,16
725,tank4_t72_89,0,2,2101,0,0,4,0,0,0,12150,179,100,100,0,0,100,0,0,0,0,0,0,0,0,0,0,0,0,0,0,0,0,100,100,0,0,0,0,-9,6,0,0,45,0,44,3,4,5,16
726,tank4_t72_89,0,2,2102,0,0,3,0,0,0,12150,179,100,100,0,0,100,0,0,0,0,0,0,0,0,0,0,0,0,0,0,0,0,100,100,0,0,0,0,-9,6,0,0,45,0,44,3,4,5,16
727,tank4_t72_89,0,2,2103,0,0,3,0,0,0,12150,179,100,100,0,0,100,0,0,0,0,0,0,0,0,0,0,0,0,0,0,0,0,100,100,0,0,0,0,-9,6,0,0,45,0,44,3,4,5,16
728,tank4_t72_89,0,2,2104,0,0,3,0,0,0,12150,179,100,100,0,0,100,0,0,0,0,0,0,0,0,0,0,0,0,0,0,0,0,100,100,0,0,0,0,-9,6,0,0,45,0,44,3,4,5,16
729,tank4_t72_89,0,2,2105,0,0,3,0,0,0,12150,179,100,100,0,0,100,0,0,0,0,0,0,0,0,0,0,0,0,0,0,0,0,100,100,0,0,0,0,-9,6,0,0,45,0,44,3,4,5,16
730,tank4_t72_89,0,2,2106,0,0,3,0,0,0,12150,179,100,100,0,0,100,0,0,0,0,0,0,0,0,0,0,0,0,0,0,0,0,100,100,0,0,0,0,-9,6,0,0,45,0,44,3,4,5,16
731,tank4_t72_89,0,2,2107,0,0,3,0,0,0,12150,179,100,100,0,0,100,0,0,0,0,0,0,0,0,0,0,0,0,0,0,0,0,100,100,0,0,0,0,-9,6,0,0,45,0,44,3,4,5,16
732,tank4_t72_89,0,2,2108,0,0,3,0,0,0,12150,179,100,100,0,0,100,0,0,0,0,0,0,0,0,0,0,0,0,0,0,0,0,100,100,0,0,0,0,-9,6,0,0,45,0,44,3,4,5,16
733,tank4_t72_89,0,2,2109,0,0,3,0,0,0,12150,179,100,100,0,0,100,0,0,0,0,0,0,0,0,0,0,0,0,0,0,0,0,100,100,0,0,0,0,-9,6,0,0,45,0,44,3,4,5,16
734,tank4_t72_89,0,2,2109,0,0,3,0,0,0,12150,179,100,100,0,0,100,0,0,0,0,0,0,0,0,0,0,0,0,0,0,0,0,100,100,0,0,0,0,-9,6,0,0,45,0,44,3,4,5,16
735,tank4_t72_89,0,2,2110,0,0,3,0,0,0,12150,179,100,100,0,0,100,0,0,0,0,0,0,0,0,0,0,0,0,0,0,0,0,100,100,0,0,0,0,-9,6,0,0,45,0,44,3,4,5,16
736,tank4_t72_89,0,2,2111,0,0,3,0,0,0,12150,179,100,100,0,0,100,0,0,0,0,0,0,0,0,0,0,0,0,0,0,0,0,100,100,0,0,0,0,-9,6,0,0,45,0,44,3,4,5,16
737,tank4_t72_89,0,2,2112,0,0,3,0,0,0,12150,179,100,100,0,0,100,0,0,0,0,0,0,0,0,0,0,0,0,0,0,0,0,100,100,0,0,0,0,-9,6,0,0,45,0,44,3,4,5,16
738,tank4_t72_89,0,2,2113,0,0,2,0,0,0,12150,179,100,100,0,0,100,0,0,0,0,0,0,0,0,0,0,0,0,0,0,0,0,100,100,0,0,0,0,-9,6,0,0,45,0,44,3,4,5,16
739,tank4_t72_89,0,2,2113,0,0,2,0,0,0,12150,179,100,100,0,0,100,0,0,0,0,0,0,0,0,0,0,0,0,0,0,0,0,100,100,0,0,0,0,-9,6,0,0,45,0,44,3,4,5,16
740,tank4_t72_89,0,2,2114,0,0,2,0,0,0,12150,179,100,100,0,0,100,0,0,0,0,0,0,0,0,0,0,0,0,0,0,0,0,100,100,0,0,0,0,-9,2,0,0,45,0,44,3,4,5,16
741,tank4_t72_89,0,2,2115,0,0,2,0,0,0,12150,179,100,100,0,0,100,0,0,0,0,0,0,0,0,0,0,0,0,0,0,0,0,100,100,0,0,0,0,-9,2,0,0,45,0,44,3,4,5,16
742,tank4_t72_89,0,2,2116,0,0,2,0,0,0,12150,179,100,100,0,0,100,0,0,0,0,0,0,0,0,0,0,0,0,0,0,0,0,100,100,0,0,0,0,-9,2,0,0,45,0,44,3,4,5,16
743,tank4_t72_89,0,2,2116,0,0,2,0,0,0,12150,0,100,100,0,0,100,0,0,0,0,0,0,0,0,0,0,0,0,0,0,0,0,100,100,0,0,0,0,-9,2,0,0,45,0,44,3,4,5,16
744,tank4_t72_89,0,2,2117,0,0,2,0,0,0,12150,0,100,100,0,0,100,0,0,0,0,0,0,0,0,0,0,0,0,0,0,0,0,100,100,0,0,0,0,-9,2,0,0,45,0,44,3,4,5,16
745,tank4_t72_89,0,2,2118,0,0,2,0,0,0,12150,0,100,100,0,0,100,0,0,0,0,0,0,0,0,0,0,0,0,0,0,0,0,100,100,0,0,0,0,-9,2,0,0,45,0,44,3,4,5,16
746,tank4_t72_89,0,2,2119,0,0,2,0,0,0,12150,0,100,100,0,0,100,0,0,0,0,0,0,0,0,0,0,0,0,0,0,0,0,100,100,0,0,0,0,-9,2,0,0,45,0,44,3,4,5,16
747,tank4_t72_89,0,2,2119,0,0,2,0,0,0,12150,0,100,100,0,0,100,0,0,0,0,0,0,0,0,0,0,0,0,0,0,0,0,100,100,0,0,0,0,-9,2,0,0,45,0,44,3,4,5,16
748,tank4_t72_89,0,2,2120,0,0,2,0,0,0,12150,0,100,100,0,0,100,0,0,0,0,0,0,0,0,0,0,0,0,0,0,0,0,100,100,0,0,0,0,-9,2,0,0,45,0,44,3,4,5,16
749,tank4_t72_89,0,2,2121,0,0,2,0,0,0,12150,0,100,100,0,0,100,0,0,0,0,0,0,0,0,0,0,0,0,0,0,0,0,100,100,0,0,0,0,-9,2,0,0,45,0,44,3,4,5,16
750,tank4_t72_89,0,2,2121,0,0,2,0,0,0,12150,0,100,100,0,0,100,0,0,0,0,0,0,0,0,0,0,0,0,0,0,0,0,100,100,0,0,0,0,-9,2,0,0,45,0,44,3,4,5,16
751,tank4_t72_89,0,2,2122,0,0,2,0,0,0,12150,0,100,100,0,0,100,0,0,0,0,0,0,0,0,0,0,0,0,0,0,0,0,100,100,0,0,0,0,-9,2,0,0,45,0,44,3,4,5,16
752,tank4_t72_89,0,2,2123,0,0,2,0,0,0,12150,0,100,100,0,0,100,0,0,0,0,0,0,0,0,0,0,0,0,0,0,0,0,100,100,0,0,0,0,-9,2,0,0,45,0,44,3,4,5,16
753,tank4_t72_89,0,2,2123,0,0,2,0,0,0,12150,0,100,100,0,0,100,0,0,0,0,0,0,0,0,0,0,0,0,0,0,0,0,100,100,0,0,0,0,-9,2,0,0,45,0,44,3,4,5,16
754,tank4_t72_89,0,2,2124,0,0,2,0,0,0,12150,0,100,100,0,0,100,0,0,0,0,0,0,0,0,0,0,0,0,0,0,0,0,100,100,0,0,0,0,-9,2,0,0,45,0,44,3,4,5,16
755,tank4_t72_89,0,2,2125,0,0,2,0,0,0,12150,0,100,100,0,0,100,0,0,0,0,0,0,0,0,0,0,0,0,0,0,0,0,100,100,0,0,0,0,-9,2,0,0,45,0,44,3,4,5,16
756,tank4_t72_89,0,2,2125,0,0,2,0,0,0,12150,0,100,100,0,0,100,0,0,0,0,0,0,0,0,0,0,0,0,0,0,0,0,100,100,0,0,0,0,-9,2,0,0,45,0,44,3,4,5,16
757,tank4_t72_89,0,2,2126,0,0,2,0,0,0,12150,0,100,100,0,0,100,0,0,0,0,0,0,0,0,0,0,0,0,0,0,0,0,100,100,0,0,0,0,-9,2,0,0,45,0,44,3,4,5,16
758,tank4_t72_89,0,2,2127,0,0,2,0,0,0,12150,0,100,100,0,0,100,0,0,0,0,0,0,0,0,0,0,0,0,0,0,0,0,100,100,0,0,0,0,-9,2,0,0,45,0,44,3,4,5,16
759,tank4_t72_89,0,2,2127,0,0,2,0,0,0,12150,0,100,100,0,0,100,0,0,0,0,0,0,0,0,0,0,0,0,0,0,0,0,100,100,0,0,0,0,-9,2,0,0,45,0,44,3,4,5,16
760,tank4_t72_89,0,2,2128,0,0,2,0,0,0,12150,0,100,100,0,0,100,0,0,0,0,0,0,0,0,0,0,0,0,0,0,0,0,100,100,0,0,0,0,-9,2,0,0,45,0,44,3,4,5,16
761,tank4_t72_89,0,2,2129,0,0,2,0,0,0,12150,0,100,100,0,0,100,0,0,0,0,0,0,0,0,0,0,0,0,0,0,0,0,100,100,0,0,0,0,-9,2,0,0,45,0,44,3,4,5,16
762,tank4_t72_89,0,2,2129,0,0,2,0,0,0,12150,0,100,100,0,0,100,0,0,0,0,0,0,0,0,0,0,0,0,0,0,0,0,100,100,0,0,0,0,-9,2,0,0,45,0,44,3,4,5,16
763,tank4_t72_89,0,2,2130,0,0,2,0,0,0,12150,0,100,100,0,0,100,0,0,0,0,0,0,0,0,0,0,0,0,0,0,0,0,100,100,0,0,0,0,-9,2,0,0,45,0,44,3,4,5,16
764,tank4_t72_89,0,2,2130,0,0,2,0,0,0,12150,0,100,100,0,0,100,0,0,0,0,0,0,0,0,0,0,0,0,0,0,0,0,100,100,0,0,0,0,-9,2,0,0,45,0,44,3,4,5,16
765,tank4_t72_89,0,2,2131,0,0,2,0,0,0,12150,0,100,100,0,0,100,0,0,0,0,0,0,0,0,0,0,0,0,0,0,0,0,100,100,0,0,0,0,-9,2,0,0,45,0,44,3,4,5,16
766,tank4_t72_89,0,2,2132,0,0,2,0,0,0,12150,0,100,100,0,0,100,0,0,0,0,0,0,0,0,0,0,0,0,0,0,0,0,100,100,0,0,0,0,-9,2,0,0,45,0,44,3,4,5,16
767,tank4_t72_89,0,2,2132,0,0,2,0,0,0,12150,0,100,100,0,0,100,0,0,0,0,0,0,0,0,0,0,0,0,0,0,0,0,100,100,0,0,0,0,-9,2,0,0,45,0,44,3,4,5,16
768,tank4_t72_89,0,2,2133,0,0,2,0,0,0,12150,0,100,100,0,0,100,0,0,0,0,0,0,0,0,0,0,0,0,0,0,0,0,100,100,0,0,0,0,-9,2,0,0,45,0,44,3,4,5,16
769,tank4_t72_89,0,2,2134,0,0,2,0,0,0,12150,0,100,100,0,0,100,0,0,0,0,0,0,0,0,0,0,0,0,0,0,0,0,100,100,0,0,0,0,-9,2,0,0,45,0,44,3,4,5,16
770,tank4_t72_89,0,2,2134,0,0,2,0,0,0,12150,0,100,100,0,0,100,0,0,0,0,0,0,0,0,0,0,0,0,0,0,0,0,100,100,0,0,0,0,-9,2,0,0,45,0,44,3,4,5,16
771,tank4_t72_89,0,2,2135,0,0,2,0,0,0,12150,0,100,100,0,0,100,0,0,0,0,0,0,0,0,0,0,0,0,0,0,0,0,100,100,0,0,0,0,-9,2,0,0,45,0,44,3,4,5,16
772,tank4_t72_89,0,2,2135,0,0,2,0,0,0,12150,0,100,100,0,0,100,0,0,0,0,0,0,0,0,0,0,0,0,0,0,0,0,100,100,0,0,0,0,-9,2,0,0,45,0,44,3,4,5,16
773,tank4_t72_89,0,2,2136,0,0,2,0,0,0,12150,0,100,100,0,0,100,0,0,0,0,0,0,0,0,0,0,0,0,0,0,0,0,100,100,0,0,0,0,-9,2,0,0,45,0,44,3,4,5,16
774,tank4_t72_89,0,2,2137,0,0,2,0,0,0,12150,0,100,100,0,0,100,0,0,0,0,0,0,0,0,0,0,0,0,0,0,0,0,100,100,0,0,0,0,-9,2,0,0,45,0,44,3,4,5,16
775,tank4_t72_89,0,2,2137,0,0,2,0,0,0,12150,0,100,100,0,0,100,0,0,0,0,0,0,0,0,0,0,0,0,0,0,0,0,100,100,0,0,0,0,-9,2,0,0,45,0,44,3,4,5,16
776,tank4_t72_89,0,2,2138,0,0,2,0,0,0,12150,0,100,100,0,0,100,0,0,0,0,0,0,0,0,0,0,0,0,0,0,0,0,100,100,0,0,0,0,-9,2,0,0,45,0,44,3,4,5,16
777,tank4_t72_89,0,2,2138,0,0,2,0,0,0,12150,0,100,100,0,0,100,0,0,0,0,0,0,0,0,0,0,0,0,0,0,0,0,100,100,0,0,0,0,-9,2,0,0,45,0,44,3,4,5,16
778,tank4_t72_89,0,2,2139,0,0,2,0,0,0,12150,0,100,100,0,0,100,0,0,0,0,0,0,0,0,0,0,0,0,0,0,0,0,100,100,0,0,0,0,-9,2,0,0,45,0,44,3,4,5,16
779,tank4_t72_89,0,2,2140,0,0,2,0,0,0,12150,0,100,100,0,0,100,0,0,0,0,0,0,0,0,0,0,0,0,0,0,0,0,100,100,0,0,0,0,-9,2,0,0,45,0,44,3,4,5,16
780,tank4_t72_89,0,2,2140,0,0,2,0,0,0,12150,0,100,100,0,0,100,0,0,0,0,0,0,0,0,0,0,0,0,0,0,0,0,100,100,0,0,0,0,-9,2,0,0,45,0,44,3,4,5,16
781,tank4_t72_89,0,2,2141,0,0,2,0,0,0,12150,0,100,100,0,0,100,0,0,0,0,0,0,0,0,0,0,0,0,0,0,0,0,100,100,0,0,0,0,-9,2,0,0,45,0,44,3,4,5,16
782,tank4_t72_89,0,2,2141,0,0,2,0,0,0,12150,0,100,100,0,0,100,0,0,0,0,0,0,0,0,0,0,0,0,0,0,0,0,100,100,0,0,0,0,-9,2,0,0,45,0,44,3,4,5,16
783,tank4_t72_89,0,2,2142,0,0,2,0,0,0,12150,0,100,100,0,0,100,0,0,0,0,0,0,0,0,0,0,0,0,0,0,0,0,100,100,0,0,0,0,-9,2,0,0,45,0,44,3,4,5,16
784,tank4_t72_89,0,2,2143,0,0,2,0,0,0,12150,0,100,100,0,0,100,0,0,0,0,0,0,0,0,0,0,0,0,0,0,0,0,100,100,0,0,0,0,-9,2,0,0,45,0,44,3,4,5,16
785,tank4_t72_89,0,2,2143,0,0,2,0,0,0,12150,0,100,100,0,0,100,0,0,0,0,0,0,0,0,0,0,0,0,0,0,0,0,100,100,0,0,0,0,-9,2,0,0,45,0,44,3,4,5,16
786,tank4_t72_89,0,2,2144,0,0,2,0,0,0,12150,0,100,100,0,0,100,0,0,0,0,0,0,0,0,0,0,0,0,0,0,0,0,100,100,0,0,0,0,-9,2,0,0,45,0,44,3,4,5,16
787,tank4_t72_89,0,2,2144,0,0,2,0,0,0,12150,0,100,100,0,0,100,0,0,0,0,0,0,0,0,0,0,0,0,0,0,0,0,100,100,0,0,0,0,-9,2,0,0,45,0,44,3,4,5,16
788,tank4_t72_89,0,2,2145,0,0,2,0,0,0,12150,0,100,100,0,0,100,0,0,0,0,0,0,0,0,0,0,0,0,0,0,0,0,100,100,0,0,0,0,-9,2,0,0,45,0,44,3,4,5,16
789,tank4_t72_89,0,2,2146,0,0,2,0,0,0,12150,0,100,100,0,0,100,0,0,0,0,0,0,0,0,0,0,0,0,0,0,0,0,100,100,0,0,0,0,-9,2,0,0,45,0,44,3,4,5,16
790,tank4_t72_89,0,2,2146,0,0,2,0,0,0,12150,0,100,100,0,0,100,0,0,0,0,0,0,0,0,0,0,0,0,0,0,0,0,100,100,0,0,0,0,-9,2,0,0,45,0,44,3,4,0,16
791,tank4_t72_89,0,2,2147,0,0,2,0,0,0,12150,0,100,100,0,0,100,0,0,0,0,0,0,0,0,0,0,0,0,0,0,0,0,100,100,0,0,0,0,-9,2,0,0,45,0,44,3,4,0,16
792,tank4_t72_89,0,2,2147,0,0,2,0,0,0,12150,0,100,100,0,0,100,0,0,0,0,0,0,0,0,0,0,0,0,0,0,0,0,100,100,0,0,0,0,-9,2,0,0,45,0,44,3,4,0,16
793,tank4_t72_89,0,2,2148,0,0,2,0,0,0,12150,0,100,100,0,0,100,0,0,0,0,0,0,0,0,0,0,0,0,0,0,0,0,100,100,0,0,0,0,-9,2,0,0,45,0,44,3,4,0,16
794,tank4_t72_89,0,2,2149,0,0,2,0,0,0,12150,0,100,100,0,0,100,0,0,0,0,0,0,0,0,0,0,0,0,0,0,0,0,100,100,0,0,0,0,-9,2,0,0,45,0,44,3,4,0,16
795,tank4_t72_89,0,2,2149,0,0,2,0,0,0,12150,0,100,100,0,0,100,0,0,0,0,0,0,0,0,0,0,0,0,0,0,0,0,100,100,0,0,0,0,-9,2,0,0,45,0,44,3,4,0,16
796,tank4_t72_89,0,2,2150,0,0,2,0,0,0,12150,0,100,100,0,0,100,0,0,0,0,0,0,0,0,0,0,0,0,0,0,0,0,100,100,0,0,0,0,-9,2,0,0,45,0,44,3,4,0,16
797,tank4_t72_89,0,2,2150,0,0,2,0,0,0,12150,0,100,100,0,0,100,0,0,0,0,0,0,0,0,0,0,0,0,0,0,0,0,100,100,0,0,0,0,-9,2,0,0,45,0,44,3,4,0,16
798,tank4_t72_89,0,2,2151,0,0,2,0,0,0,12150,0,100,100,0,0,100,0,0,0,0,0,0,0,0,0,0,0,0,0,0,0,0,100,100,0,0,0,0,-9,2,0,0,45,0,44,3,4,0,16
799,tank4_t72_89,0,2,2151,0,0,2,0,0,0,12150,0,100,100,0,0,100,0,0,0,0,0,0,0,0,0,0,0,0,0,0,0,0,100,100,0,0,0,0,-9,2,0,0,45,0,44,3,4,0,16
800,tank4_t72_89,0,2,2152,0,0,2,0,0,0,12150,0,100,100,0,0,100,0,0,0,0,0,0,0,0,0,0,0,0,0,0,0,0,100,100,0,0,0,0,-9,2,0,0,45,0,44,3,4,0,16
801,tank4_t72_89,0,2,2153,0,0,2,0,0,0,12150,0,100,100,0,0,100,0,0,0,0,0,0,0,0,0,0,0,0,0,0,0,0,100,100,0,0,0,0,-9,2,0,0,45,0,44,3,4,0,16
802,tank4_t72_89,0,2,2153,0,0,2,0,0,0,12150,0,100,100,0,0,100,0,0,0,0,0,0,0,0,0,0,0,0,0,0,0,0,100,100,0,0,0,0,-9,2,0,0,45,0,44,3,4,0,16
803,tank4_t72_89,0,2,2154,0,0,2,0,0,0,12150,0,100,100,0,0,100,0,0,0,0,0,0,0,0,0,0,0,0,0,0,0,0,100,100,0,0,0,0,-9,2,0,0,45,0,44,3,4,0,16
804,tank4_t72_89,0,2,2154,0,0,2,0,0,0,12150,0,100,100,0,0,100,0,0,0,0,0,0,0,0,0,0,0,0,0,0,0,0,100,100,0,0,0,0,-9,2,0,0,45,0,44,3,4,0,16
805,tank4_t72_89,0,2,2155,0,0,2,0,0,0,12150,0,100,100,0,0,100,0,0,0,0,0,0,0,0,0,0,0,0,0,0,0,0,100,100,0,0,0,0,-9,2,0,0,45,0,44,3,4,0,16
806,tank4_t72_89,0,2,2156,0,0,2,0,0,0,12150,0,100,100,0,0,100,0,0,0,0,0,0,0,0,0,0,0,0,0,0,0,0,100,100,0,0,0,0,-9,2,0,0,45,0,44,3,4,0,16
807,tank4_t72_89,0,2,2156,0,0,2,0,0,0,12150,0,100,100,0,0,100,0,0,0,0,0,0,0,0,0,0,0,0,0,0,0,0,100,100,0,0,0,0,-9,2,0,0,45,0,44,3,4,0,16
808,tank4_t72_89,0,2,2157,0,0,2,0,0,0,12150,0,100,100,0,0,100,0,0,0,0,0,0,0,0,0,0,0,0,0,0,0,0,100,100,0,0,0,0,-9,2,0,0,45,0,44,3,4,0,16
809,tank4_t72_89,0,2,2157,0,0,2,0,0,0,12150,0,100,100,0,0,100,0,0,0,0,0,0,0,0,0,0,0,0,0,0,0,0,100,100,0,0,0,0,-9,2,0,0,45,0,44,3,4,0,16
810,tank4_t72_89,0,2,2158,0,0,2,0,0,0,12150,0,100,100,0,0,100,0,0,0,0,0,0,0,0,0,0,0,0,0,0,0,0,100,100,0,0,0,0,-9,2,0,0,45,0,44,3,4,0,16
811,tank4_t72_89,0,2,2159,0,0,2,0,0,0,12150,0,100,100,0,0,100,0,0,0,0,0,0,0,0,0,0,0,0,0,0,0,0,100,100,0,0,0,0,-9,2,0,0,45,0,44,3,4,0,16
812,tank4_t72_89,0,2,2159,0,0,2,0,0,0,12150,0,100,100,0,0,100,0,0,0,0,0,0,0,0,0,0,0,0,0,0,0,0,100,100,0,0,0,0,-9,2,0,0,45,0,44,3,4,0,16
813,tank4_t72_89,0,2,2160,0,0,2,0,0,0,12150,0,100,100,0,0,100,0,0,0,0,0,0,0,0,0,0,0,0,0,0,0,0,100,100,0,0,0,0,-9,2,0,0,45,0,44,3,4,0,16
814,tank4_t72_89,0,2,2160,0,0,2,0,0,0,12150,0,100,100,0,0,100,0,0,0,0,0,0,0,0,0,0,0,0,0,0,0,0,100,100,0,0,0,0,-9,2,0,0,45,0,44,3,4,0,16
815,tank4_t72_89,0,2,2161,0,0,2,0,0,0,12150,0,100,100,0,0,100,0,0,0,0,0,0,0,0,0,0,0,0,0,0,0,0,100,100,0,0,0,0,-9,2,0,0,45,0,44,3,4,0,16
816,tank4_t72_89,0,2,2162,0,0,2,0,0,0,12150,0,100,100,0,0,100,0,0,0,0,0,0,0,0,0,0,0,0,0,0,0,0,100,100,0,0,0,0,-9,2,0,0,45,0,44,3,4,0,16
817,tank4_t72_89,0,2,2162,0,0,2,0,0,0,12150,0,100,100,0,0,100,0,0,0,0,0,0,0,0,0,0,0,0,0,0,0,0,100,100,0,0,0,0,-9,2,0,0,45,0,44,3,4,0,16
818,tank4_t72_89,0,2,2163,0,0,2,0,0,0,12150,0,100,100,0,0,100,0,0,0,0,0,0,0,0,0,0,0,0,0,0,0,0,100,100,0,0,0,0,-9,2,0,0,45,0,44,3,4,0,16
819,tank4_t72_89,0,2,2163,0,0,2,0,0,0,12150,0,100,100,0,0,100,0,0,0,0,0,0,0,0,0,0,0,0,0,0,0,0,100,100,0,0,0,0,-9,2,0,0,45,0,44,3,4,0,16
820,tank4_t72_89,0,2,2164,0,0,2,0,0,0,12150,0,100,100,0,0,100,0,0,0,0,0,0,0,0,0,0,0,0,0,0,0,0,100,100,0,0,0,0,-9,2,0,0,45,0,44,3,4,0,16
821,tank4_t72_89,0,2,2165,0,0,2,0,0,0,12150,0,100,100,0,0,100,0,0,0,0,0,0,0,0,0,0,0,0,0,0,0,0,100,100,0,0,0,0,-9,2,0,0,45,0,44,3,4,0,16
822,tank4_t72_89,0,2,2165,0,0,2,0,0,0,12150,0,100,100,0,0,100,0,0,0,0,0,0,0,0,0,0,0,0,0,0,0,0,100,100,0,0,0,0,-9,2,0,0,45,0,44,3,4,0,16
823,tank4_t72_89,0,2,2166,0,0,2,0,0,0,12150,0,100,100,0,0,100,0,0,0,0,0,0,0,0,0,0,0,0,0,0,0,0,100,100,0,0,0,0,-9,2,0,0,45,0,44,3,4,0,16
824,tank4_t72_89,0,2,2166,0,0,2,0,0,0,12150,0,100,100,0,0,100,0,0,0,0,0,0,0,0,0,0,0,0,0,0,0,0,100,100,0,0,0,0,-9,2,0,0,45,0,44,3,4,0,16
825,tank4_t72_89,0,2,2167,0,0,2,0,0,0,12150,0,100,100,0,0,100,0,0,0,0,0,0,0,0,0,0,0,0,0,0,0,0,100,100,0,0,0,0,-9,2,0,0,45,0,44,3,4,0,16
826,tank4_t72_89,0,2,2168,0,0,2,0,0,0,12150,0,100,100,0,0,100,0,0,0,0,0,0,0,0,0,0,0,0,0,0,0,0,100,100,0,0,0,0,-9,2,0,0,45,0,44,3,4,0,16
827,tank4_t72_89,0,2,2168,0,0,2,0,0,0,12150,0,100,100,0,0,100,0,0,0,0,0,0,0,0,0,0,0,0,0,0,0,0,100,100,0,0,0,0,-9,2,0,0,45,0,44,3,4,0,16
828,tank4_t72_89,0,2,2169,0,0,2,0,0,0,12150,0,100,100,0,0,100,0,0,0,0,0,0,0,0,0,0,0,0,0,0,0,0,100,100,0,0,0,0,-9,2,0,0,45,0,44,3,4,0,16
829,tank4_t72_89,0,2,2169,0,0,2,0,0,0,12150,0,100,100,0,0,100,0,0,0,0,0,0,0,0,0,0,0,0,0,0,0,0,100,100,0,0,0,0,-9,2,0,0,45,0,44,3,4,0,16
830,tank4_t72_89,0,2,2170,0,0,2,0,0,0,12150,0,100,100,0,0,100,0,0,0,0,0,0,0,0,0,0,0,0,0,0,0,0,100,100,0,0,0,0,-9,2,0,0,45,0,44,3,4,0,16
831,tank4_t72_89,0,2,2170,0,0,2,0,0,0,12150,0,100,100,0,0,100,0,0,0,0,0,0,0,0,0,0,0,0,0,0,0,0,100,100,0,0,0,0,-9,2,0,0,45,0,44,3,4,0,16
832,tank4_t72_89,0,2,2171,0,0,2,0,0,0,12150,0,100,100,0,0,100,0,0,0,0,0,0,0,0,0,0,0,0,0,0,0,0,100,100,0,0,0,0,-9,2,0,0,45,0,44,3,4,0,16
833,tank4_t72_89,0,2,2172,0,0,2,0,0,0,12150,0,100,100,0,0,100,0,0,0,0,0,0,0,0,0,0,0,0,0,0,0,0,100,100,0,0,0,0,-9,2,0,0,45,0,44,3,4,0,16
834,tank4_t72_89,0,2,2172,0,0,2,0,0,0,12150,0,100,100,0,0,100,0,0,0,0,0,0,0,0,0,0,0,0,0,0,0,0,100,100,0,0,0,0,-9,2,0,0,45,0,44,3,4,0,16
835,tank4_t72_89,0,2,2173,0,0,2,0,0,0,12150,0,100,100,0,0,100,0,0,0,0,0,0,0,0,0,0,0,0,0,0,0,0,100,100,0,0,0,0,-9,2,0,0,45,0,44,3,4,0,16
836,tank4_t72_89,0,2,2173,0,0,2,0,0,0,12150,0,100,100,0,0,100,0,0,0,0,0,0,0,0,0,0,0,0,0,0,0,0,100,100,0,0,0,0,-9,2,0,0,45,0,44,3,4,0,16
837,tank4_t72_89,0,2,2174,0,0,2,0,0,0,12150,0,100,100,0,0,100,0,0,0,0,0,0,0,0,0,0,0,0,0,0,0,0,100,100,0,0,0,0,-9,2,0,0,45,0,44,3,4,0,16
838,tank4_t72_89,0,2,2175,0,0,2,0,0,0,12150,0,100,100,0,0,100,0,0,0,0,0,0,0,0,0,0,0,0,0,0,0,0,100,100,0,0,0,0,-9,2,0,0,45,0,44,3,4,0,16
839,tank4_t72_89,0,2,2175,0,0,2,0,0,0,12150,0,100,100,0,0,100,0,0,0,0,0,0,0,0,0,0,0,0,0,0,0,0,100,100,0,0,0,0,-9,2,0,0,45,0,44,3,4,0,16
840,tank4_t72_89,0,2,2176,0,0,2,0,0,0,12150,0,100,100,0,0,100,0,0,0,0,0,0,0,0,0,0,0,0,0,0,0,0,100,100,0,0,0,0,-9,2,0,0,45,0,44,3,4,0,16
841,tank4_t72_89,0,2,2176,0,0,2,0,0,0,12150,0,100,100,0,0,100,0,0,0,0,0,0,0,0,0,0,0,0,0,0,0,0,100,100,0,0,0,0,-9,2,0,0,45,0,44,3,4,0,16
842,tank4_t72_89,0,2,2177,0,0,2,0,0,0,12150,0,100,100,0,0,100,0,0,0,0,0,0,0,0,0,0,0,0,0,0,0,0,100,100,0,0,0,0,-9,2,0,0,45,0,44,3,4,0,16
843,tank4_t72_89,0,2,2178,0,0,2,0,0,0,12150,0,100,100,0,0,100,0,0,0,0,0,0,0,0,0,0,0,0,0,0,0,0,100,100,0,0,0,0,-9,2,0,0,45,0,44,3,4,0,16
844,tank4_t72_89,0,2,2178,0,0,2,0,0,0,12150,0,100,100,0,0,100,0,0,0,0,0,0,0,0,0,0,0,0,0,0,0,0,100,100,0,0,0,0,-9,2,0,0,45,0,44,3,4,0,16
845,tank4_t72_89,0,2,2179,0,0,2,0,0,0,12150,0,100,100,0,0,100,0,0,0,0,0,0,0,0,0,0,0,0,0,0,0,0,100,100,0,0,0,0,-9,2,0,0,45,0,44,3,4,0,16
846,tank4_t72_89,0,2,2179,0,0,2,0,0,0,12150,0,100,100,0,0,100,0,0,0,0,0,0,0,0,0,0,0,0,0,0,0,0,100,100,0,0,0,0,-9,2,0,0,45,0,44,3,4,0,16
847,tank4_t72_89,0,2,2180,0,0,2,0,0,0,12150,0,100,100,0,0,100,0,0,0,0,0,0,0,0,0,0,0,0,0,0,0,0,100,100,0,0,0,0,-9,2,0,0,45,0,44,3,4,0,16
848,tank4_t72_89,0,2,2181,0,0,2,0,0,0,12150,0,100,100,0,0,100,0,0,0,0,0,0,0,0,0,0,0,0,0,0,0,0,100,100,0,0,0,0,-9,2,0,0,45,0,44,3,4,0,16
849,tank4_t72_89,0,2,2181,0,0,2,0,0,0,12150,0,100,100,0,0,100,0,0,0,0,0,0,0,0,0,0,0,0,0,0,0,0,100,100,0,0,0,0,-9,2,0,0,45,0,44,3,4,0,16
850,tank4_t72_89,0,2,2182,0,0,2,0,0,0,12150,0,100,100,0,0,100,0,0,0,0,0,0,0,0,0,0,0,0,0,0,0,0,100,100,0,0,0,0,-9,2,0,0,45,0,44,3,4,0,16
851,tank4_t72_89,0,2,2182,0,0,2,0,0,0,12150,0,100,100,0,0,100,0,0,0,0,0,0,0,0,0,0,0,0,0,0,0,0,100,100,0,0,0,0,-9,2,0,0,45,0,44,3,4,0,16
852,tank4_t72_89,0,2,2183,0,0,2,0,0,0,12150,0,100,100,0,0,100,0,0,0,0,0,0,0,0,0,0,0,0,0,0,0,0,100,100,0,0,0,0,-9,2,0,0,45,0,44,3,4,0,16
853,tank4_t72_89,0,2,2184,0,0,2,0,0,0,12150,0,100,100,0,0,100,0,0,0,0,0,0,0,0,0,0,0,0,0,0,0,0,100,100,0,0,0,0,-9,2,0,0,45,0,44,3,4,0,16
854,tank4_t72_89,0,2,2184,0,0,2,0,0,0,12150,0,100,100,0,0,100,0,0,0,0,0,0,0,0,0,0,0,0,0,0,0,0,100,100,0,0,0,0,-9,2,0,0,45,0,44,3,4,0,16
855,tank4_t72_89,0,2,2185,0,0,2,0,0,0,12150,0,100,100,0,0,100,0,0,0,0,0,0,0,0,0,0,0,0,0,0,0,0,100,100,0,0,0,0,-9,2,0,0,45,0,44,3,4,0,16
856,tank4_t72_89,0,2,2185,0,0,2,0,0,0,12150,0,100,100,0,0,100,0,0,0,0,0,0,0,0,0,0,0,0,0,0,0,0,100,100,0,0,0,0,-9,2,0,0,45,0,44,3,4,0,16
857,tank4_t72_89,0,2,2186,0,0,2,0,0,0,12150,0,100,100,0,0,100,0,0,0,0,0,0,0,0,0,0,0,0,0,0,0,0,100,100,0,0,0,0,-9,2,0,0,45,0,44,3,4,0,16
858,tank4_t72_89,0,2,2187,0,0,2,0,0,0,12150,0,100,100,0,0,100,0,0,0,0,0,0,0,0,0,0,0,0,0,0,0,0,100,100,0,0,0,0,-9,2,0,0,45,0,44,3,4,0,16
859,tank4_t72_89,0,2,2187,0,0,2,0,0,0,12150,0,100,100,0,0,100,0,0,0,0,0,0,0,0,0,0,0,0,0,0,0,0,100,100,0,0,0,0,-9,2,0,0,45,0,44,3,4,0,16
860,tank4_t72_89,0,2,2188,0,0,2,0,0,0,12150,0,100,100,0,0,100,0,0,0,0,0,0,0,0,0,0,0,0,0,0,0,0,100,100,0,0,0,0,-9,2,0,0,45,0,44,3,4,0,16
861,tank4_t72_89,0,2,2188,0,0,2,0,0,0,12150,0,100,100,0,0,100,0,0,0,0,0,0,0,0,0,0,0,0,0,0,0,0,100,100,0,0,0,0,-9,2,0,0,45,0,44,3,4,0,16
862,tank4_t72_89,0,2,2189,0,0,2,0,0,0,12150,0,100,100,0,0,100,0,0,0,0,0,0,0,0,0,0,0,0,0,0,0,0,100,100,0,0,0,0,-9,2,0,0,45,0,44,3,4,0,16
863,tank4_t72_89,0,2,2189,0,0,2,0,0,0,12150,0,100,100,0,0,100,0,0,0,0,0,0,0,0,0,0,0,0,0,0,0,0,100,100,0,0,0,0,-9,2,0,0,45,0,44,3,4,0,16
864,tank4_t72_89,0,2,2190,0,0,2,0,0,0,12150,0,100,100,0,0,100,0,0,0,0,0,0,0,0,0,0,0,0,0,0,0,0,100,100,0,0,0,0,-9,2,0,0,45,0,44,3,4,0,16
865,tank4_t72_89,0,2,2191,0,0,2,0,0,0,12150,0,100,100,0,0,100,0,0,0,0,0,0,0,0,0,0,0,0,0,0,0,0,100,100,0,0,0,0,-9,2,0,0,45,0,44,3,4,0,16
866,tank4_t72_89,0,2,2191,0,0,2,0,0,0,12150,0,100,100,0,0,100,0,0,0,0,0,0,0,0,0,0,0,0,0,0,0,0,100,100,0,0,0,0,-9,2,0,0,45,0,44,3,4,0,16
867,tank4_t72_89,0,2,2192,0,0,2,0,0,0,12150,0,100,100,0,0,100,0,0,0,0,0,0,0,0,0,0,0,0,0,0,0,0,100,100,0,0,0,0,-9,2,0,0,45,0,44,3,4,0,16
868,tank4_t72_89,0,2,2192,0,0,2,0,0,0,12150,0,100,100,0,0,100,0,0,0,0,0,0,0,0,0,0,0,0,0,0,0,0,100,100,0,0,0,0,-9,2,0,0,45,0,44,3,4,0,16
869,tank4_t72_89,0,2,2193,0,0,2,0,0,0,12150,0,100,100,0,0,100,0,0,0,0,0,0,0,0,0,0,0,0,0,0,0,0,100,100,0,0,0,0,-9,2,0,0,45,0,44,3,4,0,16
870,tank4_t72_89,0,2,2194,0,0,2,0,0,0,12150,0,100,100,0,0,100,0,0,0,0,0,0,0,0,0,0,0,0,0,0,0,0,100,100,0,0,0,0,-9,2,0,0,45,0,44,3,4,0,16
871,tank4_t72_89,0,2,2194,0,0,2,0,0,0,12150,0,100,100,0,0,100,0,0,0,0,0,0,0,0,0,0,0,0,0,0,0,0,100,100,0,0,0,0,-9,2,0,0,45,0,44,3,4,0,16
872,tank4_t72_89,0,2,2195,0,0,2,0,0,0,12150,0,100,100,0,0,100,0,0,0,0,0,0,0,0,0,0,0,0,0,0,0,0,100,100,0,0,0,0,-9,2,0,0,45,0,44,3,4,0,16
873,tank4_t72_89,0,2,2195,0,0,2,0,0,0,12150,0,100,100,0,0,100,0,0,0,0,0,0,0,0,0,0,0,0,0,0,0,0,100,100,0,0,0,0,-9,2,0,0,45,0,44,3,4,0,16
874,tank4_t72_89,0,2,2196,0,0,2,0,0,0,12150,0,100,100,0,0,100,0,0,0,0,0,0,0,0,0,0,0,0,0,0,0,0,100,100,0,0,0,0,-9,2,0,0,45,0,44,3,4,0,16
875,tank4_t72_89,0,2,2197,0,0,2,0,0,0,12150,0,100,100,0,0,100,0,0,0,0,0,0,0,0,0,0,0,0,0,0,0,0,100,100,0,0,0,0,-9,2,0,0,45,0,44,3,4,0,16
876,tank4_t72_89,0,2,2197,0,0,2,0,0,0,12150,0,100,100,0,0,100,0,0,0,0,0,0,0,0,0,0,0,0,0,0,0,0,100,100,0,0,0,0,-9,2,0,0,45,0,44,3,4,0,16
877,tank4_t72_89,0,2,2198,0,0,2,0,0,0,12150,0,100,100,0,0,100,0,0,0,0,0,0,0,0,0,0,0,0,0,0,0,0,100,100,0,0,0,0,-9,2,0,0,45,0,44,3,4,0,16
878,tank4_t72_89,0,2,2198,0,0,2,0,0,0,12150,0,100,100,0,0,100,0,0,0,0,0,0,0,0,0,0,0,0,0,0,0,0,100,100,0,0,0,0,-9,2,0,0,45,0,44,3,4,0,16
879,tank4_t72_89,0,2,2199,0,0,2,0,0,0,12150,0,100,100,0,0,100,0,0,0,0,0,0,0,0,0,0,0,0,0,0,0,0,100,100,0,0,0,0,-9,2,0,0,45,0,44,3,4,0,16
880,tank4_t72_89,0,2,2200,0,0,2,0,0,0,12150,0,100,100,0,0,100,0,0,0,0,0,0,0,0,0,0,0,0,0,0,0,0,100,100,0,0,0,0,-9,2,0,0,45,0,44,3,4,0,16
881,tank4_t72_89,0,2,2200,0,0,2,0,0,0,12150,0,100,100,0,0,100,0,0,0,0,0,0,0,0,0,0,0,0,0,0,0,0,100,100,0,0,0,0,-9,2,0,0,45,0,44,3,4,0,16
882,tank4_t72_89,0,2,2201,0,0,2,0,0,0,12150,0,100,100,0,0,100,0,0,0,0,0,0,0,0,0,0,0,0,0,0,0,0,100,100,0,0,0,0,-9,2,0,0,45,0,44,3,4,0,16
883,tank4_t72_89,0,2,2201,0,0,2,0,0,0,12150,0,100,100,0,0,100,0,0,0,0,0,0,0,0,0,0,0,0,0,0,0,0,100,100,0,0,0,0,-9,2,0,0,45,0,44,3,4,0,16
884,tank4_t72_89,0,2,2202,0,0,2,0,0,0,12150,0,100,100,0,0,100,0,0,0,0,0,0,0,0,0,0,0,0,0,0,0,0,100,100,0,0,0,0,-9,2,0,0,45,0,44,3,4,0,16
885,tank4_t72_89,0,2,2203,0,0,2,0,0,0,12150,0,100,100,0,0,100,0,0,0,0,0,0,0,0,0,0,0,0,0,0,0,0,100,100,0,0,0,0,-9,2,0,0,45,0,44,3,4,0,16
886,tank4_t72_89,0,2,2203,0,0,2,0,0,0,12150,0,100,100,0,0,100,0,0,0,0,0,0,0,0,0,0,0,0,0,0,0,0,100,100,0,0,0,0,-9,2,0,0,45,0,44,3,4,0,16
887,tank4_t72_89,0,2,2204,0,0,2,0,0,0,12150,0,100,100,0,0,100,0,0,0,0,0,0,0,0,0,0,0,0,0,0,0,0,100,100,0,0,0,0,-9,2,0,0,45,0,44,3,4,0,16
888,tank4_t72_89,0,2,2204,0,0,2,0,0,0,12150,0,100,100,0,0,100,0,0,0,0,0,0,0,0,0,0,0,0,0,0,0,0,100,100,0,0,0,0,-9,2,0,0,45,0,44,3,4,0,16
889,tank4_t72_89,0,2,2205,0,0,2,0,0,0,12150,0,100,100,0,0,100,0,0,0,0,0,0,0,0,0,0,0,0,0,0,0,0,100,100,0,0,0,0,-9,2,0,0,45,0,44,3,4,0,16
890,tank4_t72_89,0,2,2206,0,0,2,0,0,0,12150,0,100,100,0,0,100,0,0,0,0,0,0,0,0,0,0,0,0,0,0,0,0,100,100,0,0,0,0,-9,2,0,0,45,0,44,3,4,0,16
891,tank4_t72_89,0,2,2206,0,0,2,0,0,0,12150,0,100,100,0,0,100,0,0,0,0,0,0,0,0,0,0,0,0,0,0,0,0,100,100,0,0,0,0,-9,2,0,0,45,0,44,3,4,0,16
892,tank4_t72_89,0,2,2207,0,0,2,0,0,0,12150,0,100,100,0,0,100,0,0,0,0,0,0,0,0,0,0,0,0,0,0,0,0,100,100,0,0,0,0,-9,2,0,0,45,0,44,3,4,0,16
893,tank4_t72_89,0,2,2207,0,0,2,0,0,0,12150,0,100,100,0,0,100,0,0,0,0,0,0,0,0,0,0,0,0,0,0,0,0,100,100,0,0,0,0,-9,2,0,0,45,0,44,3,4,0,16
894,tank4_t72_89,0,2,2208,0,0,2,0,0,0,12150,0,100,100,0,0,100,0,0,0,0,0,0,0,0,0,0,0,0,0,0,0,0,100,100,0,0,0,0,-9,2,0,0,45,0,44,3,4,0,16
895,tank4_t72_89,0,2,2208,0,0,2,0,0,0,12150,0,100,100,0,0,100,0,0,0,0,0,0,0,0,0,0,0,0,0,0,0,0,100,100,0,0,0,0,-9,2,0,0,45,0,44,3,4,0,16
896,tank4_t72_89,0,2,2209,0,0,2,0,0,0,12150,0,100,100,0,0,100,0,0,0,0,0,0,0,0,0,0,0,0,0,0,0,0,100,100,0,0,0,0,-9,2,0,0,45,0,44,3,4,0,16
897,tank4_t72_89,0,2,2210,0,0,2,0,0,0,12150,0,100,100,0,0,100,0,0,0,0,0,0,0,0,0,0,0,0,0,0,0,0,100,100,0,0,0,0,-9,2,0,0,45,0,44,3,4,0,16
898,tank4_t72_89,0,2,2210,0,0,2,0,0,0,12150,0,100,100,0,0,100,0,0,0,0,0,0,0,0,0,0,0,0,0,0,0,0,100,100,0,0,0,0,-9,2,0,0,45,0,44,3,4,0,16
899,tank4_t72_89,0,2,2211,0,0,2,0,0,0,12150,0,100,100,0,0,100,0,0,0,0,0,0,0,0,0,0,0,0,0,0,0,0,100,100,0,0,0,0,-9,2,0,0,45,0,44,3,4,0,16
