tick,name,pos_x,pos_y,pos_z,vel_x,vel_y,vel_z,yaw,grounded,fx_count,kudos,combo,nitro,riskboost,takedowns,skill_driver,crashbreaker,airspeed,air_lift,rotor_rpm,rotor_lift,fuel,cannon,missiles,lock,cargo,av_lock,threat,engine_dead,ctrl_loss,mission_score,medal,wing_score,shield,laser,heat,tank_left,tank_right,turret_yaw,turret_elev,tank_ammo,tank_fired,tank_pen,tank_effective,tank_spall,crew_shock,crew_alive,module_last,platoon_order,platoon_score
0,tank4_sherman_89,0,2,0,0,0,0,0,0,0,0,0,50,0,0,0,0,0,0,0,0,0,0,0,0,0,0,0,0,0,0,0,0,100,100,0,0,0,0,0,0,0,0,0,0,0,4,-1,0,0
1,tank4_sherman_89,0,2,0,0,0,0,0,0,0,0,0,50,0,0,0,0,0,0,0,0,0,0,0,0,0,0,0,0,0,0,0,0,100,100,0,0,0,0,0,0,0,0,0,0,0,4,-1,0,0
2,tank4_sherman_89,0,2,0,0,0,1,0,0,0,0,0,50,0,0,0,0,0,0,0,0,0,0,0,0,0,0,0,0,0,0,0,0,100,100,0,0,0,0,0,0,0,0,0,0,0,4,-1,0,0
3,tank4_sherman_89,0,2,1,0,0,1,0,0,0,0,0,50,0,0,0,0,0,0,0,0,0,0,0,0,0,0,0,0,0,0,0,0,100,100,0,0,0,0,0,0,0,0,0,0,0,4,-1,0,0
4,tank4_sherman_89,0,2,1,0,0,2,0,0,0,0,0,50,0,0,0,0,0,0,0,0,0,0,0,0,0,0,0,0,0,0,0,0,100,100,0,0,0,0,0,0,0,0,0,0,0,4,-1,0,0
5,tank4_sherman_89,0,2,2,0,0,2,0,0,0,0,0,51,0,0,0,0,0,0,0,0,0,0,0,0,0,0,0,0,0,0,0,0,100,100,0,0,0,0,0,0,0,0,0,0,0,4,-1,0,0
6,tank4_sherman_89,0,2,3,0,0,2,0,0,0,0,0,51,0,0,0,0,0,0,0,0,0,0,0,0,0,0,0,0,0,0,0,0,100,100,0,0,0,0,0,0,0,0,0,0,0,4,-1,0,0
7,tank4_sherman_89,0,2,4,0,0,3,0,0,0,0,0,51,0,0,0,0,0,0,0,0,0,0,0,0,0,0,0,0,0,0,0,0,100,100,0,0,0,0,0,0,0,0,0,0,0,4,-1,0,0
8,tank4_sherman_89,0,2,4,0,0,3,0,0,0,0,0,51,0,0,0,0,0,0,0,0,0,0,0,0,0,0,0,0,0,0,0,0,100,100,0,0,0,0,0,0,0,0,0,0,0,4,-1,0,0
9,tank4_sherman_89,0,2,6,0,0,3,0,0,0,0,0,51,0,0,0,0,0,0,0,0,0,0,0,0,0,0,0,0,0,0,0,0,100,100,0,0,0,0,0,0,0,0,0,0,0,4,-1,0,0
10,tank4_sherman_89,0,2,7,0,0,4,0,0,0,0,0,52,0,0,0,0,0,0,0,0,0,0,0,0,0,0,0,0,0,0,0,0,100,100,0,0,0,0,0,0,0,0,0,0,0,4,-1,0,0
11,tank4_sherman_89,0,2,8,0,0,4,0,0,0,0,0,52,0,0,0,0,0,0,0,0,0,0,0,0,0,0,0,0,0,0,0,0,100,100,0,0,0,0,0,0,0,0,0,0,0,4,-1,0,0
12,tank4_sherman_89,0,2,9,0,0,4,0,0,0,0,0,52,0,0,0,0,0,0,0,0,0,0,0,0,0,0,0,0,0,0,0,0,100,100,0,0,0,0,0,0,0,0,0,0,0,4,-1,0,0
13,tank4_sherman_89,0,2,10,0,0,4,0,0,0,0,0,52,0,0,0,0,0,0,0,0,0,0,0,0,0,0,0,0,0,0,0,0,100,100,0,0,0,0,0,0,0,0,0,0,0,4,-1,0,0
14,tank4_sherman_89,0,2,12,0,0,4,0,0,0,0,0,52,0,0,0,0,0,0,0,0,0,0,0,0,0,0,0,0,0,0,0,0,100,100,0,0,0,0,0,0,0,0,0,0,0,4,-1,0,0
15,tank4_sherman_89,0,2,13,0,0,5,0,0,0,0,0,53,0,0,0,0,0,0,0,0,0,0,0,0,0,0,0,0,0,0,0,0,100,100,0,0,0,0,0,0,0,0,0,0,0,4,-1,0,0
16,tank4_sherman_89,0,2,14,0,0,5,0,0,0,0,0,53,0,0,0,0,0,0,0,0,0,0,0,0,0,0,0,0,0,0,0,0,100,100,0,0,0,0,0,0,0,0,0,0,0,4,-1,0,0
17,tank4_sherman_89,0,2,16,0,0,5,0,0,0,0,0,53,0,0,0,0,0,0,0,0,0,0,0,0,0,0,0,0,0,0,0,0,100,100,0,0,0,0,0,0,0,0,0,0,0,4,-1,0,0
18,tank4_sherman_89,0,2,17,0,0,5,0,0,0,0,0,53,0,0,0,0,0,0,0,0,0,0,0,0,0,0,0,0,0,0,0,0,100,100,0,0,0,0,0,0,0,0,0,0,0,4,-1,0,0
19,tank4_sherman_89,0,2,19,0,0,5,0,0,0,0,0,53,0,0,0,0,0,0,0,0,0,0,0,0,0,0,0,0,0,0,0,0,100,100,0,0,0,0,0,0,0,0,0,0,0,4,-1,0,0
20,tank4_sherman_89,0,2,20,0,0,5,0,0,0,0,0,53,0,0,0,0,0,0,0,0,0,0,0,0,0,0,0,0,0,0,0,0,100,100,0,0,0,0,0,1,0,0,0,0,0,4,-1,0,0
21,tank4_sherman_89,0,2,22,0,0,6,0,0,0,0,0,54,0,0,0,0,0,0,0,0,0,0,0,0,0,0,0,0,0,0,0,0,100,100,0,0,0,0,0,1,0,0,0,0,0,4,-1,0,0
22,tank4_sherman_89,0,2,24,0,0,6,0,0,0,0,0,54,0,0,0,0,0,0,0,0,0,0,0,0,0,0,0,0,0,0,0,0,100,100,0,0,0,0,0,1,0,0,0,0,0,4,-1,0,0
23,tank4_sherman_89,0,2,25,0,0,6,0,0,0,0,0,54,0,0,0,0,0,0,0,0,0,0,0,0,0,0,0,0,0,0,0,0,100,100,0,0,0,0,0,1,0,0,0,0,0,4,-1,0,0
24,tank4_sherman_89,0,2,27,0,0,6,0,0,0,0,0,54,0,0,0,0,0,0,0,0,0,0,0,0,0,0,0,0,0,0,0,0,100,100,0,0,0,0,0,1,0,0,0,0,0,4,-1,0,0
25,tank4_sherman_89,0,2,29,0,0,6,0,0,0,0,0,54,0,0,0,0,0,0,0,0,0,0,0,0,0,0,0,0,0,0,0,0,100,100,0,0,0,0,0,1,0,0,0,0,0,4,-1,0,0
26,tank4_sherman_89,0,2,31,0,0,6,0,0,0,0,0,55,0,0,0,0,0,0,0,0,0,0,0,0,0,0,0,0,0,0,0,0,100,100,0,0,0,0,0,1,0,0,0,0,0,4,-1,0,0
27,tank4_sherman_89,0,2,32,0,0,6,0,0,0,0,0,55,0,0,0,0,0,0,0,0,0,0,0,0,0,0,0,0,0,0,0,0,100,100,0,0,0,0,0,1,0,0,0,0,0,4,-1,0,0
28,tank4_sherman_89,0,2,34,0,0,6,0,0,0,0,0,55,0,0,0,0,0,0,0,0,0,0,0,0,0,0,0,0,0,0,0,0,100,100,0,0,0,0,0,1,0,0,0,0,0,4,-1,0,0
29,tank4_sherman_89,0,2,36,0,0,6,0,0,0,0,0,55,0,0,0,0,0,0,0,0,0,0,0,0,0,0,0,0,0,0,0,0,100,100,0,0,0,0,0,1,0,0,0,0,0,4,-1,0,0
30,tank4_sherman_89,0,2,38,0,0,6,0,0,0,0,0,55,0,0,0,0,0,0,0,0,0,0,0,0,0,0,0,0,0,0,0,0,100,100,0,0,0,0,0,1,0,0,0,0,0,4,-1,0,0
31,tank4_sherman_89,0,2,40,0,0,7,0,0,0,0,0,56,0,0,0,0,0,0,0,0,0,0,0,0,0,0,0,0,0,0,0,0,100,100,0,0,0,0,0,1,0,0,0,0,0,4,-1,0,0
32,tank4_sherman_89,0,2,42,0,0,7,0,0,0,0,0,56,0,0,0,0,0,0,0,0,0,0,0,0,0,0,0,0,0,0,0,0,100,100,0,0,0,0,0,1,0,0,0,0,0,4,-1,0,0
33,tank4_sherman_89,0,2,44,0,0,7,0,0,0,0,0,56,0,0,0,0,0,0,0,0,0,0,0,0,0,0,0,0,0,0,0,0,100,100,0,0,0,0,0,1,0,0,0,0,0,4,-1,0,0
34,tank4_sherman_89,0,2,46,0,0,7,0,0,0,0,0,56,0,0,0,0,0,0,0,0,0,0,0,0,0,0,0,0,0,0,0,0,100,100,0,0,0,0,0,1,0,0,0,0,0,4,-1,0,0
35,tank4_sherman_89,0,2,47,0,0,7,0,0,0,0,0,56,0,0,0,0,0,0,0,0,0,0,0,0,0,0,0,0,0,0,0,0,100,100,0,0,0,0,0,1,0,0,0,0,0,4,-1,0,0
36,tank4_sherman_89,0,2,49,0,0,7,0,0,0,0,0,56,0,0,0,0,0,0,0,0,0,0,0,0,0,0,0,0,0,0,0,0,100,100,0,0,0,0,0,1,0,0,0,0,0,4,-1,0,0
37,tank4_sherman_89,0,2,51,0,0,7,0,0,0,0,0,57,0,0,0,0,0,0,0,0,0,0,0,0,0,0,0,0,0,0,0,0,100,100,0,0,0,0,0,1,0,0,0,0,0,4,-1,0,0
38,tank4_sherman_89,0,2,53,0,0,7,0,0,0,0,0,57,0,0,0,0,0,0,0,0,0,0,0,0,0,0,0,0,0,0,0,0,100,100,0,0,0,0,0,1,0,0,0,0,0,4,-1,0,0
39,tank4_sherman_89,0,2,55,0,0,7,0,0,0,0,0,57,0,0,0,0,0,0,0,0,0,0,0,0,0,0,0,0,0,0,0,0,100,100,0,0,0,0,0,1,0,0,0,0,0,4,-1,0,0
40,tank4_sherman_89,0,2,57,0,0,7,0,0,0,0,0,57,0,0,0,0,0,0,0,0,0,0,0,0,0,0,0,0,0,0,0,0,100,100,0,0,0,0,0,1,0,0,0,0,0,4,-1,1,0
41,tank4_sherman_89,0,2,59,0,0,7,0,0,0,0,0,57,0,0,0,0,0,0,0,0,0,0,0,0,0,0,0,0,0,0,0,0,100,100,0,0,0,0,0,1,0,0,0,0,0,4,-1,1,0
42,tank4_sherman_89,0,2,61,0,0,7,0,0,0,0,0,58,0,0,0,0,0,0,0,0,0,0,0,0,0,0,0,0,0,0,0,0,100,100,0,0,0,0,0,1,0,0,0,0,0,4,-1,1,0
43,tank4_sherman_89,0,2,63,0,0,7,0,0,0,0,0,58,0,0,0,0,0,0,0,0,0,0,0,0,0,0,0,0,0,0,0,0,100,100,0,0,0,0,0,1,0,0,0,0,0,4,-1,1,0
44,tank4_sherman_89,0,2,65,0,0,7,0,0,0,0,0,58,0,0,0,0,0,0,0,0,0,0,0,0,0,0,0,0,0,0,0,0,100,100,0,0,0,0,0,1,0,0,0,0,0,4,-1,1,0
45,tank4_sherman_89,0,2,67,0,0,7,0,0,0,0,0,58,0,0,0,0,0,0,0,0,0,0,0,0,0,0,0,0,0,0,0,0,100,100,0,0,0,0,0,1,0,0,0,0,0,4,-1,1,0
46,tank4_sherman_89,0,2,69,0,0,7,0,0,0,0,0,58,0,0,0,0,0,0,0,0,0,0,0,0,0,0,0,0,0,0,0,0,100,100,0,0,0,0,0,1,0,0,0,0,0,4,-1,1,0
47,tank4_sherman_89,0,2,72,0,0,7,0,0,0,0,0,59,0,0,0,0,0,0,0,0,0,0,0,0,0,0,0,0,0,0,0,0,100,100,0,0,0,0,0,1,0,0,0,0,0,4,-1,1,0
48,tank4_sherman_89,0,2,74,0,0,7,0,0,0,0,0,59,0,0,0,0,0,0,0,0,0,0,0,0,0,0,0,0,0,0,0,0,100,100,0,0,0,0,0,1,0,0,0,0,0,4,-1,1,0
49,tank4_sherman_89,0,2,76,0,0,7,0,0,0,0,0,59,0,0,0,0,0,0,0,0,0,0,0,0,0,0,0,0,0,0,0,0,100,100,0,0,0,0,0,1,0,0,0,0,0,4,-1,1,0
50,tank4_sherman_89,0,2,78,0,0,7,0,0,0,0,0,59,0,0,0,0,0,0,0,0,0,0,0,0,0,0,0,0,0,0,0,0,100,100,0,0,0,0,0,1,0,0,0,0,0,4,-1,1,0
51,tank4_sherman_89,0,2,80,0,0,7,0,0,0,0,0,59,0,0,0,0,0,0,0,0,0,0,0,0,0,0,0,0,0,0,0,0,100,100,0,0,0,0,0,1,0,0,0,0,0,4,-1,1,0
52,tank4_sherman_89,0,2,82,0,0,7,0,0,0,0,0,59,0,0,0,0,0,0,0,0,0,0,0,0,0,0,0,0,0,0,0,0,100,100,0,0,0,0,0,1,0,0,0,0,0,4,-1,1,0
53,tank4_sherman_89,0,2,84,0,0,7,0,0,0,0,0,60,0,0,0,0,0,0,0,0,0,0,0,0,0,0,0,0,0,0,0,0,100,100,0,0,0,0,0,1,0,0,0,0,0,4,-1,1,0
54,tank4_sherman_89,0,2,86,0,0,7,0,0,0,0,0,60,0,0,0,0,0,0,0,0,0,0,0,0,0,0,0,0,0,0,0,0,100,100,0,0,0,0,0,1,0,0,0,0,0,4,-1,1,0
55,tank4_sherman_89,0,2,88,0,0,7,0,0,0,0,0,60,0,0,0,0,0,0,0,0,0,0,0,0,0,0,0,0,0,0,0,0,100,100,0,0,0,0,0,1,0,0,0,0,0,4,-1,1,0
56,tank4_sherman_89,0,2,90,0,0,7,0,0,0,0,0,60,0,0,0,0,0,0,0,0,0,0,0,0,0,0,0,0,0,0,0,0,100,100,0,0,0,0,0,1,0,0,0,0,0,4,-1,1,0
57,tank4_sherman_89,0,2,92,0,0,7,0,0,0,0,0,60,0,0,0,0,0,0,0,0,0,0,0,0,0,0,0,0,0,0,0,0,100,100,0,0,0,0,0,1,0,0,0,0,0,4,-1,1,0
58,tank4_sherman_89,0,2,94,0,0,7,0,0,0,0,0,61,0,0,0,0,0,0,0,0,0,0,0,0,0,0,0,0,0,0,0,0,100,100,0,0,0,0,0,1,0,0,0,0,0,4,-1,1,0
59,tank4_sherman_89,0,2,97,0,0,7,0,0,0,0,0,61,0,0,0,0,0,0,0,0,0,0,0,0,0,0,0,0,0,0,0,0,100,100,0,0,0,0,0,1,0,0,0,0,0,4,-1,1,0
60,tank4_sherman_89,0,2,99,0,0,7,0,0,0,0,0,61,0,0,0,0,0,0,0,0,0,0,0,0,0,0,0,0,0,0,0,0,100,100,0,0,0,0,0,1,0,0,0,0,0,4,-1,1,0
61,tank4_sherman_89,0,2,101,0,0,7,0,0,0,0,0,61,0,0,0,0,0,0,0,0,0,0,0,0,0,0,0,0,0,0,0,0,100,100,0,0,0,0,0,1,0,0,0,0,0,4,-1,1,0
62,tank4_sherman_89,0,2,103,0,0,7,0,0,0,0,0,61,0,0,0,0,0,0,0,0,0,0,0,0,0,0,0,0,0,0,0,0,100,100,0,0,0,0,0,1,0,0,0,0,0,4,-1,1,0
63,tank4_sherman_89,0,2,105,0,0,7,0,0,0,0,0,62,0,0,0,0,0,0,0,0,0,0,0,0,0,0,0,0,0,0,0,0,100,100,0,0,0,0,0,1,0,0,0,0,0,4,-1,1,0
64,tank4_sherman_89,0,2,107,0,0,7,0,0,0,0,0,62,0,0,0,0,0,0,0,0,0,0,0,0,0,0,0,0,0,0,0,0,100,100,0,0,0,0,0,1,0,0,0,0,0,4,-1,1,0
65,tank4_sherman_89,0,2,109,0,0,7,0,0,0,0,0,62,0,0,0,0,0,0,0,0,0,0,0,0,0,0,0,0,0,0,0,0,100,100,0,0,0,0,0,1,0,0,0,0,0,4,-1,1,0
66,tank4_sherman_89,0,2,111,0,0,7,0,0,0,0,0,62,0,0,0,0,0,0,0,0,0,0,0,0,0,0,0,0,0,0,0,0,100,100,0,0,0,0,0,1,0,0,0,0,0,4,-1,1,0
67,tank4_sherman_89,0,2,113,0,0,7,0,0,0,0,0,62,0,0,0,0,0,0,0,0,0,0,0,0,0,0,0,0,0,0,0,0,100,100,0,0,0,0,0,1,0,0,0,0,0,4,-1,1,0
68,tank4_sherman_89,0,2,116,0,0,7,0,0,0,0,0,62,0,0,0,0,0,0,0,0,0,0,0,0,0,0,0,0,0,0,0,0,100,100,0,0,0,0,0,1,0,0,0,0,0,4,-1,1,0
69,tank4_sherman_89,0,2,118,0,0,7,0,0,0,0,0,63,0,0,0,0,0,0,0,0,0,0,0,0,0,0,0,0,0,0,0,0,100,100,0,0,0,0,0,1,0,0,0,0,0,4,-1,1,0
70,tank4_sherman_89,0,2,120,0,0,7,0,0,2,0,0,63,0,0,0,0,0,0,0,0,0,0,0,0,0,0,0,0,0,0,0,0,100,100,0,0,0,0,0,1,1,0,130,0,0,4,-1,1,1
71,tank4_sherman_89,0,2,122,0,0,7,0,0,0,0,0,63,0,0,0,0,0,0,0,0,0,0,0,0,0,0,0,0,0,0,0,0,100,100,0,0,0,0,-5,1,0,0,130,0,0,4,-1,1,1
72,tank4_sherman_89,0,2,124,0,0,7,0,0,0,0,0,63,0,0,0,0,0,0,0,0,0,0,0,0,0,0,0,0,0,0,0,0,100,100,0,0,0,0,-9,1,0,0,130,0,0,4,-1,1,1
73,tank4_sherman_89,0,2,126,0,0,7,0,0,0,0,0,63,0,0,0,0,0,0,0,0,0,0,0,0,0,0,0,0,0,0,0,0,100,100,0,0,0,0,-12,1,0,0,130,0,0,4,-1,1,1
74,tank4_sherman_89,0,2,128,0,0,7,0,0,0,0,0,64,0,0,0,0,0,0,0,0,0,0,0,0,0,0,0,0,0,0,0,0,100,100,0,0,0,0,-14,1,0,0,130,0,0,4,-1,1,1
75,tank4_sherman_89,0,2,130,0,0,7,0,0,0,0,0,64,0,0,0,0,0,0,0,0,0,0,0,0,0,0,0,0,0,0,0,0,100,100,0,0,0,0,-15,1,0,0,130,0,0,4,-1,1,1
76,tank4_sherman_89,0,2,132,0,0,7,0,0,0,0,0,64,0,0,0,0,0,0,0,0,0,0,0,0,0,0,0,0,0,0,0,0,100,100,0,0,0,0,-15,1,0,0,130,0,0,4,-1,1,1
77,tank4_sherman_89,0,2,135,0,0,7,0,0,0,0,0,64,0,0,0,0,0,0,0,0,0,0,0,0,0,0,0,0,0,0,0,0,100,100,0,0,0,0,-15,1,0,0,130,0,0,4,-1,1,1
78,tank4_sherman_89,0,2,137,0,0,7,0,0,0,0,0,64,0,0,0,0,0,0,0,0,0,0,0,0,0,0,0,0,0,0,0,0,100,100,0,0,0,0,-15,1,0,0,130,0,0,4,-1,1,1
79,tank4_sherman_89,0,2,139,0,0,7,0,0,0,0,0,65,0,0,0,0,0,0,0,0,0,0,0,0,0,0,0,0,0,0,0,0,100,100,0,0,0,0,-15,1,0,0,130,0,0,4,-1,1,1
80,tank4_sherman_89,0,2,141,0,0,7,0,0,0,0,0,65,0,0,0,0,0,0,0,0,0,0,0,0,0,0,0,0,0,0,0,0,100,100,0,0,0,0,-15,1,0,0,130,0,0,4,-1,1,1
81,tank4_sherman_89,0,2,143,0,0,7,0,0,0,0,0,65,0,0,0,0,0,0,0,0,0,0,0,0,0,0,0,0,0,0,0,0,100,100,0,0,0,0,-15,1,0,0,130,0,0,4,-1,1,1
82,tank4_sherman_89,0,2,145,0,0,7,0,0,0,0,0,65,0,0,0,0,0,0,0,0,0,0,0,0,0,0,0,0,0,0,0,0,100,100,0,0,0,0,-15,1,0,0,130,0,0,4,-1,1,1
83,tank4_sherman_89,0,2,147,0,0,7,0,0,0,0,0,65,0,0,0,0,0,0,0,0,0,0,0,0,0,0,0,0,0,0,0,0,100,100,0,0,0,0,-15,1,0,0,130,0,0,4,-1,1,1
84,tank4_sherman_89,0,2,149,0,0,7,0,0,0,0,0,65,0,0,0,0,0,0,0,0,0,0,0,0,0,0,0,0,0,0,0,0,100,100,0,0,0,0,-15,1,0,0,130,0,0,4,-1,1,1
85,tank4_sherman_89,0,2,152,0,0,7,0,0,0,0,0,66,0,0,0,0,0,0,0,0,0,0,0,0,0,0,0,0,0,0,0,0,100,100,0,0,0,0,-15,1,0,0,130,0,0,4,-1,1,1
86,tank4_sherman_89,0,2,154,0,0,8,0,0,0,0,0,66,0,0,0,0,0,0,0,0,0,0,0,0,0,0,0,0,0,0,0,0,100,100,0,0,0,0,-15,1,0,0,130,0,0,4,-1,1,1
87,tank4_sherman_89,0,2,156,0,0,8,0,0,0,0,0,66,0,0,0,0,0,0,0,0,0,0,0,0,0,0,0,0,0,0,0,0,100,100,0,0,0,0,-15,1,0,0,130,0,0,4,-1,1,1
88,tank4_sherman_89,0,2,158,0,0,8,0,0,0,0,0,66,0,0,0,0,0,0,0,0,0,0,0,0,0,0,0,0,0,0,0,0,100,100,0,0,0,0,-15,1,0,0,130,0,0,4,-1,1,1
89,tank4_sherman_89,0,2,160,0,0,8,0,0,0,0,0,66,0,0,0,0,0,0,0,0,0,0,0,0,0,0,0,0,0,0,0,0,100,100,0,0,0,0,-15,1,0,0,130,0,0,4,-1,1,1
90,tank4_sherman_89,0,2,162,0,0,8,0,0,0,0,0,67,0,0,0,0,0,0,0,0,0,0,0,0,0,0,0,0,0,0,0,0,100,100,0,0,0,0,-15,1,0,0,130,0,0,4,-1,1,1
91,tank4_sherman_89,0,2,164,0,0,8,0,0,0,0,0,67,0,0,0,0,0,0,0,0,0,0,0,0,0,0,0,0,0,0,0,0,100,100,0,0,0,0,-15,1,0,0,130,0,0,4,-1,1,1
92,tank4_sherman_89,0,2,167,0,0,8,0,0,0,0,0,67,0,0,0,0,0,0,0,0,0,0,0,0,0,0,0,0,0,0,0,0,100,100,0,0,0,0,-15,1,0,0,130,0,0,4,-1,1,1
93,tank4_sherman_89,0,2,169,0,0,8,0,0,0,0,0,67,0,0,0,0,0,0,0,0,0,0,0,0,0,0,0,0,0,0,0,0,100,100,0,0,0,0,-15,1,0,0,130,0,0,4,-1,1,1
94,tank4_sherman_89,0,2,171,0,0,8,0,0,0,0,0,67,0,0,0,0,0,0,0,0,0,0,0,0,0,0,0,0,0,0,0,0,100,100,0,0,0,0,-15,1,0,0,130,0,0,4,-1,1,1
95,tank4_sherman_89,0,2,173,0,0,8,0,0,0,0,0,68,0,0,0,0,0,0,0,0,0,0,0,0,0,0,0,0,0,0,0,0,100,100,0,0,0,0,-15,1,0,0,130,0,0,4,-1,1,1
96,tank4_sherman_89,0,2,175,0,0,8,0,0,0,0,0,68,0,0,0,0,0,0,0,0,0,0,0,0,0,0,0,0,0,0,0,0,100,100,0,0,0,0,-15,1,0,0,130,0,0,4,-1,1,1
97,tank4_sherman_89,0,2,177,0,0,8,0,0,0,0,0,68,0,0,0,0,0,0,0,0,0,0,0,0,0,0,0,0,0,0,0,0,100,100,0,0,0,0,-15,1,0,0,130,0,0,4,-1,1,1
98,tank4_sherman_89,0,2,179,0,0,8,0,0,0,0,0,68,0,0,0,0,0,0,0,0,0,0,0,0,0,0,0,0,0,0,0,0,100,100,0,0,0,0,-15,1,0,0,130,0,0,4,-1,1,1
99,tank4_sherman_89,0,2,182,0,0,8,0,0,0,0,0,68,0,0,0,0,0,0,0,0,0,0,0,0,0,0,0,0,0,0,0,0,100,100,0,0,0,0,-15,1,0,0,130,0,0,4,-1,1,1
100,tank4_sherman_89,0,2,184,0,0,8,0,0,0,0,0,68,0,0,0,0,0,0,0,0,0,0,0,0,0,0,0,0,0,0,0,0,100,100,0,0,0,0,-15,1,0,0,130,0,0,4,-1,1,1
101,tank4_sherman_89,0,2,186,0,0,8,0,0,0,0,0,69,0,0,0,0,0,0,0,0,0,0,0,0,0,0,0,0,0,0,0,0,100,100,0,0,0,0,-15,1,0,0,130,0,0,4,-1,1,1
102,tank4_sherman_89,0,2,188,0,0,8,0,0,0,0,0,69,0,0,0,0,0,0,0,0,0,0,0,0,0,0,0,0,0,0,0,0,100,100,0,0,0,0,-15,1,0,0,130,0,0,4,-1,1,1
103,tank4_sherman_89,0,2,190,0,0,8,0,0,0,0,0,69,0,0,0,0,0,0,0,0,0,0,0,0,0,0,0,0,0,0,0,0,100,100,0,0,0,0,-15,1,0,0,130,0,0,4,-1,1,1
104,tank4_sherman_89,0,2,192,0,0,8,0,0,0,0,0,69,0,0,0,0,0,0,0,0,0,0,0,0,0,0,0,0,0,0,0,0,100,100,0,0,0,0,-15,1,0,0,130,0,0,4,-1,1,1
105,tank4_sherman_89,0,2,194,0,0,8,0,0,0,0,0,69,0,0,0,0,0,0,0,0,0,0,0,0,0,0,0,0,0,0,0,0,100,100,0,0,0,0,-15,1,0,0,130,0,0,4,-1,1,1
106,tank4_sherman_89,0,2,197,0,0,8,0,0,0,0,0,70,0,0,0,0,0,0,0,0,0,0,0,0,0,0,0,0,0,0,0,0,100,100,0,0,0,0,-15,1,0,0,130,0,0,4,-1,1,1
107,tank4_sherman_89,0,2,199,0,0,8,0,0,0,0,0,70,0,0,0,0,0,0,0,0,0,0,0,0,0,0,0,0,0,0,0,0,100,100,0,0,0,0,-15,1,0,0,130,0,0,4,-1,1,1
108,tank4_sherman_89,0,2,201,0,0,8,0,0,0,0,0,70,0,0,0,0,0,0,0,0,0,0,0,0,0,0,0,0,0,0,0,0,100,100,0,0,0,0,-15,1,0,0,130,0,0,4,-1,1,1
109,tank4_sherman_89,0,2,203,0,0,8,0,0,0,0,0,70,0,0,0,0,0,0,0,0,0,0,0,0,0,0,0,0,0,0,0,0,100,100,0,0,0,0,-15,1,0,0,130,0,0,4,-1,1,1
110,tank4_sherman_89,0,2,205,0,0,8,0,0,0,0,0,70,0,0,0,0,0,0,0,0,0,0,0,0,0,0,0,0,0,0,0,0,100,100,0,0,0,0,-15,1,0,0,130,0,0,4,-1,1,1
111,tank4_sherman_89,0,2,207,0,0,8,0,0,0,0,0,71,0,0,0,0,0,0,0,0,0,0,0,0,0,0,0,0,0,0,0,0,100,100,0,0,0,0,-15,1,0,0,130,0,0,4,-1,1,1
112,tank4_sherman_89,0,2,209,0,0,8,0,0,0,0,0,71,0,0,0,0,0,0,0,0,0,0,0,0,0,0,0,0,0,0,0,0,100,100,0,0,0,0,-15,1,0,0,130,0,0,4,-1,1,1
113,tank4_sherman_89,0,2,211,0,0,8,0,0,0,0,0,71,0,0,0,0,0,0,0,0,0,0,0,0,0,0,0,0,0,0,0,0,100,100,0,0,0,0,-15,1,0,0,130,0,0,4,-1,1,1
114,tank4_sherman_89,0,2,214,0,0,8,0,0,0,0,0,71,0,0,0,0,0,0,0,0,0,0,0,0,0,0,0,0,0,0,0,0,100,100,0,0,0,0,-15,1,0,0,130,0,0,4,-1,1,1
115,tank4_sherman_89,0,2,216,0,0,8,0,0,0,0,0,71,0,0,0,0,0,0,0,0,0,0,0,0,0,0,0,0,0,0,0,0,100,100,0,0,0,0,-15,1,0,0,130,0,0,4,-1,1,1
116,tank4_sherman_89,0,2,218,0,0,8,0,0,0,0,0,71,0,0,0,0,0,0,0,0,0,0,0,0,0,0,0,0,0,0,0,0,100,100,0,0,0,0,-15,1,0,0,130,0,0,4,-1,1,1
117,tank4_sherman_89,0,2,220,0,0,8,0,0,0,0,0,72,0,0,0,0,0,0,0,0,0,0,0,0,0,0,0,0,0,0,0,0,100,100,0,0,0,0,-15,1,0,0,130,0,0,4,-1,1,1
118,tank4_sherman_89,0,2,222,0,0,8,0,0,0,0,0,72,0,0,0,0,0,0,0,0,0,0,0,0,0,0,0,0,0,0,0,0,100,100,0,0,0,0,-15,1,0,0,130,0,0,4,-1,1,1
119,tank4_sherman_89,0,2,224,0,0,8,0,0,0,0,0,72,0,0,0,0,0,0,0,0,0,0,0,0,0,0,0,0,0,0,0,0,100,100,0,0,0,0,-15,1,0,0,130,0,0,4,-1,1,1
120,tank4_sherman_89,0,2,226,0,0,8,0,0,0,0,0,72,0,0,0,0,0,0,0,0,0,0,0,0,0,0,0,0,0,0,0,0,100,100,0,0,0,0,-15,1,0,0,130,0,0,4,-1,1,1
121,tank4_sherman_89,0,2,229,0,0,8,0,0,0,0,0,72,0,0,0,0,0,0,0,0,0,0,0,0,0,0,0,0,0,0,0,0,100,100,0,0,0,0,-15,1,0,0,130,0,0,4,-1,1,1
122,tank4_sherman_89,0,2,231,0,0,8,0,0,0,0,0,73,0,0,0,0,0,0,0,0,0,0,0,0,0,0,0,0,0,0,0,0,100,100,0,0,0,0,-15,1,0,0,130,0,0,4,-1,1,1
123,tank4_sherman_89,0,2,233,0,0,8,0,0,0,0,0,73,0,0,0,0,0,0,0,0,0,0,0,0,0,0,0,0,0,0,0,0,100,100,0,0,0,0,-15,1,0,0,130,0,0,4,-1,1,1
124,tank4_sherman_89,0,2,235,0,0,8,0,0,0,0,0,73,0,0,0,0,0,0,0,0,0,0,0,0,0,0,0,0,0,0,0,0,100,100,0,0,0,0,-15,1,0,0,130,0,0,4,-1,1,1
125,tank4_sherman_89,0,2,237,0,0,8,0,0,0,0,0,73,0,0,0,0,0,0,0,0,0,0,0,0,0,0,0,0,0,0,0,0,100,100,0,0,0,0,-15,1,0,0,130,0,0,4,-1,1,1
126,tank4_sherman_89,0,2,239,0,0,8,0,0,0,0,0,73,0,0,0,0,0,0,0,0,0,0,0,0,0,0,0,0,0,0,0,0,100,100,0,0,0,0,-15,1,0,0,130,0,0,4,-1,1,1
127,tank4_sherman_89,0,2,241,0,0,8,0,0,0,0,0,74,0,0,0,0,0,0,0,0,0,0,0,0,0,0,0,0,0,0,0,0,100,100,0,0,0,0,-15,1,0,0,130,0,0,4,-1,1,1
128,tank4_sherman_89,0,2,244,0,0,8,0,0,0,0,0,74,0,0,0,0,0,0,0,0,0,0,0,0,0,0,0,0,0,0,0,0,100,100,0,0,0,0,-15,1,0,0,130,0,0,4,-1,1,1
129,tank4_sherman_89,0,2,246,0,0,8,0,0,0,0,0,74,0,0,0,0,0,0,0,0,0,0,0,0,0,0,0,0,0,0,0,0,100,100,0,0,0,0,-15,1,0,0,130,0,0,4,-1,1,1
130,tank4_sherman_89,0,2,248,0,0,8,0,0,0,0,0,74,0,0,0,0,0,0,0,0,0,0,0,0,0,0,0,0,0,0,0,0,100,100,0,0,0,0,-15,1,0,0,130,0,0,4,-1,1,1
131,tank4_sherman_89,0,2,250,0,0,8,0,0,0,0,0,74,0,0,0,0,0,0,0,0,0,0,0,0,0,0,0,0,0,0,0,0,100,100,0,0,0,0,-15,1,0,0,130,0,0,4,-1,1,1
132,tank4_sherman_89,0,2,252,0,0,8,0,0,0,0,0,74,0,0,0,0,0,0,0,0,0,0,0,0,0,0,0,0,0,0,0,0,100,100,0,0,0,0,-15,1,0,0,130,0,0,4,-1,1,1
133,tank4_sherman_89,0,2,254,0,0,8,0,0,0,0,0,75,0,0,0,0,0,0,0,0,0,0,0,0,0,0,0,0,0,0,0,0,100,100,0,0,0,0,-15,1,0,0,130,0,0,4,-1,1,1
134,tank4_sherman_89,0,2,256,0,0,8,0,0,0,0,0,75,0,0,0,0,0,0,0,0,0,0,0,0,0,0,0,0,0,0,0,0,100,100,0,0,0,0,-15,1,0,0,130,0,0,4,-1,1,1
135,tank4_sherman_89,0,2,259,0,0,8,0,0,0,0,0,75,0,0,0,0,0,0,0,0,0,0,0,0,0,0,0,0,0,0,0,0,100,100,0,0,0,0,-15,1,0,0,130,0,0,4,-1,1,1
136,tank4_sherman_89,0,2,261,0,0,8,0,0,0,0,0,75,0,0,0,0,0,0,0,0,0,0,0,0,0,0,0,0,0,0,0,0,100,100,0,0,0,0,-15,1,0,0,130,0,0,4,-1,1,1
137,tank4_sherman_89,0,2,263,0,0,8,0,0,0,0,0,75,0,0,0,0,0,0,0,0,0,0,0,0,0,0,0,0,0,0,0,0,100,100,0,0,0,0,-15,1,0,0,130,0,0,4,-1,1,1
138,tank4_sherman_89,0,2,265,0,0,8,0,0,0,0,0,76,0,0,0,0,0,0,0,0,0,0,0,0,0,0,0,0,0,0,0,0,100,100,0,0,0,0,-15,1,0,0,130,0,0,4,-1,1,1
139,tank4_sherman_89,0,2,267,0,0,8,0,0,0,0,0,76,0,0,0,0,0,0,0,0,0,0,0,0,0,0,0,0,0,0,0,0,100,100,0,0,0,0,-15,1,0,0,130,0,0,4,-1,1,1
140,tank4_sherman_89,0,2,269,0,0,8,0,0,0,0,0,76,0,0,0,0,0,0,0,0,0,0,0,0,0,0,0,0,0,0,0,0,100,100,0,0,0,0,-15,1,0,0,130,0,0,4,-1,1,1
141,tank4_sherman_89,0,2,271,0,0,8,0,0,0,0,0,76,0,0,0,0,0,0,0,0,0,0,0,0,0,0,0,0,0,0,0,0,100,100,0,0,0,0,-15,1,0,0,130,0,0,4,-1,1,1
142,tank4_sherman_89,0,2,274,0,0,8,0,0,0,0,0,76,0,0,0,0,0,0,0,0,0,0,0,0,0,0,0,0,0,0,0,0,100,100,0,0,0,0,-15,1,0,0,130,0,0,4,-1,1,1
143,tank4_sherman_89,0,2,276,0,0,8,0,0,0,0,0,77,0,0,0,0,0,0,0,0,0,0,0,0,0,0,0,0,0,0,0,0,100,100,0,0,0,0,-15,1,0,0,130,0,0,4,-1,1,1
144,tank4_sherman_89,0,2,278,0,0,8,0,0,0,0,0,77,0,0,0,0,0,0,0,0,0,0,0,0,0,0,0,0,0,0,0,0,100,100,0,0,0,0,-15,1,0,0,130,0,0,4,-1,1,1
145,tank4_sherman_89,0,2,280,0,0,8,0,0,0,0,0,77,0,0,0,0,0,0,0,0,0,0,0,0,0,0,0,0,0,0,0,0,100,100,0,0,0,0,-15,1,0,0,130,0,0,4,-1,1,1
146,tank4_sherman_89,0,2,282,0,0,8,0,0,0,0,0,77,0,0,0,0,0,0,0,0,0,0,0,0,0,0,0,0,0,0,0,0,100,100,0,0,0,0,-15,1,0,0,130,0,0,4,-1,1,1
147,tank4_sherman_89,0,2,284,0,0,8,0,0,0,0,0,77,0,0,0,0,0,0,0,0,0,0,0,0,0,0,0,0,0,0,0,0,100,100,0,0,0,0,-15,1,0,0,130,0,0,4,-1,1,1
148,tank4_sherman_89,0,2,286,0,0,8,0,0,0,0,0,77,0,0,0,0,0,0,0,0,0,0,0,0,0,0,0,0,0,0,0,0,100,100,0,0,0,0,-15,1,0,0,130,0,0,4,-1,1,1
149,tank4_sherman_89,0,2,289,0,0,8,0,0,0,0,0,78,0,0,0,0,0,0,0,0,0,0,0,0,0,0,0,0,0,0,0,0,100,100,0,0,0,0,-15,1,0,0,130,0,0,4,-1,1,1
150,tank4_sherman_89,0,2,291,0,0,8,0,0,0,0,0,78,0,0,0,0,0,0,0,0,0,0,0,0,0,0,0,0,0,0,0,0,100,100,0,0,0,0,-15,1,0,0,130,0,0,4,-1,1,1
151,tank4_sherman_89,0,2,293,0,0,8,0,0,0,0,0,78,0,0,0,0,0,0,0,0,0,0,0,0,0,0,0,0,0,0,0,0,100,100,0,0,0,0,-15,1,0,0,130,0,0,4,-1,1,1
152,tank4_sherman_89,0,2,295,0,0,8,0,0,0,0,0,78,0,0,0,0,0,0,0,0,0,0,0,0,0,0,0,0,0,0,0,0,100,100,0,0,0,0,-15,1,0,0,130,0,0,4,-1,1,1
153,tank4_sherman_89,0,2,297,0,0,8,0,0,0,0,0,78,0,0,0,0,0,0,0,0,0,0,0,0,0,0,0,0,0,0,0,0,100,100,0,0,0,0,-15,1,0,0,130,0,0,4,-1,1,1
154,tank4_sherman_89,0,2,299,0,0,8,0,0,0,0,0,79,0,0,0,0,0,0,0,0,0,0,0,0,0,0,0,0,0,0,0,0,100,100,0,0,0,0,-15,1,0,0,130,0,0,4,-1,1,1
155,tank4_sherman_89,0,2,301,0,0,8,0,0,0,0,0,79,0,0,0,0,0,0,0,0,0,0,0,0,0,0,0,0,0,0,0,0,100,100,0,0,0,0,-15,1,0,0,130,0,0,4,-1,1,1
156,tank4_sherman_89,0,2,304,0,0,8,0,0,0,0,0,79,0,0,0,0,0,0,0,0,0,0,0,0,0,0,0,0,0,0,0,0,100,100,0,0,0,0,-15,1,0,0,130,0,0,4,-1,1,1
157,tank4_sherman_89,0,2,306,0,0,8,0,0,0,0,0,79,0,0,0,0,0,0,0,0,0,0,0,0,0,0,0,0,0,0,0,0,100,100,0,0,0,0,-15,1,0,0,130,0,0,4,-1,1,1
158,tank4_sherman_89,0,2,308,0,0,8,0,0,0,0,0,79,0,0,0,0,0,0,0,0,0,0,0,0,0,0,0,0,0,0,0,0,100,100,0,0,0,0,-15,1,0,0,130,0,0,4,-1,1,1
159,tank4_sherman_89,0,2,310,0,0,8,0,0,0,0,0,80,0,0,0,0,0,0,0,0,0,0,0,0,0,0,0,0,0,0,0,0,100,100,0,0,0,0,-15,1,0,0,130,0,0,4,-1,1,1
160,tank4_sherman_89,0,2,312,0,0,8,0,0,0,0,0,80,0,0,0,0,0,0,0,0,0,0,0,0,0,0,0,0,0,0,0,0,100,100,0,0,0,0,-15,1,0,0,130,0,0,4,-1,1,1
161,tank4_sherman_89,0,2,314,0,0,8,0,0,0,0,0,80,0,0,0,0,0,0,0,0,0,0,0,0,0,0,0,0,0,0,0,0,100,100,0,0,0,0,-15,1,0,0,130,0,0,4,-1,1,1
162,tank4_sherman_89,0,2,316,0,0,8,0,0,0,0,0,80,0,0,0,0,0,0,0,0,0,0,0,0,0,0,0,0,0,0,0,0,100,100,0,0,0,0,-15,1,0,0,130,0,0,4,-1,1,1
163,tank4_sherman_89,0,2,319,0,0,8,0,0,0,0,0,80,0,0,0,0,0,0,0,0,0,0,0,0,0,0,0,0,0,0,0,0,100,100,0,0,0,0,-15,1,0,0,130,0,0,4,-1,1,1
164,tank4_sherman_89,0,2,321,0,0,8,0,0,0,0,0,80,0,0,0,0,0,0,0,0,0,0,0,0,0,0,0,0,0,0,0,0,100,100,0,0,0,0,-15,1,0,0,130,0,0,4,-1,1,1
165,tank4_sherman_89,0,2,323,0,0,8,0,0,0,0,0,81,0,0,0,0,0,0,0,0,0,0,0,0,0,0,0,0,0,0,0,0,100,100,0,0,0,0,-15,1,0,0,130,0,0,4,-1,1,1
166,tank4_sherman_89,0,2,325,0,0,8,0,0,0,0,0,81,0,0,0,0,0,0,0,0,0,0,0,0,0,0,0,0,0,0,0,0,100,100,0,0,0,0,-15,1,0,0,130,0,0,4,-1,1,1
167,tank4_sherman_89,0,2,327,0,0,8,0,0,0,0,0,81,0,0,0,0,0,0,0,0,0,0,0,0,0,0,0,0,0,0,0,0,100,100,0,0,0,0,-15,1,0,0,130,0,0,4,-1,1,1
168,tank4_sherman_89,0,2,329,0,0,8,0,0,0,0,0,81,0,0,0,0,0,0,0,0,0,0,0,0,0,0,0,0,0,0,0,0,100,100,0,0,0,0,-15,1,0,0,130,0,0,4,-1,1,1
169,tank4_sherman_89,0,2,331,0,0,8,0,0,0,0,0,81,0,0,0,0,0,0,0,0,0,0,0,0,0,0,0,0,0,0,0,0,100,100,0,0,0,0,-15,1,0,0,130,0,0,4,-1,1,1
170,tank4_sherman_89,0,2,334,0,0,8,0,0,0,0,0,82,0,0,0,0,0,0,0,0,0,0,0,0,0,0,0,0,0,0,0,0,100,100,0,0,0,0,-15,1,0,0,130,0,0,4,-1,1,1
171,tank4_sherman_89,0,2,336,0,0,8,0,0,0,0,0,82,0,0,0,0,0,0,0,0,0,0,0,0,0,0,0,0,0,0,0,0,100,100,0,0,0,0,-15,1,0,0,130,0,0,4,-1,1,1
172,tank4_sherman_89,0,2,338,0,0,8,0,0,0,0,0,82,0,0,0,0,0,0,0,0,0,0,0,0,0,0,0,0,0,0,0,0,100,100,0,0,0,0,-15,1,0,0,130,0,0,4,-1,1,1
173,tank4_sherman_89,0,2,340,0,0,8,0,0,0,0,0,82,0,0,0,0,0,0,0,0,0,0,0,0,0,0,0,0,0,0,0,0,100,100,0,0,0,0,-15,1,0,0,130,0,0,4,-1,1,1
174,tank4_sherman_89,0,2,342,0,0,8,0,0,0,0,0,82,0,0,0,0,0,0,0,0,0,0,0,0,0,0,0,0,0,0,0,0,100,100,0,0,0,0,-15,1,0,0,130,0,0,4,-1,1,1
175,tank4_sherman_89,0,2,344,0,0,8,0,0,0,0,0,83,0,0,0,0,0,0,0,0,0,0,0,0,0,0,0,0,0,0,0,0,100,100,0,0,0,0,-15,1,0,0,130,0,0,4,-1,1,1
176,tank4_sherman_89,0,2,346,0,0,8,0,0,0,0,0,83,0,0,0,0,0,0,0,0,0,0,0,0,0,0,0,0,0,0,0,0,100,100,0,0,0,0,-15,1,0,0,130,0,0,4,-1,1,1
177,tank4_sherman_89,0,2,348,0,0,8,0,0,0,0,0,83,0,0,0,0,0,0,0,0,0,0,0,0,0,0,0,0,0,0,0,0,100,100,0,0,0,0,-15,1,0,0,130,0,0,4,-1,1,1
178,tank4_sherman_89,0,2,351,0,0,8,0,0,0,0,0,83,0,0,0,0,0,0,0,0,0,0,0,0,0,0,0,0,0,0,0,0,100,100,0,0,0,0,-15,1,0,0,130,0,0,4,-1,1,1
179,tank4_sherman_89,0,2,353,0,0,8,0,0,0,0,0,83,0,0,0,0,0,0,0,0,0,0,0,0,0,0,0,0,0,0,0,0,100,100,0,0,0,0,-15,1,0,0,130,0,0,4,-1,1,1
180,tank4_sherman_89,0,2,355,0,0,8,0,0,0,0,0,83,0,0,0,0,0,0,0,0,0,0,0,0,0,0,0,0,0,0,0,0,100,100,0,0,0,0,-15,1,0,0,130,0,0,4,-1,1,1
181,tank4_sherman_89,0,2,357,0,0,8,0,0,0,0,0,84,0,0,0,0,0,0,0,0,0,0,0,0,0,0,0,0,0,0,0,0,100,100,0,0,0,0,-15,1,0,0,130,0,0,4,-1,1,1
182,tank4_sherman_89,0,2,359,0,0,8,0,0,0,0,0,84,0,0,0,0,0,0,0,0,0,0,0,0,0,0,0,0,0,0,0,0,100,100,0,0,0,0,-15,1,0,0,130,0,0,4,-1,1,1
183,tank4_sherman_89,0,2,361,0,0,8,0,0,0,0,0,84,0,0,0,0,0,0,0,0,0,0,0,0,0,0,0,0,0,0,0,0,100,100,0,0,0,0,-15,1,0,0,130,0,0,4,-1,1,1
184,tank4_sherman_89,0,2,363,0,0,8,0,0,0,0,0,84,0,0,0,0,0,0,0,0,0,0,0,0,0,0,0,0,0,0,0,0,100,100,0,0,0,0,-15,1,0,0,130,0,0,4,-1,1,1
185,tank4_sherman_89,0,2,366,0,0,8,0,0,0,0,0,84,0,0,0,0,0,0,0,0,0,0,0,0,0,0,0,0,0,0,0,0,100,100,0,0,0,0,-15,1,0,0,130,0,0,4,-1,1,1
186,tank4_sherman_89,0,2,368,0,0,8,0,0,0,0,0,85,0,0,0,0,0,0,0,0,0,0,0,0,0,0,0,0,0,0,0,0,100,100,0,0,0,0,-15,1,0,0,130,0,0,4,-1,1,1
187,tank4_sherman_89,0,2,370,0,0,8,0,0,0,0,0,85,0,0,0,0,0,0,0,0,0,0,0,0,0,0,0,0,0,0,0,0,100,100,0,0,0,0,-15,1,0,0,130,0,0,4,-1,1,1
188,tank4_sherman_89,0,2,372,0,0,8,0,0,0,0,0,85,0,0,0,0,0,0,0,0,0,0,0,0,0,0,0,0,0,0,0,0,100,100,0,0,0,0,-15,1,0,0,130,0,0,4,-1,1,1
189,tank4_sherman_89,0,2,374,0,0,8,0,0,0,0,0,85,0,0,0,0,0,0,0,0,0,0,0,0,0,0,0,0,0,0,0,0,100,100,0,0,0,0,-15,1,0,0,130,0,0,4,-1,1,1
190,tank4_sherman_89,0,2,376,0,0,8,0,0,0,0,0,85,0,0,0,0,0,0,0,0,0,0,0,0,0,0,0,0,0,0,0,0,100,100,0,0,0,0,-15,1,0,0,130,0,0,4,-1,2,1
191,tank4_sherman_89,0,2,378,0,0,8,0,0,0,0,0,86,0,0,0,0,0,0,0,0,0,0,0,0,0,0,0,0,0,0,0,0,100,100,0,0,0,0,-15,1,0,0,130,0,0,4,-1,2,1
192,tank4_sherman_89,0,2,381,0,0,8,0,0,0,0,0,86,0,0,0,0,0,0,0,0,0,0,0,0,0,0,0,0,0,0,0,0,100,100,0,0,0,0,-15,1,0,0,130,0,0,4,-1,2,1
193,tank4_sherman_89,0,2,383,0,0,8,0,0,0,0,0,86,0,0,0,0,0,0,0,0,0,0,0,0,0,0,0,0,0,0,0,0,100,100,0,0,0,0,-15,1,0,0,130,0,0,4,-1,2,1
194,tank4_sherman_89,0,2,385,0,0,8,0,0,0,0,0,86,0,0,0,0,0,0,0,0,0,0,0,0,0,0,0,0,0,0,0,0,100,100,0,0,0,0,-15,1,0,0,130,0,0,4,-1,2,1
195,tank4_sherman_89,0,2,387,0,0,8,0,0,0,0,0,86,0,0,0,0,0,0,0,0,0,0,0,0,0,0,0,0,0,0,0,0,100,100,0,0,0,0,-15,1,0,0,130,0,0,4,-1,2,1
196,tank4_sherman_89,0,2,389,0,0,8,0,0,0,0,0,86,0,0,0,0,0,0,0,0,0,0,0,0,0,0,0,0,0,0,0,0,100,100,0,0,0,0,-15,1,0,0,130,0,0,4,-1,2,1
197,tank4_sherman_89,0,2,391,0,0,8,0,0,0,0,0,87,0,0,0,0,0,0,0,0,0,0,0,0,0,0,0,0,0,0,0,0,100,100,0,0,0,0,-15,1,0,0,130,0,0,4,-1,2,1
198,tank4_sherman_89,0,2,393,0,0,8,0,0,0,0,0,87,0,0,0,0,0,0,0,0,0,0,0,0,0,0,0,0,0,0,0,0,100,100,0,0,0,0,-15,1,0,0,130,0,0,4,-1,2,1
199,tank4_sherman_89,0,2,396,0,0,8,0,0,0,0,0,87,0,0,0,0,0,0,0,0,0,0,0,0,0,0,0,0,0,0,0,0,100,100,0,0,0,0,-15,1,0,0,130,0,0,4,-1,2,1
200,tank4_sherman_89,0,2,398,0,0,8,0,0,0,0,0,87,0,0,0,0,0,0,0,0,0,0,0,0,0,0,0,0,0,0,0,0,100,100,0,0,0,0,-15,3,0,0,130,0,0,4,-1,2,1
201,tank4_sherman_89,0,2,400,0,0,8,0,0,0,0,0,87,0,0,0,0,0,0,0,0,0,0,0,0,0,0,0,0,0,0,0,0,100,100,0,0,0,0,-15,3,0,0,130,0,0,4,-1,2,1
202,tank4_sherman_89,0,2,402,0,0,8,0,0,0,0,0,88,0,0,0,0,0,0,0,0,0,0,0,0,0,0,0,0,0,0,0,0,100,100,0,0,0,0,-15,3,0,0,130,0,0,4,-1,2,1
203,tank4_sherman_89,0,2,404,0,0,8,0,0,0,0,0,88,0,0,0,0,0,0,0,0,0,0,0,0,0,0,0,0,0,0,0,0,100,100,0,0,0,0,-15,3,0,0,130,0,0,4,-1,2,1
204,tank4_sherman_89,0,2,406,0,0,8,0,0,0,0,0,88,0,0,0,0,0,0,0,0,0,0,0,0,0,0,0,0,0,0,0,0,100,100,0,0,0,0,-15,3,0,0,130,0,0,4,-1,2,1
205,tank4_sherman_89,0,2,408,0,0,8,0,0,0,0,0,88,0,0,0,0,0,0,0,0,0,0,0,0,0,0,0,0,0,0,0,0,100,100,0,0,0,0,-15,3,0,0,130,0,0,4,-1,2,1
206,tank4_sherman_89,0,2,411,0,0,8,0,0,0,0,0,88,0,0,0,0,0,0,0,0,0,0,0,0,0,0,0,0,0,0,0,0,100,100,0,0,0,0,-15,3,0,0,130,0,0,4,-1,2,1
207,tank4_sherman_89,0,2,413,0,0,8,0,0,0,0,0,89,0,0,0,0,0,0,0,0,0,0,0,0,0,0,0,0,0,0,0,0,100,100,0,0,0,0,-15,3,0,0,130,0,0,4,-1,2,1
208,tank4_sherman_89,0,2,415,0,0,8,0,0,0,0,0,89,0,0,0,0,0,0,0,0,0,0,0,0,0,0,0,0,0,0,0,0,100,100,0,0,0,0,-15,3,0,0,130,0,0,4,-1,2,1
209,tank4_sherman_89,0,2,417,0,0,8,0,0,0,0,0,89,0,0,0,0,0,0,0,0,0,0,0,0,0,0,0,0,0,0,0,0,100,100,0,0,0,0,-15,3,0,0,130,0,0,4,-1,2,1
210,tank4_sherman_89,0,2,419,0,0,8,0,0,0,0,0,89,0,0,0,0,0,0,0,0,0,0,0,0,0,0,0,0,0,0,0,0,100,100,0,0,0,0,-15,3,0,0,130,0,0,4,-1,2,1
211,tank4_sherman_89,0,2,421,0,0,8,0,0,0,0,0,89,0,0,0,0,0,0,0,0,0,0,0,0,0,0,0,0,0,0,0,0,100,100,0,0,0,0,-15,3,0,0,130,0,0,4,-1,2,1
212,tank4_sherman_89,0,2,423,0,0,8,0,0,0,0,0,89,0,0,0,0,0,0,0,0,0,0,0,0,0,0,0,0,0,0,0,0,100,100,0,0,0,0,-15,3,0,0,130,0,0,4,-1,2,1
213,tank4_sherman_89,0,2,426,0,0,8,0,0,0,0,0,90,0,0,0,0,0,0,0,0,0,0,0,0,0,0,0,0,0,0,0,0,100,100,0,0,0,0,-15,3,0,0,130,0,0,4,-1,2,1
214,tank4_sherman_89,0,2,428,0,0,8,0,0,0,0,0,90,0,0,0,0,0,0,0,0,0,0,0,0,0,0,0,0,0,0,0,0,100,100,0,0,0,0,-15,3,0,0,130,0,0,4,-1,2,1
215,tank4_sherman_89,0,2,430,0,0,8,0,0,0,0,0,90,0,0,0,0,0,0,0,0,0,0,0,0,0,0,0,0,0,0,0,0,100,100,0,0,0,0,-15,3,0,0,130,0,0,4,-1,2,1
216,tank4_sherman_89,0,2,432,0,0,8,0,0,0,0,0,90,0,0,0,0,0,0,0,0,0,0,0,0,0,0,0,0,0,0,0,0,100,100,0,0,0,0,-15,3,0,0,130,0,0,4,-1,2,1
217,tank4_sherman_89,0,2,434,0,0,8,0,0,0,0,0,90,0,0,0,0,0,0,0,0,0,0,0,0,0,0,0,0,0,0,0,0,100,100,0,0,0,0,-15,3,0,0,130,0,0,4,-1,2,1
218,tank4_sherman_89,0,2,436,0,0,8,0,0,0,0,0,91,0,0,0,0,0,0,0,0,0,0,0,0,0,0,0,0,0,0,0,0,100,100,0,0,0,0,-15,3,0,0,130,0,0,4,-1,2,1
219,tank4_sherman_89,0,2,438,0,0,8,0,0,0,0,0,91,0,0,0,0,0,0,0,0,0,0,0,0,0,0,0,0,0,0,0,0,100,100,0,0,0,0,-15,3,0,0,130,0,0,4,-1,2,1
220,tank4_sherman_89,0,2,441,0,0,8,0,0,0,0,0,91,0,0,0,0,0,0,0,0,0,0,0,0,0,0,0,0,0,0,0,0,100,100,0,0,0,0,-15,3,0,0,130,0,0,4,-1,2,1
221,tank4_sherman_89,0,2,443,0,0,8,0,0,0,0,0,91,0,0,0,0,0,0,0,0,0,0,0,0,0,0,0,0,0,0,0,0,100,100,0,0,0,0,-15,3,0,0,130,0,0,4,-1,2,1
222,tank4_sherman_89,0,2,445,0,0,8,0,0,0,0,0,91,0,0,0,0,0,0,0,0,0,0,0,0,0,0,0,0,0,0,0,0,100,100,0,0,0,0,-15,3,0,0,130,0,0,4,-1,2,1
223,tank4_sherman_89,0,2,447,0,0,8,0,0,0,0,0,92,0,0,0,0,0,0,0,0,0,0,0,0,0,0,0,0,0,0,0,0,100,100,0,0,0,0,-15,3,0,0,130,0,0,4,-1,2,1
224,tank4_sherman_89,0,2,449,0,0,8,0,0,0,0,0,92,0,0,0,0,0,0,0,0,0,0,0,0,0,0,0,0,0,0,0,0,100,100,0,0,0,0,-15,3,0,0,130,0,0,4,-1,2,1
225,tank4_sherman_89,0,2,451,0,0,8,0,0,0,0,0,92,0,0,0,0,0,0,0,0,0,0,0,0,0,0,0,0,0,0,0,0,100,100,0,0,0,0,-15,3,0,0,130,0,0,4,-1,2,1
226,tank4_sherman_89,0,2,453,0,0,8,0,0,0,0,0,92,0,0,0,0,0,0,0,0,0,0,0,0,0,0,0,0,0,0,0,0,100,100,0,0,0,0,-15,3,0,0,130,0,0,4,-1,2,1
227,tank4_sherman_89,0,2,456,0,0,8,0,0,0,0,0,92,0,0,0,0,0,0,0,0,0,0,0,0,0,0,0,0,0,0,0,0,100,100,0,0,0,0,-15,3,0,0,130,0,0,4,-1,2,1
228,tank4_sherman_89,0,2,458,0,0,8,0,0,0,0,0,92,0,0,0,0,0,0,0,0,0,0,0,0,0,0,0,0,0,0,0,0,100,100,0,0,0,0,-15,3,0,0,130,0,0,4,-1,2,1
229,tank4_sherman_89,0,2,460,0,0,8,0,0,0,0,0,93,0,0,0,0,0,0,0,0,0,0,0,0,0,0,0,0,0,0,0,0,100,100,0,0,0,0,-15,3,0,0,130,0,0,4,-1,2,1
230,tank4_sherman_89,0,2,462,0,0,8,0,0,0,0,0,93,0,0,0,0,0,0,0,0,0,0,0,0,0,0,0,0,0,0,0,0,100,100,0,0,0,0,-15,3,0,0,130,0,0,4,-1,2,1
231,tank4_sherman_89,0,2,464,0,0,8,0,0,0,0,0,93,0,0,0,0,0,0,0,0,0,0,0,0,0,0,0,0,0,0,0,0,100,100,0,0,0,0,-15,3,0,0,130,0,0,4,-1,2,1
232,tank4_sherman_89,0,2,466,0,0,8,0,0,0,0,0,93,0,0,0,0,0,0,0,0,0,0,0,0,0,0,0,0,0,0,0,0,100,100,0,0,0,0,-15,3,0,0,130,0,0,4,-1,2,1
233,tank4_sherman_89,0,2,468,0,0,8,0,0,0,0,0,93,0,0,0,0,0,0,0,0,0,0,0,0,0,0,0,0,0,0,0,0,100,100,0,0,0,0,-15,3,0,0,130,0,0,4,-1,2,1
234,tank4_sherman_89,0,2,471,0,0,8,0,0,0,0,0,94,0,0,0,0,0,0,0,0,0,0,0,0,0,0,0,0,0,0,0,0,100,100,0,0,0,0,-15,3,0,0,130,0,0,4,-1,2,1
235,tank4_sherman_89,0,2,473,0,0,8,0,0,0,0,0,94,0,0,0,0,0,0,0,0,0,0,0,0,0,0,0,0,0,0,0,0,100,100,0,0,0,0,-15,3,0,0,130,0,0,4,-1,2,1
236,tank4_sherman_89,0,2,475,0,0,8,0,0,0,0,0,94,0,0,0,0,0,0,0,0,0,0,0,0,0,0,0,0,0,0,0,0,100,100,0,0,0,0,-15,3,0,0,130,0,0,4,-1,2,1
237,tank4_sherman_89,0,2,477,0,0,8,0,0,0,0,0,94,0,0,0,0,0,0,0,0,0,0,0,0,0,0,0,0,0,0,0,0,100,100,0,0,0,0,-15,3,0,0,130,0,0,4,-1,2,1
238,tank4_sherman_89,0,2,479,0,0,8,0,0,0,0,0,94,0,0,0,0,0,0,0,0,0,0,0,0,0,0,0,0,0,0,0,0,100,100,0,0,0,0,-15,3,0,0,130,0,0,4,-1,2,1
239,tank4_sherman_89,0,2,481,0,0,8,0,0,0,0,0,95,0,0,0,0,0,0,0,0,0,0,0,0,0,0,0,0,0,0,0,0,100,100,0,0,0,0,-15,3,0,0,130,0,0,4,-1,2,1
240,tank4_sherman_89,0,2,483,0,0,8,0,0,0,0,0,95,0,0,0,0,0,0,0,0,0,0,0,0,0,0,0,0,0,0,0,0,100,100,0,0,0,0,-15,3,0,0,130,0,0,4,-1,2,1
241,tank4_sherman_89,0,2,485,0,0,8,0,0,0,0,0,95,0,0,0,0,0,0,0,0,0,0,0,0,0,0,0,0,0,0,0,0,100,100,0,0,0,0,-15,3,0,0,130,0,0,4,-1,2,1
242,tank4_sherman_89,0,2,488,0,0,8,0,0,0,0,0,95,0,0,0,0,0,0,0,0,0,0,0,0,0,0,0,0,0,0,0,0,100,100,0,0,0,0,-15,3,0,0,130,0,0,4,-1,2,1
243,tank4_sherman_89,0,2,490,0,0,8,0,0,0,0,0,95,0,0,0,0,0,0,0,0,0,0,0,0,0,0,0,0,0,0,0,0,100,100,0,0,0,0,-15,3,0,0,130,0,0,4,-1,2,1
244,tank4_sherman_89,0,2,492,0,0,8,0,0,0,0,0,95,0,0,0,0,0,0,0,0,0,0,0,0,0,0,0,0,0,0,0,0,100,100,0,0,0,0,-15,3,0,0,130,0,0,4,-1,2,1
245,tank4_sherman_89,0,2,494,0,0,8,0,0,0,0,0,96,0,0,0,0,0,0,0,0,0,0,0,0,0,0,0,0,0,0,0,0,100,100,0,0,0,0,-15,3,0,0,130,0,0,4,-1,2,1
246,tank4_sherman_89,0,2,496,0,0,8,0,0,0,0,0,96,0,0,0,0,0,0,0,0,0,0,0,0,0,0,0,0,0,0,0,0,100,100,0,0,0,0,-15,3,0,0,130,0,0,4,-1,2,1
247,tank4_sherman_89,0,2,498,0,0,8,0,0,0,0,0,96,0,0,0,0,0,0,0,0,0,0,0,0,0,0,0,0,0,0,0,0,100,100,0,0,0,0,-15,3,0,0,130,0,0,4,-1,2,1
248,tank4_sherman_89,0,2,500,0,0,8,0,0,0,0,0,96,0,0,0,0,0,0,0,0,0,0,0,0,0,0,0,0,0,0,0,0,100,100,0,0,0,0,-15,3,0,0,130,0,0,4,-1,2,1
249,tank4_sherman_89,0,2,503,0,0,8,0,0,0,0,0,96,0,0,0,0,0,0,0,0,0,0,0,0,0,0,0,0,0,0,0,0,100,100,0,0,0,0,-15,3,0,0,130,0,0,4,-1,2,1
250,tank4_sherman_89,0,2,505,0,0,8,0,0,0,0,0,97,0,0,0,0,0,0,0,0,0,0,0,0,0,0,0,0,0,0,0,0,100,100,0,0,0,0,-15,3,0,0,130,0,0,4,-1,2,1
251,tank4_sherman_89,0,2,507,0,0,8,0,0,0,0,0,97,0,0,0,0,0,0,0,0,0,0,0,0,0,0,0,0,0,0,0,0,100,100,0,0,0,0,-15,3,0,0,130,0,0,4,-1,2,1
252,tank4_sherman_89,0,2,509,0,0,8,0,0,0,0,0,97,0,0,0,0,0,0,0,0,0,0,0,0,0,0,0,0,0,0,0,0,100,100,0,0,0,0,-15,3,0,0,130,0,0,4,-1,2,1
253,tank4_sherman_89,0,2,511,0,0,8,0,0,0,0,0,97,0,0,0,0,0,0,0,0,0,0,0,0,0,0,0,0,0,0,0,0,100,100,0,0,0,0,-15,3,0,0,130,0,0,4,-1,2,1
254,tank4_sherman_89,0,2,513,0,0,8,0,0,0,0,0,97,0,0,0,0,0,0,0,0,0,0,0,0,0,0,0,0,0,0,0,0,100,100,0,0,0,0,-15,3,0,0,130,0,0,4,-1,2,1
255,tank4_sherman_89,0,2,515,0,0,8,0,0,0,0,0,98,0,0,0,0,0,0,0,0,0,0,0,0,0,0,0,0,0,0,0,0,100,100,0,0,0,0,-15,3,0,0,130,0,0,4,-1,2,1
256,tank4_sherman_89,0,2,518,0,0,8,0,0,0,0,0,98,0,0,0,0,0,0,0,0,0,0,0,0,0,0,0,0,0,0,0,0,100,100,0,0,0,0,-15,3,0,0,130,0,0,4,-1,2,1
257,tank4_sherman_89,0,2,520,0,0,8,0,0,0,0,0,98,0,0,0,0,0,0,0,0,0,0,0,0,0,0,0,0,0,0,0,0,100,100,0,0,0,0,-15,3,0,0,130,0,0,4,-1,2,1
258,tank4_sherman_89,0,2,522,0,0,8,0,0,0,0,0,98,0,0,0,0,0,0,0,0,0,0,0,0,0,0,0,0,0,0,0,0,100,100,0,0,0,0,-15,3,0,0,130,0,0,4,-1,2,1
259,tank4_sherman_89,0,2,524,0,0,8,0,0,0,0,0,98,0,0,0,0,0,0,0,0,0,0,0,0,0,0,0,0,0,0,0,0,100,100,0,0,0,0,-15,3,0,0,130,0,0,4,-1,2,1
260,tank4_sherman_89,0,2,526,0,0,8,0,0,0,0,0,98,0,0,0,0,0,0,0,0,0,0,0,0,0,0,0,0,0,0,0,0,100,100,0,0,0,0,-15,3,0,0,130,0,0,4,-1,2,1
261,tank4_sherman_89,0,2,528,0,0,8,0,0,0,0,0,99,0,0,0,0,0,0,0,0,0,0,0,0,0,0,0,0,0,0,0,0,100,100,0,0,0,0,-15,3,0,0,130,0,0,4,-1,2,1
262,tank4_sherman_89,0,2,530,0,0,8,0,0,0,0,0,99,0,0,0,0,0,0,0,0,0,0,0,0,0,0,0,0,0,0,0,0,100,100,0,0,0,0,-15,3,0,0,130,0,0,4,-1,2,1
263,tank4_sherman_89,0,2,533,0,0,8,0,0,0,0,0,99,0,0,0,0,0,0,0,0,0,0,0,0,0,0,0,0,0,0,0,0,100,100,0,0,0,0,-15,3,0,0,130,0,0,4,-1,2,1
264,tank4_sherman_89,0,2,535,0,0,8,0,0,0,0,0,99,0,0,0,0,0,0,0,0,0,0,0,0,0,0,0,0,0,0,0,0,100,100,0,0,0,0,-15,3,0,0,130,0,0,4,-1,2,1
265,tank4_sherman_89,0,2,537,0,0,8,0,0,0,0,0,99,0,0,0,0,0,0,0,0,0,0,0,0,0,0,0,0,0,0,0,0,100,100,0,0,0,0,-15,3,0,0,130,0,0,4,-1,2,1
266,tank4_sherman_89,0,2,539,0,0,8,0,0,0,0,0,100,0,0,0,0,0,0,0,0,0,0,0,0,0,0,0,0,0,0,0,0,100,100,0,0,0,0,-15,3,0,0,130,0,0,4,-1,2,1
267,tank4_sherman_89,0,2,541,0,0,8,0,0,0,0,0,100,0,0,0,0,0,0,0,0,0,0,0,0,0,0,0,0,0,0,0,0,100,100,0,0,0,0,-15,3,0,0,130,0,0,4,-1,2,1
268,tank4_sherman_89,0,2,543,0,0,8,0,0,0,0,0,100,0,0,0,0,0,0,0,0,0,0,0,0,0,0,0,0,0,0,0,0,100,100,0,0,0,0,-15,3,0,0,130,0,0,4,-1,2,1
269,tank4_sherman_89,0,2,545,0,0,8,0,0,0,0,0,100,0,0,0,0,0,0,0,0,0,0,0,0,0,0,0,0,0,0,0,0,100,100,0,0,0,0,-15,3,0,0,130,0,0,4,-1,2,1
270,tank4_sherman_89,0,2,548,0,0,7,0,0,2,0,0,100,0,0,0,0,0,0,0,0,0,0,0,0,0,0,0,0,0,0,0,0,100,100,0,0,0,0,-15,3,1,0,89,0,22,4,-1,2,2
271,tank4_sherman_89,0,2,550,0,0,7,0,0,0,0,0,100,0,0,0,0,0,0,0,0,0,0,0,0,0,0,0,0,0,0,0,0,100,100,0,0,0,0,-16,3,0,0,89,0,22,4,-1,2,2
272,tank4_sherman_89,0,2,552,0,0,7,0,0,0,0,0,100,0,0,0,0,0,0,0,0,0,0,0,0,0,0,0,0,0,0,0,0,100,100,0,0,0,0,-16,3,0,0,89,0,22,4,-1,2,2
273,tank4_sherman_89,0,2,554,0,0,7,0,0,0,0,0,100,0,0,0,0,0,0,0,0,0,0,0,0,0,0,0,0,0,0,0,0,100,100,0,0,0,0,-16,3,0,0,89,0,22,4,-1,2,2
274,tank4_sherman_89,0,2,556,0,0,7,0,0,0,0,0,100,0,0,0,0,0,0,0,0,0,0,0,0,0,0,0,0,0,0,0,0,100,100,0,0,0,0,-16,3,0,0,89,0,22,4,-1,2,2
275,tank4_sherman_89,0,2,558,0,0,7,0,0,0,0,0,100,0,0,0,0,0,0,0,0,0,0,0,0,0,0,0,0,0,0,0,0,100,100,0,0,0,0,-16,3,0,0,89,0,22,4,-1,2,2
276,tank4_sherman_89,0,2,560,0,0,7,0,0,0,0,0,100,0,0,0,0,0,0,0,0,0,0,0,0,0,0,0,0,0,0,0,0,100,100,0,0,0,0,-16,3,0,0,89,0,22,4,-1,2,2
277,tank4_sherman_89,0,2,562,0,0,7,0,0,0,0,0,100,0,0,0,0,0,0,0,0,0,0,0,0,0,0,0,0,0,0,0,0,100,100,0,0,0,0,-16,3,0,0,89,0,22,4,-1,2,2
278,tank4_sherman_89,0,2,565,0,0,8,0,0,0,0,0,100,0,0,0,0,0,0,0,0,0,0,0,0,0,0,0,0,0,0,0,0,100,100,0,0,0,0,-16,3,0,0,89,0,22,4,-1,2,2
279,tank4_sherman_89,0,2,567,0,0,8,0,0,0,0,0,100,0,0,0,0,0,0,0,0,0,0,0,0,0,0,0,0,0,0,0,0,100,100,0,0,0,0,-16,3,0,0,89,0,22,4,-1,2,2
280,tank4_sherman_89,0,2,569,0,0,8,0,0,0,0,0,100,0,0,0,0,0,0,0,0,0,0,0,0,0,0,0,0,0,0,0,0,100,100,0,0,0,0,-16,3,0,0,89,0,22,4,-1,2,2
281,tank4_sherman_89,0,2,571,0,0,8,0,0,0,0,0,100,0,0,0,0,0,0,0,0,0,0,0,0,0,0,0,0,0,0,0,0,100,100,0,0,0,0,-16,3,0,0,89,0,22,4,-1,2,2
282,tank4_sherman_89,0,2,573,0,0,8,0,0,0,0,0,100,0,0,0,0,0,0,0,0,0,0,0,0,0,0,0,0,0,0,0,0,100,100,0,0,0,0,-16,3,0,0,89,0,22,4,-1,2,2
283,tank4_sherman_89,0,2,575,0,0,8,0,0,0,0,0,100,0,0,0,0,0,0,0,0,0,0,0,0,0,0,0,0,0,0,0,0,100,100,0,0,0,0,-16,3,0,0,89,0,22,4,-1,2,2
284,tank4_sherman_89,0,2,577,0,0,8,0,0,0,0,0,100,0,0,0,0,0,0,0,0,0,0,0,0,0,0,0,0,0,0,0,0,100,100,0,0,0,0,-16,3,0,0,89,0,22,4,-1,2,2
285,tank4_sherman_89,0,2,580,0,0,8,0,0,0,0,0,100,0,0,0,0,0,0,0,0,0,0,0,0,0,0,0,0,0,0,0,0,100,100,0,0,0,0,-16,3,0,0,89,0,22,4,-1,2,2
286,tank4_sherman_89,0,2,582,0,0,8,0,0,0,0,0,100,0,0,0,0,0,0,0,0,0,0,0,0,0,0,0,0,0,0,0,0,100,100,0,0,0,0,-16,3,0,0,89,0,22,4,-1,2,2
287,tank4_sherman_89,0,2,584,0,0,8,0,0,0,0,0,100,0,0,0,0,0,0,0,0,0,0,0,0,0,0,0,0,0,0,0,0,100,100,0,0,0,0,-16,3,0,0,89,0,22,4,-1,2,2
288,tank4_sherman_89,0,2,586,0,0,8,0,0,0,0,0,100,0,0,0,0,0,0,0,0,0,0,0,0,0,0,0,0,0,0,0,0,100,100,0,0,0,0,-16,3,0,0,89,0,22,4,-1,2,2
289,tank4_sherman_89,0,2,588,0,0,8,0,0,0,0,0,100,0,0,0,0,0,0,0,0,0,0,0,0,0,0,0,0,0,0,0,0,100,100,0,0,0,0,-16,3,0,0,89,0,22,4,-1,2,2
290,tank4_sherman_89,0,2,590,0,0,8,0,0,0,0,0,100,0,0,0,0,0,0,0,0,0,0,0,0,0,0,0,0,0,0,0,0,100,100,0,0,0,0,-16,3,0,0,89,0,22,4,-1,2,2
291,tank4_sherman_89,0,2,592,0,0,8,0,0,0,0,0,100,0,0,0,0,0,0,0,0,0,0,0,0,0,0,0,0,0,0,0,0,100,100,0,0,0,0,-16,3,0,0,89,0,22,4,-1,2,2
292,tank4_sherman_89,0,2,595,0,0,8,0,0,0,0,0,100,0,0,0,0,0,0,0,0,0,0,0,0,0,0,0,0,0,0,0,0,100,100,0,0,0,0,-16,3,0,0,89,0,22,4,-1,2,2
293,tank4_sherman_89,0,2,597,0,0,8,0,0,0,0,0,100,0,0,0,0,0,0,0,0,0,0,0,0,0,0,0,0,0,0,0,0,100,100,0,0,0,0,-16,3,0,0,89,0,22,4,-1,2,2
294,tank4_sherman_89,0,2,599,0,0,8,0,0,0,0,0,100,0,0,0,0,0,0,0,0,0,0,0,0,0,0,0,0,0,0,0,0,100,100,0,0,0,0,-16,3,0,0,89,0,22,4,-1,2,2
295,tank4_sherman_89,0,2,601,0,0,8,0,0,0,0,0,100,0,0,0,0,0,0,0,0,0,0,0,0,0,0,0,0,0,0,0,0,100,100,0,0,0,0,-16,3,0,0,89,0,22,4,-1,2,2
296,tank4_sherman_89,0,2,603,0,0,8,0,0,0,0,0,100,0,0,0,0,0,0,0,0,0,0,0,0,0,0,0,0,0,0,0,0,100,100,0,0,0,0,-16,3,0,0,89,0,22,4,-1,2,2
297,tank4_sherman_89,0,2,605,0,0,8,0,0,0,0,0,100,0,0,0,0,0,0,0,0,0,0,0,0,0,0,0,0,0,0,0,0,100,100,0,0,0,0,-16,3,0,0,89,0,22,4,-1,2,2
298,tank4_sherman_89,0,2,607,0,0,8,0,0,0,0,0,100,0,0,0,0,0,0,0,0,0,0,0,0,0,0,0,0,0,0,0,0,100,100,0,0,0,0,-16,3,0,0,89,0,22,4,-1,2,2
299,tank4_sherman_89,0,2,610,0,0,8,0,0,0,0,0,100,0,0,0,0,0,0,0,0,0,0,0,0,0,0,0,0,0,0,0,0,100,100,0,0,0,0,-16,3,0,0,89,0,22,4,-1,2,2
300,tank4_sherman_89,0,2,612,0,0,8,0,0,0,0,0,100,0,0,0,0,0,0,0,0,0,0,0,0,0,0,0,0,0,0,0,0,100,100,0,0,0,0,-16,3,0,0,89,0,22,4,-1,2,2
301,tank4_sherman_89,0,2,614,0,0,8,0,0,0,0,0,100,0,0,0,0,0,0,0,0,0,0,0,0,0,0,0,0,0,0,0,0,100,100,0,0,0,0,-16,3,0,0,89,0,22,4,-1,2,2
302,tank4_sherman_89,0,2,616,0,0,8,0,0,0,0,0,100,0,0,0,0,0,0,0,0,0,0,0,0,0,0,0,0,0,0,0,0,100,100,0,0,0,0,-16,3,0,0,89,0,22,4,-1,2,2
303,tank4_sherman_89,0,2,618,0,0,8,0,0,0,0,0,100,0,0,0,0,0,0,0,0,0,0,0,0,0,0,0,0,0,0,0,0,100,100,0,0,0,0,-16,3,0,0,89,0,22,4,-1,2,2
304,tank4_sherman_89,0,2,620,0,0,8,0,0,0,0,0,100,0,0,0,0,0,0,0,0,0,0,0,0,0,0,0,0,0,0,0,0,100,100,0,0,0,0,-16,3,0,0,89,0,22,4,-1,2,2
305,tank4_sherman_89,0,2,622,0,0,8,0,0,0,0,0,100,0,0,0,0,0,0,0,0,0,0,0,0,0,0,0,0,0,0,0,0,100,100,0,0,0,0,-16,3,0,0,89,0,22,4,-1,2,2
306,tank4_sherman_89,0,2,624,0,0,8,0,0,0,0,0,100,0,0,0,0,0,0,0,0,0,0,0,0,0,0,0,0,0,0,0,0,100,100,0,0,0,0,-16,3,0,0,89,0,22,4,-1,2,2
307,tank4_sherman_89,0,2,627,0,0,8,0,0,0,0,0,100,0,0,0,0,0,0,0,0,0,0,0,0,0,0,0,0,0,0,0,0,100,100,0,0,0,0,-16,3,0,0,89,0,22,4,-1,2,2
308,tank4_sherman_89,0,2,629,0,0,8,0,0,0,0,0,100,0,0,0,0,0,0,0,0,0,0,0,0,0,0,0,0,0,0,0,0,100,100,0,0,0,0,-16,3,0,0,89,0,22,4,-1,2,2
309,tank4_sherman_89,0,2,631,0,0,8,0,0,0,0,0,100,0,0,0,0,0,0,0,0,0,0,0,0,0,0,0,0,0,0,0,0,100,100,0,0,0,0,-16,3,0,0,89,0,22,4,-1,2,2
310,tank4_sherman_89,0,2,633,0,0,8,0,0,0,0,0,100,0,0,0,0,0,0,0,0,0,0,0,0,0,0,0,0,0,0,0,0,100,100,0,0,0,0,-16,3,0,0,89,0,22,4,-1,2,2
311,tank4_sherman_89,0,2,635,0,0,8,0,0,0,0,0,100,0,0,0,0,0,0,0,0,0,0,0,0,0,0,0,0,0,0,0,0,100,100,0,0,0,0,-16,3,0,0,89,0,22,4,-1,2,2
312,tank4_sherman_89,0,2,637,0,0,8,0,0,0,0,0,100,0,0,0,0,0,0,0,0,0,0,0,0,0,0,0,0,0,0,0,0,100,100,0,0,0,0,-16,3,0,0,89,0,22,4,-1,2,2
313,tank4_sherman_89,0,2,639,0,0,8,0,0,0,0,0,100,0,0,0,0,0,0,0,0,0,0,0,0,0,0,0,0,0,0,0,0,100,100,0,0,0,0,-16,3,0,0,89,0,22,4,-1,2,2
314,tank4_sherman_89,0,2,642,0,0,8,0,0,0,0,0,100,0,0,0,0,0,0,0,0,0,0,0,0,0,0,0,0,0,0,0,0,100,100,0,0,0,0,-16,3,0,0,89,0,22,4,-1,2,2
315,tank4_sherman_89,0,2,644,0,0,8,0,0,0,0,0,100,0,0,0,0,0,0,0,0,0,0,0,0,0,0,0,0,0,0,0,0,100,100,0,0,0,0,-16,3,0,0,89,0,22,4,-1,2,2
316,tank4_sherman_89,0,2,646,0,0,8,0,0,0,0,0,100,0,0,0,0,0,0,0,0,0,0,0,0,0,0,0,0,0,0,0,0,100,100,0,0,0,0,-16,3,0,0,89,0,22,4,-1,2,2
317,tank4_sherman_89,0,2,648,0,0,8,0,0,0,0,0,100,0,0,0,0,0,0,0,0,0,0,0,0,0,0,0,0,0,0,0,0,100,100,0,0,0,0,-16,3,0,0,89,0,22,4,-1,2,2
318,tank4_sherman_89,0,2,650,0,0,8,0,0,0,0,0,100,0,0,0,0,0,0,0,0,0,0,0,0,0,0,0,0,0,0,0,0,100,100,0,0,0,0,-16,3,0,0,89,0,22,4,-1,2,2
319,tank4_sherman_89,0,2,652,0,0,8,0,0,0,0,0,100,0,0,0,0,0,0,0,0,0,0,0,0,0,0,0,0,0,0,0,0,100,100,0,0,0,0,-16,3,0,0,89,0,22,4,-1,2,2
320,tank4_sherman_89,0,2,654,0,0,8,0,0,0,0,0,100,0,0,0,0,0,0,0,0,0,0,0,0,0,0,0,0,0,0,0,0,100,100,0,0,0,0,-16,3,0,0,89,0,22,4,-1,2,2
321,tank4_sherman_89,0,2,657,0,0,8,0,0,0,0,0,100,0,0,0,0,0,0,0,0,0,0,0,0,0,0,0,0,0,0,0,0,100,100,0,0,0,0,-16,3,0,0,89,0,22,4,-1,2,2
322,tank4_sherman_89,0,2,659,0,0,8,0,0,0,0,0,100,0,0,0,0,0,0,0,0,0,0,0,0,0,0,0,0,0,0,0,0,100,100,0,0,0,0,-16,3,0,0,89,0,22,4,-1,2,2
323,tank4_sherman_89,0,2,661,0,0,8,0,0,0,0,0,100,0,0,0,0,0,0,0,0,0,0,0,0,0,0,0,0,0,0,0,0,100,100,0,0,0,0,-16,3,0,0,89,0,22,4,-1,2,2
324,tank4_sherman_89,0,2,663,0,0,8,0,0,0,0,0,100,0,0,0,0,0,0,0,0,0,0,0,0,0,0,0,0,0,0,0,0,100,100,0,0,0,0,-16,3,0,0,89,0,22,4,-1,2,2
325,tank4_sherman_89,0,2,665,0,0,8,0,0,0,0,0,100,0,0,0,0,0,0,0,0,0,0,0,0,0,0,0,0,0,0,0,0,100,100,0,0,0,0,-16,3,0,0,89,0,22,4,-1,2,2
326,tank4_sherman_89,0,2,667,0,0,8,0,0,0,0,0,100,0,0,0,0,0,0,0,0,0,0,0,0,0,0,0,0,0,0,0,0,100,100,0,0,0,0,-16,3,0,0,89,0,22,4,-1,2,2
327,tank4_sherman_89,0,2,669,0,0,8,0,0,0,0,0,100,0,0,0,0,0,0,0,0,0,0,0,0,0,0,0,0,0,0,0,0,100,100,0,0,0,0,-16,3,0,0,89,0,22,4,-1,2,2
328,tank4_sherman_89,0,2,672,0,0,8,0,0,0,0,0,100,0,0,0,0,0,0,0,0,0,0,0,0,0,0,0,0,0,0,0,0,100,100,0,0,0,0,-16,3,0,0,89,0,22,4,-1,2,2
329,tank4_sherman_89,0,2,674,0,0,8,0,0,0,0,0,100,0,0,0,0,0,0,0,0,0,0,0,0,0,0,0,0,0,0,0,0,100,100,0,0,0,0,-16,3,0,0,89,0,22,4,-1,2,2
330,tank4_sherman_89,0,2,676,0,0,8,0,0,0,0,0,100,0,0,0,0,0,0,0,0,0,0,0,0,0,0,0,0,0,0,0,0,100,100,0,0,0,0,-16,3,0,0,89,0,22,4,-1,2,2
331,tank4_sherman_89,0,2,678,0,0,8,0,0,0,0,0,100,0,0,0,0,0,0,0,0,0,0,0,0,0,0,0,0,0,0,0,0,100,100,0,0,0,0,-16,3,0,0,89,0,22,4,-1,2,2
332,tank4_sherman_89,0,2,680,0,0,8,0,0,0,0,0,100,0,0,0,0,0,0,0,0,0,0,0,0,0,0,0,0,0,0,0,0,100,100,0,0,0,0,-16,3,0,0,89,0,22,4,-1,2,2
333,tank4_sherman_89,0,2,682,0,0,8,0,0,0,0,0,100,0,0,0,0,0,0,0,0,0,0,0,0,0,0,0,0,0,0,0,0,100,100,0,0,0,0,-16,3,0,0,89,0,22,4,-1,2,2
334,tank4_sherman_89,0,2,684,0,0,8,0,0,0,0,0,100,0,0,0,0,0,0,0,0,0,0,0,0,0,0,0,0,0,0,0,0,100,100,0,0,0,0,-16,3,0,0,89,0,22,4,-1,2,2
335,tank4_sherman_89,0,2,687,0,0,8,0,0,0,0,0,100,0,0,0,0,0,0,0,0,0,0,0,0,0,0,0,0,0,0,0,0,100,100,0,0,0,0,-16,3,0,0,89,0,22,4,-1,2,2
336,tank4_sherman_89,0,2,689,0,0,8,0,0,0,0,0,100,0,0,0,0,0,0,0,0,0,0,0,0,0,0,0,0,0,0,0,0,100,100,0,0,0,0,-16,3,0,0,89,0,22,4,-1,2,2
337,tank4_sherman_89,0,2,691,0,0,8,0,0,0,0,0,100,0,0,0,0,0,0,0,0,0,0,0,0,0,0,0,0,0,0,0,0,100,100,0,0,0,0,-16,3,0,0,89,0,22,4,-1,2,2
338,tank4_sherman_89,0,2,693,0,0,8,0,0,0,0,0,100,0,0,0,0,0,0,0,0,0,0,0,0,0,0,0,0,0,0,0,0,100,100,0,0,0,0,-16,3,0,0,89,0,22,4,-1,2,2
339,tank4_sherman_89,0,2,695,0,0,8,0,0,0,0,0,100,0,0,0,0,0,0,0,0,0,0,0,0,0,0,0,0,0,0,0,0,100,100,0,0,0,0,-16,3,0,0,89,0,22,4,-1,2,2
340,tank4_sherman_89,0,2,697,0,0,8,0,0,0,0,0,100,0,0,0,0,0,0,0,0,0,0,0,0,0,0,0,0,0,0,0,0,100,100,0,0,0,0,-16,3,0,0,89,0,22,4,-1,3,2
341,tank4_sherman_89,0,2,699,0,0,8,0,0,0,0,0,100,0,0,0,0,0,0,0,0,0,0,0,0,0,0,0,0,0,0,0,0,100,100,0,0,0,0,-16,3,0,0,89,0,22,4,-1,3,2
342,tank4_sherman_89,0,2,702,0,0,8,0,0,0,0,0,100,0,0,0,0,0,0,0,0,0,0,0,0,0,0,0,0,0,0,0,0,100,100,0,0,0,0,-16,3,0,0,89,0,22,4,-1,3,2
343,tank4_sherman_89,0,2,704,0,0,8,0,0,0,0,0,100,0,0,0,0,0,0,0,0,0,0,0,0,0,0,0,0,0,0,0,0,100,100,0,0,0,0,-16,3,0,0,89,0,22,4,-1,3,2
344,tank4_sherman_89,0,2,706,0,0,8,0,0,0,0,0,100,0,0,0,0,0,0,0,0,0,0,0,0,0,0,0,0,0,0,0,0,100,100,0,0,0,0,-16,3,0,0,89,0,22,4,-1,3,2
345,tank4_sherman_89,0,2,708,0,0,8,0,0,0,0,0,100,0,0,0,0,0,0,0,0,0,0,0,0,0,0,0,0,0,0,0,0,100,100,0,0,0,0,-16,3,0,0,89,0,22,4,-1,3,2
346,tank4_sherman_89,0,2,710,0,0,8,0,0,0,0,0,100,0,0,0,0,0,0,0,0,0,0,0,0,0,0,0,0,0,0,0,0,100,100,0,0,0,0,-16,3,0,0,89,0,22,4,-1,3,2
347,tank4_sherman_89,0,2,712,0,0,8,0,0,0,0,0,100,0,0,0,0,0,0,0,0,0,0,0,0,0,0,0,0,0,0,0,0,100,100,0,0,0,0,-16,3,0,0,89,0,22,4,-1,3,2
348,tank4_sherman_89,0,2,714,0,0,8,0,0,0,0,0,100,0,0,0,0,0,0,0,0,0,0,0,0,0,0,0,0,0,0,0,0,100,100,0,0,0,0,-16,3,0,0,89,0,22,4,-1,3,2
349,tank4_sherman_89,0,2,717,0,0,8,0,0,0,0,0,100,0,0,0,0,0,0,0,0,0,0,0,0,0,0,0,0,0,0,0,0,100,100,0,0,0,0,-16,3,0,0,89,0,22,4,-1,3,2
350,tank4_sherman_89,0,2,719,0,0,8,0,0,0,0,0,100,0,0,0,0,0,0,0,0,0,0,0,0,0,0,0,0,0,0,0,0,100,100,0,0,0,0,-16,3,0,0,89,0,22,4,-1,3,2
351,tank4_sherman_89,0,2,721,0,0,8,0,0,0,0,0,100,0,0,0,0,0,0,0,0,0,0,0,0,0,0,0,0,0,0,0,0,100,100,0,0,0,0,-16,3,0,0,89,0,22,4,-1,3,2
352,tank4_sherman_89,0,2,723,0,0,8,0,0,0,0,0,100,0,0,0,0,0,0,0,0,0,0,0,0,0,0,0,0,0,0,0,0,100,100,0,0,0,0,-16,3,0,0,89,0,22,4,-1,3,2
353,tank4_sherman_89,0,2,725,0,0,8,0,0,0,0,0,100,0,0,0,0,0,0,0,0,0,0,0,0,0,0,0,0,0,0,0,0,100,100,0,0,0,0,-16,3,0,0,89,0,22,4,-1,3,2
354,tank4_sherman_89,0,2,727,0,0,8,0,0,0,0,0,100,0,0,0,0,0,0,0,0,0,0,0,0,0,0,0,0,0,0,0,0,100,100,0,0,0,0,-16,3,0,0,89,0,22,4,-1,3,2
355,tank4_sherman_89,0,2,729,0,0,8,0,0,0,0,0,100,0,0,0,0,0,0,0,0,0,0,0,0,0,0,0,0,0,0,0,0,100,100,0,0,0,0,-16,3,0,0,89,0,22,4,-1,3,2
356,tank4_sherman_89,0,2,732,0,0,8,0,0,0,0,0,100,0,0,0,0,0,0,0,0,0,0,0,0,0,0,0,0,0,0,0,0,100,100,0,0,0,0,-16,3,0,0,89,0,22,4,-1,3,2
357,tank4_sherman_89,0,2,734,0,0,8,0,0,0,0,0,100,0,0,0,0,0,0,0,0,0,0,0,0,0,0,0,0,0,0,0,0,100,100,0,0,0,0,-16,3,0,0,89,0,22,4,-1,3,2
358,tank4_sherman_89,0,2,736,0,0,8,0,0,0,0,0,100,0,0,0,0,0,0,0,0,0,0,0,0,0,0,0,0,0,0,0,0,100,100,0,0,0,0,-16,3,0,0,89,0,22,4,-1,3,2
359,tank4_sherman_89,0,2,738,0,0,8,0,0,0,0,0,100,0,0,0,0,0,0,0,0,0,0,0,0,0,0,0,0,0,0,0,0,100,100,0,0,0,0,-16,3,0,0,89,0,22,4,-1,3,2
360,tank4_sherman_89,0,2,740,0,0,8,0,0,0,0,0,100,0,0,0,0,0,0,0,0,0,0,0,0,0,0,0,0,0,0,0,0,100,100,0,0,0,0,-16,3,0,0,89,0,22,4,-1,3,2
361,tank4_sherman_89,0,2,742,0,0,8,0,0,0,0,0,100,0,0,0,0,0,0,0,0,0,0,0,0,0,0,0,0,0,0,0,0,100,100,0,0,0,0,-16,3,0,0,89,0,22,4,-1,3,2
362,tank4_sherman_89,0,2,744,0,0,8,0,0,0,0,0,100,0,0,0,0,0,0,0,0,0,0,0,0,0,0,0,0,0,0,0,0,100,100,0,0,0,0,-16,3,0,0,89,0,22,4,-1,3,2
363,tank4_sherman_89,0,2,747,0,0,8,0,0,0,0,0,100,0,0,0,0,0,0,0,0,0,0,0,0,0,0,0,0,0,0,0,0,100,100,0,0,0,0,-16,3,0,0,89,0,22,4,-1,3,2
364,tank4_sherman_89,0,2,749,0,0,8,0,0,0,0,0,100,0,0,0,0,0,0,0,0,0,0,0,0,0,0,0,0,0,0,0,0,100,100,0,0,0,0,-16,3,0,0,89,0,22,4,-1,3,2
365,tank4_sherman_89,0,2,751,0,0,8,0,0,0,0,0,100,0,0,0,0,0,0,0,0,0,0,0,0,0,0,0,0,0,0,0,0,100,100,0,0,0,0,-16,3,0,0,89,0,22,4,-1,3,2
366,tank4_sherman_89,0,2,753,0,0,8,0,0,0,0,0,100,0,0,0,0,0,0,0,0,0,0,0,0,0,0,0,0,0,0,0,0,100,100,0,0,0,0,-16,3,0,0,89,0,22,4,-1,3,2
367,tank4_sherman_89,0,2,755,0,0,8,0,0,0,0,0,100,0,0,0,0,0,0,0,0,0,0,0,0,0,0,0,0,0,0,0,0,100,100,0,0,0,0,-16,3,0,0,89,0,22,4,-1,3,2
368,tank4_sherman_89,0,2,757,0,0,8,0,0,0,0,0,100,0,0,0,0,0,0,0,0,0,0,0,0,0,0,0,0,0,0,0,0,100,100,0,0,0,0,-16,3,0,0,89,0,22,4,-1,3,2
369,tank4_sherman_89,0,2,759,0,0,8,0,0,0,0,0,100,0,0,0,0,0,0,0,0,0,0,0,0,0,0,0,0,0,0,0,0,100,100,0,0,0,0,-16,3,0,0,89,0,22,4,-1,3,2
370,tank4_sherman_89,0,2,761,0,0,8,0,0,0,0,0,100,0,0,0,0,0,0,0,0,0,0,0,0,0,0,0,0,0,0,0,0,100,100,0,0,0,0,-16,3,0,0,89,0,22,4,-1,3,2
371,tank4_sherman_89,0,2,764,0,0,8,0,0,0,0,0,100,0,0,0,0,0,0,0,0,0,0,0,0,0,0,0,0,0,0,0,0,100,100,0,0,0,0,-16,3,0,0,89,0,22,4,-1,3,2
372,tank4_sherman_89,0,2,766,0,0,8,0,0,0,0,0,100,0,0,0,0,0,0,0,0,0,0,0,0,0,0,0,0,0,0,0,0,100,100,0,0,0,0,-16,3,0,0,89,0,22,4,-1,3,2
373,tank4_sherman_89,0,2,768,0,0,8,0,0,0,0,0,100,0,0,0,0,0,0,0,0,0,0,0,0,0,0,0,0,0,0,0,0,100,100,0,0,0,0,-16,3,0,0,89,0,22,4,-1,3,2
374,tank4_sherman_89,0,2,770,0,0,8,0,0,0,0,0,100,0,0,0,0,0,0,0,0,0,0,0,0,0,0,0,0,0,0,0,0,100,100,0,0,0,0,-16,3,0,0,89,0,22,4,-1,3,2
375,tank4_sherman_89,0,2,772,0,0,8,0,0,0,0,0,100,0,0,0,0,0,0,0,0,0,0,0,0,0,0,0,0,0,0,0,0,100,100,0,0,0,0,-16,3,0,0,89,0,22,4,-1,3,2
376,tank4_sherman_89,0,2,774,0,0,8,0,0,0,0,0,100,0,0,0,0,0,0,0,0,0,0,0,0,0,0,0,0,0,0,0,0,100,100,0,0,0,0,-16,3,0,0,89,0,22,4,-1,3,2
377,tank4_sherman_89,0,2,776,0,0,8,0,0,0,0,0,100,0,0,0,0,0,0,0,0,0,0,0,0,0,0,0,0,0,0,0,0,100,100,0,0,0,0,-16,3,0,0,89,0,22,4,-1,3,2
378,tank4_sherman_89,0,2,779,0,0,8,0,0,0,0,0,100,0,0,0,0,0,0,0,0,0,0,0,0,0,0,0,0,0,0,0,0,100,100,0,0,0,0,-16,3,0,0,89,0,22,4,-1,3,2
379,tank4_sherman_89,0,2,781,0,0,8,0,0,0,0,0,100,0,0,0,0,0,0,0,0,0,0,0,0,0,0,0,0,0,0,0,0,100,100,0,0,0,0,-16,3,0,0,89,0,22,4,-1,3,2
380,tank4_sherman_89,0,2,783,0,0,8,0,0,0,0,0,100,0,0,0,0,0,0,0,0,0,0,0,0,0,0,0,0,0,0,0,0,100,100,0,0,0,0,-16,6,0,0,89,0,22,4,-1,3,2
381,tank4_sherman_89,0,2,785,0,0,8,0,0,0,0,0,100,0,0,0,0,0,0,0,0,0,0,0,0,0,0,0,0,0,0,0,0,100,100,0,0,0,0,-16,6,0,0,89,0,22,4,-1,3,2
382,tank4_sherman_89,0,2,787,0,0,8,0,0,0,0,0,100,0,0,0,0,0,0,0,0,0,0,0,0,0,0,0,0,0,0,0,0,100,100,0,0,0,0,-16,6,0,0,89,0,22,4,-1,3,2
383,tank4_sherman_89,0,2,789,0,0,8,0,0,0,0,0,100,0,0,0,0,0,0,0,0,0,0,0,0,0,0,0,0,0,0,0,0,100,100,0,0,0,0,-16,6,0,0,89,0,22,4,-1,3,2
384,tank4_sherman_89,0,2,791,0,0,8,0,0,0,0,0,100,0,0,0,0,0,0,0,0,0,0,0,0,0,0,0,0,0,0,0,0,100,100,0,0,0,0,-16,6,0,0,89,0,22,4,-1,3,2
385,tank4_sherman_89,0,2,794,0,0,8,0,0,0,0,0,100,0,0,0,0,0,0,0,0,0,0,0,0,0,0,0,0,0,0,0,0,100,100,0,0,0,0,-16,6,0,0,89,0,22,4,-1,3,2
386,tank4_sherman_89,0,2,796,0,0,8,0,0,0,0,0,100,0,0,0,0,0,0,0,0,0,0,0,0,0,0,0,0,0,0,0,0,100,100,0,0,0,0,-16,6,0,0,89,0,22,4,-1,3,2
387,tank4_sherman_89,0,2,798,0,0,8,0,0,0,0,0,100,0,0,0,0,0,0,0,0,0,0,0,0,0,0,0,0,0,0,0,0,100,100,0,0,0,0,-16,6,0,0,89,0,22,4,-1,3,2
388,tank4_sherman_89,0,2,800,0,0,8,0,0,0,0,0,100,0,0,0,0,0,0,0,0,0,0,0,0,0,0,0,0,0,0,0,0,100,100,0,0,0,0,-16,6,0,0,89,0,22,4,-1,3,2
389,tank4_sherman_89,0,2,802,0,0,8,0,0,0,0,0,100,0,0,0,0,0,0,0,0,0,0,0,0,0,0,0,0,0,0,0,0,100,100,0,0,0,0,-16,6,0,0,89,0,22,4,-1,3,2
390,tank4_sherman_89,0,2,804,0,0,8,0,0,0,0,0,100,0,0,0,0,0,0,0,0,0,0,0,0,0,0,0,0,0,0,0,0,100,100,0,0,0,0,-16,6,0,0,89,0,22,4,-1,3,2
391,tank4_sherman_89,0,2,806,0,0,8,0,0,0,0,0,100,0,0,0,0,0,0,0,0,0,0,0,0,0,0,0,0,0,0,0,0,100,100,0,0,0,0,-16,6,0,0,89,0,22,4,-1,3,2
392,tank4_sherman_89,0,2,809,0,0,8,0,0,0,0,0,100,0,0,0,0,0,0,0,0,0,0,0,0,0,0,0,0,0,0,0,0,100,100,0,0,0,0,-16,6,0,0,89,0,22,4,-1,3,2
393,tank4_sherman_89,0,2,811,0,0,8,0,0,0,0,0,100,0,0,0,0,0,0,0,0,0,0,0,0,0,0,0,0,0,0,0,0,100,100,0,0,0,0,-16,6,0,0,89,0,22,4,-1,3,2
394,tank4_sherman_89,0,2,813,0,0,8,0,0,0,0,0,100,0,0,0,0,0,0,0,0,0,0,0,0,0,0,0,0,0,0,0,0,100,100,0,0,0,0,-16,6,0,0,89,0,22,4,-1,3,2
395,tank4_sherman_89,0,2,815,0,0,8,0,0,0,0,0,100,0,0,0,0,0,0,0,0,0,0,0,0,0,0,0,0,0,0,0,0,100,100,0,0,0,0,-16,6,0,0,89,0,22,4,-1,3,2
396,tank4_sherman_89,0,2,817,0,0,8,0,0,0,0,0,100,0,0,0,0,0,0,0,0,0,0,0,0,0,0,0,0,0,0,0,0,100,100,0,0,0,0,-16,6,0,0,89,0,22,4,-1,3,2
397,tank4_sherman_89,0,2,819,0,0,8,0,0,0,0,0,100,0,0,0,0,0,0,0,0,0,0,0,0,0,0,0,0,0,0,0,0,100,100,0,0,0,0,-16,6,0,0,89,0,22,4,-1,3,2
398,tank4_sherman_89,0,2,821,0,0,8,0,0,0,0,0,100,0,0,0,0,0,0,0,0,0,0,0,0,0,0,0,0,0,0,0,0,100,100,0,0,0,0,-16,6,0,0,89,0,22,4,-1,3,2
399,tank4_sherman_89,0,2,824,0,0,8,0,0,0,0,0,100,0,0,0,0,0,0,0,0,0,0,0,0,0,0,0,0,0,0,0,0,100,100,0,0,0,0,-16,6,0,0,89,0,22,4,-1,3,2
400,tank4_sherman_89,0,2,826,0,0,8,0,0,0,0,0,100,0,0,0,0,0,0,0,0,0,0,0,0,0,0,0,0,0,0,0,0,100,100,0,0,0,0,-16,6,0,0,89,0,22,4,-1,3,2
401,tank4_sherman_89,0,2,828,0,0,8,0,0,0,0,0,100,0,0,0,0,0,0,0,0,0,0,0,0,0,0,0,0,0,0,0,0,100,100,0,0,0,0,-16,6,0,0,89,0,22,4,-1,3,2
402,tank4_sherman_89,0,2,830,0,0,8,0,0,0,0,0,100,0,0,0,0,0,0,0,0,0,0,0,0,0,0,0,0,0,0,0,0,100,100,0,0,0,0,-16,6,0,0,89,0,22,4,-1,3,2
403,tank4_sherman_89,0,2,832,0,0,8,0,0,0,0,0,100,0,0,0,0,0,0,0,0,0,0,0,0,0,0,0,0,0,0,0,0,100,100,0,0,0,0,-16,6,0,0,89,0,22,4,-1,3,2
404,tank4_sherman_89,0,2,834,0,0,8,0,0,0,0,0,100,0,0,0,0,0,0,0,0,0,0,0,0,0,0,0,0,0,0,0,0,100,100,0,0,0,0,-16,6,0,0,89,0,22,4,-1,3,2
405,tank4_sherman_89,0,2,836,0,0,8,0,0,0,0,0,100,0,0,0,0,0,0,0,0,0,0,0,0,0,0,0,0,0,0,0,0,100,100,0,0,0,0,-16,6,0,0,89,0,22,4,-1,3,2
406,tank4_sherman_89,0,2,839,0,0,8,0,0,0,0,0,100,0,0,0,0,0,0,0,0,0,0,0,0,0,0,0,0,0,0,0,0,100,100,0,0,0,0,-16,6,0,0,89,0,22,4,-1,3,2
407,tank4_sherman_89,0,2,841,0,0,8,0,0,0,0,0,100,0,0,0,0,0,0,0,0,0,0,0,0,0,0,0,0,0,0,0,0,100,100,0,0,0,0,-16,6,0,0,89,0,22,4,-1,3,2
408,tank4_sherman_89,0,2,843,0,0,8,0,0,0,0,0,100,0,0,0,0,0,0,0,0,0,0,0,0,0,0,0,0,0,0,0,0,100,100,0,0,0,0,-16,6,0,0,89,0,22,4,-1,3,2
409,tank4_sherman_89,0,2,845,0,0,8,0,0,0,0,0,100,0,0,0,0,0,0,0,0,0,0,0,0,0,0,0,0,0,0,0,0,100,100,0,0,0,0,-16,6,0,0,89,0,22,4,-1,3,2
410,tank4_sherman_89,0,2,847,0,0,8,0,0,0,0,0,100,0,0,0,0,0,0,0,0,0,0,0,0,0,0,0,0,0,0,0,0,100,100,0,0,0,0,-16,6,0,0,89,0,22,4,-1,3,2
411,tank4_sherman_89,0,2,849,0,0,8,0,0,0,0,0,100,0,0,0,0,0,0,0,0,0,0,0,0,0,0,0,0,0,0,0,0,100,100,0,0,0,0,-16,6,0,0,89,0,22,4,-1,3,2
412,tank4_sherman_89,0,2,851,0,0,8,0,0,0,0,0,100,0,0,0,0,0,0,0,0,0,0,0,0,0,0,0,0,0,0,0,0,100,100,0,0,0,0,-16,6,0,0,89,0,22,4,-1,3,2
413,tank4_sherman_89,0,2,854,0,0,8,0,0,0,0,0,100,0,0,0,0,0,0,0,0,0,0,0,0,0,0,0,0,0,0,0,0,100,100,0,0,0,0,-16,6,0,0,89,0,22,4,-1,3,2
414,tank4_sherman_89,0,2,856,0,0,8,0,0,0,0,0,100,0,0,0,0,0,0,0,0,0,0,0,0,0,0,0,0,0,0,0,0,100,100,0,0,0,0,-16,6,0,0,89,0,22,4,-1,3,2
415,tank4_sherman_89,0,2,858,0,0,8,0,0,0,0,0,100,0,0,0,0,0,0,0,0,0,0,0,0,0,0,0,0,0,0,0,0,100,100,0,0,0,0,-16,6,0,0,89,0,22,4,-1,3,2
416,tank4_sherman_89,0,2,860,0,0,8,0,0,0,0,0,100,0,0,0,0,0,0,0,0,0,0,0,0,0,0,0,0,0,0,0,0,100,100,0,0,0,0,-16,6,0,0,89,0,22,4,-1,3,2
417,tank4_sherman_89,0,2,862,0,0,8,0,0,0,0,0,100,0,0,0,0,0,0,0,0,0,0,0,0,0,0,0,0,0,0,0,0,100,100,0,0,0,0,-16,6,0,0,89,0,22,4,-1,3,2
418,tank4_sherman_89,0,2,864,0,0,8,0,0,0,0,0,100,0,0,0,0,0,0,0,0,0,0,0,0,0,0,0,0,0,0,0,0,100,100,0,0,0,0,-16,6,0,0,89,0,22,4,-1,3,2
419,tank4_sherman_89,0,2,866,0,0,8,0,0,0,0,0,100,0,0,0,0,0,0,0,0,0,0,0,0,0,0,0,0,0,0,0,0,100,100,0,0,0,0,-16,6,0,0,89,0,22,4,-1,3,2
420,tank4_sherman_89,0,2,869,0,0,8,0,0,0,0,0,100,0,0,0,0,0,0,0,0,0,0,0,0,0,0,0,0,0,0,0,0,100,100,0,0,0,0,-16,6,0,0,89,0,22,4,-1,3,2
421,tank4_sherman_89,0,2,871,0,0,8,0,0,0,0,0,100,0,0,0,0,0,0,0,0,0,0,0,0,0,0,0,0,0,0,0,0,100,100,0,0,0,0,-16,6,0,0,89,0,22,4,-1,3,2
422,tank4_sherman_89,0,2,873,0,0,8,0,0,0,0,0,100,0,0,0,0,0,0,0,0,0,0,0,0,0,0,0,0,0,0,0,0,100,100,0,0,0,0,-16,6,0,0,89,0,22,4,-1,3,2
423,tank4_sherman_89,0,2,875,0,0,8,0,0,0,0,0,100,0,0,0,0,0,0,0,0,0,0,0,0,0,0,0,0,0,0,0,0,100,100,0,0,0,0,-16,6,0,0,89,0,22,4,-1,3,2
424,tank4_sherman_89,0,2,877,0,0,8,0,0,0,0,0,100,0,0,0,0,0,0,0,0,0,0,0,0,0,0,0,0,0,0,0,0,100,100,0,0,0,0,-16,6,0,0,89,0,22,4,-1,3,2
425,tank4_sherman_89,0,2,879,0,0,8,0,0,0,0,0,100,0,0,0,0,0,0,0,0,0,0,0,0,0,0,0,0,0,0,0,0,100,100,0,0,0,0,-16,6,0,0,89,0,22,4,-1,3,2
426,tank4_sherman_89,0,2,881,0,0,8,0,0,0,0,0,100,0,0,0,0,0,0,0,0,0,0,0,0,0,0,0,0,0,0,0,0,100,100,0,0,0,0,-16,6,0,0,89,0,22,4,-1,3,2
427,tank4_sherman_89,0,2,884,0,0,8,0,0,0,0,0,100,0,0,0,0,0,0,0,0,0,0,0,0,0,0,0,0,0,0,0,0,100,100,0,0,0,0,-16,6,0,0,89,0,22,4,-1,3,2
428,tank4_sherman_89,0,2,886,0,0,8,0,0,0,0,0,100,0,0,0,0,0,0,0,0,0,0,0,0,0,0,0,0,0,0,0,0,100,100,0,0,0,0,-16,6,0,0,89,0,22,4,-1,3,2
429,tank4_sherman_89,0,2,888,0,0,8,0,0,0,0,0,100,0,0,0,0,0,0,0,0,0,0,0,0,0,0,0,0,0,0,0,0,100,100,0,0,0,0,-16,6,0,0,89,0,22,4,-1,3,2
430,tank4_sherman_89,0,2,890,0,0,8,0,0,0,0,0,100,0,0,0,0,0,0,0,0,0,0,0,0,0,0,0,0,0,0,0,0,100,100,0,0,0,0,-16,6,0,0,89,0,22,4,-1,3,2
431,tank4_sherman_89,0,2,892,0,0,8,0,0,0,0,0,100,0,0,0,0,0,0,0,0,0,0,0,0,0,0,0,0,0,0,0,0,100,100,0,0,0,0,-16,6,0,0,89,0,22,4,-1,3,2
432,tank4_sherman_89,0,2,894,0,0,8,0,0,0,0,0,100,0,0,0,0,0,0,0,0,0,0,0,0,0,0,0,0,0,0,0,0,100,100,0,0,0,0,-16,6,0,0,89,0,22,4,-1,3,2
433,tank4_sherman_89,0,2,896,0,0,8,0,0,0,0,0,100,0,0,0,0,0,0,0,0,0,0,0,0,0,0,0,0,0,0,0,0,100,100,0,0,0,0,-16,6,0,0,89,0,22,4,-1,3,2
434,tank4_sherman_89,0,2,898,0,0,8,0,0,0,0,0,100,0,0,0,0,0,0,0,0,0,0,0,0,0,0,0,0,0,0,0,0,100,100,0,0,0,0,-16,6,0,0,89,0,22,4,-1,3,2
435,tank4_sherman_89,0,2,901,0,0,8,0,0,0,0,0,100,0,0,0,0,0,0,0,0,0,0,0,0,0,0,0,0,0,0,0,0,100,100,0,0,0,0,-16,6,0,0,89,0,22,4,-1,3,2
436,tank4_sherman_89,0,2,903,0,0,8,0,0,0,0,0,100,0,0,0,0,0,0,0,0,0,0,0,0,0,0,0,0,0,0,0,0,100,100,0,0,0,0,-16,6,0,0,89,0,22,4,-1,3,2
437,tank4_sherman_89,0,2,905,0,0,8,0,0,0,0,0,100,0,0,0,0,0,0,0,0,0,0,0,0,0,0,0,0,0,0,0,0,100,100,0,0,0,0,-16,6,0,0,89,0,22,4,-1,3,2
438,tank4_sherman_89,0,2,907,0,0,8,0,0,0,0,0,100,0,0,0,0,0,0,0,0,0,0,0,0,0,0,0,0,0,0,0,0,100,100,0,0,0,0,-16,6,0,0,89,0,22,4,-1,3,2
439,tank4_sherman_89,0,2,909,0,0,8,0,0,0,0,0,100,0,0,0,0,0,0,0,0,0,0,0,0,0,0,0,0,0,0,0,0,100,100,0,0,0,0,-16,6,0,0,89,0,22,4,-1,3,2
440,tank4_sherman_89,0,2,911,0,0,8,0,0,0,0,0,100,0,0,0,0,0,0,0,0,0,0,0,0,0,0,0,0,0,0,0,0,100,100,0,0,0,0,-16,6,0,0,89,0,22,4,-1,3,2
441,tank4_sherman_89,0,2,913,0,0,8,0,0,0,0,0,100,0,0,0,0,0,0,0,0,0,0,0,0,0,0,0,0,0,0,0,0,100,100,0,0,0,0,-16,6,0,0,89,0,22,4,-1,3,2
442,tank4_sherman_89,0,2,916,0,0,8,0,0,0,0,0,100,0,0,0,0,0,0,0,0,0,0,0,0,0,0,0,0,0,0,0,0,100,100,0,0,0,0,-16,6,0,0,89,0,22,4,-1,3,2
443,tank4_sherman_89,0,2,918,0,0,8,0,0,0,0,0,100,0,0,0,0,0,0,0,0,0,0,0,0,0,0,0,0,0,0,0,0,100,100,0,0,0,0,-16,6,0,0,89,0,22,4,-1,3,2
444,tank4_sherman_89,0,2,920,0,0,8,0,0,0,0,0,100,0,0,0,0,0,0,0,0,0,0,0,0,0,0,0,0,0,0,0,0,100,100,0,0,0,0,-16,6,0,0,89,0,22,4,-1,3,2
445,tank4_sherman_89,0,2,922,0,0,8,0,0,0,0,0,100,0,0,0,0,0,0,0,0,0,0,0,0,0,0,0,0,0,0,0,0,100,100,0,0,0,0,-16,6,0,0,89,0,22,4,-1,3,2
446,tank4_sherman_89,0,2,924,0,0,8,0,0,0,0,0,100,0,0,0,0,0,0,0,0,0,0,0,0,0,0,0,0,0,0,0,0,100,100,0,0,0,0,-16,6,0,0,89,0,22,4,-1,3,2
447,tank4_sherman_89,0,2,926,0,0,8,0,0,0,0,0,100,0,0,0,0,0,0,0,0,0,0,0,0,0,0,0,0,0,0,0,0,100,100,0,0,0,0,-16,6,0,0,89,0,22,4,-1,3,2
448,tank4_sherman_89,0,2,928,0,0,8,0,0,0,0,0,100,0,0,0,0,0,0,0,0,0,0,0,0,0,0,0,0,0,0,0,0,100,100,0,0,0,0,-16,6,0,0,89,0,22,4,-1,3,2
449,tank4_sherman_89,0,2,931,0,0,8,0,0,0,0,0,100,0,0,0,0,0,0,0,0,0,0,0,0,0,0,0,0,0,0,0,0,100,100,0,0,0,0,-16,6,0,0,89,0,22,4,-1,3,2
450,tank4_sherman_89,0,2,933,0,0,8,0,0,0,0,0,100,0,0,0,0,0,0,0,0,0,0,0,0,0,0,0,0,0,0,0,0,100,100,0,0,0,0,-16,6,0,0,89,0,22,4,-1,3,2
451,tank4_sherman_89,0,2,935,0,0,8,0,0,0,0,0,100,0,0,0,0,0,0,0,0,0,0,0,0,0,0,0,0,0,0,0,0,100,100,0,0,0,0,-16,6,0,0,89,0,22,4,-1,3,2
452,tank4_sherman_89,0,2,937,0,0,8,0,0,0,0,0,100,0,0,0,0,0,0,0,0,0,0,0,0,0,0,0,0,0,0,0,0,100,100,0,0,0,0,-16,6,0,0,89,0,22,4,-1,3,2
453,tank4_sherman_89,0,2,939,0,0,8,0,0,0,0,0,100,0,0,0,0,0,0,0,0,0,0,0,0,0,0,0,0,0,0,0,0,100,100,0,0,0,0,-16,6,0,0,89,0,22,4,-1,3,2
454,tank4_sherman_89,0,2,941,0,0,8,0,0,0,0,0,100,0,0,0,0,0,0,0,0,0,0,0,0,0,0,0,0,0,0,0,0,100,100,0,0,0,0,-16,6,0,0,89,0,22,4,-1,3,2
455,tank4_sherman_89,0,2,943,0,0,8,0,0,0,0,0,100,0,0,0,0,0,0,0,0,0,0,0,0,0,0,0,0,0,0,0,0,100,100,0,0,0,0,-16,6,0,0,89,0,22,4,-1,3,2
456,tank4_sherman_89,0,2,946,0,0,8,0,0,0,0,0,100,0,0,0,0,0,0,0,0,0,0,0,0,0,0,0,0,0,0,0,0,100,100,0,0,0,0,-16,6,0,0,89,0,22,4,-1,3,2
457,tank4_sherman_89,0,2,948,0,0,8,0,0,0,0,0,100,0,0,0,0,0,0,0,0,0,0,0,0,0,0,0,0,0,0,0,0,100,100,0,0,0,0,-16,6,0,0,89,0,22,4,-1,3,2
458,tank4_sherman_89,0,2,950,0,0,8,0,0,0,0,0,100,0,0,0,0,0,0,0,0,0,0,0,0,0,0,0,0,0,0,0,0,100,100,0,0,0,0,-16,6,0,0,89,0,22,4,-1,3,2
459,tank4_sherman_89,0,2,952,0,0,8,0,0,0,0,0,100,0,0,0,0,0,0,0,0,0,0,0,0,0,0,0,0,0,0,0,0,100,100,0,0,0,0,-16,6,0,0,89,0,22,4,-1,3,2
460,tank4_sherman_89,0,2,954,0,0,8,0,0,0,0,0,100,0,0,0,0,0,0,0,0,0,0,0,0,0,0,0,0,0,0,0,0,100,100,0,0,0,0,-16,6,0,0,89,0,22,4,-1,3,2
461,tank4_sherman_89,0,2,956,0,0,8,0,0,0,0,0,100,0,0,0,0,0,0,0,0,0,0,0,0,0,0,0,0,0,0,0,0,100,100,0,0,0,0,-16,6,0,0,89,0,22,4,-1,3,2
462,tank4_sherman_89,0,2,958,0,0,8,0,0,0,0,0,100,0,0,0,0,0,0,0,0,0,0,0,0,0,0,0,0,0,0,0,0,100,100,0,0,0,0,-16,6,0,0,89,0,22,4,-1,3,2
463,tank4_sherman_89,0,2,961,0,0,8,0,0,0,0,0,100,0,0,0,0,0,0,0,0,0,0,0,0,0,0,0,0,0,0,0,0,100,100,0,0,0,0,-16,6,0,0,89,0,22,4,-1,3,2
464,tank4_sherman_89,0,2,963,0,0,8,0,0,0,0,0,100,0,0,0,0,0,0,0,0,0,0,0,0,0,0,0,0,0,0,0,0,100,100,0,0,0,0,-16,6,0,0,89,0,22,4,-1,3,2
465,tank4_sherman_89,0,2,965,0,0,8,0,0,0,0,0,100,0,0,0,0,0,0,0,0,0,0,0,0,0,0,0,0,0,0,0,0,100,100,0,0,0,0,-16,6,0,0,89,0,22,4,-1,3,2
466,tank4_sherman_89,0,2,967,0,0,8,0,0,0,0,0,100,0,0,0,0,0,0,0,0,0,0,0,0,0,0,0,0,0,0,0,0,100,100,0,0,0,0,-16,6,0,0,89,0,22,4,-1,3,2
467,tank4_sherman_89,0,2,969,0,0,8,0,0,0,0,0,100,0,0,0,0,0,0,0,0,0,0,0,0,0,0,0,0,0,0,0,0,100,100,0,0,0,0,-16,6,0,0,89,0,22,4,-1,3,2
468,tank4_sherman_89,0,2,971,0,0,8,0,0,0,0,0,100,0,0,0,0,0,0,0,0,0,0,0,0,0,0,0,0,0,0,0,0,100,100,0,0,0,0,-16,6,0,0,89,0,22,4,-1,3,2
469,tank4_sherman_89,0,2,973,0,0,8,0,0,0,0,0,100,0,0,0,0,0,0,0,0,0,0,0,0,0,0,0,0,0,0,0,0,100,100,0,0,0,0,-16,6,0,0,89,0,22,4,-1,3,2
470,tank4_sherman_89,0,2,976,0,0,7,0,0,2,0,0,100,0,0,0,1,0,0,0,0,0,0,0,0,0,0,0,0,0,0,0,0,100,100,0,0,0,0,-16,6,1,0,40,0,22,4,-1,3,3
471,tank4_sherman_89,0,2,978,0,0,7,0,0,0,0,0,100,0,0,0,1,0,0,0,0,0,0,0,0,0,0,0,0,0,0,0,0,100,100,0,0,0,0,-16,6,0,0,40,0,22,4,-1,3,3
472,tank4_sherman_89,0,2,980,0,0,7,0,0,0,0,0,100,0,0,0,1,0,0,0,0,0,0,0,0,0,0,0,0,0,0,0,0,100,100,0,0,0,0,-16,6,0,0,40,0,22,4,-1,3,3
473,tank4_sherman_89,0,2,982,0,0,7,0,0,0,0,0,100,0,0,0,1,0,0,0,0,0,0,0,0,0,0,0,0,0,0,0,0,100,100,0,0,0,0,-16,6,0,0,40,0,22,4,-1,3,3
474,tank4_sherman_89,0,2,984,0,0,7,0,0,0,0,0,100,0,0,0,1,0,0,0,0,0,0,0,0,0,0,0,0,0,0,0,0,100,100,0,0,0,0,-16,6,0,0,40,0,22,4,-1,3,3
475,tank4_sherman_89,0,2,986,0,0,7,0,0,0,0,0,100,0,0,0,1,0,0,0,0,0,0,0,0,0,0,0,0,0,0,0,0,100,100,0,0,0,0,-16,6,0,0,40,0,22,4,-1,3,3
476,tank4_sherman_89,0,2,988,0,0,7,0,0,0,0,0,100,0,0,0,1,0,0,0,0,0,0,0,0,0,0,0,0,0,0,0,0,100,100,0,0,0,0,-16,6,0,0,40,0,22,4,-1,3,3
477,tank4_sherman_89,0,2,990,0,0,7,0,0,0,0,0,100,0,0,0,1,0,0,0,0,0,0,0,0,0,0,0,0,0,0,0,0,100,100,0,0,0,0,-16,6,0,0,40,0,22,4,-1,3,3
478,tank4_sherman_89,0,2,993,0,0,8,0,0,0,0,0,100,0,0,0,1,0,0,0,0,0,0,0,0,0,0,0,0,0,0,0,0,100,100,0,0,0,0,-16,6,0,0,40,0,22,4,-1,3,3
479,tank4_sherman_89,0,2,995,0,0,8,0,0,0,0,0,100,0,0,0,1,0,0,0,0,0,0,0,0,0,0,0,0,0,0,0,0,100,100,0,0,0,0,-16,6,0,0,40,0,22,4,-1,3,3
480,tank4_sherman_89,0,2,997,0,0,8,0,0,0,0,0,100,0,0,0,1,0,0,0,0,0,0,0,0,0,0,0,0,0,0,0,0,100,100,0,0,0,0,-16,6,0,0,40,0,22,4,-1,3,3
481,tank4_sherman_89,0,2,999,0,0,8,0,0,0,0,0,100,0,0,0,1,0,0,0,0,0,0,0,0,0,0,0,0,0,0,0,0,100,100,0,0,0,0,-16,6,0,0,40,0,22,4,-1,3,3
482,tank4_sherman_89,0,2,1001,0,0,8,0,0,0,0,0,100,0,0,0,1,0,0,0,0,0,0,0,0,0,0,0,0,0,0,0,0,100,100,0,0,0,0,-16,6,0,0,40,0,22,4,-1,3,3
483,tank4_sherman_89,0,2,1003,0,0,8,0,0,0,0,0,100,0,0,0,1,0,0,0,0,0,0,0,0,0,0,0,0,0,0,0,0,100,100,0,0,0,0,-16,6,0,0,40,0,22,4,-1,3,3
484,tank4_sherman_89,0,2,1005,0,0,8,0,0,0,0,0,100,0,0,0,1,0,0,0,0,0,0,0,0,0,0,0,0,0,0,0,0,100,100,0,0,0,0,-16,6,0,0,40,0,22,4,-1,3,3
485,tank4_sherman_89,0,2,1008,0,0,8,0,0,0,0,0,100,0,0,0,1,0,0,0,0,0,0,0,0,0,0,0,0,0,0,0,0,100,100,0,0,0,0,-16,6,0,0,40,0,22,4,-1,3,3
486,tank4_sherman_89,0,2,1010,0,0,8,0,0,0,0,0,100,0,0,0,1,0,0,0,0,0,0,0,0,0,0,0,0,0,0,0,0,100,100,0,0,0,0,-16,6,0,0,40,0,22,4,-1,3,3
487,tank4_sherman_89,0,2,1012,0,0,8,0,0,0,0,0,100,0,0,0,1,0,0,0,0,0,0,0,0,0,0,0,0,0,0,0,0,100,100,0,0,0,0,-16,6,0,0,40,0,22,4,-1,3,3
488,tank4_sherman_89,0,2,1014,0,0,8,0,0,0,0,0,100,0,0,0,1,0,0,0,0,0,0,0,0,0,0,0,0,0,0,0,0,100,100,0,0,0,0,-16,6,0,0,40,0,22,4,-1,3,3
489,tank4_sherman_89,0,2,1016,0,0,8,0,0,0,0,0,100,0,0,0,1,0,0,0,0,0,0,0,0,0,0,0,0,0,0,0,0,100,100,0,0,0,0,-16,6,0,0,40,0,22,4,-1,3,3
490,tank4_sherman_89,0,2,1018,0,0,8,0,0,0,0,0,100,0,0,0,1,0,0,0,0,0,0,0,0,0,0,0,0,0,0,0,0,100,100,0,0,0,0,-16,6,0,0,40,0,22,4,-1,4,3
491,tank4_sherman_89,0,2,1020,0,0,8,0,0,0,0,0,100,0,0,0,1,0,0,0,0,0,0,0,0,0,0,0,0,0,0,0,0,100,100,0,0,0,0,-16,6,0,0,40,0,22,4,-1,4,3
492,tank4_sherman_89,0,2,1023,0,0,8,0,0,0,0,0,100,0,0,0,1,0,0,0,0,0,0,0,0,0,0,0,0,0,0,0,0,100,100,0,0,0,0,-16,6,0,0,40,0,22,4,-1,4,3
493,tank4_sherman_89,0,2,1025,0,0,8,0,0,0,0,0,100,0,0,0,1,0,0,0,0,0,0,0,0,0,0,0,0,0,0,0,0,100,100,0,0,0,0,-16,6,0,0,40,0,22,4,-1,4,3
494,tank4_sherman_89,0,2,1027,0,0,8,0,0,0,0,0,100,0,0,0,1,0,0,0,0,0,0,0,0,0,0,0,0,0,0,0,0,100,100,0,0,0,0,-16,6,0,0,40,0,22,4,-1,4,3
495,tank4_sherman_89,0,2,1029,0,0,8,0,0,0,0,0,100,0,0,0,1,0,0,0,0,0,0,0,0,0,0,0,0,0,0,0,0,100,100,0,0,0,0,-16,6,0,0,40,0,22,4,-1,4,3
496,tank4_sherman_89,0,2,1031,0,0,8,0,0,0,0,0,100,0,0,0,1,0,0,0,0,0,0,0,0,0,0,0,0,0,0,0,0,100,100,0,0,0,0,-16,6,0,0,40,0,22,4,-1,4,3
497,tank4_sherman_89,0,2,1033,0,0,8,0,0,0,0,0,100,0,0,0,1,0,0,0,0,0,0,0,0,0,0,0,0,0,0,0,0,100,100,0,0,0,0,-16,6,0,0,40,0,22,4,-1,4,3
498,tank4_sherman_89,0,2,1035,0,0,8,0,0,0,0,0,100,0,0,0,1,0,0,0,0,0,0,0,0,0,0,0,0,0,0,0,0,100,100,0,0,0,0,-16,6,0,0,40,0,22,4,-1,4,3
499,tank4_sherman_89,0,2,1037,0,0,8,0,0,0,0,0,100,0,0,0,1,0,0,0,0,0,0,0,0,0,0,0,0,0,0,0,0,100,100,0,0,0,0,-16,6,0,0,40,0,22,4,-1,4,3
500,tank4_sherman_89,0,2,1040,0,0,8,0,0,0,0,0,100,0,0,0,1,0,0,0,0,0,0,0,0,0,0,0,0,0,0,0,0,100,100,0,0,0,0,-16,6,0,0,40,0,22,4,-1,4,3
501,tank4_sherman_89,0,2,1042,0,0,8,0,0,0,10,1,100,0,0,0,11,0,0,0,0,0,0,0,0,0,0,0,0,0,0,0,0,100,100,0,0,0,0,-16,6,0,0,40,0,22,4,-1,4,3
502,tank4_sherman_89,0,2,1044,0,0,8,0,0,0,20,2,100,1,0,0,21,0,0,0,0,0,0,0,0,0,0,0,0,0,0,0,0,100,100,0,0,0,0,-16,6,0,0,40,0,22,4,-1,4,3
503,tank4_sherman_89,0,2,1046,0,0,8,0,0,0,30,3,100,2,0,0,31,0,0,0,0,0,0,0,0,0,0,0,0,0,0,0,0,100,100,0,0,0,0,-16,6,0,0,40,0,22,4,-1,4,3
504,tank4_sherman_89,0,2,1048,0,0,8,0,0,0,40,4,100,3,0,0,41,0,0,0,0,0,0,0,0,0,0,0,0,0,0,0,0,100,100,0,0,0,0,-16,6,0,0,40,0,22,4,-1,4,3
505,tank4_sherman_89,0,2,1050,0,0,8,0,0,0,50,5,100,3,0,0,51,0,0,0,0,0,0,0,0,0,0,0,0,0,0,0,0,100,100,0,0,0,0,-16,6,0,0,40,0,22,4,-1,4,3
506,tank4_sherman_89,0,2,1052,0,0,8,0,0,0,60,6,100,4,0,0,61,0,0,0,0,0,0,0,0,0,0,0,0,0,0,0,0,100,100,0,0,0,0,-16,6,0,0,40,0,22,4,-1,4,3
507,tank4_sherman_89,0,2,1055,0,0,8,0,0,0,70,7,100,5,0,0,71,0,0,0,0,0,0,0,0,0,0,0,0,0,0,0,0,100,100,0,0,0,0,-16,6,0,0,40,0,22,4,-1,4,3
508,tank4_sherman_89,0,2,1057,0,0,8,0,0,0,90,8,100,6,0,0,81,0,0,0,0,0,0,0,0,0,0,0,0,0,0,0,0,100,100,0,0,0,0,-16,6,0,0,40,0,22,4,-1,4,3
509,tank4_sherman_89,0,2,1059,0,0,8,0,0,0,110,9,100,7,0,0,91,0,0,0,0,0,0,0,0,0,0,0,0,0,0,0,0,100,100,0,0,0,0,-16,6,0,0,40,0,22,4,-1,4,3
510,tank4_sherman_89,0,2,1061,0,0,8,0,0,0,130,10,100,7,0,0,100,0,0,0,0,0,0,0,0,0,0,0,0,0,0,0,0,100,100,0,0,0,0,-16,6,0,0,40,0,22,4,-1,4,3
511,tank4_sherman_89,0,2,1063,0,0,8,0,0,0,150,11,100,8,0,0,100,0,0,0,0,0,0,0,0,0,0,0,0,0,0,0,0,100,100,0,0,0,0,-16,6,0,0,40,0,22,4,-1,4,3
512,tank4_sherman_89,0,2,1065,0,0,8,0,0,0,170,12,100,9,0,0,100,0,0,0,0,0,0,0,0,0,0,0,0,0,0,0,0,100,100,0,0,0,0,-16,6,0,0,40,0,22,4,-1,4,3
513,tank4_sherman_89,0,2,1067,0,0,8,0,0,0,190,13,100,10,0,0,100,0,0,0,0,0,0,0,0,0,0,0,0,0,0,0,0,100,100,0,0,0,0,-16,6,0,0,40,0,22,4,-1,4,3
514,tank4_sherman_89,0,2,1070,0,0,8,0,0,0,210,14,100,10,0,0,100,0,0,0,0,0,0,0,0,0,0,0,0,0,0,0,0,100,100,0,0,0,0,-16,6,0,0,40,0,22,4,-1,4,3
515,tank4_sherman_89,0,2,1072,0,0,8,0,0,0,230,15,100,11,0,0,100,0,0,0,0,0,0,0,0,0,0,0,0,0,0,0,0,100,100,0,0,0,0,-16,6,0,0,40,0,22,4,-1,4,3
516,tank4_sherman_89,0,2,1074,0,0,8,0,0,0,260,16,100,12,0,0,100,0,0,0,0,0,0,0,0,0,0,0,0,0,0,0,0,100,100,0,0,0,0,-16,6,0,0,40,0,22,4,-1,4,3
517,tank4_sherman_89,0,2,1076,0,0,8,0,0,0,290,17,100,13,0,0,100,0,0,0,0,0,0,0,0,0,0,0,0,0,0,0,0,100,100,0,0,0,0,-16,6,0,0,40,0,22,4,-1,4,3
518,tank4_sherman_89,0,2,1078,0,0,8,0,0,0,320,18,100,14,0,0,100,0,0,0,0,0,0,0,0,0,0,0,0,0,0,0,0,100,100,0,0,0,0,-16,6,0,0,40,0,22,4,-1,4,3
519,tank4_sherman_89,0,2,1080,0,0,8,0,0,0,350,19,100,14,0,0,100,0,0,0,0,0,0,0,0,0,0,0,0,0,0,0,0,100,100,0,0,0,0,-16,6,0,0,40,0,22,4,-1,4,3
520,tank4_sherman_89,0,2,1082,0,0,8,0,0,0,380,20,100,15,0,0,100,0,0,0,0,0,0,0,0,0,0,0,0,0,0,0,0,100,100,0,0,0,0,-16,6,0,0,40,0,22,4,-1,4,3
521,tank4_sherman_89,0,2,1085,0,0,8,0,0,0,410,21,100,16,0,0,100,0,0,0,0,0,0,0,0,0,0,0,0,0,0,0,0,100,100,0,0,0,0,-16,6,0,0,40,0,22,4,-1,4,3
522,tank4_sherman_89,0,2,1087,0,0,8,0,0,0,440,22,100,17,0,0,100,0,0,0,0,0,0,0,0,0,0,0,0,0,0,0,0,100,100,0,0,0,0,-16,6,0,0,40,0,22,4,-1,4,3
523,tank4_sherman_89,0,2,1089,0,0,8,0,0,0,470,23,100,17,0,0,100,0,0,0,0,0,0,0,0,0,0,0,0,0,0,0,0,100,100,0,0,0,0,-16,6,0,0,40,0,22,4,-1,4,3
524,tank4_sherman_89,0,2,1091,0,0,8,0,0,0,510,24,100,18,0,0,100,0,0,0,0,0,0,0,0,0,0,0,0,0,0,0,0,100,100,0,0,0,0,-16,6,0,0,40,0,22,4,-1,4,3
525,tank4_sherman_89,0,2,1093,0,0,8,0,0,0,550,25,100,19,0,0,100,0,0,0,0,0,0,0,0,0,0,0,0,0,0,0,0,100,100,0,0,0,0,-16,6,0,0,40,0,22,4,-1,4,3
526,tank4_sherman_89,0,2,1095,0,0,8,0,0,0,590,26,100,20,0,0,100,0,0,0,0,0,0,0,0,0,0,0,0,0,0,0,0,100,100,0,0,0,0,-16,6,0,0,40,0,22,4,-1,4,3
527,tank4_sherman_89,0,2,1097,0,0,8,0,0,0,630,27,100,21,0,0,100,0,0,0,0,0,0,0,0,0,0,0,0,0,0,0,0,100,100,0,0,0,0,-16,6,0,0,40,0,22,4,-1,4,3
528,tank4_sherman_89,0,2,1100,0,0,8,0,0,0,670,28,100,21,0,0,100,0,0,0,0,0,0,0,0,0,0,0,0,0,0,0,0,100,100,0,0,0,0,-16,6,0,0,40,0,22,4,-1,4,3
529,tank4_sherman_89,0,2,1102,0,0,8,0,0,0,710,29,100,22,0,0,100,0,0,0,0,0,0,0,0,0,0,0,0,0,0,0,0,100,100,0,0,0,0,-16,6,0,0,40,0,22,4,-1,4,3
530,tank4_sherman_89,0,2,1104,0,0,8,0,0,0,750,30,100,23,0,0,100,0,0,0,0,0,0,0,0,0,0,0,0,0,0,0,0,100,100,0,0,0,0,-16,6,0,0,40,0,22,4,-1,4,3
531,tank4_sherman_89,0,2,1106,0,0,8,0,0,0,790,31,100,24,0,0,100,0,0,0,0,0,0,0,0,0,0,0,0,0,0,0,0,100,100,0,0,0,0,-16,6,0,0,40,0,22,4,-1,4,3
532,tank4_sherman_89,0,2,1108,0,0,8,0,0,0,840,32,100,25,0,0,100,0,0,0,0,0,0,0,0,0,0,0,0,0,0,0,0,100,100,0,0,0,0,-16,6,0,0,40,0,22,4,-1,4,3
533,tank4_sherman_89,0,2,1110,0,0,8,0,0,0,890,33,100,25,0,0,100,0,0,0,0,0,0,0,0,0,0,0,0,0,0,0,0,100,100,0,0,0,0,-16,6,0,0,40,0,22,4,-1,4,3
534,tank4_sherman_89,0,2,1112,0,0,8,0,0,0,940,34,100,26,0,0,100,0,0,0,0,0,0,0,0,0,0,0,0,0,0,0,0,100,100,0,0,0,0,-16,6,0,0,40,0,22,4,-1,4,3
535,tank4_sherman_89,0,2,1115,0,0,8,0,0,0,990,35,100,27,0,0,100,0,0,0,0,0,0,0,0,0,0,0,0,0,0,0,0,100,100,0,0,0,0,-16,6,0,0,40,0,22,4,-1,4,3
536,tank4_sherman_89,0,2,1117,0,0,8,0,0,0,1040,36,100,28,0,0,100,0,0,0,0,0,0,0,0,0,0,0,0,0,0,0,0,100,100,0,0,0,0,-16,6,0,0,40,0,22,4,-1,4,3
537,tank4_sherman_89,0,2,1119,0,0,8,0,0,0,1090,37,100,28,0,0,100,0,0,0,0,0,0,0,0,0,0,0,0,0,0,0,0,100,100,0,0,0,0,-16,6,0,0,40,0,22,4,-1,4,3
538,tank4_sherman_89,0,2,1121,0,0,8,0,0,0,1140,38,100,29,0,0,100,0,0,0,0,0,0,0,0,0,0,0,0,0,0,0,0,100,100,0,0,0,0,-16,6,0,0,40,0,22,4,-1,4,3
539,tank4_sherman_89,0,2,1123,0,0,8,0,0,0,1190,39,100,30,0,0,100,0,0,0,0,0,0,0,0,0,0,0,0,0,0,0,0,100,100,0,0,0,0,-16,6,0,0,40,0,22,4,-1,4,3
540,tank4_sherman_89,0,2,1125,0,0,8,0,0,0,1250,40,100,31,0,0,100,0,0,0,0,0,0,0,0,0,0,0,0,0,0,0,0,100,100,0,0,0,0,-16,6,0,0,40,0,22,4,-1,4,3
541,tank4_sherman_89,0,2,1127,0,0,8,0,0,0,1310,41,100,32,0,0,100,0,0,0,0,0,0,0,0,0,0,0,0,0,0,0,0,100,100,0,0,0,0,-16,6,0,0,40,0,22,4,-1,4,3
542,tank4_sherman_89,0,2,1130,0,0,8,0,0,0,1370,42,100,32,0,0,100,0,0,0,0,0,0,0,0,0,0,0,0,0,0,0,0,100,100,0,0,0,0,-16,6,0,0,40,0,22,4,-1,4,3
543,tank4_sherman_89,0,2,1132,0,0,8,0,0,0,1430,43,100,33,0,0,100,0,0,0,0,0,0,0,0,0,0,0,0,0,0,0,0,100,100,0,0,0,0,-16,6,0,0,40,0,22,4,-1,4,3
544,tank4_sherman_89,0,2,1134,0,0,8,0,0,0,1490,44,100,34,0,0,100,0,0,0,0,0,0,0,0,0,0,0,0,0,0,0,0,100,100,0,0,0,0,-16,6,0,0,40,0,22,4,-1,4,3
545,tank4_sherman_89,0,2,1136,0,0,8,0,0,0,1550,45,100,35,0,0,100,0,0,0,0,0,0,0,0,0,0,0,0,0,0,0,0,100,100,0,0,0,0,-16,6,0,0,40,0,22,4,-1,4,3
546,tank4_sherman_89,0,2,1138,0,0,8,0,0,0,1610,46,100,35,0,0,100,0,0,0,0,0,0,0,0,0,0,0,0,0,0,0,0,100,100,0,0,0,0,-16,6,0,0,40,0,22,4,-1,4,3
547,tank4_sherman_89,0,2,1140,0,0,8,0,0,0,1670,47,100,36,0,0,100,0,0,0,0,0,0,0,0,0,0,0,0,0,0,0,0,100,100,0,0,0,0,-16,6,0,0,40,0,22,4,-1,4,3
548,tank4_sherman_89,0,2,1142,0,0,8,0,0,0,1740,48,100,37,0,0,100,0,0,0,0,0,0,0,0,0,0,0,0,0,0,0,0,100,100,0,0,0,0,-16,6,0,0,40,0,22,4,-1,4,3
549,tank4_sherman_89,0,2,1145,0,0,8,0,0,0,1810,49,100,38,0,0,100,0,0,0,0,0,0,0,0,0,0,0,0,0,0,0,0,100,100,0,0,0,0,-16,6,0,0,40,0,22,4,-1,4,3
550,tank4_sherman_89,0,2,1147,0,0,8,0,0,0,1880,50,100,39,0,0,100,0,0,0,0,0,0,0,0,0,0,0,0,0,0,0,0,100,100,0,0,0,0,-16,6,0,0,40,0,22,4,-1,4,3
551,tank4_sherman_89,0,2,1149,0,0,8,0,0,0,1950,51,100,39,0,0,100,0,0,0,0,0,0,0,0,0,0,0,0,0,0,0,0,100,100,0,0,0,0,-16,6,0,0,40,0,22,4,-1,4,3
552,tank4_sherman_89,0,2,1151,0,0,8,0,0,0,2020,52,100,40,0,0,100,0,0,0,0,0,0,0,0,0,0,0,0,0,0,0,0,100,100,0,0,0,0,-16,6,0,0,40,0,22,4,-1,4,3
553,tank4_sherman_89,0,2,1153,0,0,8,0,0,0,2090,53,100,41,0,0,100,0,0,0,0,0,0,0,0,0,0,0,0,0,0,0,0,100,100,0,0,0,0,-16,6,0,0,40,0,22,4,-1,4,3
554,tank4_sherman_89,0,2,1155,0,0,8,0,0,0,2160,54,100,42,0,0,100,0,0,0,0,0,0,0,0,0,0,0,0,0,0,0,0,100,100,0,0,0,0,-16,6,0,0,40,0,22,4,-1,4,3
555,tank4_sherman_89,0,2,1157,0,0,8,0,0,0,2230,55,100,42,0,0,100,0,0,0,0,0,0,0,0,0,0,0,0,0,0,0,0,100,100,0,0,0,0,-16,6,0,0,40,0,22,4,-1,4,3
556,tank4_sherman_89,0,2,1160,0,0,8,0,0,0,2310,56,100,43,0,0,100,0,0,0,0,0,0,0,0,0,0,0,0,0,0,0,0,100,100,0,0,0,0,-16,6,0,0,40,0,22,4,-1,4,3
557,tank4_sherman_89,0,2,1162,0,0,8,0,0,0,2390,57,100,44,0,0,100,0,0,0,0,0,0,0,0,0,0,0,0,0,0,0,0,100,100,0,0,0,0,-16,6,0,0,40,0,22,4,-1,4,3
558,tank4_sherman_89,0,2,1164,0,0,8,0,0,0,2470,58,100,45,0,0,100,0,0,0,0,0,0,0,0,0,0,0,0,0,0,0,0,100,100,0,0,0,0,-16,6,0,0,40,0,22,4,-1,4,3
559,tank4_sherman_89,0,2,1166,0,0,8,0,0,0,2550,59,100,46,0,0,100,0,0,0,0,0,0,0,0,0,0,0,0,0,0,0,0,100,100,0,0,0,0,-16,6,0,0,40,0,22,4,-1,4,3
560,tank4_sherman_89,0,2,1168,0,0,8,0,0,0,2630,60,100,46,0,0,100,0,0,0,0,0,0,0,0,0,0,0,0,0,0,0,0,100,100,0,0,0,0,-16,0,0,0,40,0,22,4,-1,4,3
561,tank4_sherman_89,0,2,1170,0,0,8,0,0,0,2710,61,100,47,0,0,100,0,0,0,0,0,0,0,0,0,0,0,0,0,0,0,0,100,100,0,0,0,0,-16,0,0,0,40,0,22,4,-1,4,3
562,tank4_sherman_89,0,2,1172,0,0,8,0,0,0,2790,62,100,48,0,0,100,0,0,0,0,0,0,0,0,0,0,0,0,0,0,0,0,100,100,0,0,0,0,-16,0,0,0,40,0,22,4,-1,4,3
563,tank4_sherman_89,0,2,1174,0,0,8,0,0,0,2870,63,100,49,0,0,100,0,0,0,0,0,0,0,0,0,0,0,0,0,0,0,0,100,100,0,0,0,0,-16,0,0,0,40,0,22,4,-1,4,3
564,tank4_sherman_89,0,2,1177,0,0,8,0,0,0,2950,64,100,50,0,0,100,0,0,0,0,0,0,0,0,0,0,0,0,0,0,0,0,100,100,0,0,0,0,-16,0,0,0,40,0,22,4,-1,4,3
565,tank4_sherman_89,0,2,1179,0,0,8,0,0,0,3030,65,100,50,0,0,100,0,0,0,0,0,0,0,0,0,0,0,0,0,0,0,0,100,100,0,0,0,0,-16,0,0,0,40,0,22,4,-1,4,3
566,tank4_sherman_89,0,2,1181,0,0,8,0,0,0,3110,66,100,51,0,0,100,0,0,0,0,0,0,0,0,0,0,0,0,0,0,0,0,100,100,0,0,0,0,-16,0,0,0,40,0,22,4,-1,4,3
567,tank4_sherman_89,0,2,1183,0,0,8,0,0,0,3190,67,100,52,0,0,100,0,0,0,0,0,0,0,0,0,0,0,0,0,0,0,0,100,100,0,0,0,0,-16,0,0,0,40,0,22,4,-1,4,3
568,tank4_sherman_89,0,2,1185,0,0,8,0,0,0,3270,68,100,53,0,0,100,0,0,0,0,0,0,0,0,0,0,0,0,0,0,0,0,100,100,0,0,0,0,-16,0,0,0,40,0,22,4,-1,4,3
569,tank4_sherman_89,0,2,1187,0,0,8,0,0,0,3350,69,100,53,0,0,100,0,0,0,0,0,0,0,0,0,0,0,0,0,0,0,0,100,100,0,0,0,0,-16,0,0,0,40,0,22,4,-1,4,3
570,tank4_sherman_89,0,2,1189,0,0,8,0,0,0,3430,70,100,54,0,0,100,0,0,0,0,0,0,0,0,0,0,0,0,0,0,0,0,100,100,0,0,0,0,-16,0,0,0,40,0,22,4,-1,4,3
571,tank4_sherman_89,0,2,1192,0,0,8,0,0,0,3510,71,100,55,0,0,100,0,0,0,0,0,0,0,0,0,0,0,0,0,0,0,0,100,100,0,0,0,0,-16,0,0,0,40,0,22,4,-1,4,3
572,tank4_sherman_89,0,2,1194,0,0,8,0,0,0,3590,72,100,56,0,0,100,0,0,0,0,0,0,0,0,0,0,0,0,0,0,0,0,100,100,0,0,0,0,-16,0,0,0,40,0,22,4,-1,4,3
573,tank4_sherman_89,0,2,1196,0,0,8,0,0,0,3670,73,100,57,0,0,100,0,0,0,0,0,0,0,0,0,0,0,0,0,0,0,0,100,100,0,0,0,0,-16,0,0,0,40,0,22,4,-1,4,3
574,tank4_sherman_89,0,2,1198,0,0,8,0,0,0,3750,74,100,57,0,0,100,0,0,0,0,0,0,0,0,0,0,0,0,0,0,0,0,100,100,0,0,0,0,-16,0,0,0,40,0,22,4,-1,4,3
575,tank4_sherman_89,0,2,1200,0,0,8,0,0,0,3830,75,100,58,0,0,100,0,0,0,0,0,0,0,0,0,0,0,0,0,0,0,0,100,100,0,0,0,0,-16,0,0,0,40,0,22,4,-1,4,3
576,tank4_sherman_89,0,2,1202,0,0,8,0,0,0,3910,76,100,59,0,0,100,0,0,0,0,0,0,0,0,0,0,0,0,0,0,0,0,100,100,0,0,0,0,-16,0,0,0,40,0,22,4,-1,4,3
577,tank4_sherman_89,0,2,1204,0,0,8,0,0,0,3990,77,100,60,0,0,100,0,0,0,0,0,0,0,0,0,0,0,0,0,0,0,0,100,100,0,0,0,0,-16,0,0,0,40,0,22,4,-1,4,3
578,tank4_sherman_89,0,2,1207,0,0,8,0,0,0,4070,78,100,60,0,0,100,0,0,0,0,0,0,0,0,0,0,0,0,0,0,0,0,100,100,0,0,0,0,-16,0,0,0,40,0,22,4,-1,4,3
579,tank4_sherman_89,0,2,1209,0,0,8,0,0,0,4150,79,100,61,0,0,100,0,0,0,0,0,0,0,0,0,0,0,0,0,0,0,0,100,100,0,0,0,0,-16,0,0,0,40,0,22,4,-1,4,3
580,tank4_sherman_89,0,2,1211,0,0,8,0,0,0,4230,80,100,62,0,0,100,0,0,0,0,0,0,0,0,0,0,0,0,0,0,0,0,100,100,0,0,0,0,-16,0,0,0,40,0,22,4,-1,4,3
581,tank4_sherman_89,0,2,1213,0,0,8,0,0,0,4310,81,100,63,0,0,100,0,0,0,0,0,0,0,0,0,0,0,0,0,0,0,0,100,100,0,0,0,0,-16,0,0,0,40,0,22,4,-1,4,3
582,tank4_sherman_89,0,2,1215,0,0,8,0,0,0,4390,82,100,64,0,0,100,0,0,0,0,0,0,0,0,0,0,0,0,0,0,0,0,100,100,0,0,0,0,-16,0,0,0,40,0,22,4,-1,4,3
583,tank4_sherman_89,0,2,1217,0,0,8,0,0,0,4470,83,100,64,0,0,100,0,0,0,0,0,0,0,0,0,0,0,0,0,0,0,0,100,100,0,0,0,0,-16,0,0,0,40,0,22,4,-1,4,3
584,tank4_sherman_89,0,2,1219,0,0,8,0,0,0,4550,84,100,65,0,0,100,0,0,0,0,0,0,0,0,0,0,0,0,0,0,0,0,100,100,0,0,0,0,-16,0,0,0,40,0,22,4,-1,4,3
585,tank4_sherman_89,0,2,1222,0,0,8,0,0,0,4630,85,100,66,0,0,100,0,0,0,0,0,0,0,0,0,0,0,0,0,0,0,0,100,100,0,0,0,0,-16,0,0,0,40,0,22,4,-1,4,3
586,tank4_sherman_89,0,2,1224,0,0,8,0,0,0,4710,86,100,67,0,0,100,0,0,0,0,0,0,0,0,0,0,0,0,0,0,0,0,100,100,0,0,0,0,-16,0,0,0,40,0,22,4,-1,4,3
587,tank4_sherman_89,0,2,1226,0,0,8,0,0,0,4790,87,100,67,0,0,100,0,0,0,0,0,0,0,0,0,0,0,0,0,0,0,0,100,100,0,0,0,0,-16,0,0,0,40,0,22,4,-1,4,3
588,tank4_sherman_89,0,2,1228,0,0,8,0,0,0,4870,88,100,68,0,0,100,0,0,0,0,0,0,0,0,0,0,0,0,0,0,0,0,100,100,0,0,0,0,-16,0,0,0,40,0,22,4,-1,4,3
589,tank4_sherman_89,0,2,1230,0,0,8,0,0,0,4950,89,100,69,0,0,100,0,0,0,0,0,0,0,0,0,0,0,0,0,0,0,0,100,100,0,0,0,0,-16,0,0,0,40,0,22,4,-1,4,3
590,tank4_sherman_89,0,2,1232,0,0,8,0,0,0,5030,90,100,70,0,0,100,0,0,0,0,0,0,0,0,0,0,0,0,0,0,0,0,100,100,0,0,0,0,-16,0,0,0,40,0,22,4,-1,4,3
591,tank4_sherman_89,0,2,1234,0,0,8,0,0,0,5110,91,100,71,0,0,100,0,0,0,0,0,0,0,0,0,0,0,0,0,0,0,0,100,100,0,0,0,0,-16,0,0,0,40,0,22,4,-1,4,3
592,tank4_sherman_89,0,2,1237,0,0,8,0,0,0,5190,92,100,71,0,0,100,0,0,0,0,0,0,0,0,0,0,0,0,0,0,0,0,100,100,0,0,0,0,-16,0,0,0,40,0,22,4,-1,4,3
593,tank4_sherman_89,0,2,1239,0,0,8,0,0,0,5270,93,100,72,0,0,100,0,0,0,0,0,0,0,0,0,0,0,0,0,0,0,0,100,100,0,0,0,0,-16,0,0,0,40,0,22,4,-1,4,3
594,tank4_sherman_89,0,2,1241,0,0,8,0,0,0,5350,94,100,73,0,0,100,0,0,0,0,0,0,0,0,0,0,0,0,0,0,0,0,100,100,0,0,0,0,-16,0,0,0,40,0,22,4,-1,4,3
595,tank4_sherman_89,0,2,1243,0,0,8,0,0,0,5430,95,100,74,0,0,100,0,0,0,0,0,0,0,0,0,0,0,0,0,0,0,0,100,100,0,0,0,0,-16,0,0,0,40,0,22,4,-1,4,3
596,tank4_sherman_89,0,2,1245,0,0,8,0,0,0,5510,96,100,75,0,0,100,0,0,0,0,0,0,0,0,0,0,0,0,0,0,0,0,100,100,0,0,0,0,-16,0,0,0,40,0,22,4,-1,4,3
597,tank4_sherman_89,0,2,1247,0,0,8,0,0,0,5590,97,100,75,0,0,100,0,0,0,0,0,0,0,0,0,0,0,0,0,0,0,0,100,100,0,0,0,0,-16,0,0,0,40,0,22,4,-1,4,3
598,tank4_sherman_89,0,2,1249,0,0,8,0,0,0,5670,98,100,76,0,0,100,0,0,0,0,0,0,0,0,0,0,0,0,0,0,0,0,100,100,0,0,0,0,-16,0,0,0,40,0,22,4,-1,4,3
599,tank4_sherman_89,0,2,1252,0,0,8,0,0,0,5750,99,100,77,0,0,100,0,0,0,0,0,0,0,0,0,0,0,0,0,0,0,0,100,100,0,0,0,0,-16,0,0,0,40,0,22,4,-1,4,3
600,tank4_sherman_89,0,2,1254,0,0,8,0,0,0,5830,100,100,78,0,0,100,0,0,0,0,0,0,0,0,0,0,0,0,0,0,0,0,100,100,0,0,0,0,-16,0,0,0,40,0,22,4,-1,4,3
601,tank4_sherman_89,0,2,1256,0,0,8,0,0,0,5910,101,100,78,0,0,100,0,0,0,0,0,0,0,0,0,0,0,0,0,0,0,0,100,100,0,0,0,0,-16,0,0,0,40,0,22,4,-1,4,3
602,tank4_sherman_89,0,2,1258,0,0,8,0,0,0,5990,102,100,79,0,0,100,0,0,0,0,0,0,0,0,0,0,0,0,0,0,0,0,100,100,0,0,0,0,-16,0,0,0,40,0,22,4,-1,4,3
603,tank4_sherman_89,0,2,1260,0,0,8,0,0,0,6070,103,100,80,0,0,100,0,0,0,0,0,0,0,0,0,0,0,0,0,0,0,0,100,100,0,0,0,0,-16,0,0,0,40,0,22,4,-1,4,3
604,tank4_sherman_89,0,2,1262,0,0,8,0,0,0,6150,104,100,81,0,0,100,0,0,0,0,0,0,0,0,0,0,0,0,0,0,0,0,100,100,0,0,0,0,-16,0,0,0,40,0,22,4,-1,4,3
605,tank4_sherman_89,0,2,1264,0,0,8,0,0,0,6230,105,100,82,0,0,100,0,0,0,0,0,0,0,0,0,0,0,0,0,0,0,0,100,100,0,0,0,0,-16,0,0,0,40,0,22,4,-1,4,3
606,tank4_sherman_89,0,2,1267,0,0,8,0,0,0,6310,106,100,82,0,0,100,0,0,0,0,0,0,0,0,0,0,0,0,0,0,0,0,100,100,0,0,0,0,-16,0,0,0,40,0,22,4,-1,4,3
607,tank4_sherman_89,0,2,1269,0,0,8,0,0,0,6390,107,100,83,0,0,100,0,0,0,0,0,0,0,0,0,0,0,0,0,0,0,0,100,100,0,0,0,0,-16,0,0,0,40,0,22,4,-1,4,3
608,tank4_sherman_89,0,2,1271,0,0,8,0,0,0,6470,108,100,84,0,0,100,0,0,0,0,0,0,0,0,0,0,0,0,0,0,0,0,100,100,0,0,0,0,-16,0,0,0,40,0,22,4,-1,4,3
609,tank4_sherman_89,0,2,1273,0,0,8,0,0,0,6550,109,100,85,0,0,100,0,0,0,0,0,0,0,0,0,0,0,0,0,0,0,0,100,100,0,0,0,0,-16,0,0,0,40,0,22,4,-1,4,3
610,tank4_sherman_89,0,2,1275,0,0,8,0,0,0,6630,110,100,85,0,0,100,0,0,0,0,0,0,0,0,0,0,0,0,0,0,0,0,100,100,0,0,0,0,-16,0,0,0,40,0,22,4,-1,4,3
611,tank4_sherman_89,0,2,1277,0,0,8,0,0,0,6710,111,100,86,0,0,100,0,0,0,0,0,0,0,0,0,0,0,0,0,0,0,0,100,100,0,0,0,0,-16,0,0,0,40,0,22,4,-1,4,3
612,tank4_sherman_89,0,2,1279,0,0,8,0,0,0,6790,112,100,87,0,0,100,0,0,0,0,0,0,0,0,0,0,0,0,0,0,0,0,100,100,0,0,0,0,-16,0,0,0,40,0,22,4,-1,4,3
613,tank4_sherman_89,0,2,1282,0,0,8,0,0,0,6870,113,100,88,0,0,100,0,0,0,0,0,0,0,0,0,0,0,0,0,0,0,0,100,100,0,0,0,0,-16,0,0,0,40,0,22,4,-1,4,3
614,tank4_sherman_89,0,2,1284,0,0,8,0,0,0,6950,114,100,89,0,0,100,0,0,0,0,0,0,0,0,0,0,0,0,0,0,0,0,100,100,0,0,0,0,-16,0,0,0,40,0,22,4,-1,4,3
615,tank4_sherman_89,0,2,1286,0,0,8,0,0,0,7030,115,100,89,0,0,100,0,0,0,0,0,0,0,0,0,0,0,0,0,0,0,0,100,100,0,0,0,0,-16,0,0,0,40,0,22,4,-1,4,3
616,tank4_sherman_89,0,2,1288,0,0,8,0,0,0,7110,116,100,90,0,0,100,0,0,0,0,0,0,0,0,0,0,0,0,0,0,0,0,100,100,0,0,0,0,-16,0,0,0,40,0,22,4,-1,4,3
617,tank4_sherman_89,0,2,1290,0,0,8,0,0,0,7190,117,100,91,0,0,100,0,0,0,0,0,0,0,0,0,0,0,0,0,0,0,0,100,100,0,0,0,0,-16,0,0,0,40,0,22,4,-1,4,3
618,tank4_sherman_89,0,2,1292,0,0,8,0,0,0,7270,118,100,92,0,0,100,0,0,0,0,0,0,0,0,0,0,0,0,0,0,0,0,100,100,0,0,0,0,-16,0,0,0,40,0,22,4,-1,4,3
619,tank4_sherman_89,0,2,1294,0,0,8,0,0,0,7350,119,100,92,0,0,100,0,0,0,0,0,0,0,0,0,0,0,0,0,0,0,0,100,100,0,0,0,0,-16,0,0,0,40,0,22,4,-1,4,3
620,tank4_sherman_89,0,2,1297,0,0,8,0,0,0,7430,120,100,93,0,0,100,0,0,0,0,0,0,0,0,0,0,0,0,0,0,0,0,100,100,0,0,0,0,-16,0,0,0,40,0,22,4,-1,4,3
621,tank4_sherman_89,0,2,1299,0,0,8,0,0,0,7510,121,100,94,0,0,100,0,0,0,0,0,0,0,0,0,0,0,0,0,0,0,0,100,100,0,0,0,0,-16,0,0,0,40,0,22,4,-1,4,3
622,tank4_sherman_89,0,2,1301,0,0,8,0,0,0,7590,122,100,95,0,0,100,0,0,0,0,0,0,0,0,0,0,0,0,0,0,0,0,100,100,0,0,0,0,-16,0,0,0,40,0,22,4,-1,4,3
623,tank4_sherman_89,0,2,1303,0,0,8,0,0,0,7670,123,100,96,0,0,100,0,0,0,0,0,0,0,0,0,0,0,0,0,0,0,0,100,100,0,0,0,0,-16,0,0,0,40,0,22,4,-1,4,3
624,tank4_sherman_89,0,2,1305,0,0,8,0,0,0,7750,124,100,96,0,0,100,0,0,0,0,0,0,0,0,0,0,0,0,0,0,0,0,100,100,0,0,0,0,-16,0,0,0,40,0,22,4,-1,4,3
625,tank4_sherman_89,0,2,1307,0,0,8,0,0,0,7830,125,100,97,0,0,100,0,0,0,0,0,0,0,0,0,0,0,0,0,0,0,0,100,100,0,0,0,0,-16,0,0,0,40,0,22,4,-1,4,3
626,tank4_sherman_89,0,2,1309,0,0,8,0,0,0,7910,126,100,98,0,0,100,0,0,0,0,0,0,0,0,0,0,0,0,0,0,0,0,100,100,0,0,0,0,-16,0,0,0,40,0,22,4,-1,4,3
627,tank4_sherman_89,0,2,1311,0,0,8,0,0,0,7990,127,100,99,0,0,100,0,0,0,0,0,0,0,0,0,0,0,0,0,0,0,0,100,100,0,0,0,0,-16,0,0,0,40,0,22,4,-1,4,3
628,tank4_sherman_89,0,2,1314,0,0,8,0,0,0,8070,128,100,100,0,0,100,0,0,0,0,0,0,0,0,0,0,0,0,0,0,0,0,100,100,0,0,0,0,-16,0,0,0,40,0,22,4,-1,4,3
629,tank4_sherman_89,0,2,1316,0,0,8,0,0,0,8150,129,100,100,0,0,100,0,0,0,0,0,0,0,0,0,0,0,0,0,0,0,0,100,100,0,0,0,0,-16,0,0,0,40,0,22,4,-1,4,3
630,tank4_sherman_89,0,2,1318,0,0,8,0,0,0,8230,130,100,100,0,0,100,0,0,0,0,0,0,0,0,0,0,0,0,0,0,0,0,100,100,0,0,0,0,-16,0,0,0,40,0,22,4,-1,4,3
631,tank4_sherman_89,0,2,1320,0,0,8,0,0,0,8310,131,100,100,0,0,100,0,0,0,0,0,0,0,0,0,0,0,0,0,0,0,0,100,100,0,0,0,0,-16,0,0,0,40,0,22,4,-1,4,3
632,tank4_sherman_89,0,2,1322,0,0,8,0,0,0,8390,132,100,100,0,0,100,0,0,0,0,0,0,0,0,0,0,0,0,0,0,0,0,100,100,0,0,0,0,-16,0,0,0,40,0,22,4,-1,4,3
633,tank4_sherman_89,0,2,1324,0,0,8,0,0,0,8470,133,100,100,0,0,100,0,0,0,0,0,0,0,0,0,0,0,0,0,0,0,0,100,100,0,0,0,0,-16,0,0,0,40,0,22,4,-1,4,3
634,tank4_sherman_89,0,2,1326,0,0,8,0,0,0,8550,134,100,100,0,0,100,0,0,0,0,0,0,0,0,0,0,0,0,0,0,0,0,100,100,0,0,0,0,-16,0,0,0,40,0,22,4,-1,4,3
635,tank4_sherman_89,0,2,1329,0,0,8,0,0,0,8630,135,100,100,0,0,100,0,0,0,0,0,0,0,0,0,0,0,0,0,0,0,0,100,100,0,0,0,0,-16,0,0,0,40,0,22,4,-1,4,3
636,tank4_sherman_89,0,2,1331,0,0,8,0,0,0,8710,136,100,100,0,0,100,0,0,0,0,0,0,0,0,0,0,0,0,0,0,0,0,100,100,0,0,0,0,-16,0,0,0,40,0,22,4,-1,4,3
637,tank4_sherman_89,0,2,1333,0,0,8,0,0,0,8790,137,100,100,0,0,100,0,0,0,0,0,0,0,0,0,0,0,0,0,0,0,0,100,100,0,0,0,0,-16,0,0,0,40,0,22,4,-1,4,3
638,tank4_sherman_89,0,2,1335,0,0,8,0,0,0,8870,138,100,100,0,0,100,0,0,0,0,0,0,0,0,0,0,0,0,0,0,0,0,100,100,0,0,0,0,-16,0,0,0,40,0,22,4,-1,4,3
639,tank4_sherman_89,0,2,1337,0,0,8,0,0,0,8950,139,100,100,0,0,100,0,0,0,0,0,0,0,0,0,0,0,0,0,0,0,0,100,100,0,0,0,0,-16,0,0,0,40,0,22,4,-1,4,3
640,tank4_sherman_89,0,2,1339,0,0,8,0,0,0,9030,140,100,100,0,0,100,0,0,0,0,0,0,0,0,0,0,0,0,0,0,0,0,100,100,0,0,0,0,-16,0,0,0,40,0,22,4,-1,5,3
641,tank4_sherman_89,0,2,1341,0,0,8,0,0,0,9110,141,100,100,0,0,100,0,0,0,0,0,0,0,0,0,0,0,0,0,0,0,0,100,100,0,0,0,0,-16,0,0,0,40,0,22,4,-1,5,3
642,tank4_sherman_89,0,2,1344,0,0,8,0,0,0,9190,142,100,100,0,0,100,0,0,0,0,0,0,0,0,0,0,0,0,0,0,0,0,100,100,0,0,0,0,-16,0,0,0,40,0,22,4,-1,5,3
643,tank4_sherman_89,0,2,1346,0,0,8,0,0,0,9270,143,100,100,0,0,100,0,0,0,0,0,0,0,0,0,0,0,0,0,0,0,0,100,100,0,0,0,0,-16,0,0,0,40,0,22,4,-1,5,3
644,tank4_sherman_89,0,2,1348,0,0,8,0,0,0,9350,144,100,100,0,0,100,0,0,0,0,0,0,0,0,0,0,0,0,0,0,0,0,100,100,0,0,0,0,-16,0,0,0,40,0,22,4,-1,5,3
645,tank4_sherman_89,0,2,1350,0,0,8,0,0,0,9430,145,100,100,0,0,100,0,0,0,0,0,0,0,0,0,0,0,0,0,0,0,0,100,100,0,0,0,0,-16,0,0,0,40,0,22,4,-1,5,3
646,tank4_sherman_89,0,2,1352,0,0,8,0,0,0,9510,146,100,100,0,0,100,0,0,0,0,0,0,0,0,0,0,0,0,0,0,0,0,100,100,0,0,0,0,-16,0,0,0,40,0,22,4,-1,5,3
647,tank4_sherman_89,0,2,1354,0,0,8,0,0,0,9590,147,100,100,0,0,100,0,0,0,0,0,0,0,0,0,0,0,0,0,0,0,0,100,100,0,0,0,0,-16,0,0,0,40,0,22,4,-1,5,3
648,tank4_sherman_89,0,2,1356,0,0,8,0,0,0,9670,148,100,100,0,0,100,0,0,0,0,0,0,0,0,0,0,0,0,0,0,0,0,100,100,0,0,0,0,-16,0,0,0,40,0,22,4,-1,5,3
649,tank4_sherman_89,0,2,1359,0,0,8,0,0,0,9750,149,100,100,0,0,100,0,0,0,0,0,0,0,0,0,0,0,0,0,0,0,0,100,100,0,0,0,0,-16,0,0,0,40,0,22,4,-1,5,3
650,tank4_sherman_89,0,2,1361,0,0,8,0,0,0,9830,150,100,100,0,0,100,0,0,0,0,0,0,0,0,0,0,0,0,0,0,0,0,100,100,0,0,0,0,-16,0,0,0,40,0,22,4,-1,5,3
651,tank4_sherman_89,0,2,1363,0,0,8,0,0,0,9910,151,100,100,0,0,100,0,0,0,0,0,0,0,0,0,0,0,0,0,0,0,0,100,100,0,0,0,0,-16,0,0,0,40,0,22,4,-1,5,3
652,tank4_sherman_89,0,2,1365,0,0,8,0,0,0,9990,152,100,100,0,0,100,0,0,0,0,0,0,0,0,0,0,0,0,0,0,0,0,100,100,0,0,0,0,-16,0,0,0,40,0,22,4,-1,5,3
653,tank4_sherman_89,0,2,1367,0,0,8,0,0,0,10070,153,100,100,0,0,100,0,0,0,0,0,0,0,0,0,0,0,0,0,0,0,0,100,100,0,0,0,0,-16,0,0,0,40,0,22,4,-1,5,3
654,tank4_sherman_89,0,2,1369,0,0,8,0,0,0,10150,154,100,100,0,0,100,0,0,0,0,0,0,0,0,0,0,0,0,0,0,0,0,100,100,0,0,0,0,-16,0,0,0,40,0,22,4,-1,5,3
655,tank4_sherman_89,0,2,1371,0,0,8,0,0,0,10230,155,100,100,0,0,100,0,0,0,0,0,0,0,0,0,0,0,0,0,0,0,0,100,100,0,0,0,0,-16,0,0,0,40,0,22,4,-1,5,3
656,tank4_sherman_89,0,2,1374,0,0,8,0,0,0,10310,156,100,100,0,0,100,0,0,0,0,0,0,0,0,0,0,0,0,0,0,0,0,100,100,0,0,0,0,-16,0,0,0,40,0,22,4,-1,5,3
657,tank4_sherman_89,0,2,1376,0,0,8,0,0,0,10390,157,100,100,0,0,100,0,0,0,0,0,0,0,0,0,0,0,0,0,0,0,0,100,100,0,0,0,0,-16,0,0,0,40,0,22,4,-1,5,3
658,tank4_sherman_89,0,2,1378,0,0,8,0,0,0,10470,158,100,100,0,0,100,0,0,0,0,0,0,0,0,0,0,0,0,0,0,0,0,100,100,0,0,0,0,-16,0,0,0,40,0,22,4,-1,5,3
659,tank4_sherman_89,0,2,1380,0,0,8,0,0,0,10550,159,100,100,0,0,100,0,0,0,0,0,0,0,0,0,0,0,0,0,0,0,0,100,100,0,0,0,0,-16,0,0,0,40,0,22,4,-1,5,3
660,tank4_sherman_89,0,2,1382,0,0,8,0,0,0,10630,160,100,100,0,0,100,0,0,0,0,0,0,0,0,0,0,0,0,0,0,0,0,100,100,0,0,0,0,-16,0,0,0,40,0,22,4,-1,5,3
661,tank4_sherman_89,0,2,1384,0,0,8,0,0,0,10710,161,100,100,0,0,100,0,0,0,0,0,0,0,0,0,0,0,0,0,0,0,0,100,100,0,0,0,0,-16,0,0,0,40,0,22,4,-1,5,3
662,tank4_sherman_89,0,2,1386,0,0,8,0,0,0,10790,162,100,100,0,0,100,0,0,0,0,0,0,0,0,0,0,0,0,0,0,0,0,100,100,0,0,0,0,-16,0,0,0,40,0,22,4,-1,5,3
663,tank4_sherman_89,0,2,1389,0,0,8,0,0,0,10870,163,100,100,0,0,100,0,0,0,0,0,0,0,0,0,0,0,0,0,0,0,0,100,100,0,0,0,0,-16,0,0,0,40,0,22,4,-1,5,3
664,tank4_sherman_89,0,2,1391,0,0,8,0,0,0,10950,164,100,100,0,0,100,0,0,0,0,0,0,0,0,0,0,0,0,0,0,0,0,100,100,0,0,0,0,-16,0,0,0,40,0,22,4,-1,5,3
665,tank4_sherman_89,0,2,1393,0,0,8,0,0,0,11030,165,100,100,0,0,100,0,0,0,0,0,0,0,0,0,0,0,0,0,0,0,0,100,100,0,0,0,0,-16,0,0,0,40,0,22,4,-1,5,3
666,tank4_sherman_89,0,2,1395,0,0,8,0,0,0,11110,166,100,100,0,0,100,0,0,0,0,0,0,0,0,0,0,0,0,0,0,0,0,100,100,0,0,0,0,-16,0,0,0,40,0,22,4,-1,5,3
667,tank4_sherman_89,0,2,1397,0,0,8,0,0,0,11190,167,100,100,0,0,100,0,0,0,0,0,0,0,0,0,0,0,0,0,0,0,0,100,100,0,0,0,0,-16,0,0,0,40,0,22,4,-1,5,3
668,tank4_sherman_89,0,2,1399,0,0,8,0,0,0,11270,168,100,100,0,0,100,0,0,0,0,0,0,0,0,0,0,0,0,0,0,0,0,100,100,0,0,0,0,-16,0,0,0,40,0,22,4,-1,5,3
669,tank4_sherman_89,0,2,1401,0,0,8,0,0,0,11350,169,100,100,0,0,100,0,0,0,0,0,0,0,0,0,0,0,0,0,0,0,0,100,100,0,0,0,0,-16,0,0,0,40,0,22,4,-1,5,3
670,tank4_sherman_89,0,2,1404,0,0,7,0,0,3,11430,170,100,100,0,0,100,0,0,0,0,0,0,0,0,0,0,0,0,0,0,0,0,100,100,0,0,0,0,-16,0,1,1,20,107,31,4,4,5,17
671,tank4_sherman_89,0,2,1406,0,0,7,0,0,0,11510,171,100,100,0,0,100,0,0,0,0,0,0,0,0,0,0,0,0,0,0,0,0,100,100,0,0,0,0,-16,0,0,0,20,107,31,4,4,5,17
672,tank4_sherman_89,0,2,1408,0,0,7,0,0,0,11590,172,100,100,0,0,100,0,0,0,0,0,0,0,0,0,0,0,0,0,0,0,0,100,100,0,0,0,0,-16,0,0,0,20,107,31,4,4,5,17
673,tank4_sherman_89,0,2,1410,0,0,7,0,0,0,11670,173,100,100,0,0,100,0,0,0,0,0,0,0,0,0,0,0,0,0,0,0,0,100,100,0,0,0,0,-16,0,0,0,20,107,31,4,4,5,17
674,tank4_sherman_89,0,2,1412,0,0,7,0,0,0,11750,174,100,100,0,0,100,0,0,0,0,0,0,0,0,0,0,0,0,0,0,0,0,100,100,0,0,0,0,-16,0,0,0,20,107,31,4,4,5,17
675,tank4_sherman_89,0,2,1414,0,0,7,0,0,0,11830,175,100,100,0,0,100,0,0,0,0,0,0,0,0,0,0,0,0,0,0,0,0,100,100,0,0,0,0,-16,0,0,0,20,107,31,4,4,5,17
676,tank4_sherman_89,0,2,1416,0,0,7,0,0,0,11910,176,100,100,0,0,100,0,0,0,0,0,0,0,0,0,0,0,0,0,0,0,0,100,100,0,0,0,0,-16,0,0,0,20,107,31,4,4,5,17
677,tank4_sherman_89,0,2,1418,0,0,7,0,0,0,11990,177,100,100,0,0,100,0,0,0,0,0,0,0,0,0,0,0,0,0,0,0,0,100,100,0,0,0,0,-16,0,0,0,20,107,31,4,4,5,17
678,tank4_sherman_89,0,2,1421,0,0,8,0,0,0,12070,178,100,100,0,0,100,0,0,0,0,0,0,0,0,0,0,0,0,0,0,0,0,100,100,0,0,0,0,-16,0,0,0,20,107,31,4,4,5,17
679,tank4_sherman_89,0,2,1423,0,0,8,0,0,0,12150,179,100,100,0,0,100,0,0,0,0,0,0,0,0,0,0,0,0,0,0,0,0,100,100,0,0,0,0,-16,0,0,0,20,107,31,4,4,5,17
680,tank4_sherman_89,0,2,1425,0,0,8,0,0,0,12150,179,100,100,0,0,100,0,0,0,0,0,0,0,0,0,0,0,0,0,0,0,0,100,100,0,0,0,0,-16,0,0,0,20,107,31,4,4,5,17
681,tank4_sherman_89,0,2,1427,0,0,8,0,0,0,12150,179,100,100,0,0,100,0,0,0,0,0,0,0,0,0,0,0,0,0,0,0,0,100,100,0,0,0,0,-16,0,0,0,20,107,31,4,4,5,17
682,tank4_sherman_89,0,2,1429,0,0,8,0,0,0,12150,179,100,100,0,0,100,0,0,0,0,0,0,0,0,0,0,0,0,0,0,0,0,100,100,0,0,0,0,-16,0,0,0,20,107,31,4,4,5,17
683,tank4_sherman_89,0,2,1431,0,0,8,0,0,0,12150,179,100,100,0,0,100,0,0,0,0,0,0,0,0,0,0,0,0,0,0,0,0,100,100,0,0,0,0,-16,0,0,0,20,107,31,4,4,5,17
684,tank4_sherman_89,0,2,1433,0,0,8,0,0,0,12150,179,100,100,0,0,100,0,0,0,0,0,0,0,0,0,0,0,0,0,0,0,0,100,100,0,0,0,0,-16,0,0,0,20,107,31,4,4,5,17
685,tank4_sherman_89,0,2,1436,0,0,8,0,0,0,12150,179,100,100,0,0,100,0,0,0,0,0,0,0,0,0,0,0,0,0,0,0,0,100,100,0,0,0,0,-16,0,0,0,20,107,31,4,4,5,17
686,tank4_sherman_89,0,2,1438,0,0,8,0,0,0,12150,179,100,100,0,0,100,0,0,0,0,0,0,0,0,0,0,0,0,0,0,0,0,100,100,0,0,0,0,-16,0,0,0,20,107,31,4,4,5,17
687,tank4_sherman_89,0,2,1440,0,0,8,0,0,0,12150,179,100,100,0,0,100,0,0,0,0,0,0,0,0,0,0,0,0,0,0,0,0,100,100,0,0,0,0,-16,0,0,0,20,107,31,4,4,5,17
688,tank4_sherman_89,0,2,1442,0,0,8,0,0,0,12150,179,100,100,0,0,100,0,0,0,0,0,0,0,0,0,0,0,0,0,0,0,0,100,100,0,0,0,0,-16,0,0,0,20,107,31,4,4,5,17
689,tank4_sherman_89,0,2,1444,0,0,8,0,0,0,12150,179,100,100,0,0,100,0,0,0,0,0,0,0,0,0,0,0,0,0,0,0,0,100,100,0,0,0,0,-16,0,0,0,20,107,31,4,4,5,17
690,tank4_sherman_89,0,2,1446,0,0,8,0,0,0,12150,179,100,100,0,0,100,0,0,0,0,0,0,0,0,0,0,0,0,0,0,0,0,100,100,0,0,0,0,-16,0,0,0,20,107,31,4,4,5,17
691,tank4_sherman_89,0,2,1448,0,0,8,0,0,0,12150,179,100,100,0,0,100,0,0,0,0,0,0,0,0,0,0,0,0,0,0,0,0,100,100,0,0,0,0,-16,0,0,0,20,107,31,4,4,5,17
692,tank4_sherman_89,0,2,1450,0,0,8,0,0,0,12150,179,100,100,0,0,100,0,0,0,0,0,0,0,0,0,0,0,0,0,0,0,0,100,100,0,0,0,0,-16,0,0,0,20,107,31,4,4,5,17
693,tank4_sherman_89,0,2,1453,0,0,8,0,0,0,12150,179,100,100,0,0,100,0,0,0,0,0,0,0,0,0,0,0,0,0,0,0,0,100,100,0,0,0,0,-16,0,0,0,20,107,31,4,4,5,17
694,tank4_sherman_89,0,2,1455,0,0,8,0,0,0,12150,179,100,100,0,0,100,0,0,0,0,0,0,0,0,0,0,0,0,0,0,0,0,100,100,0,0,0,0,-16,0,0,0,20,107,31,4,4,5,17
695,tank4_sherman_89,0,2,1457,0,0,8,0,0,0,12150,179,100,100,0,0,100,0,0,0,0,0,0,0,0,0,0,0,0,0,0,0,0,100,100,0,0,0,0,-16,0,0,0,20,107,31,4,4,5,17
696,tank4_sherman_89,0,2,1459,0,0,8,0,0,0,12150,179,100,100,0,0,100,0,0,0,0,0,0,0,0,0,0,0,0,0,0,0,0,100,100,0,0,0,0,-16,0,0,0,20,107,31,4,4,5,17
697,tank4_sherman_89,0,2,1461,0,0,8,0,0,0,12150,179,100,100,0,0,100,0,0,0,0,0,0,0,0,0,0,0,0,0,0,0,0,100,100,0,0,0,0,-16,0,0,0,20,107,31,4,4,5,17
698,tank4_sherman_89,0,2,1463,0,0,8,0,0,0,12150,179,100,100,0,0,100,0,0,0,0,0,0,0,0,0,0,0,0,0,0,0,0,100,100,0,0,0,0,-16,0,0,0,20,107,31,4,4,5,17
699,tank4_sherman_89,0,2,1465,0,0,8,0,0,0,12150,179,100,100,0,0,100,0,0,0,0,0,0,0,0,0,0,0,0,0,0,0,0,100,100,0,0,0,0,-16,0,0,0,20,107,31,4,4,5,17
700,tank4_sherman_89,0,2,1468,0,0,8,0,0,0,12150,179,100,100,0,0,100,0,0,0,0,0,0,0,0,0,0,0,0,0,0,0,0,100,100,0,0,0,0,-16,0,0,0,20,107,31,4,4,5,17
701,tank4_sherman_89,0,2,1470,0,0,7,0,0,0,12150,179,100,100,0,0,100,0,0,0,0,0,0,0,0,0,0,0,0,0,0,0,0,100,100,0,0,0,0,-16,0,0,0,20,107,31,4,4,5,17
702,tank4_sherman_89,0,2,1472,0,0,7,0,0,0,12150,179,100,100,0,0,100,0,0,0,0,0,0,0,0,0,0,0,0,0,0,0,0,100,100,0,0,0,0,-16,0,0,0,20,107,31,4,4,5,17
703,tank4_sherman_89,0,2,1473,0,0,6,0,0,0,12150,179,100,100,0,0,100,0,0,0,0,0,0,0,0,0,0,0,0,0,0,0,0,100,100,0,0,0,0,-16,0,0,0,20,107,31,4,4,5,17
704,tank4_sherman_89,0,2,1475,0,0,6,0,0,0,12150,179,100,100,0,0,100,0,0,0,0,0,0,0,0,0,0,0,0,0,0,0,0,100,100,0,0,0,0,-16,0,0,0,20,107,31,4,4,5,17
705,tank4_sherman_89,0,2,1477,0,0,6,0,0,0,12150,179,100,100,0,0,100,0,0,0,0,0,0,0,0,0,0,0,0,0,0,0,0,100,100,0,0,0,0,-16,0,0,0,20,107,31,4,4,5,17
706,tank4_sherman_89,0,2,1479,0,0,6,0,0,0,12150,179,100,100,0,0,100,0,0,0,0,0,0,0,0,0,0,0,0,0,0,0,0,100,100,0,0,0,0,-16,0,0,0,20,107,31,4,4,5,17
707,tank4_sherman_89,0,2,1480,0,0,5,0,0,0,12150,179,100,100,0,0,100,0,0,0,0,0,0,0,0,0,0,0,0,0,0,0,0,100,100,0,0,0,0,-16,0,0,0,20,107,31,4,4,5,17
708,tank4_sherman_89,0,2,1481,0,0,5,0,0,0,12150,179,100,100,0,0,100,0,0,0,0,0,0,0,0,0,0,0,0,0,0,0,0,100,100,0,0,0,0,-16,0,0,0,20,107,31,4,4,5,17
709,tank4_sherman_89,0,2,1483,0,0,5,0,0,0,12150,179,100,100,0,0,100,0,0,0,0,0,0,0,0,0,0,0,0,0,0,0,0,100,100,0,0,0,0,-16,0,0,0,20,107,31,4,4,5,17
710,tank4_sherman_89,0,2,1484,0,0,5,0,0,0,12150,179,100,100,0,0,100,0,0,0,0,0,0,0,0,0,0,0,0,0,0,0,0,100,100,0,0,0,0,-16,0,0,0,20,107,31,4,4,5,17
711,tank4_sherman_89,0,2,1486,0,0,4,0,0,0,12150,179,100,100,0,0,100,0,0,0,0,0,0,0,0,0,0,0,0,0,0,0,0,100,100,0,0,0,0,-16,0,0,0,20,107,31,4,4,5,17
712,tank4_sherman_89,0,2,1487,0,0,4,0,0,0,12150,179,100,100,0,0,100,0,0,0,0,0,0,0,0,0,0,0,0,0,0,0,0,100,100,0,0,0,0,-16,0,0,0,20,107,31,4,4,5,17
713,tank4_sherman_89,0,2,1488,0,0,4,0,0,0,12150,179,100,100,0,0,100,0,0,0,0,0,0,0,0,0,0,0,0,0,0,0,0,100,100,0,0,0,0,-16,0,0,0,20,107,31,4,4,5,17
714,tank4_sherman_89,0,2,1489,0,0,4,0,0,0,12150,179,100,100,0,0,100,0,0,0,0,0,0,0,0,0,0,0,0,0,0,0,0,100,100,0,0,0,0,-16,0,0,0,20,107,31,4,4,5,17
715,tank4_sherman_89,0,2,1490,0,0,4,0,0,0,12150,179,100,100,0,0,100,0,0,0,0,0,0,0,0,0,0,0,0,0,0,0,0,100,100,0,0,0,0,-16,0,0,0,20,107,31,4,4,5,17
716,tank4_sherman_89,0,2,1491,0,0,3,0,0,0,12150,179,100,100,0,0,100,0,0,0,0,0,0,0,0,0,0,0,0,0,0,0,0,100,100,0,0,0,0,-16,0,0,0,20,107,31,4,4,5,17
717,tank4_sherman_89,0,2,1492,0,0,3,0,0,0,12150,179,100,100,0,0,100,0,0,0,0,0,0,0,0,0,0,0,0,0,0,0,0,100,100,0,0,0,0,-16,0,0,0,20,107,31,4,4,5,17
718,tank4_sherman_89,0,2,1493,0,0,3,0,0,0,12150,179,100,100,0,0,100,0,0,0,0,0,0,0,0,0,0,0,0,0,0,0,0,100,100,0,0,0,0,-16,0,0,0,20,107,31,4,4,5,17
719,tank4_sherman_89,0,2,1494,0,0,3,0,0,0,12150,179,100,100,0,0,100,0,0,0,0,0,0,0,0,0,0,0,0,0,0,0,0,100,100,0,0,0,0,-16,0,0,0,20,107,31,4,4,5,17
720,tank4_sherman_89,0,2,1495,0,0,3,0,0,0,12150,179,100,100,0,0,100,0,0,0,0,0,0,0,0,0,0,0,0,0,0,0,0,100,100,0,0,0,0,-16,0,0,0,20,107,31,4,4,5,17
721,tank4_sherman_89,0,2,1496,0,0,3,0,0,0,12150,179,100,100,0,0,100,0,0,0,0,0,0,0,0,0,0,0,0,0,0,0,0,100,100,0,0,0,0,-16,0,0,0,20,107,31,4,4,5,17
722,tank4_sherman_89,0,2,1497,0,0,3,0,0,0,12150,179,100,100,0,0,100,0,0,0,0,0,0,0,0,0,0,0,0,0,0,0,0,100,100,0,0,0,0,-16,0,0,0,20,107,31,4,4,5,17
723,tank4_sherman_89,0,2,1498,0,0,3,0,0,0,12150,179,100,100,0,0,100,0,0,0,0,0,0,0,0,0,0,0,0,0,0,0,0,100,100,0,0,0,0,-16,0,0,0,20,107,31,4,4,5,17
724,tank4_sherman_89,0,2,1498,0,0,3,0,0,0,12150,179,100,100,0,0,100,0,0,0,0,0,0,0,0,0,0,0,0,0,0,0,0,100,100,0,0,0,0,-16,0,0,0,20,107,31,4,4,5,17
725,tank4_sherman_89,0,2,1499,0,0,2,0,0,0,12150,179,100,100,0,0,100,0,0,0,0,0,0,0,0,0,0,0,0,0,0,0,0,100,100,0,0,0,0,-16,0,0,0,20,107,31,4,4,5,17
726,tank4_sherman_89,0,2,1500,0,0,2,0,0,0,12150,179,100,100,0,0,100,0,0,0,0,0,0,0,0,0,0,0,0,0,0,0,0,100,100,0,0,0,0,-16,0,0,0,20,107,31,4,4,5,17
727,tank4_sherman_89,0,2,1501,0,0,2,0,0,0,12150,179,100,100,0,0,100,0,0,0,0,0,0,0,0,0,0,0,0,0,0,0,0,100,100,0,0,0,0,-16,0,0,0,20,107,31,4,4,5,17
728,tank4_sherman_89,0,2,1501,0,0,2,0,0,0,12150,179,100,100,0,0,100,0,0,0,0,0,0,0,0,0,0,0,0,0,0,0,0,100,100,0,0,0,0,-16,0,0,0,20,107,31,4,4,5,17
729,tank4_sherman_89,0,2,1502,0,0,2,0,0,0,12150,179,100,100,0,0,100,0,0,0,0,0,0,0,0,0,0,0,0,0,0,0,0,100,100,0,0,0,0,-16,0,0,0,20,107,31,4,4,5,17
730,tank4_sherman_89,0,2,1503,0,0,2,0,0,0,12150,179,100,100,0,0,100,0,0,0,0,0,0,0,0,0,0,0,0,0,0,0,0,100,100,0,0,0,0,-16,0,0,0,20,107,31,4,4,5,17
731,tank4_sherman_89,0,2,1504,0,0,2,0,0,0,12150,179,100,100,0,0,100,0,0,0,0,0,0,0,0,0,0,0,0,0,0,0,0,100,100,0,0,0,0,-16,0,0,0,20,107,31,4,4,5,17
732,tank4_sherman_89,0,2,1504,0,0,2,0,0,0,12150,179,100,100,0,0,100,0,0,0,0,0,0,0,0,0,0,0,0,0,0,0,0,100,100,0,0,0,0,-16,0,0,0,20,107,31,4,4,5,17
733,tank4_sherman_89,0,2,1505,0,0,2,0,0,0,12150,179,100,100,0,0,100,0,0,0,0,0,0,0,0,0,0,0,0,0,0,0,0,100,100,0,0,0,0,-16,0,0,0,20,107,31,4,4,5,17
734,tank4_sherman_89,0,2,1506,0,0,2,0,0,0,12150,179,100,100,0,0,100,0,0,0,0,0,0,0,0,0,0,0,0,0,0,0,0,100,100,0,0,0,0,-16,0,0,0,20,107,31,4,4,5,17
735,tank4_sherman_89,0,2,1506,0,0,2,0,0,0,12150,179,100,100,0,0,100,0,0,0,0,0,0,0,0,0,0,0,0,0,0,0,0,100,100,0,0,0,0,-16,0,0,0,20,107,31,4,4,5,17
736,tank4_sherman_89,0,2,1507,0,0,2,0,0,0,12150,179,100,100,0,0,100,0,0,0,0,0,0,0,0,0,0,0,0,0,0,0,0,100,100,0,0,0,0,-16,0,0,0,20,107,31,4,4,5,17
737,tank4_sherman_89,0,2,1507,0,0,2,0,0,0,12150,179,100,100,0,0,100,0,0,0,0,0,0,0,0,0,0,0,0,0,0,0,0,100,100,0,0,0,0,-16,0,0,0,20,107,31,4,4,5,17
738,tank4_sherman_89,0,2,1508,0,0,2,0,0,0,12150,179,100,100,0,0,100,0,0,0,0,0,0,0,0,0,0,0,0,0,0,0,0,100,100,0,0,0,0,-16,0,0,0,20,107,31,4,4,5,17
739,tank4_sherman_89,0,2,1509,0,0,2,0,0,0,12150,179,100,100,0,0,100,0,0,0,0,0,0,0,0,0,0,0,0,0,0,0,0,100,100,0,0,0,0,-16,0,0,0,20,107,31,4,4,5,17
740,tank4_sherman_89,0,2,1509,0,0,2,0,0,0,12150,179,100,100,0,0,100,0,0,0,0,0,0,0,0,0,0,0,0,0,0,0,0,100,100,0,0,0,0,-16,1,0,0,20,107,31,4,4,5,17
741,tank4_sherman_89,0,2,1510,0,0,2,0,0,0,12150,179,100,100,0,0,100,0,0,0,0,0,0,0,0,0,0,0,0,0,0,0,0,100,100,0,0,0,0,-16,1,0,0,20,107,31,4,4,5,17
742,tank4_sherman_89,0,2,1510,0,0,2,0,0,0,12150,179,100,100,0,0,100,0,0,0,0,0,0,0,0,0,0,0,0,0,0,0,0,100,100,0,0,0,0,-16,1,0,0,20,107,31,4,4,5,17
743,tank4_sherman_89,0,2,1511,0,0,2,0,0,0,12150,0,100,100,0,0,100,0,0,0,0,0,0,0,0,0,0,0,0,0,0,0,0,100,100,0,0,0,0,-16,1,0,0,20,107,31,4,4,5,17
744,tank4_sherman_89,0,2,1511,0,0,2,0,0,0,12150,0,100,100,0,0,100,0,0,0,0,0,0,0,0,0,0,0,0,0,0,0,0,100,100,0,0,0,0,-16,1,0,0,20,107,31,4,4,5,17
745,tank4_sherman_89,0,2,1512,0,0,2,0,0,0,12150,0,100,100,0,0,100,0,0,0,0,0,0,0,0,0,0,0,0,0,0,0,0,100,100,0,0,0,0,-16,1,0,0,20,107,31,4,4,5,17
746,tank4_sherman_89,0,2,1512,0,0,2,0,0,0,12150,0,100,100,0,0,100,0,0,0,0,0,0,0,0,0,0,0,0,0,0,0,0,100,100,0,0,0,0,-16,1,0,0,20,107,31,4,4,5,17
747,tank4_sherman_89,0,2,1513,0,0,1,0,0,0,12150,0,100,100,0,0,100,0,0,0,0,0,0,0,0,0,0,0,0,0,0,0,0,100,100,0,0,0,0,-16,1,0,0,20,107,31,4,4,5,17
748,tank4_sherman_89,0,2,1513,0,0,1,0,0,0,12150,0,100,100,0,0,100,0,0,0,0,0,0,0,0,0,0,0,0,0,0,0,0,100,100,0,0,0,0,-16,1,0,0,20,107,31,4,4,5,17
749,tank4_sherman_89,0,2,1514,0,0,1,0,0,0,12150,0,100,100,0,0,100,0,0,0,0,0,0,0,0,0,0,0,0,0,0,0,0,100,100,0,0,0,0,-16,1,0,0,20,107,31,4,4,5,17
750,tank4_sherman_89,0,2,1514,0,0,1,0,0,0,12150,0,100,100,0,0,100,0,0,0,0,0,0,0,0,0,0,0,0,0,0,0,0,100,100,0,0,0,0,-16,1,0,0,20,107,31,4,4,5,17
751,tank4_sherman_89,0,2,1515,0,0,1,0,0,0,12150,0,100,100,0,0,100,0,0,0,0,0,0,0,0,0,0,0,0,0,0,0,0,100,100,0,0,0,0,-16,1,0,0,20,107,31,4,4,5,17
752,tank4_sherman_89,0,2,1515,0,0,1,0,0,0,12150,0,100,100,0,0,100,0,0,0,0,0,0,0,0,0,0,0,0,0,0,0,0,100,100,0,0,0,0,-16,1,0,0,20,107,31,4,4,5,17
753,tank4_sherman_89,0,2,1516,0,0,1,0,0,0,12150,0,100,100,0,0,100,0,0,0,0,0,0,0,0,0,0,0,0,0,0,0,0,100,100,0,0,0,0,-16,1,0,0,20,107,31,4,4,5,17
754,tank4_sherman_89,0,2,1516,0,0,1,0,0,0,12150,0,100,100,0,0,100,0,0,0,0,0,0,0,0,0,0,0,0,0,0,0,0,100,100,0,0,0,0,-16,1,0,0,20,107,31,4,4,5,17
755,tank4_sherman_89,0,2,1517,0,0,1,0,0,0,12150,0,100,100,0,0,100,0,0,0,0,0,0,0,0,0,0,0,0,0,0,0,0,100,100,0,0,0,0,-16,1,0,0,20,107,31,4,4,5,17
756,tank4_sherman_89,0,2,1517,0,0,1,0,0,0,12150,0,100,100,0,0,100,0,0,0,0,0,0,0,0,0,0,0,0,0,0,0,0,100,100,0,0,0,0,-16,1,0,0,20,107,31,4,4,5,17
757,tank4_sherman_89,0,2,1518,0,0,1,0,0,0,12150,0,100,100,0,0,100,0,0,0,0,0,0,0,0,0,0,0,0,0,0,0,0,100,100,0,0,0,0,-16,1,0,0,20,107,31,4,4,5,17
758,tank4_sherman_89,0,2,1518,0,0,1,0,0,0,12150,0,100,100,0,0,100,0,0,0,0,0,0,0,0,0,0,0,0,0,0,0,0,100,100,0,0,0,0,-16,1,0,0,20,107,31,4,4,5,17
759,tank4_sherman_89,0,2,1519,0,0,1,0,0,0,12150,0,100,100,0,0,100,0,0,0,0,0,0,0,0,0,0,0,0,0,0,0,0,100,100,0,0,0,0,-16,1,0,0,20,107,31,4,4,5,17
760,tank4_sherman_89,0,2,1519,0,0,1,0,0,0,12150,0,100,100,0,0,100,0,0,0,0,0,0,0,0,0,0,0,0,0,0,0,0,100,100,0,0,0,0,-16,1,0,0,20,107,31,4,4,5,17
761,tank4_sherman_89,0,2,1520,0,0,1,0,0,0,12150,0,100,100,0,0,100,0,0,0,0,0,0,0,0,0,0,0,0,0,0,0,0,100,100,0,0,0,0,-16,1,0,0,20,107,31,4,4,5,17
762,tank4_sherman_89,0,2,1520,0,0,1,0,0,0,12150,0,100,100,0,0,100,0,0,0,0,0,0,0,0,0,0,0,0,0,0,0,0,100,100,0,0,0,0,-16,1,0,0,20,107,31,4,4,5,17
763,tank4_sherman_89,0,2,1521,0,0,1,0,0,0,12150,0,100,100,0,0,100,0,0,0,0,0,0,0,0,0,0,0,0,0,0,0,0,100,100,0,0,0,0,-16,1,0,0,20,107,31,4,4,5,17
764,tank4_sherman_89,0,2,1521,0,0,1,0,0,0,12150,0,100,100,0,0,100,0,0,0,0,0,0,0,0,0,0,0,0,0,0,0,0,100,100,0,0,0,0,-16,1,0,0,20,107,31,4,4,5,17
765,tank4_sherman_89,0,2,1522,0,0,1,0,0,0,12150,0,100,100,0,0,100,0,0,0,0,0,0,0,0,0,0,0,0,0,0,0,0,100,100,0,0,0,0,-16,1,0,0,20,107,31,4,4,5,17
766,tank4_sherman_89,0,2,1522,0,0,1,0,0,0,12150,0,100,100,0,0,100,0,0,0,0,0,0,0,0,0,0,0,0,0,0,0,0,100,100,0,0,0,0,-16,1,0,0,20,107,31,4,4,5,17
767,tank4_sherman_89,0,2,1523,0,0,1,0,0,0,12150,0,100,100,0,0,100,0,0,0,0,0,0,0,0,0,0,0,0,0,0,0,0,100,100,0,0,0,0,-16,1,0,0,20,107,31,4,4,5,17
768,tank4_sherman_89,0,2,1523,0,0,1,0,0,0,12150,0,100,100,0,0,100,0,0,0,0,0,0,0,0,0,0,0,0,0,0,0,0,100,100,0,0,0,0,-16,1,0,0,20,107,31,4,4,5,17
769,tank4_sherman_89,0,2,1524,0,0,1,0,0,0,12150,0,100,100,0,0,100,0,0,0,0,0,0,0,0,0,0,0,0,0,0,0,0,100,100,0,0,0,0,-16,1,0,0,20,107,31,4,4,5,17
770,tank4_sherman_89,0,2,1524,0,0,1,0,0,0,12150,0,100,100,0,0,100,0,0,0,0,0,0,0,0,0,0,0,0,0,0,0,0,100,100,0,0,0,0,-16,1,0,0,20,107,31,4,4,5,17
771,tank4_sherman_89,0,2,1525,0,0,1,0,0,0,12150,0,100,100,0,0,100,0,0,0,0,0,0,0,0,0,0,0,0,0,0,0,0,100,100,0,0,0,0,-16,1,0,0,20,107,31,4,4,5,17
772,tank4_sherman_89,0,2,1525,0,0,1,0,0,0,12150,0,100,100,0,0,100,0,0,0,0,0,0,0,0,0,0,0,0,0,0,0,0,100,100,0,0,0,0,-16,1,0,0,20,107,31,4,4,5,17
773,tank4_sherman_89,0,2,1526,0,0,1,0,0,0,12150,0,100,100,0,0,100,0,0,0,0,0,0,0,0,0,0,0,0,0,0,0,0,100,100,0,0,0,0,-16,1,0,0,20,107,31,4,4,5,17
774,tank4_sherman_89,0,2,1526,0,0,1,0,0,0,12150,0,100,100,0,0,100,0,0,0,0,0,0,0,0,0,0,0,0,0,0,0,0,100,100,0,0,0,0,-16,1,0,0,20,107,31,4,4,5,17
775,tank4_sherman_89,0,2,1526,0,0,1,0,0,0,12150,0,100,100,0,0,100,0,0,0,0,0,0,0,0,0,0,0,0,0,0,0,0,100,100,0,0,0,0,-16,1,0,0,20,107,31,4,4,5,17
776,tank4_sherman_89,0,2,1527,0,0,1,0,0,0,12150,0,100,100,0,0,100,0,0,0,0,0,0,0,0,0,0,0,0,0,0,0,0,100,100,0,0,0,0,-16,1,0,0,20,107,31,4,4,5,17
777,tank4_sherman_89,0,2,1527,0,0,1,0,0,0,12150,0,100,100,0,0,100,0,0,0,0,0,0,0,0,0,0,0,0,0,0,0,0,100,100,0,0,0,0,-16,1,0,0,20,107,31,4,4,5,17
778,tank4_sherman_89,0,2,1528,0,0,1,0,0,0,12150,0,100,100,0,0,100,0,0,0,0,0,0,0,0,0,0,0,0,0,0,0,0,100,100,0,0,0,0,-16,1,0,0,20,107,31,4,4,5,17
779,tank4_sherman_89,0,2,1528,0,0,1,0,0,0,12150,0,100,100,0,0,100,0,0,0,0,0,0,0,0,0,0,0,0,0,0,0,0,100,100,0,0,0,0,-16,1,0,0,20,107,31,4,4,5,17
780,tank4_sherman_89,0,2,1529,0,0,1,0,0,0,12150,0,100,100,0,0,100,0,0,0,0,0,0,0,0,0,0,0,0,0,0,0,0,100,100,0,0,0,0,-16,1,0,0,20,107,31,4,4,5,17
781,tank4_sherman_89,0,2,1529,0,0,1,0,0,0,12150,0,100,100,0,0,100,0,0,0,0,0,0,0,0,0,0,0,0,0,0,0,0,100,100,0,0,0,0,-16,1,0,0,20,107,31,4,4,5,17
782,tank4_sherman_89,0,2,1530,0,0,1,0,0,0,12150,0,100,100,0,0,100,0,0,0,0,0,0,0,0,0,0,0,0,0,0,0,0,100,100,0,0,0,0,-16,1,0,0,20,107,31,4,4,5,17
783,tank4_sherman_89,0,2,1530,0,0,1,0,0,0,12150,0,100,100,0,0,100,0,0,0,0,0,0,0,0,0,0,0,0,0,0,0,0,100,100,0,0,0,0,-16,1,0,0,20,107,31,4,4,5,17
784,tank4_sherman_89,0,2,1531,0,0,1,0,0,0,12150,0,100,100,0,0,100,0,0,0,0,0,0,0,0,0,0,0,0,0,0,0,0,100,100,0,0,0,0,-16,1,0,0,20,107,31,4,4,5,17
785,tank4_sherman_89,0,2,1531,0,0,1,0,0,0,12150,0,100,100,0,0,100,0,0,0,0,0,0,0,0,0,0,0,0,0,0,0,0,100,100,0,0,0,0,-16,1,0,0,20,107,31,4,4,5,17
786,tank4_sherman_89,0,2,1531,0,0,1,0,0,0,12150,0,100,100,0,0,100,0,0,0,0,0,0,0,0,0,0,0,0,0,0,0,0,100,100,0,0,0,0,-16,1,0,0,20,107,31,4,4,5,17
787,tank4_sherman_89,0,2,1532,0,0,1,0,0,0,12150,0,100,100,0,0,100,0,0,0,0,0,0,0,0,0,0,0,0,0,0,0,0,100,100,0,0,0,0,-16,1,0,0,20,107,31,4,4,5,17
788,tank4_sherman_89,0,2,1532,0,0,1,0,0,0,12150,0,100,100,0,0,100,0,0,0,0,0,0,0,0,0,0,0,0,0,0,0,0,100,100,0,0,0,0,-16,1,0,0,20,107,31,4,4,5,17
789,tank4_sherman_89,0,2,1533,0,0,1,0,0,0,12150,0,100,100,0,0,100,0,0,0,0,0,0,0,0,0,0,0,0,0,0,0,0,100,100,0,0,0,0,-16,1,0,0,20,107,31,4,4,5,17
790,tank4_sherman_89,0,2,1533,0,0,1,0,0,0,12150,0,100,100,0,0,100,0,0,0,0,0,0,0,0,0,0,0,0,0,0,0,0,100,100,0,0,0,0,-16,1,0,0,20,107,31,4,4,0,17
791,tank4_sherman_89,0,2,1534,0,0,1,0,0,0,12150,0,100,100,0,0,100,0,0,0,0,0,0,0,0,0,0,0,0,0,0,0,0,100,100,0,0,0,0,-16,1,0,0,20,107,31,4,4,0,17
792,tank4_sherman_89,0,2,1534,0,0,1,0,0,0,12150,0,100,100,0,0,100,0,0,0,0,0,0,0,0,0,0,0,0,0,0,0,0,100,100,0,0,0,0,-16,1,0,0,20,107,31,4,4,0,17
793,tank4_sherman_89,0,2,1535,0,0,1,0,0,0,12150,0,100,100,0,0,100,0,0,0,0,0,0,0,0,0,0,0,0,0,0,0,0,100,100,0,0,0,0,-16,1,0,0,20,107,31,4,4,0,17
794,tank4_sherman_89,0,2,1535,0,0,1,0,0,0,12150,0,100,100,0,0,100,0,0,0,0,0,0,0,0,0,0,0,0,0,0,0,0,100,100,0,0,0,0,-16,1,0,0,20,107,31,4,4,0,17
795,tank4_sherman_89,0,2,1536,0,0,1,0,0,0,12150,0,100,100,0,0,100,0,0,0,0,0,0,0,0,0,0,0,0,0,0,0,0,100,100,0,0,0,0,-16,1,0,0,20,107,31,4,4,0,17
796,tank4_sherman_89,0,2,1536,0,0,1,0,0,0,12150,0,100,100,0,0,100,0,0,0,0,0,0,0,0,0,0,0,0,0,0,0,0,100,100,0,0,0,0,-16,1,0,0,20,107,31,4,4,0,17
797,tank4_sherman_89,0,2,1536,0,0,1,0,0,0,12150,0,100,100,0,0,100,0,0,0,0,0,0,0,0,0,0,0,0,0,0,0,0,100,100,0,0,0,0,-16,1,0,0,20,107,31,4,4,0,17
798,tank4_sherman_89,0,2,1537,0,0,1,0,0,0,12150,0,100,100,0,0,100,0,0,0,0,0,0,0,0,0,0,0,0,0,0,0,0,100,100,0,0,0,0,-16,1,0,0,20,107,31,4,4,0,17
799,tank4_sherman_89,0,2,1537,0,0,1,0,0,0,12150,0,100,100,0,0,100,0,0,0,0,0,0,0,0,0,0,0,0,0,0,0,0,100,100,0,0,0,0,-16,1,0,0,20,107,31,4,4,0,17
800,tank4_sherman_89,0,2,1538,0,0,1,0,0,0,12150,0,100,100,0,0,100,0,0,0,0,0,0,0,0,0,0,0,0,0,0,0,0,100,100,0,0,0,0,-16,1,0,0,20,107,31,4,4,0,17
801,tank4_sherman_89,0,2,1538,0,0,1,0,0,0,12150,0,100,100,0,0,100,0,0,0,0,0,0,0,0,0,0,0,0,0,0,0,0,100,100,0,0,0,0,-16,1,0,0,20,107,31,4,4,0,17
802,tank4_sherman_89,0,2,1539,0,0,1,0,0,0,12150,0,100,100,0,0,100,0,0,0,0,0,0,0,0,0,0,0,0,0,0,0,0,100,100,0,0,0,0,-16,1,0,0,20,107,31,4,4,0,17
803,tank4_sherman_89,0,2,1539,0,0,1,0,0,0,12150,0,100,100,0,0,100,0,0,0,0,0,0,0,0,0,0,0,0,0,0,0,0,100,100,0,0,0,0,-16,1,0,0,20,107,31,4,4,0,17
804,tank4_sherman_89,0,2,1540,0,0,1,0,0,0,12150,0,100,100,0,0,100,0,0,0,0,0,0,0,0,0,0,0,0,0,0,0,0,100,100,0,0,0,0,-16,1,0,0,20,107,31,4,4,0,17
805,tank4_sherman_89,0,2,1540,0,0,1,0,0,0,12150,0,100,100,0,0,100,0,0,0,0,0,0,0,0,0,0,0,0,0,0,0,0,100,100,0,0,0,0,-16,1,0,0,20,107,31,4,4,0,17
806,tank4_sherman_89,0,2,1540,0,0,1,0,0,0,12150,0,100,100,0,0,100,0,0,0,0,0,0,0,0,0,0,0,0,0,0,0,0,100,100,0,0,0,0,-16,1,0,0,20,107,31,4,4,0,17
807,tank4_sherman_89,0,2,1541,0,0,1,0,0,0,12150,0,100,100,0,0,100,0,0,0,0,0,0,0,0,0,0,0,0,0,0,0,0,100,100,0,0,0,0,-16,1,0,0,20,107,31,4,4,0,17
808,tank4_sherman_89,0,2,1541,0,0,1,0,0,0,12150,0,100,100,0,0,100,0,0,0,0,0,0,0,0,0,0,0,0,0,0,0,0,100,100,0,0,0,0,-16,1,0,0,20,107,31,4,4,0,17
809,tank4_sherman_89,0,2,1542,0,0,1,0,0,0,12150,0,100,100,0,0,100,0,0,0,0,0,0,0,0,0,0,0,0,0,0,0,0,100,100,0,0,0,0,-16,1,0,0,20,107,31,4,4,0,17
810,tank4_sherman_89,0,2,1542,0,0,1,0,0,0,12150,0,100,100,0,0,100,0,0,0,0,0,0,0,0,0,0,0,0,0,0,0,0,100,100,0,0,0,0,-16,1,0,0,20,107,31,4,4,0,17
811,tank4_sherman_89,0,2,1543,0,0,1,0,0,0,12150,0,100,100,0,0,100,0,0,0,0,0,0,0,0,0,0,0,0,0,0,0,0,100,100,0,0,0,0,-16,1,0,0,20,107,31,4,4,0,17
812,tank4_sherman_89,0,2,1543,0,0,1,0,0,0,12150,0,100,100,0,0,100,0,0,0,0,0,0,0,0,0,0,0,0,0,0,0,0,100,100,0,0,0,0,-16,1,0,0,20,107,31,4,4,0,17
813,tank4_sherman_89,0,2,1544,0,0,1,0,0,0,12150,0,100,100,0,0,100,0,0,0,0,0,0,0,0,0,0,0,0,0,0,0,0,100,100,0,0,0,0,-16,1,0,0,20,107,31,4,4,0,17
814,tank4_sherman_89,0,2,1544,0,0,1,0,0,0,12150,0,100,100,0,0,100,0,0,0,0,0,0,0,0,0,0,0,0,0,0,0,0,100,100,0,0,0,0,-16,1,0,0,20,107,31,4,4,0,17
815,tank4_sherman_89,0,2,1545,0,0,1,0,0,0,12150,0,100,100,0,0,100,0,0,0,0,0,0,0,0,0,0,0,0,0,0,0,0,100,100,0,0,0,0,-16,1,0,0,20,107,31,4,4,0,17
816,tank4_sherman_89,0,2,1545,0,0,1,0,0,0,12150,0,100,100,0,0,100,0,0,0,0,0,0,0,0,0,0,0,0,0,0,0,0,100,100,0,0,0,0,-16,1,0,0,20,107,31,4,4,0,17
817,tank4_sherman_89,0,2,1545,0,0,1,0,0,0,12150,0,100,100,0,0,100,0,0,0,0,0,0,0,0,0,0,0,0,0,0,0,0,100,100,0,0,0,0,-16,1,0,0,20,107,31,4,4,0,17
818,tank4_sherman_89,0,2,1546,0,0,1,0,0,0,12150,0,100,100,0,0,100,0,0,0,0,0,0,0,0,0,0,0,0,0,0,0,0,100,100,0,0,0,0,-16,1,0,0,20,107,31,4,4,0,17
819,tank4_sherman_89,0,2,1546,0,0,1,0,0,0,12150,0,100,100,0,0,100,0,0,0,0,0,0,0,0,0,0,0,0,0,0,0,0,100,100,0,0,0,0,-16,1,0,0,20,107,31,4,4,0,17
820,tank4_sherman_89,0,2,1547,0,0,1,0,0,0,12150,0,100,100,0,0,100,0,0,0,0,0,0,0,0,0,0,0,0,0,0,0,0,100,100,0,0,0,0,-16,1,0,0,20,107,31,4,4,0,17
821,tank4_sherman_89,0,2,1547,0,0,1,0,0,0,12150,0,100,100,0,0,100,0,0,0,0,0,0,0,0,0,0,0,0,0,0,0,0,100,100,0,0,0,0,-16,1,0,0,20,107,31,4,4,0,17
822,tank4_sherman_89,0,2,1548,0,0,1,0,0,0,12150,0,100,100,0,0,100,0,0,0,0,0,0,0,0,0,0,0,0,0,0,0,0,100,100,0,0,0,0,-16,1,0,0,20,107,31,4,4,0,17
823,tank4_sherman_89,0,2,1548,0,0,1,0,0,0,12150,0,100,100,0,0,100,0,0,0,0,0,0,0,0,0,0,0,0,0,0,0,0,100,100,0,0,0,0,-16,1,0,0,20,107,31,4,4,0,17
824,tank4_sherman_89,0,2,1549,0,0,1,0,0,0,12150,0,100,100,0,0,100,0,0,0,0,0,0,0,0,0,0,0,0,0,0,0,0,100,100,0,0,0,0,-16,1,0,0,20,107,31,4,4,0,17
825,tank4_sherman_89,0,2,1549,0,0,1,0,0,0,12150,0,100,100,0,0,100,0,0,0,0,0,0,0,0,0,0,0,0,0,0,0,0,100,100,0,0,0,0,-16,1,0,0,20,107,31,4,4,0,17
826,tank4_sherman_89,0,2,1550,0,0,1,0,0,0,12150,0,100,100,0,0,100,0,0,0,0,0,0,0,0,0,0,0,0,0,0,0,0,100,100,0,0,0,0,-16,1,0,0,20,107,31,4,4,0,17
827,tank4_sherman_89,0,2,1550,0,0,1,0,0,0,12150,0,100,100,0,0,100,0,0,0,0,0,0,0,0,0,0,0,0,0,0,0,0,100,100,0,0,0,0,-16,1,0,0,20,107,31,4,4,0,17
828,tank4_sherman_89,0,2,1550,0,0,1,0,0,0,12150,0,100,100,0,0,100,0,0,0,0,0,0,0,0,0,0,0,0,0,0,0,0,100,100,0,0,0,0,-16,1,0,0,20,107,31,4,4,0,17
829,tank4_sherman_89,0,2,1551,0,0,1,0,0,0,12150,0,100,100,0,0,100,0,0,0,0,0,0,0,0,0,0,0,0,0,0,0,0,100,100,0,0,0,0,-16,1,0,0,20,107,31,4,4,0,17
830,tank4_sherman_89,0,2,1551,0,0,1,0,0,0,12150,0,100,100,0,0,100,0,0,0,0,0,0,0,0,0,0,0,0,0,0,0,0,100,100,0,0,0,0,-16,1,0,0,20,107,31,4,4,0,17
831,tank4_sherman_89,0,2,1552,0,0,1,0,0,0,12150,0,100,100,0,0,100,0,0,0,0,0,0,0,0,0,0,0,0,0,0,0,0,100,100,0,0,0,0,-16,1,0,0,20,107,31,4,4,0,17
832,tank4_sherman_89,0,2,1552,0,0,1,0,0,0,12150,0,100,100,0,0,100,0,0,0,0,0,0,0,0,0,0,0,0,0,0,0,0,100,100,0,0,0,0,-16,1,0,0,20,107,31,4,4,0,17
833,tank4_sherman_89,0,2,1553,0,0,1,0,0,0,12150,0,100,100,0,0,100,0,0,0,0,0,0,0,0,0,0,0,0,0,0,0,0,100,100,0,0,0,0,-16,1,0,0,20,107,31,4,4,0,17
834,tank4_sherman_89,0,2,1553,0,0,1,0,0,0,12150,0,100,100,0,0,100,0,0,0,0,0,0,0,0,0,0,0,0,0,0,0,0,100,100,0,0,0,0,-16,1,0,0,20,107,31,4,4,0,17
835,tank4_sherman_89,0,2,1554,0,0,1,0,0,0,12150,0,100,100,0,0,100,0,0,0,0,0,0,0,0,0,0,0,0,0,0,0,0,100,100,0,0,0,0,-16,1,0,0,20,107,31,4,4,0,17
836,tank4_sherman_89,0,2,1554,0,0,1,0,0,0,12150,0,100,100,0,0,100,0,0,0,0,0,0,0,0,0,0,0,0,0,0,0,0,100,100,0,0,0,0,-16,1,0,0,20,107,31,4,4,0,17
837,tank4_sherman_89,0,2,1555,0,0,1,0,0,0,12150,0,100,100,0,0,100,0,0,0,0,0,0,0,0,0,0,0,0,0,0,0,0,100,100,0,0,0,0,-16,1,0,0,20,107,31,4,4,0,17
838,tank4_sherman_89,0,2,1555,0,0,1,0,0,0,12150,0,100,100,0,0,100,0,0,0,0,0,0,0,0,0,0,0,0,0,0,0,0,100,100,0,0,0,0,-16,1,0,0,20,107,31,4,4,0,17
839,tank4_sherman_89,0,2,1555,0,0,1,0,0,0,12150,0,100,100,0,0,100,0,0,0,0,0,0,0,0,0,0,0,0,0,0,0,0,100,100,0,0,0,0,-16,1,0,0,20,107,31,4,4,0,17
840,tank4_sherman_89,0,2,1556,0,0,1,0,0,0,12150,0,100,100,0,0,100,0,0,0,0,0,0,0,0,0,0,0,0,0,0,0,0,100,100,0,0,0,0,-16,1,0,0,20,107,31,4,4,0,17
841,tank4_sherman_89,0,2,1556,0,0,1,0,0,0,12150,0,100,100,0,0,100,0,0,0,0,0,0,0,0,0,0,0,0,0,0,0,0,100,100,0,0,0,0,-16,1,0,0,20,107,31,4,4,0,17
842,tank4_sherman_89,0,2,1557,0,0,1,0,0,0,12150,0,100,100,0,0,100,0,0,0,0,0,0,0,0,0,0,0,0,0,0,0,0,100,100,0,0,0,0,-16,1,0,0,20,107,31,4,4,0,17
843,tank4_sherman_89,0,2,1557,0,0,1,0,0,0,12150,0,100,100,0,0,100,0,0,0,0,0,0,0,0,0,0,0,0,0,0,0,0,100,100,0,0,0,0,-16,1,0,0,20,107,31,4,4,0,17
844,tank4_sherman_89,0,2,1558,0,0,1,0,0,0,12150,0,100,100,0,0,100,0,0,0,0,0,0,0,0,0,0,0,0,0,0,0,0,100,100,0,0,0,0,-16,1,0,0,20,107,31,4,4,0,17
845,tank4_sherman_89,0,2,1558,0,0,1,0,0,0,12150,0,100,100,0,0,100,0,0,0,0,0,0,0,0,0,0,0,0,0,0,0,0,100,100,0,0,0,0,-16,1,0,0,20,107,31,4,4,0,17
846,tank4_sherman_89,0,2,1559,0,0,1,0,0,0,12150,0,100,100,0,0,100,0,0,0,0,0,0,0,0,0,0,0,0,0,0,0,0,100,100,0,0,0,0,-16,1,0,0,20,107,31,4,4,0,17
847,tank4_sherman_89,0,2,1559,0,0,1,0,0,0,12150,0,100,100,0,0,100,0,0,0,0,0,0,0,0,0,0,0,0,0,0,0,0,100,100,0,0,0,0,-16,1,0,0,20,107,31,4,4,0,17
848,tank4_sherman_89,0,2,1560,0,0,1,0,0,0,12150,0,100,100,0,0,100,0,0,0,0,0,0,0,0,0,0,0,0,0,0,0,0,100,100,0,0,0,0,-16,1,0,0,20,107,31,4,4,0,17
849,tank4_sherman_89,0,2,1560,0,0,1,0,0,0,12150,0,100,100,0,0,100,0,0,0,0,0,0,0,0,0,0,0,0,0,0,0,0,100,100,0,0,0,0,-16,1,0,0,20,107,31,4,4,0,17
850,tank4_sherman_89,0,2,1560,0,0,1,0,0,0,12150,0,100,100,0,0,100,0,0,0,0,0,0,0,0,0,0,0,0,0,0,0,0,100,100,0,0,0,0,-16,1,0,0,20,107,31,4,4,0,17
851,tank4_sherman_89,0,2,1561,0,0,1,0,0,0,12150,0,100,100,0,0,100,0,0,0,0,0,0,0,0,0,0,0,0,0,0,0,0,100,100,0,0,0,0,-16,1,0,0,20,107,31,4,4,0,17
852,tank4_sherman_89,0,2,1561,0,0,1,0,0,0,12150,0,100,100,0,0,100,0,0,0,0,0,0,0,0,0,0,0,0,0,0,0,0,100,100,0,0,0,0,-16,1,0,0,20,107,31,4,4,0,17
853,tank4_sherman_89,0,2,1562,0,0,1,0,0,0,12150,0,100,100,0,0,100,0,0,0,0,0,0,0,0,0,0,0,0,0,0,0,0,100,100,0,0,0,0,-16,1,0,0,20,107,31,4,4,0,17
854,tank4_sherman_89,0,2,1562,0,0,1,0,0,0,12150,0,100,100,0,0,100,0,0,0,0,0,0,0,0,0,0,0,0,0,0,0,0,100,100,0,0,0,0,-16,1,0,0,20,107,31,4,4,0,17
855,tank4_sherman_89,0,2,1563,0,0,1,0,0,0,12150,0,100,100,0,0,100,0,0,0,0,0,0,0,0,0,0,0,0,0,0,0,0,100,100,0,0,0,0,-16,1,0,0,20,107,31,4,4,0,17
856,tank4_sherman_89,0,2,1563,0,0,1,0,0,0,12150,0,100,100,0,0,100,0,0,0,0,0,0,0,0,0,0,0,0,0,0,0,0,100,100,0,0,0,0,-16,1,0,0,20,107,31,4,4,0,17
857,tank4_sherman_89,0,2,1564,0,0,1,0,0,0,12150,0,100,100,0,0,100,0,0,0,0,0,0,0,0,0,0,0,0,0,0,0,0,100,100,0,0,0,0,-16,1,0,0,20,107,31,4,4,0,17
858,tank4_sherman_89,0,2,1564,0,0,1,0,0,0,12150,0,100,100,0,0,100,0,0,0,0,0,0,0,0,0,0,0,0,0,0,0,0,100,100,0,0,0,0,-16,1,0,0,20,107,31,4,4,0,17
859,tank4_sherman_89,0,2,1565,0,0,1,0,0,0,12150,0,100,100,0,0,100,0,0,0,0,0,0,0,0,0,0,0,0,0,0,0,0,100,100,0,0,0,0,-16,1,0,0,20,107,31,4,4,0,17
860,tank4_sherman_89,0,2,1565,0,0,1,0,0,0,12150,0,100,100,0,0,100,0,0,0,0,0,0,0,0,0,0,0,0,0,0,0,0,100,100,0,0,0,0,-16,1,0,0,20,107,31,4,4,0,17
861,tank4_sherman_89,0,2,1565,0,0,1,0,0,0,12150,0,100,100,0,0,100,0,0,0,0,0,0,0,0,0,0,0,0,0,0,0,0,100,100,0,0,0,0,-16,1,0,0,20,107,31,4,4,0,17
862,tank4_sherman_89,0,2,1566,0,0,1,0,0,0,12150,0,100,100,0,0,100,0,0,0,0,0,0,0,0,0,0,0,0,0,0,0,0,100,100,0,0,0,0,-16,1,0,0,20,107,31,4,4,0,17
863,tank4_sherman_89,0,2,1566,0,0,1,0,0,0,12150,0,100,100,0,0,100,0,0,0,0,0,0,0,0,0,0,0,0,0,0,0,0,100,100,0,0,0,0,-16,1,0,0,20,107,31,4,4,0,17
864,tank4_sherman_89,0,2,1567,0,0,1,0,0,0,12150,0,100,100,0,0,100,0,0,0,0,0,0,0,0,0,0,0,0,0,0,0,0,100,100,0,0,0,0,-16,1,0,0,20,107,31,4,4,0,17
865,tank4_sherman_89,0,2,1567,0,0,1,0,0,0,12150,0,100,100,0,0,100,0,0,0,0,0,0,0,0,0,0,0,0,0,0,0,0,100,100,0,0,0,0,-16,1,0,0,20,107,31,4,4,0,17
866,tank4_sherman_89,0,2,1568,0,0,1,0,0,0,12150,0,100,100,0,0,100,0,0,0,0,0,0,0,0,0,0,0,0,0,0,0,0,100,100,0,0,0,0,-16,1,0,0,20,107,31,4,4,0,17
867,tank4_sherman_89,0,2,1568,0,0,1,0,0,0,12150,0,100,100,0,0,100,0,0,0,0,0,0,0,0,0,0,0,0,0,0,0,0,100,100,0,0,0,0,-16,1,0,0,20,107,31,4,4,0,17
868,tank4_sherman_89,0,2,1569,0,0,1,0,0,0,12150,0,100,100,0,0,100,0,0,0,0,0,0,0,0,0,0,0,0,0,0,0,0,100,100,0,0,0,0,-16,1,0,0,20,107,31,4,4,0,17
869,tank4_sherman_89,0,2,1569,0,0,1,0,0,0,12150,0,100,100,0,0,100,0,0,0,0,0,0,0,0,0,0,0,0,0,0,0,0,100,100,0,0,0,0,-16,1,0,0,20,107,31,4,4,0,17
870,tank4_sherman_89,0,2,1569,0,0,1,0,0,3,12150,0,100,100,0,0,100,0,0,0,0,0,0,0,0,0,0,0,0,0,0,0,0,100,100,0,0,0,0,-16,1,1,1,20,90,38,4,6,0,31
871,tank4_sherman_89,0,2,1570,0,0,1,0,0,0,12150,0,100,100,0,0,100,0,0,0,0,0,0,0,0,0,0,0,0,0,0,0,0,100,100,0,0,0,0,-16,1,0,0,20,90,38,4,6,0,31
872,tank4_sherman_89,0,2,1570,0,0,1,0,0,0,12150,0,100,100,0,0,100,0,0,0,0,0,0,0,0,0,0,0,0,0,0,0,0,100,100,0,0,0,0,-16,1,0,0,20,90,38,4,6,0,31
873,tank4_sherman_89,0,2,1571,0,0,1,0,0,0,12150,0,100,100,0,0,100,0,0,0,0,0,0,0,0,0,0,0,0,0,0,0,0,100,100,0,0,0,0,-16,1,0,0,20,90,38,4,6,0,31
874,tank4_sherman_89,0,2,1571,0,0,1,0,0,0,12150,0,100,100,0,0,100,0,0,0,0,0,0,0,0,0,0,0,0,0,0,0,0,100,100,0,0,0,0,-16,1,0,0,20,90,38,4,6,0,31
875,tank4_sherman_89,0,2,1572,0,0,1,0,0,0,12150,0,100,100,0,0,100,0,0,0,0,0,0,0,0,0,0,0,0,0,0,0,0,100,100,0,0,0,0,-16,1,0,0,20,90,38,4,6,0,31
876,tank4_sherman_89,0,2,1572,0,0,1,0,0,0,12150,0,100,100,0,0,100,0,0,0,0,0,0,0,0,0,0,0,0,0,0,0,0,100,100,0,0,0,0,-16,1,0,0,20,90,38,4,6,0,31
877,tank4_sherman_89,0,2,1573,0,0,1,0,0,0,12150,0,100,100,0,0,100,0,0,0,0,0,0,0,0,0,0,0,0,0,0,0,0,100,100,0,0,0,0,-16,1,0,0,20,90,38,4,6,0,31
878,tank4_sherman_89,0,2,1573,0,0,1,0,0,0,12150,0,100,100,0,0,100,0,0,0,0,0,0,0,0,0,0,0,0,0,0,0,0,100,100,0,0,0,0,-16,1,0,0,20,90,38,4,6,0,31
879,tank4_sherman_89,0,2,1573,0,0,1,0,0,0,12150,0,100,100,0,0,100,0,0,0,0,0,0,0,0,0,0,0,0,0,0,0,0,100,100,0,0,0,0,-16,1,0,0,20,90,38,4,6,0,31
880,tank4_sherman_89,0,2,1574,0,0,1,0,0,0,12150,0,100,100,0,0,100,0,0,0,0,0,0,0,0,0,0,0,0,0,0,0,0,100,100,0,0,0,0,-16,1,0,0,20,90,38,4,6,0,31
881,tank4_sherman_89,0,2,1574,0,0,1,0,0,0,12150,0,100,100,0,0,100,0,0,0,0,0,0,0,0,0,0,0,0,0,0,0,0,100,100,0,0,0,0,-16,1,0,0,20,90,38,4,6,0,31
882,tank4_sherman_89,0,2,1575,0,0,1,0,0,0,12150,0,100,100,0,0,100,0,0,0,0,0,0,0,0,0,0,0,0,0,0,0,0,100,100,0,0,0,0,-16,1,0,0,20,90,38,4,6,0,31
883,tank4_sherman_89,0,2,1575,0,0,1,0,0,0,12150,0,100,100,0,0,100,0,0,0,0,0,0,0,0,0,0,0,0,0,0,0,0,100,100,0,0,0,0,-16,1,0,0,20,90,38,4,6,0,31
884,tank4_sherman_89,0,2,1576,0,0,1,0,0,0,12150,0,100,100,0,0,100,0,0,0,0,0,0,0,0,0,0,0,0,0,0,0,0,100,100,0,0,0,0,-16,1,0,0,20,90,38,4,6,0,31
885,tank4_sherman_89,0,2,1576,0,0,1,0,0,0,12150,0,100,100,0,0,100,0,0,0,0,0,0,0,0,0,0,0,0,0,0,0,0,100,100,0,0,0,0,-16,1,0,0,20,90,38,4,6,0,31
886,tank4_sherman_89,0,2,1576,0,0,1,0,0,0,12150,0,100,100,0,0,100,0,0,0,0,0,0,0,0,0,0,0,0,0,0,0,0,100,100,0,0,0,0,-16,1,0,0,20,90,38,4,6,0,31
887,tank4_sherman_89,0,2,1577,0,0,1,0,0,0,12150,0,100,100,0,0,100,0,0,0,0,0,0,0,0,0,0,0,0,0,0,0,0,100,100,0,0,0,0,-16,1,0,0,20,90,38,4,6,0,31
888,tank4_sherman_89,0,2,1577,0,0,1,0,0,0,12150,0,100,100,0,0,100,0,0,0,0,0,0,0,0,0,0,0,0,0,0,0,0,100,100,0,0,0,0,-16,1,0,0,20,90,38,4,6,0,31
889,tank4_sherman_89,0,2,1578,0,0,1,0,0,0,12150,0,100,100,0,0,100,0,0,0,0,0,0,0,0,0,0,0,0,0,0,0,0,100,100,0,0,0,0,-16,1,0,0,20,90,38,4,6,0,31
890,tank4_sherman_89,0,2,1578,0,0,1,0,0,0,12150,0,100,100,0,0,100,0,0,0,0,0,0,0,0,0,0,0,0,0,0,0,0,100,100,0,0,0,0,-16,1,0,0,20,90,38,4,6,0,31
891,tank4_sherman_89,0,2,1579,0,0,1,0,0,0,12150,0,100,100,0,0,100,0,0,0,0,0,0,0,0,0,0,0,0,0,0,0,0,100,100,0,0,0,0,-16,1,0,0,20,90,38,4,6,0,31
892,tank4_sherman_89,0,2,1579,0,0,1,0,0,0,12150,0,100,100,0,0,100,0,0,0,0,0,0,0,0,0,0,0,0,0,0,0,0,100,100,0,0,0,0,-16,1,0,0,20,90,38,4,6,0,31
893,tank4_sherman_89,0,2,1580,0,0,1,0,0,0,12150,0,100,100,0,0,100,0,0,0,0,0,0,0,0,0,0,0,0,0,0,0,0,100,100,0,0,0,0,-16,1,0,0,20,90,38,4,6,0,31
894,tank4_sherman_89,0,2,1580,0,0,1,0,0,0,12150,0,100,100,0,0,100,0,0,0,0,0,0,0,0,0,0,0,0,0,0,0,0,100,100,0,0,0,0,-16,1,0,0,20,90,38,4,6,0,31
895,tank4_sherman_89,0,2,1580,0,0,1,0,0,0,12150,0,100,100,0,0,100,0,0,0,0,0,0,0,0,0,0,0,0,0,0,0,0,100,100,0,0,0,0,-16,1,0,0,20,90,38,4,6,0,31
896,tank4_sherman_89,0,2,1581,0,0,1,0,0,0,12150,0,100,100,0,0,100,0,0,0,0,0,0,0,0,0,0,0,0,0,0,0,0,100,100,0,0,0,0,-16,1,0,0,20,90,38,4,6,0,31
897,tank4_sherman_89,0,2,1581,0,0,1,0,0,0,12150,0,100,100,0,0,100,0,0,0,0,0,0,0,0,0,0,0,0,0,0,0,0,100,100,0,0,0,0,-16,1,0,0,20,90,38,4,6,0,31
898,tank4_sherman_89,0,2,1582,0,0,1,0,0,0,12150,0,100,100,0,0,100,0,0,0,0,0,0,0,0,0,0,0,0,0,0,0,0,100,100,0,0,0,0,-16,1,0,0,20,90,38,4,6,0,31
899,tank4_sherman_89,0,2,1582,0,0,1,0,0,0,12150,0,100,100,0,0,100,0,0,0,0,0,0,0,0,0,0,0,0,0,0,0,0,100,100,0,0,0,0,-16,1,0,0,20,90,38,4,6,0,31
