tick,name,pos_x,pos_y,pos_z,vel_x,vel_y,vel_z,yaw,grounded,fx_count,kudos,combo,nitro,riskboost,takedowns,skill_driver,crashbreaker,airspeed,air_lift,rotor_rpm,rotor_lift,fuel,cannon,missiles,lock,cargo,av_lock,threat,engine_dead,ctrl_loss,mission_score,medal,wing_score,shield,laser,heat,tank_left,tank_right,turret_yaw,turret_elev,tank_ammo,tank_fired,tank_pen,tank_effective,tank_spall,crew_shock,crew_alive,module_last,platoon_order,platoon_score
0,tank4_destroyer_89,0,2,0,0,0,0,0,0,0,0,0,50,0,0,0,0,0,0,0,0,0,0,0,0,0,0,0,0,0,0,0,0,100,100,0,0,0,0,0,0,0,0,0,0,0,4,-1,0,0
1,tank4_destroyer_89,0,2,0,0,0,0,0,0,0,0,0,50,0,0,0,0,0,0,0,0,0,0,0,0,0,0,0,0,0,0,0,0,100,100,0,0,0,0,0,0,0,0,0,0,0,4,-1,0,0
2,tank4_destroyer_89,0,2,0,0,0,0,0,0,0,0,0,50,0,0,0,0,0,0,0,0,0,0,0,0,0,0,0,0,0,0,0,0,100,100,0,0,0,0,0,0,0,0,0,0,0,4,-1,0,0
3,tank4_destroyer_89,0,2,0,0,0,1,0,0,0,0,0,50,0,0,0,0,0,0,0,0,0,0,0,0,0,0,0,0,0,0,0,0,100,100,0,0,0,0,0,0,0,0,0,0,0,4,-1,0,0
4,tank4_destroyer_89,0,2,1,0,0,1,0,0,0,0,0,50,0,0,0,0,0,0,0,0,0,0,0,0,0,0,0,0,0,0,0,0,100,100,0,0,0,0,0,0,0,0,0,0,0,4,-1,0,0
5,tank4_destroyer_89,0,2,1,0,0,1,0,0,0,0,0,51,0,0,0,0,0,0,0,0,0,0,0,0,0,0,0,0,0,0,0,0,100,100,0,0,0,0,0,0,0,0,0,0,0,4,-1,0,0
6,tank4_destroyer_89,0,2,2,0,0,2,0,0,0,0,0,51,0,0,0,0,0,0,0,0,0,0,0,0,0,0,0,0,0,0,0,0,100,100,0,0,0,0,0,0,0,0,0,0,0,4,-1,0,0
7,tank4_destroyer_89,0,2,2,0,0,2,0,0,0,0,0,51,0,0,0,0,0,0,0,0,0,0,0,0,0,0,0,0,0,0,0,0,100,100,0,0,0,0,0,0,0,0,0,0,0,4,-1,0,0
8,tank4_destroyer_89,0,2,3,0,0,2,0,0,0,0,0,51,0,0,0,0,0,0,0,0,0,0,0,0,0,0,0,0,0,0,0,0,100,100,0,0,0,0,0,0,0,0,0,0,0,4,-1,0,0
9,tank4_destroyer_89,0,2,4,0,0,2,0,0,0,0,0,51,0,0,0,0,0,0,0,0,0,0,0,0,0,0,0,0,0,0,0,0,100,100,0,0,0,0,0,0,0,0,0,0,0,4,-1,0,0
10,tank4_destroyer_89,0,2,5,0,0,2,0,0,0,0,0,52,0,0,0,0,0,0,0,0,0,0,0,0,0,0,0,0,0,0,0,0,100,100,0,0,0,0,0,0,0,0,0,0,0,4,-1,0,0
11,tank4_destroyer_89,0,2,6,0,0,3,0,0,0,0,0,52,0,0,0,0,0,0,0,0,0,0,0,0,0,0,0,0,0,0,0,0,100,100,0,0,0,0,0,0,0,0,0,0,0,4,-1,0,0
12,tank4_destroyer_89,0,2,6,0,0,3,0,0,0,0,0,52,0,0,0,0,0,0,0,0,0,0,0,0,0,0,0,0,0,0,0,0,100,100,0,0,0,0,0,0,0,0,0,0,0,4,-1,0,0
13,tank4_destroyer_89,0,2,7,0,0,3,0,0,0,0,0,52,0,0,0,0,0,0,0,0,0,0,0,0,0,0,0,0,0,0,0,0,100,100,0,0,0,0,0,0,0,0,0,0,0,4,-1,0,0
14,tank4_destroyer_89,0,2,8,0,0,3,0,0,0,0,0,52,0,0,0,0,0,0,0,0,0,0,0,0,0,0,0,0,0,0,0,0,100,100,0,0,0,0,0,0,0,0,0,0,0,4,-1,0,0
15,tank4_destroyer_89,0,2,9,0,0,3,0,0,0,0,0,53,0,0,0,0,0,0,0,0,0,0,0,0,0,0,0,0,0,0,0,0,100,100,0,0,0,0,0,0,0,0,0,0,0,4,-1,0,0
16,tank4_destroyer_89,0,2,10,0,0,3,0,0,0,0,0,53,0,0,0,0,0,0,0,0,0,0,0,0,0,0,0,0,0,0,0,0,100,100,0,0,0,0,0,0,0,0,0,0,0,4,-1,0,0
17,tank4_destroyer_89,0,2,11,0,0,4,0,0,0,0,0,53,0,0,0,0,0,0,0,0,0,0,0,0,0,0,0,0,0,0,0,0,100,100,0,0,0,0,0,0,0,0,0,0,0,4,-1,0,0
18,tank4_destroyer_89,0,2,13,0,0,4,0,0,0,0,0,53,0,0,0,0,0,0,0,0,0,0,0,0,0,0,0,0,0,0,0,0,100,100,0,0,0,0,0,0,0,0,0,0,0,4,-1,0,0
19,tank4_destroyer_89,0,2,14,0,0,4,0,0,0,0,0,53,0,0,0,0,0,0,0,0,0,0,0,0,0,0,0,0,0,0,0,0,100,100,0,0,0,0,0,0,0,0,0,0,0,4,-1,0,0
20,tank4_destroyer_89,0,2,15,0,0,4,0,0,0,0,0,53,0,0,0,0,0,0,0,0,0,0,0,0,0,0,0,0,0,0,0,0,100,100,0,0,0,0,0,1,0,0,0,0,0,4,-1,0,0
21,tank4_destroyer_89,0,2,16,0,0,4,0,0,0,0,0,54,0,0,0,0,0,0,0,0,0,0,0,0,0,0,0,0,0,0,0,0,100,100,0,0,0,0,0,1,0,0,0,0,0,4,-1,0,0
22,tank4_destroyer_89,0,2,17,0,0,4,0,0,0,0,0,54,0,0,0,0,0,0,0,0,0,0,0,0,0,0,0,0,0,0,0,0,100,100,0,0,0,0,0,1,0,0,0,0,0,4,-1,0,0
23,tank4_destroyer_89,0,2,18,0,0,4,0,0,0,0,0,54,0,0,0,0,0,0,0,0,0,0,0,0,0,0,0,0,0,0,0,0,100,100,0,0,0,0,0,1,0,0,0,0,0,4,-1,0,0
24,tank4_destroyer_89,0,2,20,0,0,4,0,0,0,0,0,54,0,0,0,0,0,0,0,0,0,0,0,0,0,0,0,0,0,0,0,0,100,100,0,0,0,0,0,1,0,0,0,0,0,4,-1,0,0
25,tank4_destroyer_89,0,2,21,0,0,4,0,0,0,0,0,54,0,0,0,0,0,0,0,0,0,0,0,0,0,0,0,0,0,0,0,0,100,100,0,0,0,0,0,1,0,0,0,0,0,4,-1,0,0
26,tank4_destroyer_89,0,2,22,0,0,4,0,0,0,0,0,55,0,0,0,0,0,0,0,0,0,0,0,0,0,0,0,0,0,0,0,0,100,100,0,0,0,0,0,1,0,0,0,0,0,4,-1,0,0
27,tank4_destroyer_89,0,2,24,0,0,4,0,0,0,0,0,55,0,0,0,0,0,0,0,0,0,0,0,0,0,0,0,0,0,0,0,0,100,100,0,0,0,0,0,1,0,0,0,0,0,4,-1,0,0
28,tank4_destroyer_89,0,2,25,0,0,4,0,0,0,0,0,55,0,0,0,0,0,0,0,0,0,0,0,0,0,0,0,0,0,0,0,0,100,100,0,0,0,0,0,1,0,0,0,0,0,4,-1,0,0
29,tank4_destroyer_89,0,2,26,0,0,5,0,0,0,0,0,55,0,0,0,0,0,0,0,0,0,0,0,0,0,0,0,0,0,0,0,0,100,100,0,0,0,0,0,1,0,0,0,0,0,4,-1,0,0
30,tank4_destroyer_89,0,2,28,0,0,5,0,0,0,0,0,55,0,0,0,0,0,0,0,0,0,0,0,0,0,0,0,0,0,0,0,0,100,100,0,0,0,0,0,1,0,0,0,0,0,4,-1,0,0
31,tank4_destroyer_89,0,2,29,0,0,5,0,0,0,0,0,56,0,0,0,0,0,0,0,0,0,0,0,0,0,0,0,0,0,0,0,0,100,100,0,0,0,0,0,1,0,0,0,0,0,4,-1,0,0
32,tank4_destroyer_89,0,2,30,0,0,5,0,0,0,0,0,56,0,0,0,0,0,0,0,0,0,0,0,0,0,0,0,0,0,0,0,0,100,100,0,0,0,0,0,1,0,0,0,0,0,4,-1,0,0
33,tank4_destroyer_89,0,2,32,0,0,5,0,0,0,0,0,56,0,0,0,0,0,0,0,0,0,0,0,0,0,0,0,0,0,0,0,0,100,100,0,0,0,0,0,1,0,0,0,0,0,4,-1,0,0
34,tank4_destroyer_89,0,2,33,0,0,5,0,0,0,0,0,56,0,0,0,0,0,0,0,0,0,0,0,0,0,0,0,0,0,0,0,0,100,100,0,0,0,0,0,1,0,0,0,0,0,4,-1,0,0
35,tank4_destroyer_89,0,2,35,0,0,5,0,0,0,0,0,56,0,0,0,0,0,0,0,0,0,0,0,0,0,0,0,0,0,0,0,0,100,100,0,0,0,0,0,1,0,0,0,0,0,4,-1,0,0
36,tank4_destroyer_89,0,2,36,0,0,5,0,0,0,0,0,56,0,0,0,0,0,0,0,0,0,0,0,0,0,0,0,0,0,0,0,0,100,100,0,0,0,0,0,1,0,0,0,0,0,4,-1,0,0
37,tank4_destroyer_89,0,2,37,0,0,5,0,0,0,0,0,57,0,0,0,0,0,0,0,0,0,0,0,0,0,0,0,0,0,0,0,0,100,100,0,0,0,0,0,1,0,0,0,0,0,4,-1,0,0
38,tank4_destroyer_89,0,2,39,0,0,5,0,0,0,0,0,57,0,0,0,0,0,0,0,0,0,0,0,0,0,0,0,0,0,0,0,0,100,100,0,0,0,0,0,1,0,0,0,0,0,4,-1,0,0
39,tank4_destroyer_89,0,2,40,0,0,5,0,0,0,0,0,57,0,0,0,0,0,0,0,0,0,0,0,0,0,0,0,0,0,0,0,0,100,100,0,0,0,0,0,1,0,0,0,0,0,4,-1,0,0
40,tank4_destroyer_89,0,2,42,0,0,5,0,0,0,0,0,57,0,0,0,0,0,0,0,0,0,0,0,0,0,0,0,0,0,0,0,0,100,100,0,0,0,0,0,1,0,0,0,0,0,4,-1,1,0
41,tank4_destroyer_89,0,2,43,0,0,5,0,0,0,0,0,57,0,0,0,0,0,0,0,0,0,0,0,0,0,0,0,0,0,0,0,0,100,100,0,0,0,0,0,1,0,0,0,0,0,4,-1,1,0
42,tank4_destroyer_89,0,2,45,0,0,5,0,0,0,0,0,58,0,0,0,0,0,0,0,0,0,0,0,0,0,0,0,0,0,0,0,0,100,100,0,0,0,0,0,1,0,0,0,0,0,4,-1,1,0
43,tank4_destroyer_89,0,2,46,0,0,5,0,0,0,0,0,58,0,0,0,0,0,0,0,0,0,0,0,0,0,0,0,0,0,0,0,0,100,100,0,0,0,0,0,1,0,0,0,0,0,4,-1,1,0
44,tank4_destroyer_89,0,2,48,0,0,5,0,0,0,0,0,58,0,0,0,0,0,0,0,0,0,0,0,0,0,0,0,0,0,0,0,0,100,100,0,0,0,0,0,1,0,0,0,0,0,4,-1,1,0
45,tank4_destroyer_89,0,2,49,0,0,5,0,0,0,0,0,58,0,0,0,0,0,0,0,0,0,0,0,0,0,0,0,0,0,0,0,0,100,100,0,0,0,0,0,1,0,0,0,0,0,4,-1,1,0
46,tank4_destroyer_89,0,2,51,0,0,5,0,0,0,0,0,58,0,0,0,0,0,0,0,0,0,0,0,0,0,0,0,0,0,0,0,0,100,100,0,0,0,0,0,1,0,0,0,0,0,4,-1,1,0
47,tank4_destroyer_89,0,2,52,0,0,5,0,0,0,0,0,59,0,0,0,0,0,0,0,0,0,0,0,0,0,0,0,0,0,0,0,0,100,100,0,0,0,0,0,1,0,0,0,0,0,4,-1,1,0
48,tank4_destroyer_89,0,2,54,0,0,5,0,0,0,0,0,59,0,0,0,0,0,0,0,0,0,0,0,0,0,0,0,0,0,0,0,0,100,100,0,0,0,0,0,1,0,0,0,0,0,4,-1,1,0
49,tank4_destroyer_89,0,2,55,0,0,5,0,0,0,0,0,59,0,0,0,0,0,0,0,0,0,0,0,0,0,0,0,0,0,0,0,0,100,100,0,0,0,0,0,1,0,0,0,0,0,4,-1,1,0
50,tank4_destroyer_89,0,2,57,0,0,5,0,0,0,0,0,59,0,0,0,0,0,0,0,0,0,0,0,0,0,0,0,0,0,0,0,0,100,100,0,0,0,0,0,1,0,0,0,0,0,4,-1,1,0
51,tank4_destroyer_89,0,2,58,0,0,5,0,0,0,0,0,59,0,0,0,0,0,0,0,0,0,0,0,0,0,0,0,0,0,0,0,0,100,100,0,0,0,0,0,1,0,0,0,0,0,4,-1,1,0
52,tank4_destroyer_89,0,2,60,0,0,5,0,0,0,0,0,59,0,0,0,0,0,0,0,0,0,0,0,0,0,0,0,0,0,0,0,0,100,100,0,0,0,0,0,1,0,0,0,0,0,4,-1,1,0
53,tank4_destroyer_89,0,2,61,0,0,5,0,0,0,0,0,60,0,0,0,0,0,0,0,0,0,0,0,0,0,0,0,0,0,0,0,0,100,100,0,0,0,0,0,1,0,0,0,0,0,4,-1,1,0
54,tank4_destroyer_89,0,2,63,0,0,5,0,0,0,0,0,60,0,0,0,0,0,0,0,0,0,0,0,0,0,0,0,0,0,0,0,0,100,100,0,0,0,0,0,1,0,0,0,0,0,4,-1,1,0
55,tank4_destroyer_89,0,2,64,0,0,5,0,0,0,0,0,60,0,0,0,0,0,0,0,0,0,0,0,0,0,0,0,0,0,0,0,0,100,100,0,0,0,0,0,1,0,0,0,0,0,4,-1,1,0
56,tank4_destroyer_89,0,2,66,0,0,5,0,0,0,0,0,60,0,0,0,0,0,0,0,0,0,0,0,0,0,0,0,0,0,0,0,0,100,100,0,0,0,0,0,1,0,0,0,0,0,4,-1,1,0
57,tank4_destroyer_89,0,2,67,0,0,5,0,0,0,0,0,60,0,0,0,0,0,0,0,0,0,0,0,0,0,0,0,0,0,0,0,0,100,100,0,0,0,0,0,1,0,0,0,0,0,4,-1,1,0
58,tank4_destroyer_89,0,2,69,0,0,5,0,0,0,0,0,61,0,0,0,0,0,0,0,0,0,0,0,0,0,0,0,0,0,0,0,0,100,100,0,0,0,0,0,1,0,0,0,0,0,4,-1,1,0
59,tank4_destroyer_89,0,2,70,0,0,5,0,0,0,0,0,61,0,0,0,0,0,0,0,0,0,0,0,0,0,0,0,0,0,0,0,0,100,100,0,0,0,0,0,1,0,0,0,0,0,4,-1,1,0
60,tank4_destroyer_89,0,2,72,0,0,5,0,0,0,0,0,61,0,0,0,0,0,0,0,0,0,0,0,0,0,0,0,0,0,0,0,0,100,100,0,0,0,0,0,1,0,0,0,0,0,4,-1,1,0
61,tank4_destroyer_89,0,2,74,0,0,5,0,0,0,0,0,61,0,0,0,0,0,0,0,0,0,0,0,0,0,0,0,0,0,0,0,0,100,100,0,0,0,0,0,1,0,0,0,0,0,4,-1,1,0
62,tank4_destroyer_89,0,2,75,0,0,5,0,0,0,0,0,61,0,0,0,0,0,0,0,0,0,0,0,0,0,0,0,0,0,0,0,0,100,100,0,0,0,0,0,1,0,0,0,0,0,4,-1,1,0
63,tank4_destroyer_89,0,2,77,0,0,5,0,0,0,0,0,62,0,0,0,0,0,0,0,0,0,0,0,0,0,0,0,0,0,0,0,0,100,100,0,0,0,0,0,1,0,0,0,0,0,4,-1,1,0
64,tank4_destroyer_89,0,2,78,0,0,5,0,0,0,0,0,62,0,0,0,0,0,0,0,0,0,0,0,0,0,0,0,0,0,0,0,0,100,100,0,0,0,0,0,1,0,0,0,0,0,4,-1,1,0
65,tank4_destroyer_89,0,2,80,0,0,5,0,0,0,0,0,62,0,0,0,0,0,0,0,0,0,0,0,0,0,0,0,0,0,0,0,0,100,100,0,0,0,0,0,1,0,0,0,0,0,4,-1,1,0
66,tank4_destroyer_89,0,2,81,0,0,5,0,0,0,0,0,62,0,0,0,0,0,0,0,0,0,0,0,0,0,0,0,0,0,0,0,0,100,100,0,0,0,0,0,1,0,0,0,0,0,4,-1,1,0
67,tank4_destroyer_89,0,2,83,0,0,5,0,0,0,0,0,62,0,0,0,0,0,0,0,0,0,0,0,0,0,0,0,0,0,0,0,0,100,100,0,0,0,0,0,1,0,0,0,0,0,4,-1,1,0
68,tank4_destroyer_89,0,2,84,0,0,5,0,0,0,0,0,62,0,0,0,0,0,0,0,0,0,0,0,0,0,0,0,0,0,0,0,0,100,100,0,0,0,0,0,1,0,0,0,0,0,4,-1,1,0
69,tank4_destroyer_89,0,2,86,0,0,5,0,0,0,0,0,63,0,0,0,0,0,0,0,0,0,0,0,0,0,0,0,0,0,0,0,0,100,100,0,0,0,0,0,1,0,0,0,0,0,4,-1,1,0
70,tank4_destroyer_89,0,2,87,0,0,5,0,0,2,0,0,63,0,0,0,0,0,0,0,0,0,0,0,0,0,0,0,0,0,0,0,0,100,100,0,0,0,0,0,1,1,0,147,0,0,4,-1,1,1
71,tank4_destroyer_89,0,2,89,0,0,5,0,0,0,0,0,63,0,0,0,0,0,0,0,0,0,0,0,0,0,0,0,0,0,0,0,0,100,100,0,0,0,0,-3,1,0,0,147,0,0,4,-1,1,1
72,tank4_destroyer_89,0,2,91,0,0,5,0,0,0,0,0,63,0,0,0,0,0,0,0,0,0,0,0,0,0,0,0,0,0,0,0,0,100,100,0,0,0,0,-5,1,0,0,147,0,0,4,-1,1,1
73,tank4_destroyer_89,0,2,92,0,0,5,0,0,0,0,0,63,0,0,0,0,0,0,0,0,0,0,0,0,0,0,0,0,0,0,0,0,100,100,0,0,0,0,-6,1,0,0,147,0,0,4,-1,1,1
74,tank4_destroyer_89,0,2,94,0,0,5,0,0,0,0,0,64,0,0,0,0,0,0,0,0,0,0,0,0,0,0,0,0,0,0,0,0,100,100,0,0,0,0,-6,1,0,0,147,0,0,4,-1,1,1
75,tank4_destroyer_89,0,2,95,0,0,5,0,0,0,0,0,64,0,0,0,0,0,0,0,0,0,0,0,0,0,0,0,0,0,0,0,0,100,100,0,0,0,0,-6,1,0,0,147,0,0,4,-1,1,1
76,tank4_destroyer_89,0,2,97,0,0,5,0,0,0,0,0,64,0,0,0,0,0,0,0,0,0,0,0,0,0,0,0,0,0,0,0,0,100,100,0,0,0,0,-6,1,0,0,147,0,0,4,-1,1,1
77,tank4_destroyer_89,0,2,98,0,0,5,0,0,0,0,0,64,0,0,0,0,0,0,0,0,0,0,0,0,0,0,0,0,0,0,0,0,100,100,0,0,0,0,-6,1,0,0,147,0,0,4,-1,1,1
78,tank4_destroyer_89,0,2,100,0,0,5,0,0,0,0,0,64,0,0,0,0,0,0,0,0,0,0,0,0,0,0,0,0,0,0,0,0,100,100,0,0,0,0,-6,1,0,0,147,0,0,4,-1,1,1
79,tank4_destroyer_89,0,2,101,0,0,5,0,0,0,0,0,65,0,0,0,0,0,0,0,0,0,0,0,0,0,0,0,0,0,0,0,0,100,100,0,0,0,0,-6,1,0,0,147,0,0,4,-1,1,1
80,tank4_destroyer_89,0,2,103,0,0,5,0,0,0,0,0,65,0,0,0,0,0,0,0,0,0,0,0,0,0,0,0,0,0,0,0,0,100,100,0,0,0,0,-6,1,0,0,147,0,0,4,-1,1,1
81,tank4_destroyer_89,0,2,104,0,0,5,0,0,0,0,0,65,0,0,0,0,0,0,0,0,0,0,0,0,0,0,0,0,0,0,0,0,100,100,0,0,0,0,-6,1,0,0,147,0,0,4,-1,1,1
82,tank4_destroyer_89,0,2,106,0,0,5,0,0,0,0,0,65,0,0,0,0,0,0,0,0,0,0,0,0,0,0,0,0,0,0,0,0,100,100,0,0,0,0,-6,1,0,0,147,0,0,4,-1,1,1
83,tank4_destroyer_89,0,2,108,0,0,5,0,0,0,0,0,65,0,0,0,0,0,0,0,0,0,0,0,0,0,0,0,0,0,0,0,0,100,100,0,0,0,0,-6,1,0,0,147,0,0,4,-1,1,1
84,tank4_destroyer_89,0,2,109,0,0,5,0,0,0,0,0,65,0,0,0,0,0,0,0,0,0,0,0,0,0,0,0,0,0,0,0,0,100,100,0,0,0,0,-6,1,0,0,147,0,0,4,-1,1,1
85,tank4_destroyer_89,0,2,111,0,0,5,0,0,0,0,0,66,0,0,0,0,0,0,0,0,0,0,0,0,0,0,0,0,0,0,0,0,100,100,0,0,0,0,-6,1,0,0,147,0,0,4,-1,1,1
86,tank4_destroyer_89,0,2,112,0,0,5,0,0,0,0,0,66,0,0,0,0,0,0,0,0,0,0,0,0,0,0,0,0,0,0,0,0,100,100,0,0,0,0,-6,1,0,0,147,0,0,4,-1,1,1
87,tank4_destroyer_89,0,2,114,0,0,5,0,0,0,0,0,66,0,0,0,0,0,0,0,0,0,0,0,0,0,0,0,0,0,0,0,0,100,100,0,0,0,0,-6,1,0,0,147,0,0,4,-1,1,1
88,tank4_destroyer_89,0,2,115,0,0,5,0,0,0,0,0,66,0,0,0,0,0,0,0,0,0,0,0,0,0,0,0,0,0,0,0,0,100,100,0,0,0,0,-6,1,0,0,147,0,0,4,-1,1,1
89,tank4_destroyer_89,0,2,117,0,0,5,0,0,0,0,0,66,0,0,0,0,0,0,0,0,0,0,0,0,0,0,0,0,0,0,0,0,100,100,0,0,0,0,-6,1,0,0,147,0,0,4,-1,1,1
90,tank4_destroyer_89,0,2,118,0,0,5,0,0,0,0,0,67,0,0,0,0,0,0,0,0,0,0,0,0,0,0,0,0,0,0,0,0,100,100,0,0,0,0,-6,1,0,0,147,0,0,4,-1,1,1
91,tank4_destroyer_89,0,2,120,0,0,5,0,0,0,0,0,67,0,0,0,0,0,0,0,0,0,0,0,0,0,0,0,0,0,0,0,0,100,100,0,0,0,0,-6,1,0,0,147,0,0,4,-1,1,1
92,tank4_destroyer_89,0,2,122,0,0,5,0,0,0,0,0,67,0,0,0,0,0,0,0,0,0,0,0,0,0,0,0,0,0,0,0,0,100,100,0,0,0,0,-6,1,0,0,147,0,0,4,-1,1,1
93,tank4_destroyer_89,0,2,123,0,0,5,0,0,0,0,0,67,0,0,0,0,0,0,0,0,0,0,0,0,0,0,0,0,0,0,0,0,100,100,0,0,0,0,-6,1,0,0,147,0,0,4,-1,1,1
94,tank4_destroyer_89,0,2,125,0,0,5,0,0,0,0,0,67,0,0,0,0,0,0,0,0,0,0,0,0,0,0,0,0,0,0,0,0,100,100,0,0,0,0,-6,1,0,0,147,0,0,4,-1,1,1
95,tank4_destroyer_89,0,2,126,0,0,5,0,0,0,0,0,68,0,0,0,0,0,0,0,0,0,0,0,0,0,0,0,0,0,0,0,0,100,100,0,0,0,0,-6,1,0,0,147,0,0,4,-1,1,1
96,tank4_destroyer_89,0,2,128,0,0,5,0,0,0,0,0,68,0,0,0,0,0,0,0,0,0,0,0,0,0,0,0,0,0,0,0,0,100,100,0,0,0,0,-6,1,0,0,147,0,0,4,-1,1,1
97,tank4_destroyer_89,0,2,129,0,0,5,0,0,0,0,0,68,0,0,0,0,0,0,0,0,0,0,0,0,0,0,0,0,0,0,0,0,100,100,0,0,0,0,-6,1,0,0,147,0,0,4,-1,1,1
98,tank4_destroyer_89,0,2,131,0,0,5,0,0,0,0,0,68,0,0,0,0,0,0,0,0,0,0,0,0,0,0,0,0,0,0,0,0,100,100,0,0,0,0,-6,1,0,0,147,0,0,4,-1,1,1
99,tank4_destroyer_89,0,2,133,0,0,5,0,0,0,0,0,68,0,0,0,0,0,0,0,0,0,0,0,0,0,0,0,0,0,0,0,0,100,100,0,0,0,0,-6,1,0,0,147,0,0,4,-1,1,1
100,tank4_destroyer_89,0,2,134,0,0,5,0,0,0,0,0,68,0,0,0,0,0,0,0,0,0,0,0,0,0,0,0,0,0,0,0,0,100,100,0,0,0,0,-6,1,0,0,147,0,0,4,-1,1,1
101,tank4_destroyer_89,0,2,136,0,0,5,0,0,0,0,0,69,0,0,0,0,0,0,0,0,0,0,0,0,0,0,0,0,0,0,0,0,100,100,0,0,0,0,-6,1,0,0,147,0,0,4,-1,1,1
102,tank4_destroyer_89,0,2,137,0,0,5,0,0,0,0,0,69,0,0,0,0,0,0,0,0,0,0,0,0,0,0,0,0,0,0,0,0,100,100,0,0,0,0,-6,1,0,0,147,0,0,4,-1,1,1
103,tank4_destroyer_89,0,2,139,0,0,5,0,0,0,0,0,69,0,0,0,0,0,0,0,0,0,0,0,0,0,0,0,0,0,0,0,0,100,100,0,0,0,0,-6,1,0,0,147,0,0,4,-1,1,1
104,tank4_destroyer_89,0,2,140,0,0,5,0,0,0,0,0,69,0,0,0,0,0,0,0,0,0,0,0,0,0,0,0,0,0,0,0,0,100,100,0,0,0,0,-6,1,0,0,147,0,0,4,-1,1,1
105,tank4_destroyer_89,0,2,142,0,0,5,0,0,0,0,0,69,0,0,0,0,0,0,0,0,0,0,0,0,0,0,0,0,0,0,0,0,100,100,0,0,0,0,-6,1,0,0,147,0,0,4,-1,1,1
106,tank4_destroyer_89,0,2,143,0,0,5,0,0,0,0,0,70,0,0,0,0,0,0,0,0,0,0,0,0,0,0,0,0,0,0,0,0,100,100,0,0,0,0,-6,1,0,0,147,0,0,4,-1,1,1
107,tank4_destroyer_89,0,2,145,0,0,5,0,0,0,0,0,70,0,0,0,0,0,0,0,0,0,0,0,0,0,0,0,0,0,0,0,0,100,100,0,0,0,0,-6,1,0,0,147,0,0,4,-1,1,1
108,tank4_destroyer_89,0,2,147,0,0,5,0,0,0,0,0,70,0,0,0,0,0,0,0,0,0,0,0,0,0,0,0,0,0,0,0,0,100,100,0,0,0,0,-6,1,0,0,147,0,0,4,-1,1,1
109,tank4_destroyer_89,0,2,148,0,0,5,0,0,0,0,0,70,0,0,0,0,0,0,0,0,0,0,0,0,0,0,0,0,0,0,0,0,100,100,0,0,0,0,-6,1,0,0,147,0,0,4,-1,1,1
110,tank4_destroyer_89,0,2,150,0,0,5,0,0,0,0,0,70,0,0,0,0,0,0,0,0,0,0,0,0,0,0,0,0,0,0,0,0,100,100,0,0,0,0,-6,1,0,0,147,0,0,4,-1,1,1
111,tank4_destroyer_89,0,2,151,0,0,5,0,0,0,0,0,71,0,0,0,0,0,0,0,0,0,0,0,0,0,0,0,0,0,0,0,0,100,100,0,0,0,0,-6,1,0,0,147,0,0,4,-1,1,1
112,tank4_destroyer_89,0,2,153,0,0,5,0,0,0,0,0,71,0,0,0,0,0,0,0,0,0,0,0,0,0,0,0,0,0,0,0,0,100,100,0,0,0,0,-6,1,0,0,147,0,0,4,-1,1,1
113,tank4_destroyer_89,0,2,154,0,0,5,0,0,0,0,0,71,0,0,0,0,0,0,0,0,0,0,0,0,0,0,0,0,0,0,0,0,100,100,0,0,0,0,-6,1,0,0,147,0,0,4,-1,1,1
114,tank4_destroyer_89,0,2,156,0,0,5,0,0,0,0,0,71,0,0,0,0,0,0,0,0,0,0,0,0,0,0,0,0,0,0,0,0,100,100,0,0,0,0,-6,1,0,0,147,0,0,4,-1,1,1
115,tank4_destroyer_89,0,2,158,0,0,5,0,0,0,0,0,71,0,0,0,0,0,0,0,0,0,0,0,0,0,0,0,0,0,0,0,0,100,100,0,0,0,0,-6,1,0,0,147,0,0,4,-1,1,1
116,tank4_destroyer_89,0,2,159,0,0,5,0,0,0,0,0,71,0,0,0,0,0,0,0,0,0,0,0,0,0,0,0,0,0,0,0,0,100,100,0,0,0,0,-6,1,0,0,147,0,0,4,-1,1,1
117,tank4_destroyer_89,0,2,161,0,0,5,0,0,0,0,0,72,0,0,0,0,0,0,0,0,0,0,0,0,0,0,0,0,0,0,0,0,100,100,0,0,0,0,-6,1,0,0,147,0,0,4,-1,1,1
118,tank4_destroyer_89,0,2,162,0,0,5,0,0,0,0,0,72,0,0,0,0,0,0,0,0,0,0,0,0,0,0,0,0,0,0,0,0,100,100,0,0,0,0,-6,1,0,0,147,0,0,4,-1,1,1
119,tank4_destroyer_89,0,2,164,0,0,5,0,0,0,0,0,72,0,0,0,0,0,0,0,0,0,0,0,0,0,0,0,0,0,0,0,0,100,100,0,0,0,0,-6,1,0,0,147,0,0,4,-1,1,1
120,tank4_destroyer_89,0,2,165,0,0,5,0,0,0,0,0,72,0,0,0,0,0,0,0,0,0,0,0,0,0,0,0,0,0,0,0,0,100,100,0,0,0,0,-6,1,0,0,147,0,0,4,-1,1,1
121,tank4_destroyer_89,0,2,167,0,0,5,0,0,0,0,0,72,0,0,0,0,0,0,0,0,0,0,0,0,0,0,0,0,0,0,0,0,100,100,0,0,0,0,-6,1,0,0,147,0,0,4,-1,1,1
122,tank4_destroyer_89,0,2,168,0,0,5,0,0,0,0,0,73,0,0,0,0,0,0,0,0,0,0,0,0,0,0,0,0,0,0,0,0,100,100,0,0,0,0,-6,1,0,0,147,0,0,4,-1,1,1
123,tank4_destroyer_89,0,2,170,0,0,5,0,0,0,0,0,73,0,0,0,0,0,0,0,0,0,0,0,0,0,0,0,0,0,0,0,0,100,100,0,0,0,0,-6,1,0,0,147,0,0,4,-1,1,1
124,tank4_destroyer_89,0,2,172,0,0,5,0,0,0,0,0,73,0,0,0,0,0,0,0,0,0,0,0,0,0,0,0,0,0,0,0,0,100,100,0,0,0,0,-6,1,0,0,147,0,0,4,-1,1,1
125,tank4_destroyer_89,0,2,173,0,0,5,0,0,0,0,0,73,0,0,0,0,0,0,0,0,0,0,0,0,0,0,0,0,0,0,0,0,100,100,0,0,0,0,-6,1,0,0,147,0,0,4,-1,1,1
126,tank4_destroyer_89,0,2,175,0,0,5,0,0,0,0,0,73,0,0,0,0,0,0,0,0,0,0,0,0,0,0,0,0,0,0,0,0,100,100,0,0,0,0,-6,1,0,0,147,0,0,4,-1,1,1
127,tank4_destroyer_89,0,2,176,0,0,5,0,0,0,0,0,74,0,0,0,0,0,0,0,0,0,0,0,0,0,0,0,0,0,0,0,0,100,100,0,0,0,0,-6,1,0,0,147,0,0,4,-1,1,1
128,tank4_destroyer_89,0,2,178,0,0,5,0,0,0,0,0,74,0,0,0,0,0,0,0,0,0,0,0,0,0,0,0,0,0,0,0,0,100,100,0,0,0,0,-6,1,0,0,147,0,0,4,-1,1,1
129,tank4_destroyer_89,0,2,179,0,0,5,0,0,0,0,0,74,0,0,0,0,0,0,0,0,0,0,0,0,0,0,0,0,0,0,0,0,100,100,0,0,0,0,-6,1,0,0,147,0,0,4,-1,1,1
130,tank4_destroyer_89,0,2,181,0,0,5,0,0,0,0,0,74,0,0,0,0,0,0,0,0,0,0,0,0,0,0,0,0,0,0,0,0,100,100,0,0,0,0,-6,1,0,0,147,0,0,4,-1,1,1
131,tank4_destroyer_89,0,2,183,0,0,5,0,0,0,0,0,74,0,0,0,0,0,0,0,0,0,0,0,0,0,0,0,0,0,0,0,0,100,100,0,0,0,0,-6,1,0,0,147,0,0,4,-1,1,1
132,tank4_destroyer_89,0,2,184,0,0,5,0,0,0,0,0,74,0,0,0,0,0,0,0,0,0,0,0,0,0,0,0,0,0,0,0,0,100,100,0,0,0,0,-6,1,0,0,147,0,0,4,-1,1,1
133,tank4_destroyer_89,0,2,186,0,0,5,0,0,0,0,0,75,0,0,0,0,0,0,0,0,0,0,0,0,0,0,0,0,0,0,0,0,100,100,0,0,0,0,-6,1,0,0,147,0,0,4,-1,1,1
134,tank4_destroyer_89,0,2,187,0,0,5,0,0,0,0,0,75,0,0,0,0,0,0,0,0,0,0,0,0,0,0,0,0,0,0,0,0,100,100,0,0,0,0,-6,1,0,0,147,0,0,4,-1,1,1
135,tank4_destroyer_89,0,2,189,0,0,5,0,0,0,0,0,75,0,0,0,0,0,0,0,0,0,0,0,0,0,0,0,0,0,0,0,0,100,100,0,0,0,0,-6,1,0,0,147,0,0,4,-1,1,1
136,tank4_destroyer_89,0,2,190,0,0,5,0,0,0,0,0,75,0,0,0,0,0,0,0,0,0,0,0,0,0,0,0,0,0,0,0,0,100,100,0,0,0,0,-6,1,0,0,147,0,0,4,-1,1,1
137,tank4_destroyer_89,0,2,192,0,0,5,0,0,0,0,0,75,0,0,0,0,0,0,0,0,0,0,0,0,0,0,0,0,0,0,0,0,100,100,0,0,0,0,-6,1,0,0,147,0,0,4,-1,1,1
138,tank4_destroyer_89,0,2,193,0,0,5,0,0,0,0,0,76,0,0,0,0,0,0,0,0,0,0,0,0,0,0,0,0,0,0,0,0,100,100,0,0,0,0,-6,1,0,0,147,0,0,4,-1,1,1
139,tank4_destroyer_89,0,2,195,0,0,5,0,0,0,0,0,76,0,0,0,0,0,0,0,0,0,0,0,0,0,0,0,0,0,0,0,0,100,100,0,0,0,0,-6,1,0,0,147,0,0,4,-1,1,1
140,tank4_destroyer_89,0,2,197,0,0,5,0,0,0,0,0,76,0,0,0,0,0,0,0,0,0,0,0,0,0,0,0,0,0,0,0,0,100,100,0,0,0,0,-6,1,0,0,147,0,0,4,-1,1,1
141,tank4_destroyer_89,0,2,198,0,0,5,0,0,0,0,0,76,0,0,0,0,0,0,0,0,0,0,0,0,0,0,0,0,0,0,0,0,100,100,0,0,0,0,-6,1,0,0,147,0,0,4,-1,1,1
142,tank4_destroyer_89,0,2,200,0,0,5,0,0,0,0,0,76,0,0,0,0,0,0,0,0,0,0,0,0,0,0,0,0,0,0,0,0,100,100,0,0,0,0,-6,1,0,0,147,0,0,4,-1,1,1
143,tank4_destroyer_89,0,2,201,0,0,5,0,0,0,0,0,77,0,0,0,0,0,0,0,0,0,0,0,0,0,0,0,0,0,0,0,0,100,100,0,0,0,0,-6,1,0,0,147,0,0,4,-1,1,1
144,tank4_destroyer_89,0,2,203,0,0,5,0,0,0,0,0,77,0,0,0,0,0,0,0,0,0,0,0,0,0,0,0,0,0,0,0,0,100,100,0,0,0,0,-6,1,0,0,147,0,0,4,-1,1,1
145,tank4_destroyer_89,0,2,204,0,0,5,0,0,0,0,0,77,0,0,0,0,0,0,0,0,0,0,0,0,0,0,0,0,0,0,0,0,100,100,0,0,0,0,-6,1,0,0,147,0,0,4,-1,1,1
146,tank4_destroyer_89,0,2,206,0,0,5,0,0,0,0,0,77,0,0,0,0,0,0,0,0,0,0,0,0,0,0,0,0,0,0,0,0,100,100,0,0,0,0,-6,1,0,0,147,0,0,4,-1,1,1
147,tank4_destroyer_89,0,2,208,0,0,5,0,0,0,0,0,77,0,0,0,0,0,0,0,0,0,0,0,0,0,0,0,0,0,0,0,0,100,100,0,0,0,0,-6,1,0,0,147,0,0,4,-1,1,1
148,tank4_destroyer_89,0,2,209,0,0,5,0,0,0,0,0,77,0,0,0,0,0,0,0,0,0,0,0,0,0,0,0,0,0,0,0,0,100,100,0,0,0,0,-6,1,0,0,147,0,0,4,-1,1,1
149,tank4_destroyer_89,0,2,211,0,0,5,0,0,0,0,0,78,0,0,0,0,0,0,0,0,0,0,0,0,0,0,0,0,0,0,0,0,100,100,0,0,0,0,-6,1,0,0,147,0,0,4,-1,1,1
150,tank4_destroyer_89,0,2,212,0,0,5,0,0,0,0,0,78,0,0,0,0,0,0,0,0,0,0,0,0,0,0,0,0,0,0,0,0,100,100,0,0,0,0,-6,1,0,0,147,0,0,4,-1,1,1
151,tank4_destroyer_89,0,2,214,0,0,5,0,0,0,0,0,78,0,0,0,0,0,0,0,0,0,0,0,0,0,0,0,0,0,0,0,0,100,100,0,0,0,0,-6,1,0,0,147,0,0,4,-1,1,1
152,tank4_destroyer_89,0,2,215,0,0,5,0,0,0,0,0,78,0,0,0,0,0,0,0,0,0,0,0,0,0,0,0,0,0,0,0,0,100,100,0,0,0,0,-6,1,0,0,147,0,0,4,-1,1,1
153,tank4_destroyer_89,0,2,217,0,0,5,0,0,0,0,0,78,0,0,0,0,0,0,0,0,0,0,0,0,0,0,0,0,0,0,0,0,100,100,0,0,0,0,-6,1,0,0,147,0,0,4,-1,1,1
154,tank4_destroyer_89,0,2,218,0,0,5,0,0,0,0,0,79,0,0,0,0,0,0,0,0,0,0,0,0,0,0,0,0,0,0,0,0,100,100,0,0,0,0,-6,1,0,0,147,0,0,4,-1,1,1
155,tank4_destroyer_89,0,2,220,0,0,5,0,0,0,0,0,79,0,0,0,0,0,0,0,0,0,0,0,0,0,0,0,0,0,0,0,0,100,100,0,0,0,0,-6,1,0,0,147,0,0,4,-1,1,1
156,tank4_destroyer_89,0,2,222,0,0,5,0,0,0,0,0,79,0,0,0,0,0,0,0,0,0,0,0,0,0,0,0,0,0,0,0,0,100,100,0,0,0,0,-6,1,0,0,147,0,0,4,-1,1,1
157,tank4_destroyer_89,0,2,223,0,0,5,0,0,0,0,0,79,0,0,0,0,0,0,0,0,0,0,0,0,0,0,0,0,0,0,0,0,100,100,0,0,0,0,-6,1,0,0,147,0,0,4,-1,1,1
158,tank4_destroyer_89,0,2,225,0,0,5,0,0,0,0,0,79,0,0,0,0,0,0,0,0,0,0,0,0,0,0,0,0,0,0,0,0,100,100,0,0,0,0,-6,1,0,0,147,0,0,4,-1,1,1
159,tank4_destroyer_89,0,2,226,0,0,5,0,0,0,0,0,80,0,0,0,0,0,0,0,0,0,0,0,0,0,0,0,0,0,0,0,0,100,100,0,0,0,0,-6,1,0,0,147,0,0,4,-1,1,1
160,tank4_destroyer_89,0,2,228,0,0,5,0,0,0,0,0,80,0,0,0,0,0,0,0,0,0,0,0,0,0,0,0,0,0,0,0,0,100,100,0,0,0,0,-6,1,0,0,147,0,0,4,-1,1,1
161,tank4_destroyer_89,0,2,229,0,0,5,0,0,0,0,0,80,0,0,0,0,0,0,0,0,0,0,0,0,0,0,0,0,0,0,0,0,100,100,0,0,0,0,-6,1,0,0,147,0,0,4,-1,1,1
162,tank4_destroyer_89,0,2,231,0,0,5,0,0,0,0,0,80,0,0,0,0,0,0,0,0,0,0,0,0,0,0,0,0,0,0,0,0,100,100,0,0,0,0,-6,1,0,0,147,0,0,4,-1,1,1
163,tank4_destroyer_89,0,2,233,0,0,5,0,0,0,0,0,80,0,0,0,0,0,0,0,0,0,0,0,0,0,0,0,0,0,0,0,0,100,100,0,0,0,0,-6,1,0,0,147,0,0,4,-1,1,1
164,tank4_destroyer_89,0,2,234,0,0,5,0,0,0,0,0,80,0,0,0,0,0,0,0,0,0,0,0,0,0,0,0,0,0,0,0,0,100,100,0,0,0,0,-6,1,0,0,147,0,0,4,-1,1,1
165,tank4_destroyer_89,0,2,236,0,0,5,0,0,0,0,0,81,0,0,0,0,0,0,0,0,0,0,0,0,0,0,0,0,0,0,0,0,100,100,0,0,0,0,-6,1,0,0,147,0,0,4,-1,1,1
166,tank4_destroyer_89,0,2,237,0,0,5,0,0,0,0,0,81,0,0,0,0,0,0,0,0,0,0,0,0,0,0,0,0,0,0,0,0,100,100,0,0,0,0,-6,1,0,0,147,0,0,4,-1,1,1
167,tank4_destroyer_89,0,2,239,0,0,5,0,0,0,0,0,81,0,0,0,0,0,0,0,0,0,0,0,0,0,0,0,0,0,0,0,0,100,100,0,0,0,0,-6,1,0,0,147,0,0,4,-1,1,1
168,tank4_destroyer_89,0,2,240,0,0,5,0,0,0,0,0,81,0,0,0,0,0,0,0,0,0,0,0,0,0,0,0,0,0,0,0,0,100,100,0,0,0,0,-6,1,0,0,147,0,0,4,-1,1,1
169,tank4_destroyer_89,0,2,242,0,0,5,0,0,0,0,0,81,0,0,0,0,0,0,0,0,0,0,0,0,0,0,0,0,0,0,0,0,100,100,0,0,0,0,-6,1,0,0,147,0,0,4,-1,1,1
170,tank4_destroyer_89,0,2,243,0,0,5,0,0,0,0,0,82,0,0,0,0,0,0,0,0,0,0,0,0,0,0,0,0,0,0,0,0,100,100,0,0,0,0,-6,1,0,0,147,0,0,4,-1,1,1
171,tank4_destroyer_89,0,2,245,0,0,5,0,0,0,0,0,82,0,0,0,0,0,0,0,0,0,0,0,0,0,0,0,0,0,0,0,0,100,100,0,0,0,0,-6,1,0,0,147,0,0,4,-1,1,1
172,tank4_destroyer_89,0,2,247,0,0,5,0,0,0,0,0,82,0,0,0,0,0,0,0,0,0,0,0,0,0,0,0,0,0,0,0,0,100,100,0,0,0,0,-6,1,0,0,147,0,0,4,-1,1,1
173,tank4_destroyer_89,0,2,248,0,0,5,0,0,0,0,0,82,0,0,0,0,0,0,0,0,0,0,0,0,0,0,0,0,0,0,0,0,100,100,0,0,0,0,-6,1,0,0,147,0,0,4,-1,1,1
174,tank4_destroyer_89,0,2,250,0,0,5,0,0,0,0,0,82,0,0,0,0,0,0,0,0,0,0,0,0,0,0,0,0,0,0,0,0,100,100,0,0,0,0,-6,1,0,0,147,0,0,4,-1,1,1
175,tank4_destroyer_89,0,2,251,0,0,5,0,0,0,0,0,83,0,0,0,0,0,0,0,0,0,0,0,0,0,0,0,0,0,0,0,0,100,100,0,0,0,0,-6,1,0,0,147,0,0,4,-1,1,1
176,tank4_destroyer_89,0,2,253,0,0,5,0,0,0,0,0,83,0,0,0,0,0,0,0,0,0,0,0,0,0,0,0,0,0,0,0,0,100,100,0,0,0,0,-6,1,0,0,147,0,0,4,-1,1,1
177,tank4_destroyer_89,0,2,254,0,0,5,0,0,0,0,0,83,0,0,0,0,0,0,0,0,0,0,0,0,0,0,0,0,0,0,0,0,100,100,0,0,0,0,-6,1,0,0,147,0,0,4,-1,1,1
178,tank4_destroyer_89,0,2,256,0,0,5,0,0,0,0,0,83,0,0,0,0,0,0,0,0,0,0,0,0,0,0,0,0,0,0,0,0,100,100,0,0,0,0,-6,1,0,0,147,0,0,4,-1,1,1
179,tank4_destroyer_89,0,2,258,0,0,5,0,0,0,0,0,83,0,0,0,0,0,0,0,0,0,0,0,0,0,0,0,0,0,0,0,0,100,100,0,0,0,0,-6,1,0,0,147,0,0,4,-1,1,1
180,tank4_destroyer_89,0,2,259,0,0,5,0,0,0,0,0,83,0,0,0,0,0,0,0,0,0,0,0,0,0,0,0,0,0,0,0,0,100,100,0,0,0,0,-6,1,0,0,147,0,0,4,-1,1,1
181,tank4_destroyer_89,0,2,261,0,0,5,0,0,0,0,0,84,0,0,0,0,0,0,0,0,0,0,0,0,0,0,0,0,0,0,0,0,100,100,0,0,0,0,-6,1,0,0,147,0,0,4,-1,1,1
182,tank4_destroyer_89,0,2,262,0,0,5,0,0,0,0,0,84,0,0,0,0,0,0,0,0,0,0,0,0,0,0,0,0,0,0,0,0,100,100,0,0,0,0,-6,1,0,0,147,0,0,4,-1,1,1
183,tank4_destroyer_89,0,2,264,0,0,5,0,0,0,0,0,84,0,0,0,0,0,0,0,0,0,0,0,0,0,0,0,0,0,0,0,0,100,100,0,0,0,0,-6,1,0,0,147,0,0,4,-1,1,1
184,tank4_destroyer_89,0,2,265,0,0,5,0,0,0,0,0,84,0,0,0,0,0,0,0,0,0,0,0,0,0,0,0,0,0,0,0,0,100,100,0,0,0,0,-6,1,0,0,147,0,0,4,-1,1,1
185,tank4_destroyer_89,0,2,267,0,0,5,0,0,0,0,0,84,0,0,0,0,0,0,0,0,0,0,0,0,0,0,0,0,0,0,0,0,100,100,0,0,0,0,-6,1,0,0,147,0,0,4,-1,1,1
186,tank4_destroyer_89,0,2,268,0,0,5,0,0,0,0,0,85,0,0,0,0,0,0,0,0,0,0,0,0,0,0,0,0,0,0,0,0,100,100,0,0,0,0,-6,1,0,0,147,0,0,4,-1,1,1
187,tank4_destroyer_89,0,2,270,0,0,5,0,0,0,0,0,85,0,0,0,0,0,0,0,0,0,0,0,0,0,0,0,0,0,0,0,0,100,100,0,0,0,0,-6,1,0,0,147,0,0,4,-1,1,1
188,tank4_destroyer_89,0,2,272,0,0,5,0,0,0,0,0,85,0,0,0,0,0,0,0,0,0,0,0,0,0,0,0,0,0,0,0,0,100,100,0,0,0,0,-6,1,0,0,147,0,0,4,-1,1,1
189,tank4_destroyer_89,0,2,273,0,0,5,0,0,0,0,0,85,0,0,0,0,0,0,0,0,0,0,0,0,0,0,0,0,0,0,0,0,100,100,0,0,0,0,-6,1,0,0,147,0,0,4,-1,1,1
190,tank4_destroyer_89,0,2,275,0,0,5,0,0,0,0,0,85,0,0,0,0,0,0,0,0,0,0,0,0,0,0,0,0,0,0,0,0,100,100,0,0,0,0,-6,1,0,0,147,0,0,4,-1,2,1
191,tank4_destroyer_89,0,2,276,0,0,5,0,0,0,0,0,86,0,0,0,0,0,0,0,0,0,0,0,0,0,0,0,0,0,0,0,0,100,100,0,0,0,0,-6,1,0,0,147,0,0,4,-1,2,1
192,tank4_destroyer_89,0,2,278,0,0,5,0,0,0,0,0,86,0,0,0,0,0,0,0,0,0,0,0,0,0,0,0,0,0,0,0,0,100,100,0,0,0,0,-6,1,0,0,147,0,0,4,-1,2,1
193,tank4_destroyer_89,0,2,279,0,0,5,0,0,0,0,0,86,0,0,0,0,0,0,0,0,0,0,0,0,0,0,0,0,0,0,0,0,100,100,0,0,0,0,-6,1,0,0,147,0,0,4,-1,2,1
194,tank4_destroyer_89,0,2,281,0,0,5,0,0,0,0,0,86,0,0,0,0,0,0,0,0,0,0,0,0,0,0,0,0,0,0,0,0,100,100,0,0,0,0,-6,1,0,0,147,0,0,4,-1,2,1
195,tank4_destroyer_89,0,2,283,0,0,5,0,0,0,0,0,86,0,0,0,0,0,0,0,0,0,0,0,0,0,0,0,0,0,0,0,0,100,100,0,0,0,0,-6,1,0,0,147,0,0,4,-1,2,1
196,tank4_destroyer_89,0,2,284,0,0,5,0,0,0,0,0,86,0,0,0,0,0,0,0,0,0,0,0,0,0,0,0,0,0,0,0,0,100,100,0,0,0,0,-6,1,0,0,147,0,0,4,-1,2,1
197,tank4_destroyer_89,0,2,286,0,0,5,0,0,0,0,0,87,0,0,0,0,0,0,0,0,0,0,0,0,0,0,0,0,0,0,0,0,100,100,0,0,0,0,-6,1,0,0,147,0,0,4,-1,2,1
198,tank4_destroyer_89,0,2,287,0,0,5,0,0,0,0,0,87,0,0,0,0,0,0,0,0,0,0,0,0,0,0,0,0,0,0,0,0,100,100,0,0,0,0,-6,1,0,0,147,0,0,4,-1,2,1
199,tank4_destroyer_89,0,2,289,0,0,5,0,0,0,0,0,87,0,0,0,0,0,0,0,0,0,0,0,0,0,0,0,0,0,0,0,0,100,100,0,0,0,0,-6,1,0,0,147,0,0,4,-1,2,1
200,tank4_destroyer_89,0,2,290,0,0,5,0,0,0,0,0,87,0,0,0,0,0,0,0,0,0,0,0,0,0,0,0,0,0,0,0,0,100,100,0,0,0,0,-6,3,0,0,147,0,0,4,-1,2,1
201,tank4_destroyer_89,0,2,292,0,0,5,0,0,0,0,0,87,0,0,0,0,0,0,0,0,0,0,0,0,0,0,0,0,0,0,0,0,100,100,0,0,0,0,-6,3,0,0,147,0,0,4,-1,2,1
202,tank4_destroyer_89,0,2,293,0,0,5,0,0,0,0,0,88,0,0,0,0,0,0,0,0,0,0,0,0,0,0,0,0,0,0,0,0,100,100,0,0,0,0,-6,3,0,0,147,0,0,4,-1,2,1
203,tank4_destroyer_89,0,2,295,0,0,5,0,0,0,0,0,88,0,0,0,0,0,0,0,0,0,0,0,0,0,0,0,0,0,0,0,0,100,100,0,0,0,0,-6,3,0,0,147,0,0,4,-1,2,1
204,tank4_destroyer_89,0,2,297,0,0,5,0,0,0,0,0,88,0,0,0,0,0,0,0,0,0,0,0,0,0,0,0,0,0,0,0,0,100,100,0,0,0,0,-6,3,0,0,147,0,0,4,-1,2,1
205,tank4_destroyer_89,0,2,298,0,0,5,0,0,0,0,0,88,0,0,0,0,0,0,0,0,0,0,0,0,0,0,0,0,0,0,0,0,100,100,0,0,0,0,-6,3,0,0,147,0,0,4,-1,2,1
206,tank4_destroyer_89,0,2,300,0,0,5,0,0,0,0,0,88,0,0,0,0,0,0,0,0,0,0,0,0,0,0,0,0,0,0,0,0,100,100,0,0,0,0,-6,3,0,0,147,0,0,4,-1,2,1
207,tank4_destroyer_89,0,2,301,0,0,5,0,0,0,0,0,89,0,0,0,0,0,0,0,0,0,0,0,0,0,0,0,0,0,0,0,0,100,100,0,0,0,0,-6,3,0,0,147,0,0,4,-1,2,1
208,tank4_destroyer_89,0,2,303,0,0,5,0,0,0,0,0,89,0,0,0,0,0,0,0,0,0,0,0,0,0,0,0,0,0,0,0,0,100,100,0,0,0,0,-6,3,0,0,147,0,0,4,-1,2,1
209,tank4_destroyer_89,0,2,304,0,0,5,0,0,0,0,0,89,0,0,0,0,0,0,0,0,0,0,0,0,0,0,0,0,0,0,0,0,100,100,0,0,0,0,-6,3,0,0,147,0,0,4,-1,2,1
210,tank4_destroyer_89,0,2,306,0,0,5,0,0,0,0,0,89,0,0,0,0,0,0,0,0,0,0,0,0,0,0,0,0,0,0,0,0,100,100,0,0,0,0,-6,3,0,0,147,0,0,4,-1,2,1
211,tank4_destroyer_89,0,2,308,0,0,5,0,0,0,0,0,89,0,0,0,0,0,0,0,0,0,0,0,0,0,0,0,0,0,0,0,0,100,100,0,0,0,0,-6,3,0,0,147,0,0,4,-1,2,1
212,tank4_destroyer_89,0,2,309,0,0,5,0,0,0,0,0,89,0,0,0,0,0,0,0,0,0,0,0,0,0,0,0,0,0,0,0,0,100,100,0,0,0,0,-6,3,0,0,147,0,0,4,-1,2,1
213,tank4_destroyer_89,0,2,311,0,0,5,0,0,0,0,0,90,0,0,0,0,0,0,0,0,0,0,0,0,0,0,0,0,0,0,0,0,100,100,0,0,0,0,-6,3,0,0,147,0,0,4,-1,2,1
214,tank4_destroyer_89,0,2,312,0,0,5,0,0,0,0,0,90,0,0,0,0,0,0,0,0,0,0,0,0,0,0,0,0,0,0,0,0,100,100,0,0,0,0,-6,3,0,0,147,0,0,4,-1,2,1
215,tank4_destroyer_89,0,2,314,0,0,5,0,0,0,0,0,90,0,0,0,0,0,0,0,0,0,0,0,0,0,0,0,0,0,0,0,0,100,100,0,0,0,0,-6,3,0,0,147,0,0,4,-1,2,1
216,tank4_destroyer_89,0,2,315,0,0,5,0,0,0,0,0,90,0,0,0,0,0,0,0,0,0,0,0,0,0,0,0,0,0,0,0,0,100,100,0,0,0,0,-6,3,0,0,147,0,0,4,-1,2,1
217,tank4_destroyer_89,0,2,317,0,0,5,0,0,0,0,0,90,0,0,0,0,0,0,0,0,0,0,0,0,0,0,0,0,0,0,0,0,100,100,0,0,0,0,-6,3,0,0,147,0,0,4,-1,2,1
218,tank4_destroyer_89,0,2,318,0,0,5,0,0,0,0,0,91,0,0,0,0,0,0,0,0,0,0,0,0,0,0,0,0,0,0,0,0,100,100,0,0,0,0,-6,3,0,0,147,0,0,4,-1,2,1
219,tank4_destroyer_89,0,2,320,0,0,5,0,0,0,0,0,91,0,0,0,0,0,0,0,0,0,0,0,0,0,0,0,0,0,0,0,0,100,100,0,0,0,0,-6,3,0,0,147,0,0,4,-1,2,1
220,tank4_destroyer_89,0,2,322,0,0,5,0,0,0,0,0,91,0,0,0,0,0,0,0,0,0,0,0,0,0,0,0,0,0,0,0,0,100,100,0,0,0,0,-6,3,0,0,147,0,0,4,-1,2,1
221,tank4_destroyer_89,0,2,323,0,0,5,0,0,0,0,0,91,0,0,0,0,0,0,0,0,0,0,0,0,0,0,0,0,0,0,0,0,100,100,0,0,0,0,-6,3,0,0,147,0,0,4,-1,2,1
222,tank4_destroyer_89,0,2,325,0,0,5,0,0,0,0,0,91,0,0,0,0,0,0,0,0,0,0,0,0,0,0,0,0,0,0,0,0,100,100,0,0,0,0,-6,3,0,0,147,0,0,4,-1,2,1
223,tank4_destroyer_89,0,2,326,0,0,5,0,0,0,0,0,92,0,0,0,0,0,0,0,0,0,0,0,0,0,0,0,0,0,0,0,0,100,100,0,0,0,0,-6,3,0,0,147,0,0,4,-1,2,1
224,tank4_destroyer_89,0,2,328,0,0,5,0,0,0,0,0,92,0,0,0,0,0,0,0,0,0,0,0,0,0,0,0,0,0,0,0,0,100,100,0,0,0,0,-6,3,0,0,147,0,0,4,-1,2,1
225,tank4_destroyer_89,0,2,329,0,0,5,0,0,0,0,0,92,0,0,0,0,0,0,0,0,0,0,0,0,0,0,0,0,0,0,0,0,100,100,0,0,0,0,-6,3,0,0,147,0,0,4,-1,2,1
226,tank4_destroyer_89,0,2,331,0,0,5,0,0,0,0,0,92,0,0,0,0,0,0,0,0,0,0,0,0,0,0,0,0,0,0,0,0,100,100,0,0,0,0,-6,3,0,0,147,0,0,4,-1,2,1
227,tank4_destroyer_89,0,2,333,0,0,5,0,0,0,0,0,92,0,0,0,0,0,0,0,0,0,0,0,0,0,0,0,0,0,0,0,0,100,100,0,0,0,0,-6,3,0,0,147,0,0,4,-1,2,1
228,tank4_destroyer_89,0,2,334,0,0,5,0,0,0,0,0,92,0,0,0,0,0,0,0,0,0,0,0,0,0,0,0,0,0,0,0,0,100,100,0,0,0,0,-6,3,0,0,147,0,0,4,-1,2,1
229,tank4_destroyer_89,0,2,336,0,0,5,0,0,0,0,0,93,0,0,0,0,0,0,0,0,0,0,0,0,0,0,0,0,0,0,0,0,100,100,0,0,0,0,-6,3,0,0,147,0,0,4,-1,2,1
230,tank4_destroyer_89,0,2,337,0,0,5,0,0,0,0,0,93,0,0,0,0,0,0,0,0,0,0,0,0,0,0,0,0,0,0,0,0,100,100,0,0,0,0,-6,3,0,0,147,0,0,4,-1,2,1
231,tank4_destroyer_89,0,2,339,0,0,5,0,0,0,0,0,93,0,0,0,0,0,0,0,0,0,0,0,0,0,0,0,0,0,0,0,0,100,100,0,0,0,0,-6,3,0,0,147,0,0,4,-1,2,1
232,tank4_destroyer_89,0,2,340,0,0,5,0,0,0,0,0,93,0,0,0,0,0,0,0,0,0,0,0,0,0,0,0,0,0,0,0,0,100,100,0,0,0,0,-6,3,0,0,147,0,0,4,-1,2,1
233,tank4_destroyer_89,0,2,342,0,0,5,0,0,0,0,0,93,0,0,0,0,0,0,0,0,0,0,0,0,0,0,0,0,0,0,0,0,100,100,0,0,0,0,-6,3,0,0,147,0,0,4,-1,2,1
234,tank4_destroyer_89,0,2,343,0,0,5,0,0,0,0,0,94,0,0,0,0,0,0,0,0,0,0,0,0,0,0,0,0,0,0,0,0,100,100,0,0,0,0,-6,3,0,0,147,0,0,4,-1,2,1
235,tank4_destroyer_89,0,2,345,0,0,5,0,0,0,0,0,94,0,0,0,0,0,0,0,0,0,0,0,0,0,0,0,0,0,0,0,0,100,100,0,0,0,0,-6,3,0,0,147,0,0,4,-1,2,1
236,tank4_destroyer_89,0,2,347,0,0,5,0,0,0,0,0,94,0,0,0,0,0,0,0,0,0,0,0,0,0,0,0,0,0,0,0,0,100,100,0,0,0,0,-6,3,0,0,147,0,0,4,-1,2,1
237,tank4_destroyer_89,0,2,348,0,0,5,0,0,0,0,0,94,0,0,0,0,0,0,0,0,0,0,0,0,0,0,0,0,0,0,0,0,100,100,0,0,0,0,-6,3,0,0,147,0,0,4,-1,2,1
238,tank4_destroyer_89,0,2,350,0,0,5,0,0,0,0,0,94,0,0,0,0,0,0,0,0,0,0,0,0,0,0,0,0,0,0,0,0,100,100,0,0,0,0,-6,3,0,0,147,0,0,4,-1,2,1
239,tank4_destroyer_89,0,2,351,0,0,5,0,0,0,0,0,95,0,0,0,0,0,0,0,0,0,0,0,0,0,0,0,0,0,0,0,0,100,100,0,0,0,0,-6,3,0,0,147,0,0,4,-1,2,1
240,tank4_destroyer_89,0,2,353,0,0,5,0,0,0,0,0,95,0,0,0,0,0,0,0,0,0,0,0,0,0,0,0,0,0,0,0,0,100,100,0,0,0,0,-6,3,0,0,147,0,0,4,-1,2,1
241,tank4_destroyer_89,0,2,354,0,0,5,0,0,0,0,0,95,0,0,0,0,0,0,0,0,0,0,0,0,0,0,0,0,0,0,0,0,100,100,0,0,0,0,-6,3,0,0,147,0,0,4,-1,2,1
242,tank4_destroyer_89,0,2,356,0,0,5,0,0,0,0,0,95,0,0,0,0,0,0,0,0,0,0,0,0,0,0,0,0,0,0,0,0,100,100,0,0,0,0,-6,3,0,0,147,0,0,4,-1,2,1
243,tank4_destroyer_89,0,2,358,0,0,5,0,0,0,0,0,95,0,0,0,0,0,0,0,0,0,0,0,0,0,0,0,0,0,0,0,0,100,100,0,0,0,0,-6,3,0,0,147,0,0,4,-1,2,1
244,tank4_destroyer_89,0,2,359,0,0,5,0,0,0,0,0,95,0,0,0,0,0,0,0,0,0,0,0,0,0,0,0,0,0,0,0,0,100,100,0,0,0,0,-6,3,0,0,147,0,0,4,-1,2,1
245,tank4_destroyer_89,0,2,361,0,0,5,0,0,0,0,0,96,0,0,0,0,0,0,0,0,0,0,0,0,0,0,0,0,0,0,0,0,100,100,0,0,0,0,-6,3,0,0,147,0,0,4,-1,2,1
246,tank4_destroyer_89,0,2,362,0,0,5,0,0,0,0,0,96,0,0,0,0,0,0,0,0,0,0,0,0,0,0,0,0,0,0,0,0,100,100,0,0,0,0,-6,3,0,0,147,0,0,4,-1,2,1
247,tank4_destroyer_89,0,2,364,0,0,5,0,0,0,0,0,96,0,0,0,0,0,0,0,0,0,0,0,0,0,0,0,0,0,0,0,0,100,100,0,0,0,0,-6,3,0,0,147,0,0,4,-1,2,1
248,tank4_destroyer_89,0,2,365,0,0,5,0,0,0,0,0,96,0,0,0,0,0,0,0,0,0,0,0,0,0,0,0,0,0,0,0,0,100,100,0,0,0,0,-6,3,0,0,147,0,0,4,-1,2,1
249,tank4_destroyer_89,0,2,367,0,0,5,0,0,0,0,0,96,0,0,0,0,0,0,0,0,0,0,0,0,0,0,0,0,0,0,0,0,100,100,0,0,0,0,-6,3,0,0,147,0,0,4,-1,2,1
250,tank4_destroyer_89,0,2,368,0,0,5,0,0,0,0,0,97,0,0,0,0,0,0,0,0,0,0,0,0,0,0,0,0,0,0,0,0,100,100,0,0,0,0,-6,3,0,0,147,0,0,4,-1,2,1
251,tank4_destroyer_89,0,2,370,0,0,5,0,0,0,0,0,97,0,0,0,0,0,0,0,0,0,0,0,0,0,0,0,0,0,0,0,0,100,100,0,0,0,0,-6,3,0,0,147,0,0,4,-1,2,1
252,tank4_destroyer_89,0,2,372,0,0,5,0,0,0,0,0,97,0,0,0,0,0,0,0,0,0,0,0,0,0,0,0,0,0,0,0,0,100,100,0,0,0,0,-6,3,0,0,147,0,0,4,-1,2,1
253,tank4_destroyer_89,0,2,373,0,0,5,0,0,0,0,0,97,0,0,0,0,0,0,0,0,0,0,0,0,0,0,0,0,0,0,0,0,100,100,0,0,0,0,-6,3,0,0,147,0,0,4,-1,2,1
254,tank4_destroyer_89,0,2,375,0,0,5,0,0,0,0,0,97,0,0,0,0,0,0,0,0,0,0,0,0,0,0,0,0,0,0,0,0,100,100,0,0,0,0,-6,3,0,0,147,0,0,4,-1,2,1
255,tank4_destroyer_89,0,2,376,0,0,5,0,0,0,0,0,98,0,0,0,0,0,0,0,0,0,0,0,0,0,0,0,0,0,0,0,0,100,100,0,0,0,0,-6,3,0,0,147,0,0,4,-1,2,1
256,tank4_destroyer_89,0,2,378,0,0,5,0,0,0,0,0,98,0,0,0,0,0,0,0,0,0,0,0,0,0,0,0,0,0,0,0,0,100,100,0,0,0,0,-6,3,0,0,147,0,0,4,-1,2,1
257,tank4_destroyer_89,0,2,379,0,0,5,0,0,0,0,0,98,0,0,0,0,0,0,0,0,0,0,0,0,0,0,0,0,0,0,0,0,100,100,0,0,0,0,-6,3,0,0,147,0,0,4,-1,2,1
258,tank4_destroyer_89,0,2,381,0,0,5,0,0,0,0,0,98,0,0,0,0,0,0,0,0,0,0,0,0,0,0,0,0,0,0,0,0,100,100,0,0,0,0,-6,3,0,0,147,0,0,4,-1,2,1
259,tank4_destroyer_89,0,2,383,0,0,5,0,0,0,0,0,98,0,0,0,0,0,0,0,0,0,0,0,0,0,0,0,0,0,0,0,0,100,100,0,0,0,0,-6,3,0,0,147,0,0,4,-1,2,1
260,tank4_destroyer_89,0,2,384,0,0,5,0,0,0,0,0,98,0,0,0,0,0,0,0,0,0,0,0,0,0,0,0,0,0,0,0,0,100,100,0,0,0,0,-6,3,0,0,147,0,0,4,-1,2,1
261,tank4_destroyer_89,0,2,386,0,0,5,0,0,0,0,0,99,0,0,0,0,0,0,0,0,0,0,0,0,0,0,0,0,0,0,0,0,100,100,0,0,0,0,-6,3,0,0,147,0,0,4,-1,2,1
262,tank4_destroyer_89,0,2,387,0,0,5,0,0,0,0,0,99,0,0,0,0,0,0,0,0,0,0,0,0,0,0,0,0,0,0,0,0,100,100,0,0,0,0,-6,3,0,0,147,0,0,4,-1,2,1
263,tank4_destroyer_89,0,2,389,0,0,5,0,0,0,0,0,99,0,0,0,0,0,0,0,0,0,0,0,0,0,0,0,0,0,0,0,0,100,100,0,0,0,0,-6,3,0,0,147,0,0,4,-1,2,1
264,tank4_destroyer_89,0,2,390,0,0,5,0,0,0,0,0,99,0,0,0,0,0,0,0,0,0,0,0,0,0,0,0,0,0,0,0,0,100,100,0,0,0,0,-6,3,0,0,147,0,0,4,-1,2,1
265,tank4_destroyer_89,0,2,392,0,0,5,0,0,0,0,0,99,0,0,0,0,0,0,0,0,0,0,0,0,0,0,0,0,0,0,0,0,100,100,0,0,0,0,-6,3,0,0,147,0,0,4,-1,2,1
266,tank4_destroyer_89,0,2,393,0,0,5,0,0,0,0,0,100,0,0,0,0,0,0,0,0,0,0,0,0,0,0,0,0,0,0,0,0,100,100,0,0,0,0,-6,3,0,0,147,0,0,4,-1,2,1
267,tank4_destroyer_89,0,2,395,0,0,5,0,0,0,0,0,100,0,0,0,0,0,0,0,0,0,0,0,0,0,0,0,0,0,0,0,0,100,100,0,0,0,0,-6,3,0,0,147,0,0,4,-1,2,1
268,tank4_destroyer_89,0,2,397,0,0,5,0,0,0,0,0,100,0,0,0,0,0,0,0,0,0,0,0,0,0,0,0,0,0,0,0,0,100,100,0,0,0,0,-6,3,0,0,147,0,0,4,-1,2,1
269,tank4_destroyer_89,0,2,398,0,0,5,0,0,0,0,0,100,0,0,0,0,0,0,0,0,0,0,0,0,0,0,0,0,0,0,0,0,100,100,0,0,0,0,-6,3,0,0,147,0,0,4,-1,2,1
270,tank4_destroyer_89,0,2,400,0,0,5,0,0,0,0,0,100,0,0,0,0,0,0,0,0,0,0,0,0,0,0,0,0,0,0,0,0,100,100,0,0,0,0,-6,3,0,0,147,0,0,4,-1,2,1
271,tank4_destroyer_89,0,2,401,0,0,5,0,0,0,0,0,100,0,0,0,0,0,0,0,0,0,0,0,0,0,0,0,0,0,0,0,0,100,100,0,0,0,0,-6,3,0,0,147,0,0,4,-1,2,1
272,tank4_destroyer_89,0,2,403,0,0,5,0,0,0,0,0,100,0,0,0,0,0,0,0,0,0,0,0,0,0,0,0,0,0,0,0,0,100,100,0,0,0,0,-6,3,0,0,147,0,0,4,-1,2,1
273,tank4_destroyer_89,0,2,404,0,0,5,0,0,0,0,0,100,0,0,0,0,0,0,0,0,0,0,0,0,0,0,0,0,0,0,0,0,100,100,0,0,0,0,-6,3,0,0,147,0,0,4,-1,2,1
274,tank4_destroyer_89,0,2,406,0,0,5,0,0,0,0,0,100,0,0,0,0,0,0,0,0,0,0,0,0,0,0,0,0,0,0,0,0,100,100,0,0,0,0,-6,3,0,0,147,0,0,4,-1,2,1
275,tank4_destroyer_89,0,2,408,0,0,5,0,0,0,0,0,100,0,0,0,0,0,0,0,0,0,0,0,0,0,0,0,0,0,0,0,0,100,100,0,0,0,0,-6,3,0,0,147,0,0,4,-1,2,1
276,tank4_destroyer_89,0,2,409,0,0,5,0,0,0,0,0,100,0,0,0,0,0,0,0,0,0,0,0,0,0,0,0,0,0,0,0,0,100,100,0,0,0,0,-6,3,0,0,147,0,0,4,-1,2,1
277,tank4_destroyer_89,0,2,411,0,0,5,0,0,0,0,0,100,0,0,0,0,0,0,0,0,0,0,0,0,0,0,0,0,0,0,0,0,100,100,0,0,0,0,-6,3,0,0,147,0,0,4,-1,2,1
278,tank4_destroyer_89,0,2,412,0,0,5,0,0,0,0,0,100,0,0,0,0,0,0,0,0,0,0,0,0,0,0,0,0,0,0,0,0,100,100,0,0,0,0,-6,3,0,0,147,0,0,4,-1,2,1
279,tank4_destroyer_89,0,2,414,0,0,5,0,0,0,0,0,100,0,0,0,0,0,0,0,0,0,0,0,0,0,0,0,0,0,0,0,0,100,100,0,0,0,0,-6,3,0,0,147,0,0,4,-1,2,1
280,tank4_destroyer_89,0,2,415,0,0,5,0,0,0,0,0,100,0,0,0,0,0,0,0,0,0,0,0,0,0,0,0,0,0,0,0,0,100,100,0,0,0,0,-6,3,0,0,147,0,0,4,-1,2,1
281,tank4_destroyer_89,0,2,417,0,0,5,0,0,0,0,0,100,0,0,0,0,0,0,0,0,0,0,0,0,0,0,0,0,0,0,0,0,100,100,0,0,0,0,-6,3,0,0,147,0,0,4,-1,2,1
282,tank4_destroyer_89,0,2,418,0,0,5,0,0,0,0,0,100,0,0,0,0,0,0,0,0,0,0,0,0,0,0,0,0,0,0,0,0,100,100,0,0,0,0,-6,3,0,0,147,0,0,4,-1,2,1
283,tank4_destroyer_89,0,2,420,0,0,5,0,0,0,0,0,100,0,0,0,0,0,0,0,0,0,0,0,0,0,0,0,0,0,0,0,0,100,100,0,0,0,0,-6,3,0,0,147,0,0,4,-1,2,1
284,tank4_destroyer_89,0,2,422,0,0,5,0,0,0,0,0,100,0,0,0,0,0,0,0,0,0,0,0,0,0,0,0,0,0,0,0,0,100,100,0,0,0,0,-6,3,0,0,147,0,0,4,-1,2,1
285,tank4_destroyer_89,0,2,423,0,0,5,0,0,0,0,0,100,0,0,0,0,0,0,0,0,0,0,0,0,0,0,0,0,0,0,0,0,100,100,0,0,0,0,-6,3,0,0,147,0,0,4,-1,2,1
286,tank4_destroyer_89,0,2,425,0,0,5,0,0,0,0,0,100,0,0,0,0,0,0,0,0,0,0,0,0,0,0,0,0,0,0,0,0,100,100,0,0,0,0,-6,3,0,0,147,0,0,4,-1,2,1
287,tank4_destroyer_89,0,2,426,0,0,5,0,0,0,0,0,100,0,0,0,0,0,0,0,0,0,0,0,0,0,0,0,0,0,0,0,0,100,100,0,0,0,0,-6,3,0,0,147,0,0,4,-1,2,1
288,tank4_destroyer_89,0,2,428,0,0,5,0,0,0,0,0,100,0,0,0,0,0,0,0,0,0,0,0,0,0,0,0,0,0,0,0,0,100,100,0,0,0,0,-6,3,0,0,147,0,0,4,-1,2,1
289,tank4_destroyer_89,0,2,429,0,0,5,0,0,0,0,0,100,0,0,0,0,0,0,0,0,0,0,0,0,0,0,0,0,0,0,0,0,100,100,0,0,0,0,-6,3,0,0,147,0,0,4,-1,2,1
290,tank4_destroyer_89,0,2,431,0,0,5,0,0,0,0,0,100,0,0,0,0,0,0,0,0,0,0,0,0,0,0,0,0,0,0,0,0,100,100,0,0,0,0,-6,3,0,0,147,0,0,4,-1,2,1
291,tank4_destroyer_89,0,2,433,0,0,5,0,0,0,0,0,100,0,0,0,0,0,0,0,0,0,0,0,0,0,0,0,0,0,0,0,0,100,100,0,0,0,0,-6,3,0,0,147,0,0,4,-1,2,1
292,tank4_destroyer_89,0,2,434,0,0,5,0,0,0,0,0,100,0,0,0,0,0,0,0,0,0,0,0,0,0,0,0,0,0,0,0,0,100,100,0,0,0,0,-6,3,0,0,147,0,0,4,-1,2,1
293,tank4_destroyer_89,0,2,436,0,0,5,0,0,0,0,0,100,0,0,0,0,0,0,0,0,0,0,0,0,0,0,0,0,0,0,0,0,100,100,0,0,0,0,-6,3,0,0,147,0,0,4,-1,2,1
294,tank4_destroyer_89,0,2,437,0,0,5,0,0,0,0,0,100,0,0,0,0,0,0,0,0,0,0,0,0,0,0,0,0,0,0,0,0,100,100,0,0,0,0,-6,3,0,0,147,0,0,4,-1,2,1
295,tank4_destroyer_89,0,2,439,0,0,5,0,0,0,0,0,100,0,0,0,0,0,0,0,0,0,0,0,0,0,0,0,0,0,0,0,0,100,100,0,0,0,0,-6,3,0,0,147,0,0,4,-1,2,1
296,tank4_destroyer_89,0,2,440,0,0,5,0,0,0,0,0,100,0,0,0,0,0,0,0,0,0,0,0,0,0,0,0,0,0,0,0,0,100,100,0,0,0,0,-6,3,0,0,147,0,0,4,-1,2,1
297,tank4_destroyer_89,0,2,442,0,0,5,0,0,0,0,0,100,0,0,0,0,0,0,0,0,0,0,0,0,0,0,0,0,0,0,0,0,100,100,0,0,0,0,-6,3,0,0,147,0,0,4,-1,2,1
298,tank4_destroyer_89,0,2,443,0,0,5,0,0,0,0,0,100,0,0,0,0,0,0,0,0,0,0,0,0,0,0,0,0,0,0,0,0,100,100,0,0,0,0,-6,3,0,0,147,0,0,4,-1,2,1
299,tank4_destroyer_89,0,2,445,0,0,5,0,0,0,0,0,100,0,0,0,0,0,0,0,0,0,0,0,0,0,0,0,0,0,0,0,0,100,100,0,0,0,0,-6,3,0,0,147,0,0,4,-1,2,1
300,tank4_destroyer_89,0,2,447,0,0,5,0,0,0,0,0,100,0,0,0,0,0,0,0,0,0,0,0,0,0,0,0,0,0,0,0,0,100,100,0,0,0,0,-6,3,0,0,147,0,0,4,-1,2,1
301,tank4_destroyer_89,0,2,448,0,0,5,0,0,0,0,0,100,0,0,0,0,0,0,0,0,0,0,0,0,0,0,0,0,0,0,0,0,100,100,0,0,0,0,-6,3,0,0,147,0,0,4,-1,2,1
302,tank4_destroyer_89,0,2,450,0,0,5,0,0,0,0,0,100,0,0,0,0,0,0,0,0,0,0,0,0,0,0,0,0,0,0,0,0,100,100,0,0,0,0,-6,3,0,0,147,0,0,4,-1,2,1
303,tank4_destroyer_89,0,2,451,0,0,5,0,0,0,0,0,100,0,0,0,0,0,0,0,0,0,0,0,0,0,0,0,0,0,0,0,0,100,100,0,0,0,0,-6,3,0,0,147,0,0,4,-1,2,1
304,tank4_destroyer_89,0,2,453,0,0,5,0,0,0,0,0,100,0,0,0,0,0,0,0,0,0,0,0,0,0,0,0,0,0,0,0,0,100,100,0,0,0,0,-6,3,0,0,147,0,0,4,-1,2,1
305,tank4_destroyer_89,0,2,454,0,0,5,0,0,0,0,0,100,0,0,0,0,0,0,0,0,0,0,0,0,0,0,0,0,0,0,0,0,100,100,0,0,0,0,-6,3,0,0,147,0,0,4,-1,2,1
306,tank4_destroyer_89,0,2,456,0,0,5,0,0,0,0,0,100,0,0,0,0,0,0,0,0,0,0,0,0,0,0,0,0,0,0,0,0,100,100,0,0,0,0,-6,3,0,0,147,0,0,4,-1,2,1
307,tank4_destroyer_89,0,2,458,0,0,5,0,0,0,0,0,100,0,0,0,0,0,0,0,0,0,0,0,0,0,0,0,0,0,0,0,0,100,100,0,0,0,0,-6,3,0,0,147,0,0,4,-1,2,1
308,tank4_destroyer_89,0,2,459,0,0,5,0,0,0,0,0,100,0,0,0,0,0,0,0,0,0,0,0,0,0,0,0,0,0,0,0,0,100,100,0,0,0,0,-6,3,0,0,147,0,0,4,-1,2,1
309,tank4_destroyer_89,0,2,461,0,0,5,0,0,0,0,0,100,0,0,0,0,0,0,0,0,0,0,0,0,0,0,0,0,0,0,0,0,100,100,0,0,0,0,-6,3,0,0,147,0,0,4,-1,2,1
310,tank4_destroyer_89,0,2,462,0,0,5,0,0,0,0,0,100,0,0,0,0,0,0,0,0,0,0,0,0,0,0,0,0,0,0,0,0,100,100,0,0,0,0,-6,3,0,0,147,0,0,4,-1,2,1
311,tank4_destroyer_89,0,2,464,0,0,5,0,0,0,0,0,100,0,0,0,0,0,0,0,0,0,0,0,0,0,0,0,0,0,0,0,0,100,100,0,0,0,0,-6,3,0,0,147,0,0,4,-1,2,1
312,tank4_destroyer_89,0,2,465,0,0,5,0,0,0,0,0,100,0,0,0,0,0,0,0,0,0,0,0,0,0,0,0,0,0,0,0,0,100,100,0,0,0,0,-6,3,0,0,147,0,0,4,-1,2,1
313,tank4_destroyer_89,0,2,467,0,0,5,0,0,0,0,0,100,0,0,0,0,0,0,0,0,0,0,0,0,0,0,0,0,0,0,0,0,100,100,0,0,0,0,-6,3,0,0,147,0,0,4,-1,2,1
314,tank4_destroyer_89,0,2,468,0,0,5,0,0,0,0,0,100,0,0,0,0,0,0,0,0,0,0,0,0,0,0,0,0,0,0,0,0,100,100,0,0,0,0,-6,3,0,0,147,0,0,4,-1,2,1
315,tank4_destroyer_89,0,2,470,0,0,5,0,0,0,0,0,100,0,0,0,0,0,0,0,0,0,0,0,0,0,0,0,0,0,0,0,0,100,100,0,0,0,0,-6,3,0,0,147,0,0,4,-1,2,1
316,tank4_destroyer_89,0,2,472,0,0,5,0,0,0,0,0,100,0,0,0,0,0,0,0,0,0,0,0,0,0,0,0,0,0,0,0,0,100,100,0,0,0,0,-6,3,0,0,147,0,0,4,-1,2,1
317,tank4_destroyer_89,0,2,473,0,0,5,0,0,0,0,0,100,0,0,0,0,0,0,0,0,0,0,0,0,0,0,0,0,0,0,0,0,100,100,0,0,0,0,-6,3,0,0,147,0,0,4,-1,2,1
318,tank4_destroyer_89,0,2,475,0,0,5,0,0,0,0,0,100,0,0,0,0,0,0,0,0,0,0,0,0,0,0,0,0,0,0,0,0,100,100,0,0,0,0,-6,3,0,0,147,0,0,4,-1,2,1
319,tank4_destroyer_89,0,2,476,0,0,5,0,0,0,0,0,100,0,0,0,0,0,0,0,0,0,0,0,0,0,0,0,0,0,0,0,0,100,100,0,0,0,0,-6,3,0,0,147,0,0,4,-1,2,1
320,tank4_destroyer_89,0,2,478,0,0,5,0,0,0,0,0,100,0,0,0,0,0,0,0,0,0,0,0,0,0,0,0,0,0,0,0,0,100,100,0,0,0,0,-6,3,0,0,147,0,0,4,-1,2,1
321,tank4_destroyer_89,0,2,479,0,0,5,0,0,0,0,0,100,0,0,0,0,0,0,0,0,0,0,0,0,0,0,0,0,0,0,0,0,100,100,0,0,0,0,-6,3,0,0,147,0,0,4,-1,2,1
322,tank4_destroyer_89,0,2,481,0,0,5,0,0,0,0,0,100,0,0,0,0,0,0,0,0,0,0,0,0,0,0,0,0,0,0,0,0,100,100,0,0,0,0,-6,3,0,0,147,0,0,4,-1,2,1
323,tank4_destroyer_89,0,2,483,0,0,5,0,0,0,0,0,100,0,0,0,0,0,0,0,0,0,0,0,0,0,0,0,0,0,0,0,0,100,100,0,0,0,0,-6,3,0,0,147,0,0,4,-1,2,1
324,tank4_destroyer_89,0,2,484,0,0,5,0,0,0,0,0,100,0,0,0,0,0,0,0,0,0,0,0,0,0,0,0,0,0,0,0,0,100,100,0,0,0,0,-6,3,0,0,147,0,0,4,-1,2,1
325,tank4_destroyer_89,0,2,486,0,0,5,0,0,0,0,0,100,0,0,0,0,0,0,0,0,0,0,0,0,0,0,0,0,0,0,0,0,100,100,0,0,0,0,-6,3,0,0,147,0,0,4,-1,2,1
326,tank4_destroyer_89,0,2,487,0,0,5,0,0,0,0,0,100,0,0,0,0,0,0,0,0,0,0,0,0,0,0,0,0,0,0,0,0,100,100,0,0,0,0,-6,3,0,0,147,0,0,4,-1,2,1
327,tank4_destroyer_89,0,2,489,0,0,5,0,0,0,0,0,100,0,0,0,0,0,0,0,0,0,0,0,0,0,0,0,0,0,0,0,0,100,100,0,0,0,0,-6,3,0,0,147,0,0,4,-1,2,1
328,tank4_destroyer_89,0,2,490,0,0,5,0,0,0,0,0,100,0,0,0,0,0,0,0,0,0,0,0,0,0,0,0,0,0,0,0,0,100,100,0,0,0,0,-6,3,0,0,147,0,0,4,-1,2,1
329,tank4_destroyer_89,0,2,492,0,0,5,0,0,0,0,0,100,0,0,0,0,0,0,0,0,0,0,0,0,0,0,0,0,0,0,0,0,100,100,0,0,0,0,-6,3,0,0,147,0,0,4,-1,2,1
330,tank4_destroyer_89,0,2,493,0,0,5,0,0,0,0,0,100,0,0,0,0,0,0,0,0,0,0,0,0,0,0,0,0,0,0,0,0,100,100,0,0,0,0,-6,3,0,0,147,0,0,4,-1,2,1
331,tank4_destroyer_89,0,2,495,0,0,5,0,0,0,0,0,100,0,0,0,0,0,0,0,0,0,0,0,0,0,0,0,0,0,0,0,0,100,100,0,0,0,0,-6,3,0,0,147,0,0,4,-1,2,1
332,tank4_destroyer_89,0,2,497,0,0,5,0,0,0,0,0,100,0,0,0,0,0,0,0,0,0,0,0,0,0,0,0,0,0,0,0,0,100,100,0,0,0,0,-6,3,0,0,147,0,0,4,-1,2,1
333,tank4_destroyer_89,0,2,498,0,0,5,0,0,0,0,0,100,0,0,0,0,0,0,0,0,0,0,0,0,0,0,0,0,0,0,0,0,100,100,0,0,0,0,-6,3,0,0,147,0,0,4,-1,2,1
334,tank4_destroyer_89,0,2,500,0,0,5,0,0,0,0,0,100,0,0,0,0,0,0,0,0,0,0,0,0,0,0,0,0,0,0,0,0,100,100,0,0,0,0,-6,3,0,0,147,0,0,4,-1,2,1
335,tank4_destroyer_89,0,2,501,0,0,5,0,0,0,0,0,100,0,0,0,0,0,0,0,0,0,0,0,0,0,0,0,0,0,0,0,0,100,100,0,0,0,0,-6,3,0,0,147,0,0,4,-1,2,1
336,tank4_destroyer_89,0,2,503,0,0,5,0,0,0,0,0,100,0,0,0,0,0,0,0,0,0,0,0,0,0,0,0,0,0,0,0,0,100,100,0,0,0,0,-6,3,0,0,147,0,0,4,-1,2,1
337,tank4_destroyer_89,0,2,504,0,0,5,0,0,0,0,0,100,0,0,0,0,0,0,0,0,0,0,0,0,0,0,0,0,0,0,0,0,100,100,0,0,0,0,-6,3,0,0,147,0,0,4,-1,2,1
338,tank4_destroyer_89,0,2,506,0,0,5,0,0,0,0,0,100,0,0,0,0,0,0,0,0,0,0,0,0,0,0,0,0,0,0,0,0,100,100,0,0,0,0,-6,3,0,0,147,0,0,4,-1,2,1
339,tank4_destroyer_89,0,2,508,0,0,5,0,0,0,0,0,100,0,0,0,0,0,0,0,0,0,0,0,0,0,0,0,0,0,0,0,0,100,100,0,0,0,0,-6,3,0,0,147,0,0,4,-1,2,1
340,tank4_destroyer_89,0,2,509,0,0,5,0,0,0,0,0,100,0,0,0,0,0,0,0,0,0,0,0,0,0,0,0,0,0,0,0,0,100,100,0,0,0,0,-6,3,0,0,147,0,0,4,-1,3,1
341,tank4_destroyer_89,0,2,511,0,0,5,0,0,0,0,0,100,0,0,0,0,0,0,0,0,0,0,0,0,0,0,0,0,0,0,0,0,100,100,0,0,0,0,-6,3,0,0,147,0,0,4,-1,3,1
342,tank4_destroyer_89,0,2,512,0,0,5,0,0,0,0,0,100,0,0,0,0,0,0,0,0,0,0,0,0,0,0,0,0,0,0,0,0,100,100,0,0,0,0,-6,3,0,0,147,0,0,4,-1,3,1
343,tank4_destroyer_89,0,2,514,0,0,5,0,0,0,0,0,100,0,0,0,0,0,0,0,0,0,0,0,0,0,0,0,0,0,0,0,0,100,100,0,0,0,0,-6,3,0,0,147,0,0,4,-1,3,1
344,tank4_destroyer_89,0,2,515,0,0,5,0,0,0,0,0,100,0,0,0,0,0,0,0,0,0,0,0,0,0,0,0,0,0,0,0,0,100,100,0,0,0,0,-6,3,0,0,147,0,0,4,-1,3,1
345,tank4_destroyer_89,0,2,517,0,0,5,0,0,0,0,0,100,0,0,0,0,0,0,0,0,0,0,0,0,0,0,0,0,0,0,0,0,100,100,0,0,0,0,-6,3,0,0,147,0,0,4,-1,3,1
346,tank4_destroyer_89,0,2,518,0,0,5,0,0,0,0,0,100,0,0,0,0,0,0,0,0,0,0,0,0,0,0,0,0,0,0,0,0,100,100,0,0,0,0,-6,3,0,0,147,0,0,4,-1,3,1
347,tank4_destroyer_89,0,2,520,0,0,5,0,0,0,0,0,100,0,0,0,0,0,0,0,0,0,0,0,0,0,0,0,0,0,0,0,0,100,100,0,0,0,0,-6,3,0,0,147,0,0,4,-1,3,1
348,tank4_destroyer_89,0,2,522,0,0,5,0,0,0,0,0,100,0,0,0,0,0,0,0,0,0,0,0,0,0,0,0,0,0,0,0,0,100,100,0,0,0,0,-6,3,0,0,147,0,0,4,-1,3,1
349,tank4_destroyer_89,0,2,523,0,0,5,0,0,0,0,0,100,0,0,0,0,0,0,0,0,0,0,0,0,0,0,0,0,0,0,0,0,100,100,0,0,0,0,-6,3,0,0,147,0,0,4,-1,3,1
350,tank4_destroyer_89,0,2,525,0,0,5,0,0,0,0,0,100,0,0,0,0,0,0,0,0,0,0,0,0,0,0,0,0,0,0,0,0,100,100,0,0,0,0,-6,3,0,0,147,0,0,4,-1,3,1
351,tank4_destroyer_89,0,2,526,0,0,5,0,0,0,0,0,100,0,0,0,0,0,0,0,0,0,0,0,0,0,0,0,0,0,0,0,0,100,100,0,0,0,0,-6,3,0,0,147,0,0,4,-1,3,1
352,tank4_destroyer_89,0,2,528,0,0,5,0,0,0,0,0,100,0,0,0,0,0,0,0,0,0,0,0,0,0,0,0,0,0,0,0,0,100,100,0,0,0,0,-6,3,0,0,147,0,0,4,-1,3,1
353,tank4_destroyer_89,0,2,529,0,0,5,0,0,0,0,0,100,0,0,0,0,0,0,0,0,0,0,0,0,0,0,0,0,0,0,0,0,100,100,0,0,0,0,-6,3,0,0,147,0,0,4,-1,3,1
354,tank4_destroyer_89,0,2,531,0,0,5,0,0,0,0,0,100,0,0,0,0,0,0,0,0,0,0,0,0,0,0,0,0,0,0,0,0,100,100,0,0,0,0,-6,3,0,0,147,0,0,4,-1,3,1
355,tank4_destroyer_89,0,2,533,0,0,5,0,0,0,0,0,100,0,0,0,0,0,0,0,0,0,0,0,0,0,0,0,0,0,0,0,0,100,100,0,0,0,0,-6,3,0,0,147,0,0,4,-1,3,1
356,tank4_destroyer_89,0,2,534,0,0,5,0,0,0,0,0,100,0,0,0,0,0,0,0,0,0,0,0,0,0,0,0,0,0,0,0,0,100,100,0,0,0,0,-6,3,0,0,147,0,0,4,-1,3,1
357,tank4_destroyer_89,0,2,536,0,0,5,0,0,0,0,0,100,0,0,0,0,0,0,0,0,0,0,0,0,0,0,0,0,0,0,0,0,100,100,0,0,0,0,-6,3,0,0,147,0,0,4,-1,3,1
358,tank4_destroyer_89,0,2,537,0,0,5,0,0,0,0,0,100,0,0,0,0,0,0,0,0,0,0,0,0,0,0,0,0,0,0,0,0,100,100,0,0,0,0,-6,3,0,0,147,0,0,4,-1,3,1
359,tank4_destroyer_89,0,2,539,0,0,5,0,0,0,0,0,100,0,0,0,0,0,0,0,0,0,0,0,0,0,0,0,0,0,0,0,0,100,100,0,0,0,0,-6,3,0,0,147,0,0,4,-1,3,1
360,tank4_destroyer_89,0,2,540,0,0,5,0,0,0,0,0,100,0,0,0,0,0,0,0,0,0,0,0,0,0,0,0,0,0,0,0,0,100,100,0,0,0,0,-6,3,0,0,147,0,0,4,-1,3,1
361,tank4_destroyer_89,0,2,542,0,0,5,0,0,0,0,0,100,0,0,0,0,0,0,0,0,0,0,0,0,0,0,0,0,0,0,0,0,100,100,0,0,0,0,-6,3,0,0,147,0,0,4,-1,3,1
362,tank4_destroyer_89,0,2,543,0,0,5,0,0,0,0,0,100,0,0,0,0,0,0,0,0,0,0,0,0,0,0,0,0,0,0,0,0,100,100,0,0,0,0,-6,3,0,0,147,0,0,4,-1,3,1
363,tank4_destroyer_89,0,2,545,0,0,5,0,0,0,0,0,100,0,0,0,0,0,0,0,0,0,0,0,0,0,0,0,0,0,0,0,0,100,100,0,0,0,0,-6,3,0,0,147,0,0,4,-1,3,1
364,tank4_destroyer_89,0,2,547,0,0,5,0,0,0,0,0,100,0,0,0,0,0,0,0,0,0,0,0,0,0,0,0,0,0,0,0,0,100,100,0,0,0,0,-6,3,0,0,147,0,0,4,-1,3,1
365,tank4_destroyer_89,0,2,548,0,0,5,0,0,0,0,0,100,0,0,0,0,0,0,0,0,0,0,0,0,0,0,0,0,0,0,0,0,100,100,0,0,0,0,-6,3,0,0,147,0,0,4,-1,3,1
366,tank4_destroyer_89,0,2,550,0,0,5,0,0,0,0,0,100,0,0,0,0,0,0,0,0,0,0,0,0,0,0,0,0,0,0,0,0,100,100,0,0,0,0,-6,3,0,0,147,0,0,4,-1,3,1
367,tank4_destroyer_89,0,2,551,0,0,5,0,0,0,0,0,100,0,0,0,0,0,0,0,0,0,0,0,0,0,0,0,0,0,0,0,0,100,100,0,0,0,0,-6,3,0,0,147,0,0,4,-1,3,1
368,tank4_destroyer_89,0,2,553,0,0,5,0,0,0,0,0,100,0,0,0,0,0,0,0,0,0,0,0,0,0,0,0,0,0,0,0,0,100,100,0,0,0,0,-6,3,0,0,147,0,0,4,-1,3,1
369,tank4_destroyer_89,0,2,554,0,0,5,0,0,0,0,0,100,0,0,0,0,0,0,0,0,0,0,0,0,0,0,0,0,0,0,0,0,100,100,0,0,0,0,-6,3,0,0,147,0,0,4,-1,3,1
370,tank4_destroyer_89,0,2,556,0,0,5,0,0,2,0,0,100,0,0,0,0,0,0,0,0,0,0,0,0,0,0,0,0,0,0,0,0,100,100,0,0,0,0,-6,3,1,0,103,0,22,4,-1,3,2
371,tank4_destroyer_89,0,2,558,0,0,5,0,0,0,0,0,100,0,0,0,0,0,0,0,0,0,0,0,0,0,0,0,0,0,0,0,0,100,100,0,0,0,0,-9,3,0,0,103,0,22,4,-1,3,2
372,tank4_destroyer_89,0,2,559,0,0,5,0,0,0,0,0,100,0,0,0,0,0,0,0,0,0,0,0,0,0,0,0,0,0,0,0,0,100,100,0,0,0,0,-11,3,0,0,103,0,22,4,-1,3,2
373,tank4_destroyer_89,0,2,561,0,0,5,0,0,0,0,0,100,0,0,0,0,0,0,0,0,0,0,0,0,0,0,0,0,0,0,0,0,100,100,0,0,0,0,-12,3,0,0,103,0,22,4,-1,3,2
374,tank4_destroyer_89,0,2,562,0,0,5,0,0,0,0,0,100,0,0,0,0,0,0,0,0,0,0,0,0,0,0,0,0,0,0,0,0,100,100,0,0,0,0,-12,3,0,0,103,0,22,4,-1,3,2
375,tank4_destroyer_89,0,2,564,0,0,5,0,0,0,0,0,100,0,0,0,0,0,0,0,0,0,0,0,0,0,0,0,0,0,0,0,0,100,100,0,0,0,0,-12,3,0,0,103,0,22,4,-1,3,2
376,tank4_destroyer_89,0,2,565,0,0,5,0,0,0,0,0,100,0,0,0,0,0,0,0,0,0,0,0,0,0,0,0,0,0,0,0,0,100,100,0,0,0,0,-12,3,0,0,103,0,22,4,-1,3,2
377,tank4_destroyer_89,0,2,567,0,0,5,0,0,0,0,0,100,0,0,0,0,0,0,0,0,0,0,0,0,0,0,0,0,0,0,0,0,100,100,0,0,0,0,-12,3,0,0,103,0,22,4,-1,3,2
378,tank4_destroyer_89,0,2,568,0,0,5,0,0,0,0,0,100,0,0,0,0,0,0,0,0,0,0,0,0,0,0,0,0,0,0,0,0,100,100,0,0,0,0,-12,3,0,0,103,0,22,4,-1,3,2
379,tank4_destroyer_89,0,2,570,0,0,5,0,0,0,0,0,100,0,0,0,0,0,0,0,0,0,0,0,0,0,0,0,0,0,0,0,0,100,100,0,0,0,0,-12,3,0,0,103,0,22,4,-1,3,2
380,tank4_destroyer_89,0,2,572,0,0,5,0,0,0,0,0,100,0,0,0,0,0,0,0,0,0,0,0,0,0,0,0,0,0,0,0,0,100,100,0,0,0,0,-12,6,0,0,103,0,22,4,-1,3,2
381,tank4_destroyer_89,0,2,573,0,0,5,0,0,0,0,0,100,0,0,0,0,0,0,0,0,0,0,0,0,0,0,0,0,0,0,0,0,100,100,0,0,0,0,-12,6,0,0,103,0,22,4,-1,3,2
382,tank4_destroyer_89,0,2,575,0,0,5,0,0,0,0,0,100,0,0,0,0,0,0,0,0,0,0,0,0,0,0,0,0,0,0,0,0,100,100,0,0,0,0,-12,6,0,0,103,0,22,4,-1,3,2
383,tank4_destroyer_89,0,2,576,0,0,5,0,0,0,0,0,100,0,0,0,0,0,0,0,0,0,0,0,0,0,0,0,0,0,0,0,0,100,100,0,0,0,0,-12,6,0,0,103,0,22,4,-1,3,2
384,tank4_destroyer_89,0,2,578,0,0,5,0,0,0,0,0,100,0,0,0,0,0,0,0,0,0,0,0,0,0,0,0,0,0,0,0,0,100,100,0,0,0,0,-12,6,0,0,103,0,22,4,-1,3,2
385,tank4_destroyer_89,0,2,579,0,0,5,0,0,0,0,0,100,0,0,0,0,0,0,0,0,0,0,0,0,0,0,0,0,0,0,0,0,100,100,0,0,0,0,-12,6,0,0,103,0,22,4,-1,3,2
386,tank4_destroyer_89,0,2,581,0,0,5,0,0,0,0,0,100,0,0,0,0,0,0,0,0,0,0,0,0,0,0,0,0,0,0,0,0,100,100,0,0,0,0,-12,6,0,0,103,0,22,4,-1,3,2
387,tank4_destroyer_89,0,2,582,0,0,5,0,0,0,0,0,100,0,0,0,0,0,0,0,0,0,0,0,0,0,0,0,0,0,0,0,0,100,100,0,0,0,0,-12,6,0,0,103,0,22,4,-1,3,2
388,tank4_destroyer_89,0,2,584,0,0,5,0,0,0,0,0,100,0,0,0,0,0,0,0,0,0,0,0,0,0,0,0,0,0,0,0,0,100,100,0,0,0,0,-12,6,0,0,103,0,22,4,-1,3,2
389,tank4_destroyer_89,0,2,586,0,0,5,0,0,0,0,0,100,0,0,0,0,0,0,0,0,0,0,0,0,0,0,0,0,0,0,0,0,100,100,0,0,0,0,-12,6,0,0,103,0,22,4,-1,3,2
390,tank4_destroyer_89,0,2,587,0,0,5,0,0,0,0,0,100,0,0,0,0,0,0,0,0,0,0,0,0,0,0,0,0,0,0,0,0,100,100,0,0,0,0,-12,6,0,0,103,0,22,4,-1,3,2
391,tank4_destroyer_89,0,2,589,0,0,5,0,0,0,0,0,100,0,0,0,0,0,0,0,0,0,0,0,0,0,0,0,0,0,0,0,0,100,100,0,0,0,0,-12,6,0,0,103,0,22,4,-1,3,2
392,tank4_destroyer_89,0,2,590,0,0,5,0,0,0,0,0,100,0,0,0,0,0,0,0,0,0,0,0,0,0,0,0,0,0,0,0,0,100,100,0,0,0,0,-12,6,0,0,103,0,22,4,-1,3,2
393,tank4_destroyer_89,0,2,592,0,0,5,0,0,0,0,0,100,0,0,0,0,0,0,0,0,0,0,0,0,0,0,0,0,0,0,0,0,100,100,0,0,0,0,-12,6,0,0,103,0,22,4,-1,3,2
394,tank4_destroyer_89,0,2,593,0,0,5,0,0,0,0,0,100,0,0,0,0,0,0,0,0,0,0,0,0,0,0,0,0,0,0,0,0,100,100,0,0,0,0,-12,6,0,0,103,0,22,4,-1,3,2
395,tank4_destroyer_89,0,2,595,0,0,5,0,0,0,0,0,100,0,0,0,0,0,0,0,0,0,0,0,0,0,0,0,0,0,0,0,0,100,100,0,0,0,0,-12,6,0,0,103,0,22,4,-1,3,2
396,tank4_destroyer_89,0,2,597,0,0,5,0,0,0,0,0,100,0,0,0,0,0,0,0,0,0,0,0,0,0,0,0,0,0,0,0,0,100,100,0,0,0,0,-12,6,0,0,103,0,22,4,-1,3,2
397,tank4_destroyer_89,0,2,598,0,0,5,0,0,0,0,0,100,0,0,0,0,0,0,0,0,0,0,0,0,0,0,0,0,0,0,0,0,100,100,0,0,0,0,-12,6,0,0,103,0,22,4,-1,3,2
398,tank4_destroyer_89,0,2,600,0,0,5,0,0,0,0,0,100,0,0,0,0,0,0,0,0,0,0,0,0,0,0,0,0,0,0,0,0,100,100,0,0,0,0,-12,6,0,0,103,0,22,4,-1,3,2
399,tank4_destroyer_89,0,2,601,0,0,5,0,0,0,0,0,100,0,0,0,0,0,0,0,0,0,0,0,0,0,0,0,0,0,0,0,0,100,100,0,0,0,0,-12,6,0,0,103,0,22,4,-1,3,2
400,tank4_destroyer_89,0,2,603,0,0,5,0,0,0,0,0,100,0,0,0,0,0,0,0,0,0,0,0,0,0,0,0,0,0,0,0,0,100,100,0,0,0,0,-12,6,0,0,103,0,22,4,-1,3,2
401,tank4_destroyer_89,0,2,604,0,0,5,0,0,0,0,0,100,0,0,0,0,0,0,0,0,0,0,0,0,0,0,0,0,0,0,0,0,100,100,0,0,0,0,-12,6,0,0,103,0,22,4,-1,3,2
402,tank4_destroyer_89,0,2,606,0,0,5,0,0,0,0,0,100,0,0,0,0,0,0,0,0,0,0,0,0,0,0,0,0,0,0,0,0,100,100,0,0,0,0,-12,6,0,0,103,0,22,4,-1,3,2
403,tank4_destroyer_89,0,2,607,0,0,5,0,0,0,0,0,100,0,0,0,0,0,0,0,0,0,0,0,0,0,0,0,0,0,0,0,0,100,100,0,0,0,0,-12,6,0,0,103,0,22,4,-1,3,2
404,tank4_destroyer_89,0,2,609,0,0,5,0,0,0,0,0,100,0,0,0,0,0,0,0,0,0,0,0,0,0,0,0,0,0,0,0,0,100,100,0,0,0,0,-12,6,0,0,103,0,22,4,-1,3,2
405,tank4_destroyer_89,0,2,611,0,0,5,0,0,0,0,0,100,0,0,0,0,0,0,0,0,0,0,0,0,0,0,0,0,0,0,0,0,100,100,0,0,0,0,-12,6,0,0,103,0,22,4,-1,3,2
406,tank4_destroyer_89,0,2,612,0,0,5,0,0,0,0,0,100,0,0,0,0,0,0,0,0,0,0,0,0,0,0,0,0,0,0,0,0,100,100,0,0,0,0,-12,6,0,0,103,0,22,4,-1,3,2
407,tank4_destroyer_89,0,2,614,0,0,5,0,0,0,0,0,100,0,0,0,0,0,0,0,0,0,0,0,0,0,0,0,0,0,0,0,0,100,100,0,0,0,0,-12,6,0,0,103,0,22,4,-1,3,2
408,tank4_destroyer_89,0,2,615,0,0,5,0,0,0,0,0,100,0,0,0,0,0,0,0,0,0,0,0,0,0,0,0,0,0,0,0,0,100,100,0,0,0,0,-12,6,0,0,103,0,22,4,-1,3,2
409,tank4_destroyer_89,0,2,617,0,0,5,0,0,0,0,0,100,0,0,0,0,0,0,0,0,0,0,0,0,0,0,0,0,0,0,0,0,100,100,0,0,0,0,-12,6,0,0,103,0,22,4,-1,3,2
410,tank4_destroyer_89,0,2,618,0,0,5,0,0,0,0,0,100,0,0,0,0,0,0,0,0,0,0,0,0,0,0,0,0,0,0,0,0,100,100,0,0,0,0,-12,6,0,0,103,0,22,4,-1,3,2
411,tank4_destroyer_89,0,2,620,0,0,5,0,0,0,0,0,100,0,0,0,0,0,0,0,0,0,0,0,0,0,0,0,0,0,0,0,0,100,100,0,0,0,0,-12,6,0,0,103,0,22,4,-1,3,2
412,tank4_destroyer_89,0,2,622,0,0,5,0,0,0,0,0,100,0,0,0,0,0,0,0,0,0,0,0,0,0,0,0,0,0,0,0,0,100,100,0,0,0,0,-12,6,0,0,103,0,22,4,-1,3,2
413,tank4_destroyer_89,0,2,623,0,0,5,0,0,0,0,0,100,0,0,0,0,0,0,0,0,0,0,0,0,0,0,0,0,0,0,0,0,100,100,0,0,0,0,-12,6,0,0,103,0,22,4,-1,3,2
414,tank4_destroyer_89,0,2,625,0,0,5,0,0,0,0,0,100,0,0,0,0,0,0,0,0,0,0,0,0,0,0,0,0,0,0,0,0,100,100,0,0,0,0,-12,6,0,0,103,0,22,4,-1,3,2
415,tank4_destroyer_89,0,2,626,0,0,5,0,0,0,0,0,100,0,0,0,0,0,0,0,0,0,0,0,0,0,0,0,0,0,0,0,0,100,100,0,0,0,0,-12,6,0,0,103,0,22,4,-1,3,2
416,tank4_destroyer_89,0,2,628,0,0,5,0,0,0,0,0,100,0,0,0,0,0,0,0,0,0,0,0,0,0,0,0,0,0,0,0,0,100,100,0,0,0,0,-12,6,0,0,103,0,22,4,-1,3,2
417,tank4_destroyer_89,0,2,629,0,0,5,0,0,0,0,0,100,0,0,0,0,0,0,0,0,0,0,0,0,0,0,0,0,0,0,0,0,100,100,0,0,0,0,-12,6,0,0,103,0,22,4,-1,3,2
418,tank4_destroyer_89,0,2,631,0,0,5,0,0,0,0,0,100,0,0,0,0,0,0,0,0,0,0,0,0,0,0,0,0,0,0,0,0,100,100,0,0,0,0,-12,6,0,0,103,0,22,4,-1,3,2
419,tank4_destroyer_89,0,2,632,0,0,5,0,0,0,0,0,100,0,0,0,0,0,0,0,0,0,0,0,0,0,0,0,0,0,0,0,0,100,100,0,0,0,0,-12,6,0,0,103,0,22,4,-1,3,2
420,tank4_destroyer_89,0,2,634,0,0,5,0,0,0,0,0,100,0,0,0,0,0,0,0,0,0,0,0,0,0,0,0,0,0,0,0,0,100,100,0,0,0,0,-12,6,0,0,103,0,22,4,-1,3,2
421,tank4_destroyer_89,0,2,636,0,0,5,0,0,0,0,0,100,0,0,0,0,0,0,0,0,0,0,0,0,0,0,0,0,0,0,0,0,100,100,0,0,0,0,-12,6,0,0,103,0,22,4,-1,3,2
422,tank4_destroyer_89,0,2,637,0,0,5,0,0,0,0,0,100,0,0,0,0,0,0,0,0,0,0,0,0,0,0,0,0,0,0,0,0,100,100,0,0,0,0,-12,6,0,0,103,0,22,4,-1,3,2
423,tank4_destroyer_89,0,2,639,0,0,5,0,0,0,0,0,100,0,0,0,0,0,0,0,0,0,0,0,0,0,0,0,0,0,0,0,0,100,100,0,0,0,0,-12,6,0,0,103,0,22,4,-1,3,2
424,tank4_destroyer_89,0,2,640,0,0,5,0,0,0,0,0,100,0,0,0,0,0,0,0,0,0,0,0,0,0,0,0,0,0,0,0,0,100,100,0,0,0,0,-12,6,0,0,103,0,22,4,-1,3,2
425,tank4_destroyer_89,0,2,642,0,0,5,0,0,0,0,0,100,0,0,0,0,0,0,0,0,0,0,0,0,0,0,0,0,0,0,0,0,100,100,0,0,0,0,-12,6,0,0,103,0,22,4,-1,3,2
426,tank4_destroyer_89,0,2,643,0,0,5,0,0,0,0,0,100,0,0,0,0,0,0,0,0,0,0,0,0,0,0,0,0,0,0,0,0,100,100,0,0,0,0,-12,6,0,0,103,0,22,4,-1,3,2
427,tank4_destroyer_89,0,2,645,0,0,5,0,0,0,0,0,100,0,0,0,0,0,0,0,0,0,0,0,0,0,0,0,0,0,0,0,0,100,100,0,0,0,0,-12,6,0,0,103,0,22,4,-1,3,2
428,tank4_destroyer_89,0,2,647,0,0,5,0,0,0,0,0,100,0,0,0,0,0,0,0,0,0,0,0,0,0,0,0,0,0,0,0,0,100,100,0,0,0,0,-12,6,0,0,103,0,22,4,-1,3,2
429,tank4_destroyer_89,0,2,648,0,0,5,0,0,0,0,0,100,0,0,0,0,0,0,0,0,0,0,0,0,0,0,0,0,0,0,0,0,100,100,0,0,0,0,-12,6,0,0,103,0,22,4,-1,3,2
430,tank4_destroyer_89,0,2,650,0,0,5,0,0,0,0,0,100,0,0,0,0,0,0,0,0,0,0,0,0,0,0,0,0,0,0,0,0,100,100,0,0,0,0,-12,6,0,0,103,0,22,4,-1,3,2
431,tank4_destroyer_89,0,2,651,0,0,5,0,0,0,0,0,100,0,0,0,0,0,0,0,0,0,0,0,0,0,0,0,0,0,0,0,0,100,100,0,0,0,0,-12,6,0,0,103,0,22,4,-1,3,2
432,tank4_destroyer_89,0,2,653,0,0,5,0,0,0,0,0,100,0,0,0,0,0,0,0,0,0,0,0,0,0,0,0,0,0,0,0,0,100,100,0,0,0,0,-12,6,0,0,103,0,22,4,-1,3,2
433,tank4_destroyer_89,0,2,654,0,0,5,0,0,0,0,0,100,0,0,0,0,0,0,0,0,0,0,0,0,0,0,0,0,0,0,0,0,100,100,0,0,0,0,-12,6,0,0,103,0,22,4,-1,3,2
434,tank4_destroyer_89,0,2,656,0,0,5,0,0,0,0,0,100,0,0,0,0,0,0,0,0,0,0,0,0,0,0,0,0,0,0,0,0,100,100,0,0,0,0,-12,6,0,0,103,0,22,4,-1,3,2
435,tank4_destroyer_89,0,2,657,0,0,5,0,0,0,0,0,100,0,0,0,0,0,0,0,0,0,0,0,0,0,0,0,0,0,0,0,0,100,100,0,0,0,0,-12,6,0,0,103,0,22,4,-1,3,2
436,tank4_destroyer_89,0,2,659,0,0,5,0,0,0,0,0,100,0,0,0,0,0,0,0,0,0,0,0,0,0,0,0,0,0,0,0,0,100,100,0,0,0,0,-12,6,0,0,103,0,22,4,-1,3,2
437,tank4_destroyer_89,0,2,661,0,0,5,0,0,0,0,0,100,0,0,0,0,0,0,0,0,0,0,0,0,0,0,0,0,0,0,0,0,100,100,0,0,0,0,-12,6,0,0,103,0,22,4,-1,3,2
438,tank4_destroyer_89,0,2,662,0,0,5,0,0,0,0,0,100,0,0,0,0,0,0,0,0,0,0,0,0,0,0,0,0,0,0,0,0,100,100,0,0,0,0,-12,6,0,0,103,0,22,4,-1,3,2
439,tank4_destroyer_89,0,2,664,0,0,5,0,0,0,0,0,100,0,0,0,0,0,0,0,0,0,0,0,0,0,0,0,0,0,0,0,0,100,100,0,0,0,0,-12,6,0,0,103,0,22,4,-1,3,2
440,tank4_destroyer_89,0,2,665,0,0,5,0,0,0,0,0,100,0,0,0,0,0,0,0,0,0,0,0,0,0,0,0,0,0,0,0,0,100,100,0,0,0,0,-12,6,0,0,103,0,22,4,-1,3,2
441,tank4_destroyer_89,0,2,667,0,0,5,0,0,0,0,0,100,0,0,0,0,0,0,0,0,0,0,0,0,0,0,0,0,0,0,0,0,100,100,0,0,0,0,-12,6,0,0,103,0,22,4,-1,3,2
442,tank4_destroyer_89,0,2,668,0,0,5,0,0,0,0,0,100,0,0,0,0,0,0,0,0,0,0,0,0,0,0,0,0,0,0,0,0,100,100,0,0,0,0,-12,6,0,0,103,0,22,4,-1,3,2
443,tank4_destroyer_89,0,2,670,0,0,5,0,0,0,0,0,100,0,0,0,0,0,0,0,0,0,0,0,0,0,0,0,0,0,0,0,0,100,100,0,0,0,0,-12,6,0,0,103,0,22,4,-1,3,2
444,tank4_destroyer_89,0,2,672,0,0,5,0,0,0,0,0,100,0,0,0,0,0,0,0,0,0,0,0,0,0,0,0,0,0,0,0,0,100,100,0,0,0,0,-12,6,0,0,103,0,22,4,-1,3,2
445,tank4_destroyer_89,0,2,673,0,0,5,0,0,0,0,0,100,0,0,0,0,0,0,0,0,0,0,0,0,0,0,0,0,0,0,0,0,100,100,0,0,0,0,-12,6,0,0,103,0,22,4,-1,3,2
446,tank4_destroyer_89,0,2,675,0,0,5,0,0,0,0,0,100,0,0,0,0,0,0,0,0,0,0,0,0,0,0,0,0,0,0,0,0,100,100,0,0,0,0,-12,6,0,0,103,0,22,4,-1,3,2
447,tank4_destroyer_89,0,2,676,0,0,5,0,0,0,0,0,100,0,0,0,0,0,0,0,0,0,0,0,0,0,0,0,0,0,0,0,0,100,100,0,0,0,0,-12,6,0,0,103,0,22,4,-1,3,2
448,tank4_destroyer_89,0,2,678,0,0,5,0,0,0,0,0,100,0,0,0,0,0,0,0,0,0,0,0,0,0,0,0,0,0,0,0,0,100,100,0,0,0,0,-12,6,0,0,103,0,22,4,-1,3,2
449,tank4_destroyer_89,0,2,679,0,0,5,0,0,0,0,0,100,0,0,0,0,0,0,0,0,0,0,0,0,0,0,0,0,0,0,0,0,100,100,0,0,0,0,-12,6,0,0,103,0,22,4,-1,3,2
450,tank4_destroyer_89,0,2,681,0,0,5,0,0,0,0,0,100,0,0,0,0,0,0,0,0,0,0,0,0,0,0,0,0,0,0,0,0,100,100,0,0,0,0,-12,6,0,0,103,0,22,4,-1,3,2
451,tank4_destroyer_89,0,2,682,0,0,5,0,0,0,0,0,100,0,0,0,0,0,0,0,0,0,0,0,0,0,0,0,0,0,0,0,0,100,100,0,0,0,0,-12,6,0,0,103,0,22,4,-1,3,2
452,tank4_destroyer_89,0,2,684,0,0,5,0,0,0,0,0,100,0,0,0,0,0,0,0,0,0,0,0,0,0,0,0,0,0,0,0,0,100,100,0,0,0,0,-12,6,0,0,103,0,22,4,-1,3,2
453,tank4_destroyer_89,0,2,686,0,0,5,0,0,0,0,0,100,0,0,0,0,0,0,0,0,0,0,0,0,0,0,0,0,0,0,0,0,100,100,0,0,0,0,-12,6,0,0,103,0,22,4,-1,3,2
454,tank4_destroyer_89,0,2,687,0,0,5,0,0,0,0,0,100,0,0,0,0,0,0,0,0,0,0,0,0,0,0,0,0,0,0,0,0,100,100,0,0,0,0,-12,6,0,0,103,0,22,4,-1,3,2
455,tank4_destroyer_89,0,2,689,0,0,5,0,0,0,0,0,100,0,0,0,0,0,0,0,0,0,0,0,0,0,0,0,0,0,0,0,0,100,100,0,0,0,0,-12,6,0,0,103,0,22,4,-1,3,2
456,tank4_destroyer_89,0,2,690,0,0,5,0,0,0,0,0,100,0,0,0,0,0,0,0,0,0,0,0,0,0,0,0,0,0,0,0,0,100,100,0,0,0,0,-12,6,0,0,103,0,22,4,-1,3,2
457,tank4_destroyer_89,0,2,692,0,0,5,0,0,0,0,0,100,0,0,0,0,0,0,0,0,0,0,0,0,0,0,0,0,0,0,0,0,100,100,0,0,0,0,-12,6,0,0,103,0,22,4,-1,3,2
458,tank4_destroyer_89,0,2,693,0,0,5,0,0,0,0,0,100,0,0,0,0,0,0,0,0,0,0,0,0,0,0,0,0,0,0,0,0,100,100,0,0,0,0,-12,6,0,0,103,0,22,4,-1,3,2
459,tank4_destroyer_89,0,2,695,0,0,5,0,0,0,0,0,100,0,0,0,0,0,0,0,0,0,0,0,0,0,0,0,0,0,0,0,0,100,100,0,0,0,0,-12,6,0,0,103,0,22,4,-1,3,2
460,tank4_destroyer_89,0,2,697,0,0,5,0,0,0,0,0,100,0,0,0,0,0,0,0,0,0,0,0,0,0,0,0,0,0,0,0,0,100,100,0,0,0,0,-12,6,0,0,103,0,22,4,-1,3,2
461,tank4_destroyer_89,0,2,698,0,0,5,0,0,0,0,0,100,0,0,0,0,0,0,0,0,0,0,0,0,0,0,0,0,0,0,0,0,100,100,0,0,0,0,-12,6,0,0,103,0,22,4,-1,3,2
462,tank4_destroyer_89,0,2,700,0,0,5,0,0,0,0,0,100,0,0,0,0,0,0,0,0,0,0,0,0,0,0,0,0,0,0,0,0,100,100,0,0,0,0,-12,6,0,0,103,0,22,4,-1,3,2
463,tank4_destroyer_89,0,2,701,0,0,5,0,0,0,0,0,100,0,0,0,0,0,0,0,0,0,0,0,0,0,0,0,0,0,0,0,0,100,100,0,0,0,0,-12,6,0,0,103,0,22,4,-1,3,2
464,tank4_destroyer_89,0,2,703,0,0,5,0,0,0,0,0,100,0,0,0,0,0,0,0,0,0,0,0,0,0,0,0,0,0,0,0,0,100,100,0,0,0,0,-12,6,0,0,103,0,22,4,-1,3,2
465,tank4_destroyer_89,0,2,704,0,0,5,0,0,0,0,0,100,0,0,0,0,0,0,0,0,0,0,0,0,0,0,0,0,0,0,0,0,100,100,0,0,0,0,-12,6,0,0,103,0,22,4,-1,3,2
466,tank4_destroyer_89,0,2,706,0,0,5,0,0,0,0,0,100,0,0,0,0,0,0,0,0,0,0,0,0,0,0,0,0,0,0,0,0,100,100,0,0,0,0,-12,6,0,0,103,0,22,4,-1,3,2
467,tank4_destroyer_89,0,2,707,0,0,5,0,0,0,0,0,100,0,0,0,0,0,0,0,0,0,0,0,0,0,0,0,0,0,0,0,0,100,100,0,0,0,0,-12,6,0,0,103,0,22,4,-1,3,2
468,tank4_destroyer_89,0,2,709,0,0,5,0,0,0,0,0,100,0,0,0,0,0,0,0,0,0,0,0,0,0,0,0,0,0,0,0,0,100,100,0,0,0,0,-12,6,0,0,103,0,22,4,-1,3,2
469,tank4_destroyer_89,0,2,711,0,0,5,0,0,0,0,0,100,0,0,0,0,0,0,0,0,0,0,0,0,0,0,0,0,0,0,0,0,100,100,0,0,0,0,-12,6,0,0,103,0,22,4,-1,3,2
470,tank4_destroyer_89,0,2,712,0,0,5,0,0,0,0,0,100,0,0,0,0,0,0,0,0,0,0,0,0,0,0,0,0,0,0,0,0,100,100,0,0,0,0,-12,6,0,0,103,0,22,4,-1,3,2
471,tank4_destroyer_89,0,2,714,0,0,5,0,0,0,0,0,100,0,0,0,0,0,0,0,0,0,0,0,0,0,0,0,0,0,0,0,0,100,100,0,0,0,0,-12,6,0,0,103,0,22,4,-1,3,2
472,tank4_destroyer_89,0,2,715,0,0,5,0,0,0,0,0,100,0,0,0,0,0,0,0,0,0,0,0,0,0,0,0,0,0,0,0,0,100,100,0,0,0,0,-12,6,0,0,103,0,22,4,-1,3,2
473,tank4_destroyer_89,0,2,717,0,0,5,0,0,0,0,0,100,0,0,0,0,0,0,0,0,0,0,0,0,0,0,0,0,0,0,0,0,100,100,0,0,0,0,-12,6,0,0,103,0,22,4,-1,3,2
474,tank4_destroyer_89,0,2,718,0,0,5,0,0,0,0,0,100,0,0,0,0,0,0,0,0,0,0,0,0,0,0,0,0,0,0,0,0,100,100,0,0,0,0,-12,6,0,0,103,0,22,4,-1,3,2
475,tank4_destroyer_89,0,2,720,0,0,5,0,0,0,0,0,100,0,0,0,0,0,0,0,0,0,0,0,0,0,0,0,0,0,0,0,0,100,100,0,0,0,0,-12,6,0,0,103,0,22,4,-1,3,2
476,tank4_destroyer_89,0,2,722,0,0,5,0,0,0,0,0,100,0,0,0,0,0,0,0,0,0,0,0,0,0,0,0,0,0,0,0,0,100,100,0,0,0,0,-12,6,0,0,103,0,22,4,-1,3,2
477,tank4_destroyer_89,0,2,723,0,0,5,0,0,0,0,0,100,0,0,0,0,0,0,0,0,0,0,0,0,0,0,0,0,0,0,0,0,100,100,0,0,0,0,-12,6,0,0,103,0,22,4,-1,3,2
478,tank4_destroyer_89,0,2,725,0,0,5,0,0,0,0,0,100,0,0,0,0,0,0,0,0,0,0,0,0,0,0,0,0,0,0,0,0,100,100,0,0,0,0,-12,6,0,0,103,0,22,4,-1,3,2
479,tank4_destroyer_89,0,2,726,0,0,5,0,0,0,0,0,100,0,0,0,0,0,0,0,0,0,0,0,0,0,0,0,0,0,0,0,0,100,100,0,0,0,0,-12,6,0,0,103,0,22,4,-1,3,2
480,tank4_destroyer_89,0,2,728,0,0,5,0,0,0,0,0,100,0,0,0,0,0,0,0,0,0,0,0,0,0,0,0,0,0,0,0,0,100,100,0,0,0,0,-12,6,0,0,103,0,22,4,-1,3,2
481,tank4_destroyer_89,0,2,729,0,0,5,0,0,0,0,0,100,0,0,0,0,0,0,0,0,0,0,0,0,0,0,0,0,0,0,0,0,100,100,0,0,0,0,-12,6,0,0,103,0,22,4,-1,3,2
482,tank4_destroyer_89,0,2,731,0,0,5,0,0,0,0,0,100,0,0,0,0,0,0,0,0,0,0,0,0,0,0,0,0,0,0,0,0,100,100,0,0,0,0,-12,6,0,0,103,0,22,4,-1,3,2
483,tank4_destroyer_89,0,2,732,0,0,5,0,0,0,0,0,100,0,0,0,0,0,0,0,0,0,0,0,0,0,0,0,0,0,0,0,0,100,100,0,0,0,0,-12,6,0,0,103,0,22,4,-1,3,2
484,tank4_destroyer_89,0,2,734,0,0,5,0,0,0,0,0,100,0,0,0,0,0,0,0,0,0,0,0,0,0,0,0,0,0,0,0,0,100,100,0,0,0,0,-12,6,0,0,103,0,22,4,-1,3,2
485,tank4_destroyer_89,0,2,736,0,0,5,0,0,0,0,0,100,0,0,0,0,0,0,0,0,0,0,0,0,0,0,0,0,0,0,0,0,100,100,0,0,0,0,-12,6,0,0,103,0,22,4,-1,3,2
486,tank4_destroyer_89,0,2,737,0,0,5,0,0,0,0,0,100,0,0,0,0,0,0,0,0,0,0,0,0,0,0,0,0,0,0,0,0,100,100,0,0,0,0,-12,6,0,0,103,0,22,4,-1,3,2
487,tank4_destroyer_89,0,2,739,0,0,5,0,0,0,0,0,100,0,0,0,0,0,0,0,0,0,0,0,0,0,0,0,0,0,0,0,0,100,100,0,0,0,0,-12,6,0,0,103,0,22,4,-1,3,2
488,tank4_destroyer_89,0,2,740,0,0,5,0,0,0,0,0,100,0,0,0,0,0,0,0,0,0,0,0,0,0,0,0,0,0,0,0,0,100,100,0,0,0,0,-12,6,0,0,103,0,22,4,-1,3,2
489,tank4_destroyer_89,0,2,742,0,0,5,0,0,0,0,0,100,0,0,0,0,0,0,0,0,0,0,0,0,0,0,0,0,0,0,0,0,100,100,0,0,0,0,-12,6,0,0,103,0,22,4,-1,3,2
490,tank4_destroyer_89,0,2,743,0,0,5,0,0,0,0,0,100,0,0,0,0,0,0,0,0,0,0,0,0,0,0,0,0,0,0,0,0,100,100,0,0,0,0,-12,6,0,0,103,0,22,4,-1,4,2
491,tank4_destroyer_89,0,2,745,0,0,5,0,0,0,0,0,100,0,0,0,0,0,0,0,0,0,0,0,0,0,0,0,0,0,0,0,0,100,100,0,0,0,0,-12,6,0,0,103,0,22,4,-1,4,2
492,tank4_destroyer_89,0,2,747,0,0,5,0,0,0,0,0,100,0,0,0,0,0,0,0,0,0,0,0,0,0,0,0,0,0,0,0,0,100,100,0,0,0,0,-12,6,0,0,103,0,22,4,-1,4,2
493,tank4_destroyer_89,0,2,748,0,0,5,0,0,0,0,0,100,0,0,0,0,0,0,0,0,0,0,0,0,0,0,0,0,0,0,0,0,100,100,0,0,0,0,-12,6,0,0,103,0,22,4,-1,4,2
494,tank4_destroyer_89,0,2,750,0,0,5,0,0,0,0,0,100,0,0,0,0,0,0,0,0,0,0,0,0,0,0,0,0,0,0,0,0,100,100,0,0,0,0,-12,6,0,0,103,0,22,4,-1,4,2
495,tank4_destroyer_89,0,2,751,0,0,5,0,0,0,0,0,100,0,0,0,0,0,0,0,0,0,0,0,0,0,0,0,0,0,0,0,0,100,100,0,0,0,0,-12,6,0,0,103,0,22,4,-1,4,2
496,tank4_destroyer_89,0,2,753,0,0,5,0,0,0,0,0,100,0,0,0,0,0,0,0,0,0,0,0,0,0,0,0,0,0,0,0,0,100,100,0,0,0,0,-12,6,0,0,103,0,22,4,-1,4,2
497,tank4_destroyer_89,0,2,754,0,0,5,0,0,0,0,0,100,0,0,0,0,0,0,0,0,0,0,0,0,0,0,0,0,0,0,0,0,100,100,0,0,0,0,-12,6,0,0,103,0,22,4,-1,4,2
498,tank4_destroyer_89,0,2,756,0,0,5,0,0,0,0,0,100,0,0,0,0,0,0,0,0,0,0,0,0,0,0,0,0,0,0,0,0,100,100,0,0,0,0,-12,6,0,0,103,0,22,4,-1,4,2
499,tank4_destroyer_89,0,2,757,0,0,5,0,0,0,0,0,100,0,0,0,0,0,0,0,0,0,0,0,0,0,0,0,0,0,0,0,0,100,100,0,0,0,0,-12,6,0,0,103,0,22,4,-1,4,2
500,tank4_destroyer_89,0,2,759,0,0,5,0,0,0,0,0,100,0,0,0,0,0,0,0,0,0,0,0,0,0,0,0,0,0,0,0,0,100,100,0,0,0,0,-12,6,0,0,103,0,22,4,-1,4,2
501,tank4_destroyer_89,0,2,761,0,0,5,0,0,0,10,1,100,0,0,0,10,0,0,0,0,0,0,0,0,0,0,0,0,0,0,0,0,100,100,0,0,0,0,-12,6,0,0,103,0,22,4,-1,4,2
502,tank4_destroyer_89,0,2,762,0,0,5,0,0,0,20,2,100,1,0,0,20,0,0,0,0,0,0,0,0,0,0,0,0,0,0,0,0,100,100,0,0,0,0,-12,6,0,0,103,0,22,4,-1,4,2
503,tank4_destroyer_89,0,2,764,0,0,5,0,0,0,30,3,100,2,0,0,30,0,0,0,0,0,0,0,0,0,0,0,0,0,0,0,0,100,100,0,0,0,0,-12,6,0,0,103,0,22,4,-1,4,2
504,tank4_destroyer_89,0,2,765,0,0,5,0,0,0,40,4,100,3,0,0,40,0,0,0,0,0,0,0,0,0,0,0,0,0,0,0,0,100,100,0,0,0,0,-12,6,0,0,103,0,22,4,-1,4,2
505,tank4_destroyer_89,0,2,767,0,0,5,0,0,0,50,5,100,3,0,0,50,0,0,0,0,0,0,0,0,0,0,0,0,0,0,0,0,100,100,0,0,0,0,-12,6,0,0,103,0,22,4,-1,4,2
506,tank4_destroyer_89,0,2,768,0,0,5,0,0,0,60,6,100,4,0,0,60,0,0,0,0,0,0,0,0,0,0,0,0,0,0,0,0,100,100,0,0,0,0,-12,6,0,0,103,0,22,4,-1,4,2
507,tank4_destroyer_89,0,2,770,0,0,5,0,0,0,70,7,100,5,0,0,70,0,0,0,0,0,0,0,0,0,0,0,0,0,0,0,0,100,100,0,0,0,0,-12,6,0,0,103,0,22,4,-1,4,2
508,tank4_destroyer_89,0,2,772,0,0,5,0,0,0,90,8,100,6,0,0,80,0,0,0,0,0,0,0,0,0,0,0,0,0,0,0,0,100,100,0,0,0,0,-12,6,0,0,103,0,22,4,-1,4,2
509,tank4_destroyer_89,0,2,773,0,0,5,0,0,0,110,9,100,7,0,0,90,0,0,0,0,0,0,0,0,0,0,0,0,0,0,0,0,100,100,0,0,0,0,-12,6,0,0,103,0,22,4,-1,4,2
510,tank4_destroyer_89,0,2,775,0,0,5,0,0,0,130,10,100,7,0,0,100,0,0,0,0,0,0,0,0,0,0,0,0,0,0,0,0,100,100,0,0,0,0,-12,6,0,0,103,0,22,4,-1,4,2
511,tank4_destroyer_89,0,2,776,0,0,5,0,0,0,150,11,100,8,0,0,100,0,0,0,0,0,0,0,0,0,0,0,0,0,0,0,0,100,100,0,0,0,0,-12,6,0,0,103,0,22,4,-1,4,2
512,tank4_destroyer_89,0,2,778,0,0,5,0,0,0,170,12,100,9,0,0,100,0,0,0,0,0,0,0,0,0,0,0,0,0,0,0,0,100,100,0,0,0,0,-12,6,0,0,103,0,22,4,-1,4,2
513,tank4_destroyer_89,0,2,779,0,0,5,0,0,0,190,13,100,10,0,0,100,0,0,0,0,0,0,0,0,0,0,0,0,0,0,0,0,100,100,0,0,0,0,-12,6,0,0,103,0,22,4,-1,4,2
514,tank4_destroyer_89,0,2,781,0,0,5,0,0,0,210,14,100,10,0,0,100,0,0,0,0,0,0,0,0,0,0,0,0,0,0,0,0,100,100,0,0,0,0,-12,6,0,0,103,0,22,4,-1,4,2
515,tank4_destroyer_89,0,2,782,0,0,5,0,0,0,230,15,100,11,0,0,100,0,0,0,0,0,0,0,0,0,0,0,0,0,0,0,0,100,100,0,0,0,0,-12,6,0,0,103,0,22,4,-1,4,2
516,tank4_destroyer_89,0,2,784,0,0,5,0,0,0,260,16,100,12,0,0,100,0,0,0,0,0,0,0,0,0,0,0,0,0,0,0,0,100,100,0,0,0,0,-12,6,0,0,103,0,22,4,-1,4,2
517,tank4_destroyer_89,0,2,786,0,0,5,0,0,0,290,17,100,13,0,0,100,0,0,0,0,0,0,0,0,0,0,0,0,0,0,0,0,100,100,0,0,0,0,-12,6,0,0,103,0,22,4,-1,4,2
518,tank4_destroyer_89,0,2,787,0,0,5,0,0,0,320,18,100,14,0,0,100,0,0,0,0,0,0,0,0,0,0,0,0,0,0,0,0,100,100,0,0,0,0,-12,6,0,0,103,0,22,4,-1,4,2
519,tank4_destroyer_89,0,2,789,0,0,5,0,0,0,350,19,100,14,0,0,100,0,0,0,0,0,0,0,0,0,0,0,0,0,0,0,0,100,100,0,0,0,0,-12,6,0,0,103,0,22,4,-1,4,2
520,tank4_destroyer_89,0,2,790,0,0,5,0,0,0,380,20,100,15,0,0,100,0,0,0,0,0,0,0,0,0,0,0,0,0,0,0,0,100,100,0,0,0,0,-12,6,0,0,103,0,22,4,-1,4,2
521,tank4_destroyer_89,0,2,792,0,0,5,0,0,0,410,21,100,16,0,0,100,0,0,0,0,0,0,0,0,0,0,0,0,0,0,0,0,100,100,0,0,0,0,-12,6,0,0,103,0,22,4,-1,4,2
522,tank4_destroyer_89,0,2,793,0,0,5,0,0,0,440,22,100,17,0,0,100,0,0,0,0,0,0,0,0,0,0,0,0,0,0,0,0,100,100,0,0,0,0,-12,6,0,0,103,0,22,4,-1,4,2
523,tank4_destroyer_89,0,2,795,0,0,5,0,0,0,470,23,100,17,0,0,100,0,0,0,0,0,0,0,0,0,0,0,0,0,0,0,0,100,100,0,0,0,0,-12,6,0,0,103,0,22,4,-1,4,2
524,tank4_destroyer_89,0,2,797,0,0,5,0,0,0,510,24,100,18,0,0,100,0,0,0,0,0,0,0,0,0,0,0,0,0,0,0,0,100,100,0,0,0,0,-12,6,0,0,103,0,22,4,-1,4,2
525,tank4_destroyer_89,0,2,798,0,0,5,0,0,0,550,25,100,19,0,0,100,0,0,0,0,0,0,0,0,0,0,0,0,0,0,0,0,100,100,0,0,0,0,-12,6,0,0,103,0,22,4,-1,4,2
526,tank4_destroyer_89,0,2,800,0,0,5,0,0,0,590,26,100,20,0,0,100,0,0,0,0,0,0,0,0,0,0,0,0,0,0,0,0,100,100,0,0,0,0,-12,6,0,0,103,0,22,4,-1,4,2
527,tank4_destroyer_89,0,2,801,0,0,5,0,0,0,630,27,100,21,0,0,100,0,0,0,0,0,0,0,0,0,0,0,0,0,0,0,0,100,100,0,0,0,0,-12,6,0,0,103,0,22,4,-1,4,2
528,tank4_destroyer_89,0,2,803,0,0,5,0,0,0,670,28,100,21,0,0,100,0,0,0,0,0,0,0,0,0,0,0,0,0,0,0,0,100,100,0,0,0,0,-12,6,0,0,103,0,22,4,-1,4,2
529,tank4_destroyer_89,0,2,804,0,0,5,0,0,0,710,29,100,22,0,0,100,0,0,0,0,0,0,0,0,0,0,0,0,0,0,0,0,100,100,0,0,0,0,-12,6,0,0,103,0,22,4,-1,4,2
530,tank4_destroyer_89,0,2,806,0,0,5,0,0,0,750,30,100,23,0,0,100,0,0,0,0,0,0,0,0,0,0,0,0,0,0,0,0,100,100,0,0,0,0,-12,6,0,0,103,0,22,4,-1,4,2
531,tank4_destroyer_89,0,2,807,0,0,5,0,0,0,790,31,100,24,0,0,100,0,0,0,0,0,0,0,0,0,0,0,0,0,0,0,0,100,100,0,0,0,0,-12,6,0,0,103,0,22,4,-1,4,2
532,tank4_destroyer_89,0,2,809,0,0,5,0,0,0,840,32,100,25,0,0,100,0,0,0,0,0,0,0,0,0,0,0,0,0,0,0,0,100,100,0,0,0,0,-12,6,0,0,103,0,22,4,-1,4,2
533,tank4_destroyer_89,0,2,811,0,0,5,0,0,0,890,33,100,25,0,0,100,0,0,0,0,0,0,0,0,0,0,0,0,0,0,0,0,100,100,0,0,0,0,-12,6,0,0,103,0,22,4,-1,4,2
534,tank4_destroyer_89,0,2,812,0,0,5,0,0,0,940,34,100,26,0,0,100,0,0,0,0,0,0,0,0,0,0,0,0,0,0,0,0,100,100,0,0,0,0,-12,6,0,0,103,0,22,4,-1,4,2
535,tank4_destroyer_89,0,2,814,0,0,5,0,0,0,990,35,100,27,0,0,100,0,0,0,0,0,0,0,0,0,0,0,0,0,0,0,0,100,100,0,0,0,0,-12,6,0,0,103,0,22,4,-1,4,2
536,tank4_destroyer_89,0,2,815,0,0,5,0,0,0,1040,36,100,28,0,0,100,0,0,0,0,0,0,0,0,0,0,0,0,0,0,0,0,100,100,0,0,0,0,-12,6,0,0,103,0,22,4,-1,4,2
537,tank4_destroyer_89,0,2,817,0,0,5,0,0,0,1090,37,100,28,0,0,100,0,0,0,0,0,0,0,0,0,0,0,0,0,0,0,0,100,100,0,0,0,0,-12,6,0,0,103,0,22,4,-1,4,2
538,tank4_destroyer_89,0,2,818,0,0,5,0,0,0,1140,38,100,29,0,0,100,0,0,0,0,0,0,0,0,0,0,0,0,0,0,0,0,100,100,0,0,0,0,-12,6,0,0,103,0,22,4,-1,4,2
539,tank4_destroyer_89,0,2,820,0,0,5,0,0,0,1190,39,100,30,0,0,100,0,0,0,0,0,0,0,0,0,0,0,0,0,0,0,0,100,100,0,0,0,0,-12,6,0,0,103,0,22,4,-1,4,2
540,tank4_destroyer_89,0,2,822,0,0,5,0,0,0,1250,40,100,31,0,0,100,0,0,0,0,0,0,0,0,0,0,0,0,0,0,0,0,100,100,0,0,0,0,-12,6,0,0,103,0,22,4,-1,4,2
541,tank4_destroyer_89,0,2,823,0,0,5,0,0,0,1310,41,100,32,0,0,100,0,0,0,0,0,0,0,0,0,0,0,0,0,0,0,0,100,100,0,0,0,0,-12,6,0,0,103,0,22,4,-1,4,2
542,tank4_destroyer_89,0,2,825,0,0,5,0,0,0,1370,42,100,32,0,0,100,0,0,0,0,0,0,0,0,0,0,0,0,0,0,0,0,100,100,0,0,0,0,-12,6,0,0,103,0,22,4,-1,4,2
543,tank4_destroyer_89,0,2,826,0,0,5,0,0,0,1430,43,100,33,0,0,100,0,0,0,0,0,0,0,0,0,0,0,0,0,0,0,0,100,100,0,0,0,0,-12,6,0,0,103,0,22,4,-1,4,2
544,tank4_destroyer_89,0,2,828,0,0,5,0,0,0,1490,44,100,34,0,0,100,0,0,0,0,0,0,0,0,0,0,0,0,0,0,0,0,100,100,0,0,0,0,-12,6,0,0,103,0,22,4,-1,4,2
545,tank4_destroyer_89,0,2,829,0,0,5,0,0,0,1550,45,100,35,0,0,100,0,0,0,0,0,0,0,0,0,0,0,0,0,0,0,0,100,100,0,0,0,0,-12,6,0,0,103,0,22,4,-1,4,2
546,tank4_destroyer_89,0,2,831,0,0,5,0,0,0,1610,46,100,35,0,0,100,0,0,0,0,0,0,0,0,0,0,0,0,0,0,0,0,100,100,0,0,0,0,-12,6,0,0,103,0,22,4,-1,4,2
547,tank4_destroyer_89,0,2,832,0,0,5,0,0,0,1670,47,100,36,0,0,100,0,0,0,0,0,0,0,0,0,0,0,0,0,0,0,0,100,100,0,0,0,0,-12,6,0,0,103,0,22,4,-1,4,2
548,tank4_destroyer_89,0,2,834,0,0,5,0,0,0,1740,48,100,37,0,0,100,0,0,0,0,0,0,0,0,0,0,0,0,0,0,0,0,100,100,0,0,0,0,-12,6,0,0,103,0,22,4,-1,4,2
549,tank4_destroyer_89,0,2,836,0,0,5,0,0,0,1810,49,100,38,0,0,100,0,0,0,0,0,0,0,0,0,0,0,0,0,0,0,0,100,100,0,0,0,0,-12,6,0,0,103,0,22,4,-1,4,2
550,tank4_destroyer_89,0,2,837,0,0,5,0,0,0,1880,50,100,39,0,0,100,0,0,0,0,0,0,0,0,0,0,0,0,0,0,0,0,100,100,0,0,0,0,-12,6,0,0,103,0,22,4,-1,4,2
551,tank4_destroyer_89,0,2,839,0,0,5,0,0,0,1950,51,100,39,0,0,100,0,0,0,0,0,0,0,0,0,0,0,0,0,0,0,0,100,100,0,0,0,0,-12,6,0,0,103,0,22,4,-1,4,2
552,tank4_destroyer_89,0,2,840,0,0,5,0,0,0,2020,52,100,40,0,0,100,0,0,0,0,0,0,0,0,0,0,0,0,0,0,0,0,100,100,0,0,0,0,-12,6,0,0,103,0,22,4,-1,4,2
553,tank4_destroyer_89,0,2,842,0,0,5,0,0,0,2090,53,100,41,0,0,100,0,0,0,0,0,0,0,0,0,0,0,0,0,0,0,0,100,100,0,0,0,0,-12,6,0,0,103,0,22,4,-1,4,2
554,tank4_destroyer_89,0,2,843,0,0,5,0,0,0,2160,54,100,42,0,0,100,0,0,0,0,0,0,0,0,0,0,0,0,0,0,0,0,100,100,0,0,0,0,-12,6,0,0,103,0,22,4,-1,4,2
555,tank4_destroyer_89,0,2,845,0,0,5,0,0,0,2230,55,100,42,0,0,100,0,0,0,0,0,0,0,0,0,0,0,0,0,0,0,0,100,100,0,0,0,0,-12,6,0,0,103,0,22,4,-1,4,2
556,tank4_destroyer_89,0,2,847,0,0,5,0,0,0,2310,56,100,43,0,0,100,0,0,0,0,0,0,0,0,0,0,0,0,0,0,0,0,100,100,0,0,0,0,-12,6,0,0,103,0,22,4,-1,4,2
557,tank4_destroyer_89,0,2,848,0,0,5,0,0,0,2390,57,100,44,0,0,100,0,0,0,0,0,0,0,0,0,0,0,0,0,0,0,0,100,100,0,0,0,0,-12,6,0,0,103,0,22,4,-1,4,2
558,tank4_destroyer_89,0,2,850,0,0,5,0,0,0,2470,58,100,45,0,0,100,0,0,0,0,0,0,0,0,0,0,0,0,0,0,0,0,100,100,0,0,0,0,-12,6,0,0,103,0,22,4,-1,4,2
559,tank4_destroyer_89,0,2,851,0,0,5,0,0,0,2550,59,100,46,0,0,100,0,0,0,0,0,0,0,0,0,0,0,0,0,0,0,0,100,100,0,0,0,0,-12,6,0,0,103,0,22,4,-1,4,2
560,tank4_destroyer_89,0,2,853,0,0,5,0,0,0,2630,60,100,46,0,0,100,0,0,0,0,0,0,0,0,0,0,0,0,0,0,0,0,100,100,0,0,0,0,-12,0,0,0,103,0,22,4,-1,4,2
561,tank4_destroyer_89,0,2,854,0,0,5,0,0,0,2710,61,100,47,0,0,100,0,0,0,0,0,0,0,0,0,0,0,0,0,0,0,0,100,100,0,0,0,0,-12,0,0,0,103,0,22,4,-1,4,2
562,tank4_destroyer_89,0,2,856,0,0,5,0,0,0,2790,62,100,48,0,0,100,0,0,0,0,0,0,0,0,0,0,0,0,0,0,0,0,100,100,0,0,0,0,-12,0,0,0,103,0,22,4,-1,4,2
563,tank4_destroyer_89,0,2,857,0,0,5,0,0,0,2870,63,100,49,0,0,100,0,0,0,0,0,0,0,0,0,0,0,0,0,0,0,0,100,100,0,0,0,0,-12,0,0,0,103,0,22,4,-1,4,2
564,tank4_destroyer_89,0,2,859,0,0,5,0,0,0,2950,64,100,50,0,0,100,0,0,0,0,0,0,0,0,0,0,0,0,0,0,0,0,100,100,0,0,0,0,-12,0,0,0,103,0,22,4,-1,4,2
565,tank4_destroyer_89,0,2,861,0,0,5,0,0,0,3030,65,100,50,0,0,100,0,0,0,0,0,0,0,0,0,0,0,0,0,0,0,0,100,100,0,0,0,0,-12,0,0,0,103,0,22,4,-1,4,2
566,tank4_destroyer_89,0,2,862,0,0,5,0,0,0,3110,66,100,51,0,0,100,0,0,0,0,0,0,0,0,0,0,0,0,0,0,0,0,100,100,0,0,0,0,-12,0,0,0,103,0,22,4,-1,4,2
567,tank4_destroyer_89,0,2,864,0,0,5,0,0,0,3190,67,100,52,0,0,100,0,0,0,0,0,0,0,0,0,0,0,0,0,0,0,0,100,100,0,0,0,0,-12,0,0,0,103,0,22,4,-1,4,2
568,tank4_destroyer_89,0,2,865,0,0,5,0,0,0,3270,68,100,53,0,0,100,0,0,0,0,0,0,0,0,0,0,0,0,0,0,0,0,100,100,0,0,0,0,-12,0,0,0,103,0,22,4,-1,4,2
569,tank4_destroyer_89,0,2,867,0,0,5,0,0,0,3350,69,100,53,0,0,100,0,0,0,0,0,0,0,0,0,0,0,0,0,0,0,0,100,100,0,0,0,0,-12,0,0,0,103,0,22,4,-1,4,2
570,tank4_destroyer_89,0,2,868,0,0,5,0,0,0,3430,70,100,54,0,0,100,0,0,0,0,0,0,0,0,0,0,0,0,0,0,0,0,100,100,0,0,0,0,-12,0,0,0,103,0,22,4,-1,4,2
571,tank4_destroyer_89,0,2,870,0,0,5,0,0,0,3510,71,100,55,0,0,100,0,0,0,0,0,0,0,0,0,0,0,0,0,0,0,0,100,100,0,0,0,0,-12,0,0,0,103,0,22,4,-1,4,2
572,tank4_destroyer_89,0,2,872,0,0,5,0,0,0,3590,72,100,56,0,0,100,0,0,0,0,0,0,0,0,0,0,0,0,0,0,0,0,100,100,0,0,0,0,-12,0,0,0,103,0,22,4,-1,4,2
573,tank4_destroyer_89,0,2,873,0,0,5,0,0,0,3670,73,100,57,0,0,100,0,0,0,0,0,0,0,0,0,0,0,0,0,0,0,0,100,100,0,0,0,0,-12,0,0,0,103,0,22,4,-1,4,2
574,tank4_destroyer_89,0,2,875,0,0,5,0,0,0,3750,74,100,57,0,0,100,0,0,0,0,0,0,0,0,0,0,0,0,0,0,0,0,100,100,0,0,0,0,-12,0,0,0,103,0,22,4,-1,4,2
575,tank4_destroyer_89,0,2,876,0,0,5,0,0,0,3830,75,100,58,0,0,100,0,0,0,0,0,0,0,0,0,0,0,0,0,0,0,0,100,100,0,0,0,0,-12,0,0,0,103,0,22,4,-1,4,2
576,tank4_destroyer_89,0,2,878,0,0,5,0,0,0,3910,76,100,59,0,0,100,0,0,0,0,0,0,0,0,0,0,0,0,0,0,0,0,100,100,0,0,0,0,-12,0,0,0,103,0,22,4,-1,4,2
577,tank4_destroyer_89,0,2,879,0,0,5,0,0,0,3990,77,100,60,0,0,100,0,0,0,0,0,0,0,0,0,0,0,0,0,0,0,0,100,100,0,0,0,0,-12,0,0,0,103,0,22,4,-1,4,2
578,tank4_destroyer_89,0,2,881,0,0,5,0,0,0,4070,78,100,60,0,0,100,0,0,0,0,0,0,0,0,0,0,0,0,0,0,0,0,100,100,0,0,0,0,-12,0,0,0,103,0,22,4,-1,4,2
579,tank4_destroyer_89,0,2,882,0,0,5,0,0,0,4150,79,100,61,0,0,100,0,0,0,0,0,0,0,0,0,0,0,0,0,0,0,0,100,100,0,0,0,0,-12,0,0,0,103,0,22,4,-1,4,2
580,tank4_destroyer_89,0,2,884,0,0,5,0,0,0,4230,80,100,62,0,0,100,0,0,0,0,0,0,0,0,0,0,0,0,0,0,0,0,100,100,0,0,0,0,-12,0,0,0,103,0,22,4,-1,4,2
581,tank4_destroyer_89,0,2,886,0,0,5,0,0,0,4310,81,100,63,0,0,100,0,0,0,0,0,0,0,0,0,0,0,0,0,0,0,0,100,100,0,0,0,0,-12,0,0,0,103,0,22,4,-1,4,2
582,tank4_destroyer_89,0,2,887,0,0,5,0,0,0,4390,82,100,64,0,0,100,0,0,0,0,0,0,0,0,0,0,0,0,0,0,0,0,100,100,0,0,0,0,-12,0,0,0,103,0,22,4,-1,4,2
583,tank4_destroyer_89,0,2,889,0,0,5,0,0,0,4470,83,100,64,0,0,100,0,0,0,0,0,0,0,0,0,0,0,0,0,0,0,0,100,100,0,0,0,0,-12,0,0,0,103,0,22,4,-1,4,2
584,tank4_destroyer_89,0,2,890,0,0,5,0,0,0,4550,84,100,65,0,0,100,0,0,0,0,0,0,0,0,0,0,0,0,0,0,0,0,100,100,0,0,0,0,-12,0,0,0,103,0,22,4,-1,4,2
585,tank4_destroyer_89,0,2,892,0,0,5,0,0,0,4630,85,100,66,0,0,100,0,0,0,0,0,0,0,0,0,0,0,0,0,0,0,0,100,100,0,0,0,0,-12,0,0,0,103,0,22,4,-1,4,2
586,tank4_destroyer_89,0,2,893,0,0,5,0,0,0,4710,86,100,67,0,0,100,0,0,0,0,0,0,0,0,0,0,0,0,0,0,0,0,100,100,0,0,0,0,-12,0,0,0,103,0,22,4,-1,4,2
587,tank4_destroyer_89,0,2,895,0,0,5,0,0,0,4790,87,100,67,0,0,100,0,0,0,0,0,0,0,0,0,0,0,0,0,0,0,0,100,100,0,0,0,0,-12,0,0,0,103,0,22,4,-1,4,2
588,tank4_destroyer_89,0,2,897,0,0,5,0,0,0,4870,88,100,68,0,0,100,0,0,0,0,0,0,0,0,0,0,0,0,0,0,0,0,100,100,0,0,0,0,-12,0,0,0,103,0,22,4,-1,4,2
589,tank4_destroyer_89,0,2,898,0,0,5,0,0,0,4950,89,100,69,0,0,100,0,0,0,0,0,0,0,0,0,0,0,0,0,0,0,0,100,100,0,0,0,0,-12,0,0,0,103,0,22,4,-1,4,2
590,tank4_destroyer_89,0,2,900,0,0,5,0,0,0,5030,90,100,70,0,0,100,0,0,0,0,0,0,0,0,0,0,0,0,0,0,0,0,100,100,0,0,0,0,-12,0,0,0,103,0,22,4,-1,4,2
591,tank4_destroyer_89,0,2,901,0,0,5,0,0,0,5110,91,100,71,0,0,100,0,0,0,0,0,0,0,0,0,0,0,0,0,0,0,0,100,100,0,0,0,0,-12,0,0,0,103,0,22,4,-1,4,2
592,tank4_destroyer_89,0,2,903,0,0,5,0,0,0,5190,92,100,71,0,0,100,0,0,0,0,0,0,0,0,0,0,0,0,0,0,0,0,100,100,0,0,0,0,-12,0,0,0,103,0,22,4,-1,4,2
593,tank4_destroyer_89,0,2,904,0,0,5,0,0,0,5270,93,100,72,0,0,100,0,0,0,0,0,0,0,0,0,0,0,0,0,0,0,0,100,100,0,0,0,0,-12,0,0,0,103,0,22,4,-1,4,2
594,tank4_destroyer_89,0,2,906,0,0,5,0,0,0,5350,94,100,73,0,0,100,0,0,0,0,0,0,0,0,0,0,0,0,0,0,0,0,100,100,0,0,0,0,-12,0,0,0,103,0,22,4,-1,4,2
595,tank4_destroyer_89,0,2,907,0,0,5,0,0,0,5430,95,100,74,0,0,100,0,0,0,0,0,0,0,0,0,0,0,0,0,0,0,0,100,100,0,0,0,0,-12,0,0,0,103,0,22,4,-1,4,2
596,tank4_destroyer_89,0,2,909,0,0,5,0,0,0,5510,96,100,75,0,0,100,0,0,0,0,0,0,0,0,0,0,0,0,0,0,0,0,100,100,0,0,0,0,-12,0,0,0,103,0,22,4,-1,4,2
597,tank4_destroyer_89,0,2,911,0,0,5,0,0,0,5590,97,100,75,0,0,100,0,0,0,0,0,0,0,0,0,0,0,0,0,0,0,0,100,100,0,0,0,0,-12,0,0,0,103,0,22,4,-1,4,2
598,tank4_destroyer_89,0,2,912,0,0,5,0,0,0,5670,98,100,76,0,0,100,0,0,0,0,0,0,0,0,0,0,0,0,0,0,0,0,100,100,0,0,0,0,-12,0,0,0,103,0,22,4,-1,4,2
599,tank4_destroyer_89,0,2,914,0,0,5,0,0,0,5750,99,100,77,0,0,100,0,0,0,0,0,0,0,0,0,0,0,0,0,0,0,0,100,100,0,0,0,0,-12,0,0,0,103,0,22,4,-1,4,2
600,tank4_destroyer_89,0,2,915,0,0,5,0,0,0,5830,100,100,78,0,0,100,0,0,0,0,0,0,0,0,0,0,0,0,0,0,0,0,100,100,0,0,0,0,-12,0,0,0,103,0,22,4,-1,4,2
601,tank4_destroyer_89,0,2,917,0,0,5,0,0,0,5910,101,100,78,0,0,100,0,0,0,0,0,0,0,0,0,0,0,0,0,0,0,0,100,100,0,0,0,0,-12,6,0,0,103,0,22,4,-1,4,2
602,tank4_destroyer_89,0,2,918,0,0,5,0,0,0,5990,102,100,79,0,0,100,0,0,0,0,0,0,0,0,0,0,0,0,0,0,0,0,100,100,0,0,0,0,-12,6,0,0,103,0,22,4,-1,4,2
603,tank4_destroyer_89,0,2,920,0,0,5,0,0,0,6070,103,100,80,0,0,100,0,0,0,0,0,0,0,0,0,0,0,0,0,0,0,0,100,100,0,0,0,0,-12,6,0,0,103,0,22,4,-1,4,2
604,tank4_destroyer_89,0,2,922,0,0,5,0,0,0,6150,104,100,81,0,0,100,0,0,0,0,0,0,0,0,0,0,0,0,0,0,0,0,100,100,0,0,0,0,-12,6,0,0,103,0,22,4,-1,4,2
605,tank4_destroyer_89,0,2,923,0,0,5,0,0,0,6230,105,100,82,0,0,100,0,0,0,0,0,0,0,0,0,0,0,0,0,0,0,0,100,100,0,0,0,0,-12,6,0,0,103,0,22,4,-1,4,2
606,tank4_destroyer_89,0,2,925,0,0,5,0,0,0,6310,106,100,82,0,0,100,0,0,0,0,0,0,0,0,0,0,0,0,0,0,0,0,100,100,0,0,0,0,-12,6,0,0,103,0,22,4,-1,4,2
607,tank4_destroyer_89,0,2,926,0,0,5,0,0,0,6390,107,100,83,0,0,100,0,0,0,0,0,0,0,0,0,0,0,0,0,0,0,0,100,100,0,0,0,0,-12,6,0,0,103,0,22,4,-1,4,2
608,tank4_destroyer_89,0,2,928,0,0,5,0,0,0,6470,108,100,84,0,0,100,0,0,0,0,0,0,0,0,0,0,0,0,0,0,0,0,100,100,0,0,0,0,-12,6,0,0,103,0,22,4,-1,4,2
609,tank4_destroyer_89,0,2,929,0,0,5,0,0,0,6550,109,100,85,0,0,100,0,0,0,0,0,0,0,0,0,0,0,0,0,0,0,0,100,100,0,0,0,0,-12,6,0,0,103,0,22,4,-1,4,2
610,tank4_destroyer_89,0,2,931,0,0,5,0,0,0,6630,110,100,85,0,0,100,0,0,0,0,0,0,0,0,0,0,0,0,0,0,0,0,100,100,0,0,0,0,-12,6,0,0,103,0,22,4,-1,4,2
611,tank4_destroyer_89,0,2,932,0,0,5,0,0,0,6710,111,100,86,0,0,100,0,0,0,0,0,0,0,0,0,0,0,0,0,0,0,0,100,100,0,0,0,0,-12,6,0,0,103,0,22,4,-1,4,2
612,tank4_destroyer_89,0,2,934,0,0,5,0,0,0,6790,112,100,87,0,0,100,0,0,0,0,0,0,0,0,0,0,0,0,0,0,0,0,100,100,0,0,0,0,-12,6,0,0,103,0,22,4,-1,4,2
613,tank4_destroyer_89,0,2,936,0,0,5,0,0,0,6870,113,100,88,0,0,100,0,0,0,0,0,0,0,0,0,0,0,0,0,0,0,0,100,100,0,0,0,0,-12,6,0,0,103,0,22,4,-1,4,2
614,tank4_destroyer_89,0,2,937,0,0,5,0,0,0,6950,114,100,89,0,0,100,0,0,0,0,0,0,0,0,0,0,0,0,0,0,0,0,100,100,0,0,0,0,-12,6,0,0,103,0,22,4,-1,4,2
615,tank4_destroyer_89,0,2,939,0,0,5,0,0,0,7030,115,100,89,0,0,100,0,0,0,0,0,0,0,0,0,0,0,0,0,0,0,0,100,100,0,0,0,0,-12,6,0,0,103,0,22,4,-1,4,2
616,tank4_destroyer_89,0,2,940,0,0,5,0,0,0,7110,116,100,90,0,0,100,0,0,0,0,0,0,0,0,0,0,0,0,0,0,0,0,100,100,0,0,0,0,-12,6,0,0,103,0,22,4,-1,4,2
617,tank4_destroyer_89,0,2,942,0,0,5,0,0,0,7190,117,100,91,0,0,100,0,0,0,0,0,0,0,0,0,0,0,0,0,0,0,0,100,100,0,0,0,0,-12,6,0,0,103,0,22,4,-1,4,2
618,tank4_destroyer_89,0,2,943,0,0,5,0,0,0,7270,118,100,92,0,0,100,0,0,0,0,0,0,0,0,0,0,0,0,0,0,0,0,100,100,0,0,0,0,-12,6,0,0,103,0,22,4,-1,4,2
619,tank4_destroyer_89,0,2,945,0,0,5,0,0,0,7350,119,100,92,0,0,100,0,0,0,0,0,0,0,0,0,0,0,0,0,0,0,0,100,100,0,0,0,0,-12,6,0,0,103,0,22,4,-1,4,2
620,tank4_destroyer_89,0,2,947,0,0,5,0,0,0,7430,120,100,93,0,0,100,0,0,0,0,0,0,0,0,0,0,0,0,0,0,0,0,100,100,0,0,0,0,-12,6,0,0,103,0,22,4,-1,4,2
621,tank4_destroyer_89,0,2,948,0,0,5,0,0,0,7510,121,100,94,0,0,100,0,0,0,0,0,0,0,0,0,0,0,0,0,0,0,0,100,100,0,0,0,0,-12,6,0,0,103,0,22,4,-1,4,2
622,tank4_destroyer_89,0,2,950,0,0,5,0,0,0,7590,122,100,95,0,0,100,0,0,0,0,0,0,0,0,0,0,0,0,0,0,0,0,100,100,0,0,0,0,-12,6,0,0,103,0,22,4,-1,4,2
623,tank4_destroyer_89,0,2,951,0,0,5,0,0,0,7670,123,100,96,0,0,100,0,0,0,0,0,0,0,0,0,0,0,0,0,0,0,0,100,100,0,0,0,0,-12,6,0,0,103,0,22,4,-1,4,2
624,tank4_destroyer_89,0,2,953,0,0,5,0,0,0,7750,124,100,96,0,0,100,0,0,0,0,0,0,0,0,0,0,0,0,0,0,0,0,100,100,0,0,0,0,-12,6,0,0,103,0,22,4,-1,4,2
625,tank4_destroyer_89,0,2,954,0,0,5,0,0,0,7830,125,100,97,0,0,100,0,0,0,0,0,0,0,0,0,0,0,0,0,0,0,0,100,100,0,0,0,0,-12,6,0,0,103,0,22,4,-1,4,2
626,tank4_destroyer_89,0,2,956,0,0,5,0,0,0,7910,126,100,98,0,0,100,0,0,0,0,0,0,0,0,0,0,0,0,0,0,0,0,100,100,0,0,0,0,-12,6,0,0,103,0,22,4,-1,4,2
627,tank4_destroyer_89,0,2,957,0,0,5,0,0,0,7990,127,100,99,0,0,100,0,0,0,0,0,0,0,0,0,0,0,0,0,0,0,0,100,100,0,0,0,0,-12,6,0,0,103,0,22,4,-1,4,2
628,tank4_destroyer_89,0,2,959,0,0,5,0,0,0,8070,128,100,100,0,0,100,0,0,0,0,0,0,0,0,0,0,0,0,0,0,0,0,100,100,0,0,0,0,-12,6,0,0,103,0,22,4,-1,4,2
629,tank4_destroyer_89,0,2,961,0,0,5,0,0,0,8150,129,100,100,0,0,100,0,0,0,0,0,0,0,0,0,0,0,0,0,0,0,0,100,100,0,0,0,0,-12,6,0,0,103,0,22,4,-1,4,2
630,tank4_destroyer_89,0,2,962,0,0,5,0,0,0,8230,130,100,100,0,0,100,0,0,0,0,0,0,0,0,0,0,0,0,0,0,0,0,100,100,0,0,0,0,-12,6,0,0,103,0,22,4,-1,4,2
631,tank4_destroyer_89,0,2,964,0,0,5,0,0,0,8310,131,100,100,0,0,100,0,0,0,0,0,0,0,0,0,0,0,0,0,0,0,0,100,100,0,0,0,0,-12,6,0,0,103,0,22,4,-1,4,2
632,tank4_destroyer_89,0,2,965,0,0,5,0,0,0,8390,132,100,100,0,0,100,0,0,0,0,0,0,0,0,0,0,0,0,0,0,0,0,100,100,0,0,0,0,-12,6,0,0,103,0,22,4,-1,4,2
633,tank4_destroyer_89,0,2,967,0,0,5,0,0,0,8470,133,100,100,0,0,100,0,0,0,0,0,0,0,0,0,0,0,0,0,0,0,0,100,100,0,0,0,0,-12,6,0,0,103,0,22,4,-1,4,2
634,tank4_destroyer_89,0,2,968,0,0,5,0,0,0,8550,134,100,100,0,0,100,0,0,0,0,0,0,0,0,0,0,0,0,0,0,0,0,100,100,0,0,0,0,-12,6,0,0,103,0,22,4,-1,4,2
635,tank4_destroyer_89,0,2,970,0,0,5,0,0,0,8630,135,100,100,0,0,100,0,0,0,0,0,0,0,0,0,0,0,0,0,0,0,0,100,100,0,0,0,0,-12,6,0,0,103,0,22,4,-1,4,2
636,tank4_destroyer_89,0,2,972,0,0,5,0,0,0,8710,136,100,100,0,0,100,0,0,0,0,0,0,0,0,0,0,0,0,0,0,0,0,100,100,0,0,0,0,-12,6,0,0,103,0,22,4,-1,4,2
637,tank4_destroyer_89,0,2,973,0,0,5,0,0,0,8790,137,100,100,0,0,100,0,0,0,0,0,0,0,0,0,0,0,0,0,0,0,0,100,100,0,0,0,0,-12,6,0,0,103,0,22,4,-1,4,2
638,tank4_destroyer_89,0,2,975,0,0,5,0,0,0,8870,138,100,100,0,0,100,0,0,0,0,0,0,0,0,0,0,0,0,0,0,0,0,100,100,0,0,0,0,-12,6,0,0,103,0,22,4,-1,4,2
639,tank4_destroyer_89,0,2,976,0,0,5,0,0,0,8950,139,100,100,0,0,100,0,0,0,0,0,0,0,0,0,0,0,0,0,0,0,0,100,100,0,0,0,0,-12,6,0,0,103,0,22,4,-1,4,2
640,tank4_destroyer_89,0,2,978,0,0,5,0,0,0,9030,140,100,100,0,0,100,0,0,0,0,0,0,0,0,0,0,0,0,0,0,0,0,100,100,0,0,0,0,-12,6,0,0,103,0,22,4,-1,5,2
641,tank4_destroyer_89,0,2,979,0,0,5,0,0,0,9110,141,100,100,0,0,100,0,0,0,0,0,0,0,0,0,0,0,0,0,0,0,0,100,100,0,0,0,0,-12,6,0,0,103,0,22,4,-1,5,2
642,tank4_destroyer_89,0,2,981,0,0,5,0,0,0,9190,142,100,100,0,0,100,0,0,0,0,0,0,0,0,0,0,0,0,0,0,0,0,100,100,0,0,0,0,-12,6,0,0,103,0,22,4,-1,5,2
643,tank4_destroyer_89,0,2,982,0,0,5,0,0,0,9270,143,100,100,0,0,100,0,0,0,0,0,0,0,0,0,0,0,0,0,0,0,0,100,100,0,0,0,0,-12,6,0,0,103,0,22,4,-1,5,2
644,tank4_destroyer_89,0,2,984,0,0,5,0,0,0,9350,144,100,100,0,0,100,0,0,0,0,0,0,0,0,0,0,0,0,0,0,0,0,100,100,0,0,0,0,-12,6,0,0,103,0,22,4,-1,5,2
645,tank4_destroyer_89,0,2,986,0,0,5,0,0,0,9430,145,100,100,0,0,100,0,0,0,0,0,0,0,0,0,0,0,0,0,0,0,0,100,100,0,0,0,0,-12,6,0,0,103,0,22,4,-1,5,2
646,tank4_destroyer_89,0,2,987,0,0,5,0,0,0,9510,146,100,100,0,0,100,0,0,0,0,0,0,0,0,0,0,0,0,0,0,0,0,100,100,0,0,0,0,-12,6,0,0,103,0,22,4,-1,5,2
647,tank4_destroyer_89,0,2,989,0,0,5,0,0,0,9590,147,100,100,0,0,100,0,0,0,0,0,0,0,0,0,0,0,0,0,0,0,0,100,100,0,0,0,0,-12,6,0,0,103,0,22,4,-1,5,2
648,tank4_destroyer_89,0,2,990,0,0,5,0,0,0,9670,148,100,100,0,0,100,0,0,0,0,0,0,0,0,0,0,0,0,0,0,0,0,100,100,0,0,0,0,-12,6,0,0,103,0,22,4,-1,5,2
649,tank4_destroyer_89,0,2,992,0,0,5,0,0,0,9750,149,100,100,0,0,100,0,0,0,0,0,0,0,0,0,0,0,0,0,0,0,0,100,100,0,0,0,0,-12,6,0,0,103,0,22,4,-1,5,2
650,tank4_destroyer_89,0,2,993,0,0,5,0,0,0,9830,150,100,100,0,0,100,0,0,0,0,0,0,0,0,0,0,0,0,0,0,0,0,100,100,0,0,0,0,-12,6,0,0,103,0,22,4,-1,5,2
651,tank4_destroyer_89,0,2,995,0,0,5,0,0,0,9910,151,100,100,0,0,100,0,0,0,0,0,0,0,0,0,0,0,0,0,0,0,0,100,100,0,0,0,0,-12,6,0,0,103,0,22,4,-1,5,2
652,tank4_destroyer_89,0,2,997,0,0,5,0,0,0,9990,152,100,100,0,0,100,0,0,0,0,0,0,0,0,0,0,0,0,0,0,0,0,100,100,0,0,0,0,-12,6,0,0,103,0,22,4,-1,5,2
653,tank4_destroyer_89,0,2,998,0,0,5,0,0,0,10070,153,100,100,0,0,100,0,0,0,0,0,0,0,0,0,0,0,0,0,0,0,0,100,100,0,0,0,0,-12,6,0,0,103,0,22,4,-1,5,2
654,tank4_destroyer_89,0,2,1000,0,0,5,0,0,0,10150,154,100,100,0,0,100,0,0,0,0,0,0,0,0,0,0,0,0,0,0,0,0,100,100,0,0,0,0,-12,6,0,0,103,0,22,4,-1,5,2
655,tank4_destroyer_89,0,2,1001,0,0,5,0,0,0,10230,155,100,100,0,0,100,0,0,0,0,0,0,0,0,0,0,0,0,0,0,0,0,100,100,0,0,0,0,-12,6,0,0,103,0,22,4,-1,5,2
656,tank4_destroyer_89,0,2,1003,0,0,5,0,0,0,10310,156,100,100,0,0,100,0,0,0,0,0,0,0,0,0,0,0,0,0,0,0,0,100,100,0,0,0,0,-12,6,0,0,103,0,22,4,-1,5,2
657,tank4_destroyer_89,0,2,1004,0,0,5,0,0,0,10390,157,100,100,0,0,100,0,0,0,0,0,0,0,0,0,0,0,0,0,0,0,0,100,100,0,0,0,0,-12,6,0,0,103,0,22,4,-1,5,2
658,tank4_destroyer_89,0,2,1006,0,0,5,0,0,0,10470,158,100,100,0,0,100,0,0,0,0,0,0,0,0,0,0,0,0,0,0,0,0,100,100,0,0,0,0,-12,6,0,0,103,0,22,4,-1,5,2
659,tank4_destroyer_89,0,2,1007,0,0,5,0,0,0,10550,159,100,100,0,0,100,0,0,0,0,0,0,0,0,0,0,0,0,0,0,0,0,100,100,0,0,0,0,-12,6,0,0,103,0,22,4,-1,5,2
660,tank4_destroyer_89,0,2,1009,0,0,5,0,0,0,10630,160,100,100,0,0,100,0,0,0,0,0,0,0,0,0,0,0,0,0,0,0,0,100,100,0,0,0,0,-12,6,0,0,103,0,22,4,-1,5,2
661,tank4_destroyer_89,0,2,1011,0,0,5,0,0,0,10710,161,100,100,0,0,100,0,0,0,0,0,0,0,0,0,0,0,0,0,0,0,0,100,100,0,0,0,0,-12,6,0,0,103,0,22,4,-1,5,2
662,tank4_destroyer_89,0,2,1012,0,0,5,0,0,0,10790,162,100,100,0,0,100,0,0,0,0,0,0,0,0,0,0,0,0,0,0,0,0,100,100,0,0,0,0,-12,6,0,0,103,0,22,4,-1,5,2
663,tank4_destroyer_89,0,2,1014,0,0,5,0,0,0,10870,163,100,100,0,0,100,0,0,0,0,0,0,0,0,0,0,0,0,0,0,0,0,100,100,0,0,0,0,-12,6,0,0,103,0,22,4,-1,5,2
664,tank4_destroyer_89,0,2,1015,0,0,5,0,0,0,10950,164,100,100,0,0,100,0,0,0,0,0,0,0,0,0,0,0,0,0,0,0,0,100,100,0,0,0,0,-12,6,0,0,103,0,22,4,-1,5,2
665,tank4_destroyer_89,0,2,1017,0,0,5,0,0,0,11030,165,100,100,0,0,100,0,0,0,0,0,0,0,0,0,0,0,0,0,0,0,0,100,100,0,0,0,0,-12,6,0,0,103,0,22,4,-1,5,2
666,tank4_destroyer_89,0,2,1018,0,0,5,0,0,0,11110,166,100,100,0,0,100,0,0,0,0,0,0,0,0,0,0,0,0,0,0,0,0,100,100,0,0,0,0,-12,6,0,0,103,0,22,4,-1,5,2
667,tank4_destroyer_89,0,2,1020,0,0,5,0,0,0,11190,167,100,100,0,0,100,0,0,0,0,0,0,0,0,0,0,0,0,0,0,0,0,100,100,0,0,0,0,-12,6,0,0,103,0,22,4,-1,5,2
668,tank4_destroyer_89,0,2,1022,0,0,5,0,0,0,11270,168,100,100,0,0,100,0,0,0,0,0,0,0,0,0,0,0,0,0,0,0,0,100,100,0,0,0,0,-12,6,0,0,103,0,22,4,-1,5,2
669,tank4_destroyer_89,0,2,1023,0,0,5,0,0,0,11350,169,100,100,0,0,100,0,0,0,0,0,0,0,0,0,0,0,0,0,0,0,0,100,100,0,0,0,0,-12,6,0,0,103,0,22,4,-1,5,2
670,tank4_destroyer_89,0,2,1025,0,0,5,0,0,2,11430,170,100,100,0,0,100,0,0,0,0,0,0,0,0,0,0,0,0,0,0,0,0,100,100,0,0,0,0,-12,6,1,0,30,0,22,4,-1,5,3
671,tank4_destroyer_89,0,2,1026,0,0,5,0,0,0,11510,171,100,100,0,0,100,0,0,0,0,0,0,0,0,0,0,0,0,0,0,0,0,100,100,0,0,0,0,-15,6,0,0,30,0,22,4,-1,5,3
672,tank4_destroyer_89,0,2,1028,0,0,5,0,0,0,11590,172,100,100,0,0,100,0,0,0,0,0,0,0,0,0,0,0,0,0,0,0,0,100,100,0,0,0,0,-16,6,0,0,30,0,22,4,-1,5,3
673,tank4_destroyer_89,0,2,1029,0,0,5,0,0,0,11670,173,100,100,0,0,100,0,0,0,0,0,0,0,0,0,0,0,0,0,0,0,0,100,100,0,0,0,0,-16,6,0,0,30,0,22,4,-1,5,3
674,tank4_destroyer_89,0,2,1031,0,0,5,0,0,0,11750,174,100,100,0,0,100,0,0,0,0,0,0,0,0,0,0,0,0,0,0,0,0,100,100,0,0,0,0,-16,6,0,0,30,0,22,4,-1,5,3
675,tank4_destroyer_89,0,2,1032,0,0,5,0,0,0,11830,175,100,100,0,0,100,0,0,0,0,0,0,0,0,0,0,0,0,0,0,0,0,100,100,0,0,0,0,-16,6,0,0,30,0,22,4,-1,5,3
676,tank4_destroyer_89,0,2,1034,0,0,5,0,0,0,11910,176,100,100,0,0,100,0,0,0,0,0,0,0,0,0,0,0,0,0,0,0,0,100,100,0,0,0,0,-16,6,0,0,30,0,22,4,-1,5,3
677,tank4_destroyer_89,0,2,1036,0,0,5,0,0,0,11990,177,100,100,0,0,100,0,0,0,0,0,0,0,0,0,0,0,0,0,0,0,0,100,100,0,0,0,0,-16,6,0,0,30,0,22,4,-1,5,3
678,tank4_destroyer_89,0,2,1037,0,0,5,0,0,0,12070,178,100,100,0,0,100,0,0,0,0,0,0,0,0,0,0,0,0,0,0,0,0,100,100,0,0,0,0,-16,6,0,0,30,0,22,4,-1,5,3
679,tank4_destroyer_89,0,2,1039,0,0,5,0,0,0,12150,179,100,100,0,0,100,0,0,0,0,0,0,0,0,0,0,0,0,0,0,0,0,100,100,0,0,0,0,-16,6,0,0,30,0,22,4,-1,5,3
680,tank4_destroyer_89,0,2,1040,0,0,5,0,0,0,12150,179,100,100,0,0,100,0,0,0,0,0,0,0,0,0,0,0,0,0,0,0,0,100,100,0,0,0,0,-16,6,0,0,30,0,22,4,-1,5,3
681,tank4_destroyer_89,0,2,1042,0,0,5,0,0,0,12150,179,100,100,0,0,100,0,0,0,0,0,0,0,0,0,0,0,0,0,0,0,0,100,100,0,0,0,0,-16,6,0,0,30,0,22,4,-1,5,3
682,tank4_destroyer_89,0,2,1043,0,0,5,0,0,0,12150,179,100,100,0,0,100,0,0,0,0,0,0,0,0,0,0,0,0,0,0,0,0,100,100,0,0,0,0,-16,6,0,0,30,0,22,4,-1,5,3
683,tank4_destroyer_89,0,2,1045,0,0,5,0,0,0,12150,179,100,100,0,0,100,0,0,0,0,0,0,0,0,0,0,0,0,0,0,0,0,100,100,0,0,0,0,-16,6,0,0,30,0,22,4,-1,5,3
684,tank4_destroyer_89,0,2,1046,0,0,5,0,0,0,12150,179,100,100,0,0,100,0,0,0,0,0,0,0,0,0,0,0,0,0,0,0,0,100,100,0,0,0,0,-16,6,0,0,30,0,22,4,-1,5,3
685,tank4_destroyer_89,0,2,1048,0,0,5,0,0,0,12150,179,100,100,0,0,100,0,0,0,0,0,0,0,0,0,0,0,0,0,0,0,0,100,100,0,0,0,0,-16,6,0,0,30,0,22,4,-1,5,3
686,tank4_destroyer_89,0,2,1050,0,0,5,0,0,0,12150,179,100,100,0,0,100,0,0,0,0,0,0,0,0,0,0,0,0,0,0,0,0,100,100,0,0,0,0,-16,6,0,0,30,0,22,4,-1,5,3
687,tank4_destroyer_89,0,2,1051,0,0,5,0,0,0,12150,179,100,100,0,0,100,0,0,0,0,0,0,0,0,0,0,0,0,0,0,0,0,100,100,0,0,0,0,-16,6,0,0,30,0,22,4,-1,5,3
688,tank4_destroyer_89,0,2,1053,0,0,5,0,0,0,12150,179,100,100,0,0,100,0,0,0,0,0,0,0,0,0,0,0,0,0,0,0,0,100,100,0,0,0,0,-16,6,0,0,30,0,22,4,-1,5,3
689,tank4_destroyer_89,0,2,1054,0,0,5,0,0,0,12150,179,100,100,0,0,100,0,0,0,0,0,0,0,0,0,0,0,0,0,0,0,0,100,100,0,0,0,0,-16,6,0,0,30,0,22,4,-1,5,3
690,tank4_destroyer_89,0,2,1056,0,0,5,0,0,0,12150,179,100,100,0,0,100,0,0,0,0,0,0,0,0,0,0,0,0,0,0,0,0,100,100,0,0,0,0,-16,6,0,0,30,0,22,4,-1,5,3
691,tank4_destroyer_89,0,2,1057,0,0,5,0,0,0,12150,179,100,100,0,0,100,0,0,0,0,0,0,0,0,0,0,0,0,0,0,0,0,100,100,0,0,0,0,-16,6,0,0,30,0,22,4,-1,5,3
692,tank4_destroyer_89,0,2,1059,0,0,5,0,0,0,12150,179,100,100,0,0,100,0,0,0,0,0,0,0,0,0,0,0,0,0,0,0,0,100,100,0,0,0,0,-16,6,0,0,30,0,22,4,-1,5,3
693,tank4_destroyer_89,0,2,1061,0,0,5,0,0,0,12150,179,100,100,0,0,100,0,0,0,0,0,0,0,0,0,0,0,0,0,0,0,0,100,100,0,0,0,0,-16,6,0,0,30,0,22,4,-1,5,3
694,tank4_destroyer_89,0,2,1062,0,0,5,0,0,0,12150,179,100,100,0,0,100,0,0,0,0,0,0,0,0,0,0,0,0,0,0,0,0,100,100,0,0,0,0,-16,6,0,0,30,0,22,4,-1,5,3
695,tank4_destroyer_89,0,2,1064,0,0,5,0,0,0,12150,179,100,100,0,0,100,0,0,0,0,0,0,0,0,0,0,0,0,0,0,0,0,100,100,0,0,0,0,-16,6,0,0,30,0,22,4,-1,5,3
696,tank4_destroyer_89,0,2,1065,0,0,5,0,0,0,12150,179,100,100,0,0,100,0,0,0,0,0,0,0,0,0,0,0,0,0,0,0,0,100,100,0,0,0,0,-16,6,0,0,30,0,22,4,-1,5,3
697,tank4_destroyer_89,0,2,1067,0,0,5,0,0,0,12150,179,100,100,0,0,100,0,0,0,0,0,0,0,0,0,0,0,0,0,0,0,0,100,100,0,0,0,0,-16,6,0,0,30,0,22,4,-1,5,3
698,tank4_destroyer_89,0,2,1068,0,0,5,0,0,0,12150,179,100,100,0,0,100,0,0,0,0,0,0,0,0,0,0,0,0,0,0,0,0,100,100,0,0,0,0,-16,6,0,0,30,0,22,4,-1,5,3
699,tank4_destroyer_89,0,2,1070,0,0,5,0,0,0,12150,179,100,100,0,0,100,0,0,0,0,0,0,0,0,0,0,0,0,0,0,0,0,100,100,0,0,0,0,-16,6,0,0,30,0,22,4,-1,5,3
700,tank4_destroyer_89,0,2,1071,0,0,5,0,0,0,12150,179,100,100,0,0,100,0,0,0,0,0,0,0,0,0,0,0,0,0,0,0,0,100,100,0,0,0,0,-16,6,0,0,30,0,22,4,-1,5,3
701,tank4_destroyer_89,0,2,1073,0,0,5,0,0,0,12150,179,100,100,0,0,100,0,0,0,0,0,0,0,0,0,0,0,0,0,0,0,0,100,100,0,0,0,0,-16,6,0,0,30,0,22,4,-1,5,3
702,tank4_destroyer_89,0,2,1074,0,0,5,0,0,0,12150,179,100,100,0,0,100,0,0,0,0,0,0,0,0,0,0,0,0,0,0,0,0,100,100,0,0,0,0,-16,6,0,0,30,0,22,4,-1,5,3
703,tank4_destroyer_89,0,2,1076,0,0,5,0,0,0,12150,179,100,100,0,0,100,0,0,0,0,0,0,0,0,0,0,0,0,0,0,0,0,100,100,0,0,0,0,-16,6,0,0,30,0,22,4,-1,5,3
704,tank4_destroyer_89,0,2,1077,0,0,4,0,0,0,12150,179,100,100,0,0,100,0,0,0,0,0,0,0,0,0,0,0,0,0,0,0,0,100,100,0,0,0,0,-16,6,0,0,30,0,22,4,-1,5,3
705,tank4_destroyer_89,0,2,1078,0,0,4,0,0,0,12150,179,100,100,0,0,100,0,0,0,0,0,0,0,0,0,0,0,0,0,0,0,0,100,100,0,0,0,0,-16,6,0,0,30,0,22,4,-1,5,3
706,tank4_destroyer_89,0,2,1079,0,0,4,0,0,0,12150,179,100,100,0,0,100,0,0,0,0,0,0,0,0,0,0,0,0,0,0,0,0,100,100,0,0,0,0,-16,6,0,0,30,0,22,4,-1,5,3
707,tank4_destroyer_89,0,2,1081,0,0,4,0,0,0,12150,179,100,100,0,0,100,0,0,0,0,0,0,0,0,0,0,0,0,0,0,0,0,100,100,0,0,0,0,-16,6,0,0,30,0,22,4,-1,5,3
708,tank4_destroyer_89,0,2,1082,0,0,4,0,0,0,12150,179,100,100,0,0,100,0,0,0,0,0,0,0,0,0,0,0,0,0,0,0,0,100,100,0,0,0,0,-16,6,0,0,30,0,22,4,-1,5,3
709,tank4_destroyer_89,0,2,1083,0,0,3,0,0,0,12150,179,100,100,0,0,100,0,0,0,0,0,0,0,0,0,0,0,0,0,0,0,0,100,100,0,0,0,0,-16,6,0,0,30,0,22,4,-1,5,3
710,tank4_destroyer_89,0,2,1084,0,0,3,0,0,0,12150,179,100,100,0,0,100,0,0,0,0,0,0,0,0,0,0,0,0,0,0,0,0,100,100,0,0,0,0,-16,6,0,0,30,0,22,4,-1,5,3
711,tank4_destroyer_89,0,2,1085,0,0,3,0,0,0,12150,179,100,100,0,0,100,0,0,0,0,0,0,0,0,0,0,0,0,0,0,0,0,100,100,0,0,0,0,-16,6,0,0,30,0,22,4,-1,5,3
712,tank4_destroyer_89,0,2,1085,0,0,3,0,0,0,12150,179,100,100,0,0,100,0,0,0,0,0,0,0,0,0,0,0,0,0,0,0,0,100,100,0,0,0,0,-16,6,0,0,30,0,22,4,-1,5,3
713,tank4_destroyer_89,0,2,1086,0,0,3,0,0,0,12150,179,100,100,0,0,100,0,0,0,0,0,0,0,0,0,0,0,0,0,0,0,0,100,100,0,0,0,0,-16,6,0,0,30,0,22,4,-1,5,3
714,tank4_destroyer_89,0,2,1087,0,0,3,0,0,0,12150,179,100,100,0,0,100,0,0,0,0,0,0,0,0,0,0,0,0,0,0,0,0,100,100,0,0,0,0,-16,6,0,0,30,0,22,4,-1,5,3
715,tank4_destroyer_89,0,2,1088,0,0,2,0,0,0,12150,179,100,100,0,0,100,0,0,0,0,0,0,0,0,0,0,0,0,0,0,0,0,100,100,0,0,0,0,-16,6,0,0,30,0,22,4,-1,5,3
716,tank4_destroyer_89,0,2,1089,0,0,2,0,0,0,12150,179,100,100,0,0,100,0,0,0,0,0,0,0,0,0,0,0,0,0,0,0,0,100,100,0,0,0,0,-16,6,0,0,30,0,22,4,-1,5,3
717,tank4_destroyer_89,0,2,1089,0,0,2,0,0,0,12150,179,100,100,0,0,100,0,0,0,0,0,0,0,0,0,0,0,0,0,0,0,0,100,100,0,0,0,0,-16,6,0,0,30,0,22,4,-1,5,3
718,tank4_destroyer_89,0,2,1090,0,0,2,0,0,0,12150,179,100,100,0,0,100,0,0,0,0,0,0,0,0,0,0,0,0,0,0,0,0,100,100,0,0,0,0,-16,6,0,0,30,0,22,4,-1,5,3
719,tank4_destroyer_89,0,2,1091,0,0,2,0,0,0,12150,179,100,100,0,0,100,0,0,0,0,0,0,0,0,0,0,0,0,0,0,0,0,100,100,0,0,0,0,-16,6,0,0,30,0,22,4,-1,5,3
720,tank4_destroyer_89,0,2,1091,0,0,2,0,0,0,12150,179,100,100,0,0,100,0,0,0,0,0,0,0,0,0,0,0,0,0,0,0,0,100,100,0,0,0,0,-16,6,0,0,30,0,22,4,-1,5,3
721,tank4_destroyer_89,0,2,1092,0,0,2,0,0,0,12150,179,100,100,0,0,100,0,0,0,0,0,0,0,0,0,0,0,0,0,0,0,0,100,100,0,0,0,0,-16,6,0,0,30,0,22,4,-1,5,3
722,tank4_destroyer_89,0,2,1093,0,0,2,0,0,0,12150,179,100,100,0,0,100,0,0,0,0,0,0,0,0,0,0,0,0,0,0,0,0,100,100,0,0,0,0,-16,6,0,0,30,0,22,4,-1,5,3
723,tank4_destroyer_89,0,2,1093,0,0,2,0,0,0,12150,179,100,100,0,0,100,0,0,0,0,0,0,0,0,0,0,0,0,0,0,0,0,100,100,0,0,0,0,-16,6,0,0,30,0,22,4,-1,5,3
724,tank4_destroyer_89,0,2,1094,0,0,2,0,0,0,12150,179,100,100,0,0,100,0,0,0,0,0,0,0,0,0,0,0,0,0,0,0,0,100,100,0,0,0,0,-16,6,0,0,30,0,22,4,-1,5,3
725,tank4_destroyer_89,0,2,1094,0,0,2,0,0,0,12150,179,100,100,0,0,100,0,0,0,0,0,0,0,0,0,0,0,0,0,0,0,0,100,100,0,0,0,0,-16,6,0,0,30,0,22,4,-1,5,3
726,tank4_destroyer_89,0,2,1095,0,0,2,0,0,0,12150,179,100,100,0,0,100,0,0,0,0,0,0,0,0,0,0,0,0,0,0,0,0,100,100,0,0,0,0,-16,6,0,0,30,0,22,4,-1,5,3
727,tank4_destroyer_89,0,2,1096,0,0,2,0,0,0,12150,179,100,100,0,0,100,0,0,0,0,0,0,0,0,0,0,0,0,0,0,0,0,100,100,0,0,0,0,-16,6,0,0,30,0,22,4,-1,5,3
728,tank4_destroyer_89,0,2,1096,0,0,1,0,0,0,12150,179,100,100,0,0,100,0,0,0,0,0,0,0,0,0,0,0,0,0,0,0,0,100,100,0,0,0,0,-16,6,0,0,30,0,22,4,-1,5,3
729,tank4_destroyer_89,0,2,1097,0,0,1,0,0,0,12150,179,100,100,0,0,100,0,0,0,0,0,0,0,0,0,0,0,0,0,0,0,0,100,100,0,0,0,0,-16,6,0,0,30,0,22,4,-1,5,3
730,tank4_destroyer_89,0,2,1097,0,0,1,0,0,0,12150,179,100,100,0,0,100,0,0,0,0,0,0,0,0,0,0,0,0,0,0,0,0,100,100,0,0,0,0,-16,6,0,0,30,0,22,4,-1,5,3
731,tank4_destroyer_89,0,2,1098,0,0,1,0,0,0,12150,179,100,100,0,0,100,0,0,0,0,0,0,0,0,0,0,0,0,0,0,0,0,100,100,0,0,0,0,-16,6,0,0,30,0,22,4,-1,5,3
732,tank4_destroyer_89,0,2,1098,0,0,1,0,0,0,12150,179,100,100,0,0,100,0,0,0,0,0,0,0,0,0,0,0,0,0,0,0,0,100,100,0,0,0,0,-16,6,0,0,30,0,22,4,-1,5,3
733,tank4_destroyer_89,0,2,1099,0,0,1,0,0,0,12150,179,100,100,0,0,100,0,0,0,0,0,0,0,0,0,0,0,0,0,0,0,0,100,100,0,0,0,0,-16,6,0,0,30,0,22,4,-1,5,3
734,tank4_destroyer_89,0,2,1099,0,0,1,0,0,0,12150,179,100,100,0,0,100,0,0,0,0,0,0,0,0,0,0,0,0,0,0,0,0,100,100,0,0,0,0,-16,6,0,0,30,0,22,4,-1,5,3
735,tank4_destroyer_89,0,2,1099,0,0,1,0,0,0,12150,179,100,100,0,0,100,0,0,0,0,0,0,0,0,0,0,0,0,0,0,0,0,100,100,0,0,0,0,-16,6,0,0,30,0,22,4,-1,5,3
736,tank4_destroyer_89,0,2,1100,0,0,1,0,0,0,12150,179,100,100,0,0,100,0,0,0,0,0,0,0,0,0,0,0,0,0,0,0,0,100,100,0,0,0,0,-16,6,0,0,30,0,22,4,-1,5,3
737,tank4_destroyer_89,0,2,1100,0,0,1,0,0,0,12150,179,100,100,0,0,100,0,0,0,0,0,0,0,0,0,0,0,0,0,0,0,0,100,100,0,0,0,0,-16,6,0,0,30,0,22,4,-1,5,3
738,tank4_destroyer_89,0,2,1101,0,0,1,0,0,0,12150,179,100,100,0,0,100,0,0,0,0,0,0,0,0,0,0,0,0,0,0,0,0,100,100,0,0,0,0,-16,6,0,0,30,0,22,4,-1,5,3
739,tank4_destroyer_89,0,2,1101,0,0,1,0,0,0,12150,179,100,100,0,0,100,0,0,0,0,0,0,0,0,0,0,0,0,0,0,0,0,100,100,0,0,0,0,-16,6,0,0,30,0,22,4,-1,5,3
740,tank4_destroyer_89,0,2,1102,0,0,1,0,0,0,12150,179,100,100,0,0,100,0,0,0,0,0,0,0,0,0,0,0,0,0,0,0,0,100,100,0,0,0,0,-16,0,0,0,30,0,22,4,-1,5,3
741,tank4_destroyer_89,0,2,1102,0,0,1,0,0,0,12150,179,100,100,0,0,100,0,0,0,0,0,0,0,0,0,0,0,0,0,0,0,0,100,100,0,0,0,0,-16,0,0,0,30,0,22,4,-1,5,3
742,tank4_destroyer_89,0,2,1102,0,0,1,0,0,0,12150,179,100,100,0,0,100,0,0,0,0,0,0,0,0,0,0,0,0,0,0,0,0,100,100,0,0,0,0,-16,0,0,0,30,0,22,4,-1,5,3
743,tank4_destroyer_89,0,2,1103,0,0,1,0,0,0,12150,0,100,100,0,0,100,0,0,0,0,0,0,0,0,0,0,0,0,0,0,0,0,100,100,0,0,0,0,-16,0,0,0,30,0,22,4,-1,5,3
744,tank4_destroyer_89,0,2,1103,0,0,1,0,0,0,12150,0,100,100,0,0,100,0,0,0,0,0,0,0,0,0,0,0,0,0,0,0,0,100,100,0,0,0,0,-16,0,0,0,30,0,22,4,-1,5,3
745,tank4_destroyer_89,0,2,1104,0,0,1,0,0,0,12150,0,100,100,0,0,100,0,0,0,0,0,0,0,0,0,0,0,0,0,0,0,0,100,100,0,0,0,0,-16,0,0,0,30,0,22,4,-1,5,3
746,tank4_destroyer_89,0,2,1104,0,0,1,0,0,0,12150,0,100,100,0,0,100,0,0,0,0,0,0,0,0,0,0,0,0,0,0,0,0,100,100,0,0,0,0,-16,0,0,0,30,0,22,4,-1,5,3
747,tank4_destroyer_89,0,2,1104,0,0,1,0,0,0,12150,0,100,100,0,0,100,0,0,0,0,0,0,0,0,0,0,0,0,0,0,0,0,100,100,0,0,0,0,-16,0,0,0,30,0,22,4,-1,5,3
748,tank4_destroyer_89,0,2,1105,0,0,1,0,0,0,12150,0,100,100,0,0,100,0,0,0,0,0,0,0,0,0,0,0,0,0,0,0,0,100,100,0,0,0,0,-16,0,0,0,30,0,22,4,-1,5,3
749,tank4_destroyer_89,0,2,1105,0,0,1,0,0,0,12150,0,100,100,0,0,100,0,0,0,0,0,0,0,0,0,0,0,0,0,0,0,0,100,100,0,0,0,0,-16,0,0,0,30,0,22,4,-1,5,3
750,tank4_destroyer_89,0,2,1105,0,0,1,0,0,0,12150,0,100,100,0,0,100,0,0,0,0,0,0,0,0,0,0,0,0,0,0,0,0,100,100,0,0,0,0,-16,0,0,0,30,0,22,4,-1,5,3
751,tank4_destroyer_89,0,2,1106,0,0,1,0,0,0,12150,0,100,100,0,0,100,0,0,0,0,0,0,0,0,0,0,0,0,0,0,0,0,100,100,0,0,0,0,-16,0,0,0,30,0,22,4,-1,5,3
752,tank4_destroyer_89,0,2,1106,0,0,1,0,0,0,12150,0,100,100,0,0,100,0,0,0,0,0,0,0,0,0,0,0,0,0,0,0,0,100,100,0,0,0,0,-16,0,0,0,30,0,22,4,-1,5,3
753,tank4_destroyer_89,0,2,1107,0,0,1,0,0,0,12150,0,100,100,0,0,100,0,0,0,0,0,0,0,0,0,0,0,0,0,0,0,0,100,100,0,0,0,0,-16,0,0,0,30,0,22,4,-1,5,3
754,tank4_destroyer_89,0,2,1107,0,0,1,0,0,0,12150,0,100,100,0,0,100,0,0,0,0,0,0,0,0,0,0,0,0,0,0,0,0,100,100,0,0,0,0,-16,0,0,0,30,0,22,4,-1,5,3
755,tank4_destroyer_89,0,2,1107,0,0,1,0,0,0,12150,0,100,100,0,0,100,0,0,0,0,0,0,0,0,0,0,0,0,0,0,0,0,100,100,0,0,0,0,-16,0,0,0,30,0,22,4,-1,5,3
756,tank4_destroyer_89,0,2,1108,0,0,1,0,0,0,12150,0,100,100,0,0,100,0,0,0,0,0,0,0,0,0,0,0,0,0,0,0,0,100,100,0,0,0,0,-16,0,0,0,30,0,22,4,-1,5,3
757,tank4_destroyer_89,0,2,1108,0,0,1,0,0,0,12150,0,100,100,0,0,100,0,0,0,0,0,0,0,0,0,0,0,0,0,0,0,0,100,100,0,0,0,0,-16,0,0,0,30,0,22,4,-1,5,3
758,tank4_destroyer_89,0,2,1108,0,0,1,0,0,0,12150,0,100,100,0,0,100,0,0,0,0,0,0,0,0,0,0,0,0,0,0,0,0,100,100,0,0,0,0,-16,0,0,0,30,0,22,4,-1,5,3
759,tank4_destroyer_89,0,2,1109,0,0,1,0,0,0,12150,0,100,100,0,0,100,0,0,0,0,0,0,0,0,0,0,0,0,0,0,0,0,100,100,0,0,0,0,-16,0,0,0,30,0,22,4,-1,5,3
760,tank4_destroyer_89,0,2,1109,0,0,1,0,0,0,12150,0,100,100,0,0,100,0,0,0,0,0,0,0,0,0,0,0,0,0,0,0,0,100,100,0,0,0,0,-16,0,0,0,30,0,22,4,-1,5,3
761,tank4_destroyer_89,0,2,1109,0,0,1,0,0,0,12150,0,100,100,0,0,100,0,0,0,0,0,0,0,0,0,0,0,0,0,0,0,0,100,100,0,0,0,0,-16,0,0,0,30,0,22,4,-1,5,3
762,tank4_destroyer_89,0,2,1110,0,0,1,0,0,0,12150,0,100,100,0,0,100,0,0,0,0,0,0,0,0,0,0,0,0,0,0,0,0,100,100,0,0,0,0,-16,0,0,0,30,0,22,4,-1,5,3
763,tank4_destroyer_89,0,2,1110,0,0,1,0,0,0,12150,0,100,100,0,0,100,0,0,0,0,0,0,0,0,0,0,0,0,0,0,0,0,100,100,0,0,0,0,-16,0,0,0,30,0,22,4,-1,5,3
764,tank4_destroyer_89,0,2,1110,0,0,1,0,0,0,12150,0,100,100,0,0,100,0,0,0,0,0,0,0,0,0,0,0,0,0,0,0,0,100,100,0,0,0,0,-16,0,0,0,30,0,22,4,-1,5,3
765,tank4_destroyer_89,0,2,1111,0,0,1,0,0,0,12150,0,100,100,0,0,100,0,0,0,0,0,0,0,0,0,0,0,0,0,0,0,0,100,100,0,0,0,0,-16,0,0,0,30,0,22,4,-1,5,3
766,tank4_destroyer_89,0,2,1111,0,0,1,0,0,0,12150,0,100,100,0,0,100,0,0,0,0,0,0,0,0,0,0,0,0,0,0,0,0,100,100,0,0,0,0,-16,0,0,0,30,0,22,4,-1,5,3
767,tank4_destroyer_89,0,2,1111,0,0,1,0,0,0,12150,0,100,100,0,0,100,0,0,0,0,0,0,0,0,0,0,0,0,0,0,0,0,100,100,0,0,0,0,-16,0,0,0,30,0,22,4,-1,5,3
768,tank4_destroyer_89,0,2,1112,0,0,1,0,0,0,12150,0,100,100,0,0,100,0,0,0,0,0,0,0,0,0,0,0,0,0,0,0,0,100,100,0,0,0,0,-16,0,0,0,30,0,22,4,-1,5,3
769,tank4_destroyer_89,0,2,1112,0,0,1,0,0,0,12150,0,100,100,0,0,100,0,0,0,0,0,0,0,0,0,0,0,0,0,0,0,0,100,100,0,0,0,0,-16,0,0,0,30,0,22,4,-1,5,3
770,tank4_destroyer_89,0,2,1112,0,0,1,0,0,0,12150,0,100,100,0,0,100,0,0,0,0,0,0,0,0,0,0,0,0,0,0,0,0,100,100,0,0,0,0,-16,0,0,0,30,0,22,4,-1,5,3
771,tank4_destroyer_89,0,2,1113,0,0,1,0,0,0,12150,0,100,100,0,0,100,0,0,0,0,0,0,0,0,0,0,0,0,0,0,0,0,100,100,0,0,0,0,-16,0,0,0,30,0,22,4,-1,5,3
772,tank4_destroyer_89,0,2,1113,0,0,1,0,0,0,12150,0,100,100,0,0,100,0,0,0,0,0,0,0,0,0,0,0,0,0,0,0,0,100,100,0,0,0,0,-16,0,0,0,30,0,22,4,-1,5,3
773,tank4_destroyer_89,0,2,1113,0,0,1,0,0,0,12150,0,100,100,0,0,100,0,0,0,0,0,0,0,0,0,0,0,0,0,0,0,0,100,100,0,0,0,0,-16,0,0,0,30,0,22,4,-1,5,3
774,tank4_destroyer_89,0,2,1114,0,0,1,0,0,0,12150,0,100,100,0,0,100,0,0,0,0,0,0,0,0,0,0,0,0,0,0,0,0,100,100,0,0,0,0,-16,0,0,0,30,0,22,4,-1,5,3
775,tank4_destroyer_89,0,2,1114,0,0,1,0,0,0,12150,0,100,100,0,0,100,0,0,0,0,0,0,0,0,0,0,0,0,0,0,0,0,100,100,0,0,0,0,-16,0,0,0,30,0,22,4,-1,5,3
776,tank4_destroyer_89,0,2,1114,0,0,1,0,0,0,12150,0,100,100,0,0,100,0,0,0,0,0,0,0,0,0,0,0,0,0,0,0,0,100,100,0,0,0,0,-16,0,0,0,30,0,22,4,-1,5,3
777,tank4_destroyer_89,0,2,1115,0,0,1,0,0,0,12150,0,100,100,0,0,100,0,0,0,0,0,0,0,0,0,0,0,0,0,0,0,0,100,100,0,0,0,0,-16,0,0,0,30,0,22,4,-1,5,3
778,tank4_destroyer_89,0,2,1115,0,0,1,0,0,0,12150,0,100,100,0,0,100,0,0,0,0,0,0,0,0,0,0,0,0,0,0,0,0,100,100,0,0,0,0,-16,0,0,0,30,0,22,4,-1,5,3
779,tank4_destroyer_89,0,2,1115,0,0,1,0,0,0,12150,0,100,100,0,0,100,0,0,0,0,0,0,0,0,0,0,0,0,0,0,0,0,100,100,0,0,0,0,-16,0,0,0,30,0,22,4,-1,5,3
780,tank4_destroyer_89,0,2,1116,0,0,1,0,0,0,12150,0,100,100,0,0,100,0,0,0,0,0,0,0,0,0,0,0,0,0,0,0,0,100,100,0,0,0,0,-16,0,0,0,30,0,22,4,-1,5,3
781,tank4_destroyer_89,0,2,1116,0,0,1,0,0,0,12150,0,100,100,0,0,100,0,0,0,0,0,0,0,0,0,0,0,0,0,0,0,0,100,100,0,0,0,0,-16,0,0,0,30,0,22,4,-1,5,3
782,tank4_destroyer_89,0,2,1116,0,0,1,0,0,0,12150,0,100,100,0,0,100,0,0,0,0,0,0,0,0,0,0,0,0,0,0,0,0,100,100,0,0,0,0,-16,0,0,0,30,0,22,4,-1,5,3
783,tank4_destroyer_89,0,2,1117,0,0,1,0,0,0,12150,0,100,100,0,0,100,0,0,0,0,0,0,0,0,0,0,0,0,0,0,0,0,100,100,0,0,0,0,-16,0,0,0,30,0,22,4,-1,5,3
784,tank4_destroyer_89,0,2,1117,0,0,1,0,0,0,12150,0,100,100,0,0,100,0,0,0,0,0,0,0,0,0,0,0,0,0,0,0,0,100,100,0,0,0,0,-16,0,0,0,30,0,22,4,-1,5,3
785,tank4_destroyer_89,0,2,1117,0,0,1,0,0,0,12150,0,100,100,0,0,100,0,0,0,0,0,0,0,0,0,0,0,0,0,0,0,0,100,100,0,0,0,0,-16,0,0,0,30,0,22,4,-1,5,3
786,tank4_destroyer_89,0,2,1118,0,0,1,0,0,0,12150,0,100,100,0,0,100,0,0,0,0,0,0,0,0,0,0,0,0,0,0,0,0,100,100,0,0,0,0,-16,0,0,0,30,0,22,4,-1,5,3
787,tank4_destroyer_89,0,2,1118,0,0,1,0,0,0,12150,0,100,100,0,0,100,0,0,0,0,0,0,0,0,0,0,0,0,0,0,0,0,100,100,0,0,0,0,-16,0,0,0,30,0,22,4,-1,5,3
788,tank4_destroyer_89,0,2,1118,0,0,1,0,0,0,12150,0,100,100,0,0,100,0,0,0,0,0,0,0,0,0,0,0,0,0,0,0,0,100,100,0,0,0,0,-16,0,0,0,30,0,22,4,-1,5,3
789,tank4_destroyer_89,0,2,1119,0,0,1,0,0,0,12150,0,100,100,0,0,100,0,0,0,0,0,0,0,0,0,0,0,0,0,0,0,0,100,100,0,0,0,0,-16,0,0,0,30,0,22,4,-1,5,3
790,tank4_destroyer_89,0,2,1119,0,0,1,0,0,0,12150,0,100,100,0,0,100,0,0,0,0,0,0,0,0,0,0,0,0,0,0,0,0,100,100,0,0,0,0,-16,0,0,0,30,0,22,4,-1,0,3
791,tank4_destroyer_89,0,2,1119,0,0,1,0,0,0,12150,0,100,100,0,0,100,0,0,0,0,0,0,0,0,0,0,0,0,0,0,0,0,100,100,0,0,0,0,-16,0,0,0,30,0,22,4,-1,0,3
792,tank4_destroyer_89,0,2,1120,0,0,1,0,0,0,12150,0,100,100,0,0,100,0,0,0,0,0,0,0,0,0,0,0,0,0,0,0,0,100,100,0,0,0,0,-16,0,0,0,30,0,22,4,-1,0,3
793,tank4_destroyer_89,0,2,1120,0,0,1,0,0,0,12150,0,100,100,0,0,100,0,0,0,0,0,0,0,0,0,0,0,0,0,0,0,0,100,100,0,0,0,0,-16,0,0,0,30,0,22,4,-1,0,3
794,tank4_destroyer_89,0,2,1120,0,0,1,0,0,0,12150,0,100,100,0,0,100,0,0,0,0,0,0,0,0,0,0,0,0,0,0,0,0,100,100,0,0,0,0,-16,0,0,0,30,0,22,4,-1,0,3
795,tank4_destroyer_89,0,2,1121,0,0,1,0,0,0,12150,0,100,100,0,0,100,0,0,0,0,0,0,0,0,0,0,0,0,0,0,0,0,100,100,0,0,0,0,-16,0,0,0,30,0,22,4,-1,0,3
796,tank4_destroyer_89,0,2,1121,0,0,1,0,0,0,12150,0,100,100,0,0,100,0,0,0,0,0,0,0,0,0,0,0,0,0,0,0,0,100,100,0,0,0,0,-16,0,0,0,30,0,22,4,-1,0,3
797,tank4_destroyer_89,0,2,1121,0,0,1,0,0,0,12150,0,100,100,0,0,100,0,0,0,0,0,0,0,0,0,0,0,0,0,0,0,0,100,100,0,0,0,0,-16,0,0,0,30,0,22,4,-1,0,3
798,tank4_destroyer_89,0,2,1122,0,0,1,0,0,0,12150,0,100,100,0,0,100,0,0,0,0,0,0,0,0,0,0,0,0,0,0,0,0,100,100,0,0,0,0,-16,0,0,0,30,0,22,4,-1,0,3
799,tank4_destroyer_89,0,2,1122,0,0,1,0,0,0,12150,0,100,100,0,0,100,0,0,0,0,0,0,0,0,0,0,0,0,0,0,0,0,100,100,0,0,0,0,-16,0,0,0,30,0,22,4,-1,0,3
800,tank4_destroyer_89,0,2,1122,0,0,1,0,0,0,12150,0,100,100,0,0,100,0,0,0,0,0,0,0,0,0,0,0,0,0,0,0,0,100,100,0,0,0,0,-16,0,0,0,30,0,22,4,-1,0,3
801,tank4_destroyer_89,0,2,1123,0,0,1,0,0,0,12150,0,100,100,0,0,100,0,0,0,0,0,0,0,0,0,0,0,0,0,0,0,0,100,100,0,0,0,0,-16,0,0,0,30,0,22,4,-1,0,3
802,tank4_destroyer_89,0,2,1123,0,0,1,0,0,0,12150,0,100,100,0,0,100,0,0,0,0,0,0,0,0,0,0,0,0,0,0,0,0,100,100,0,0,0,0,-16,0,0,0,30,0,22,4,-1,0,3
803,tank4_destroyer_89,0,2,1123,0,0,1,0,0,0,12150,0,100,100,0,0,100,0,0,0,0,0,0,0,0,0,0,0,0,0,0,0,0,100,100,0,0,0,0,-16,0,0,0,30,0,22,4,-1,0,3
804,tank4_destroyer_89,0,2,1124,0,0,1,0,0,0,12150,0,100,100,0,0,100,0,0,0,0,0,0,0,0,0,0,0,0,0,0,0,0,100,100,0,0,0,0,-16,0,0,0,30,0,22,4,-1,0,3
805,tank4_destroyer_89,0,2,1124,0,0,1,0,0,0,12150,0,100,100,0,0,100,0,0,0,0,0,0,0,0,0,0,0,0,0,0,0,0,100,100,0,0,0,0,-16,0,0,0,30,0,22,4,-1,0,3
806,tank4_destroyer_89,0,2,1124,0,0,1,0,0,0,12150,0,100,100,0,0,100,0,0,0,0,0,0,0,0,0,0,0,0,0,0,0,0,100,100,0,0,0,0,-16,0,0,0,30,0,22,4,-1,0,3
807,tank4_destroyer_89,0,2,1125,0,0,1,0,0,0,12150,0,100,100,0,0,100,0,0,0,0,0,0,0,0,0,0,0,0,0,0,0,0,100,100,0,0,0,0,-16,0,0,0,30,0,22,4,-1,0,3
808,tank4_destroyer_89,0,2,1125,0,0,1,0,0,0,12150,0,100,100,0,0,100,0,0,0,0,0,0,0,0,0,0,0,0,0,0,0,0,100,100,0,0,0,0,-16,0,0,0,30,0,22,4,-1,0,3
809,tank4_destroyer_89,0,2,1125,0,0,1,0,0,0,12150,0,100,100,0,0,100,0,0,0,0,0,0,0,0,0,0,0,0,0,0,0,0,100,100,0,0,0,0,-16,0,0,0,30,0,22,4,-1,0,3
810,tank4_destroyer_89,0,2,1126,0,0,1,0,0,0,12150,0,100,100,0,0,100,0,0,0,0,0,0,0,0,0,0,0,0,0,0,0,0,100,100,0,0,0,0,-16,0,0,0,30,0,22,4,-1,0,3
811,tank4_destroyer_89,0,2,1126,0,0,1,0,0,0,12150,0,100,100,0,0,100,0,0,0,0,0,0,0,0,0,0,0,0,0,0,0,0,100,100,0,0,0,0,-16,0,0,0,30,0,22,4,-1,0,3
812,tank4_destroyer_89,0,2,1126,0,0,1,0,0,0,12150,0,100,100,0,0,100,0,0,0,0,0,0,0,0,0,0,0,0,0,0,0,0,100,100,0,0,0,0,-16,0,0,0,30,0,22,4,-1,0,3
813,tank4_destroyer_89,0,2,1127,0,0,1,0,0,0,12150,0,100,100,0,0,100,0,0,0,0,0,0,0,0,0,0,0,0,0,0,0,0,100,100,0,0,0,0,-16,0,0,0,30,0,22,4,-1,0,3
814,tank4_destroyer_89,0,2,1127,0,0,1,0,0,0,12150,0,100,100,0,0,100,0,0,0,0,0,0,0,0,0,0,0,0,0,0,0,0,100,100,0,0,0,0,-16,0,0,0,30,0,22,4,-1,0,3
815,tank4_destroyer_89,0,2,1127,0,0,1,0,0,0,12150,0,100,100,0,0,100,0,0,0,0,0,0,0,0,0,0,0,0,0,0,0,0,100,100,0,0,0,0,-16,0,0,0,30,0,22,4,-1,0,3
816,tank4_destroyer_89,0,2,1127,0,0,1,0,0,0,12150,0,100,100,0,0,100,0,0,0,0,0,0,0,0,0,0,0,0,0,0,0,0,100,100,0,0,0,0,-16,0,0,0,30,0,22,4,-1,0,3
817,tank4_destroyer_89,0,2,1128,0,0,1,0,0,0,12150,0,100,100,0,0,100,0,0,0,0,0,0,0,0,0,0,0,0,0,0,0,0,100,100,0,0,0,0,-16,0,0,0,30,0,22,4,-1,0,3
818,tank4_destroyer_89,0,2,1128,0,0,1,0,0,0,12150,0,100,100,0,0,100,0,0,0,0,0,0,0,0,0,0,0,0,0,0,0,0,100,100,0,0,0,0,-16,0,0,0,30,0,22,4,-1,0,3
819,tank4_destroyer_89,0,2,1128,0,0,1,0,0,0,12150,0,100,100,0,0,100,0,0,0,0,0,0,0,0,0,0,0,0,0,0,0,0,100,100,0,0,0,0,-16,0,0,0,30,0,22,4,-1,0,3
820,tank4_destroyer_89,0,2,1129,0,0,1,0,0,0,12150,0,100,100,0,0,100,0,0,0,0,0,0,0,0,0,0,0,0,0,0,0,0,100,100,0,0,0,0,-16,0,0,0,30,0,22,4,-1,0,3
821,tank4_destroyer_89,0,2,1129,0,0,1,0,0,0,12150,0,100,100,0,0,100,0,0,0,0,0,0,0,0,0,0,0,0,0,0,0,0,100,100,0,0,0,0,-16,0,0,0,30,0,22,4,-1,0,3
822,tank4_destroyer_89,0,2,1129,0,0,1,0,0,0,12150,0,100,100,0,0,100,0,0,0,0,0,0,0,0,0,0,0,0,0,0,0,0,100,100,0,0,0,0,-16,0,0,0,30,0,22,4,-1,0,3
823,tank4_destroyer_89,0,2,1130,0,0,1,0,0,0,12150,0,100,100,0,0,100,0,0,0,0,0,0,0,0,0,0,0,0,0,0,0,0,100,100,0,0,0,0,-16,0,0,0,30,0,22,4,-1,0,3
824,tank4_destroyer_89,0,2,1130,0,0,1,0,0,0,12150,0,100,100,0,0,100,0,0,0,0,0,0,0,0,0,0,0,0,0,0,0,0,100,100,0,0,0,0,-16,0,0,0,30,0,22,4,-1,0,3
825,tank4_destroyer_89,0,2,1130,0,0,1,0,0,0,12150,0,100,100,0,0,100,0,0,0,0,0,0,0,0,0,0,0,0,0,0,0,0,100,100,0,0,0,0,-16,0,0,0,30,0,22,4,-1,0,3
826,tank4_destroyer_89,0,2,1131,0,0,1,0,0,0,12150,0,100,100,0,0,100,0,0,0,0,0,0,0,0,0,0,0,0,0,0,0,0,100,100,0,0,0,0,-16,0,0,0,30,0,22,4,-1,0,3
827,tank4_destroyer_89,0,2,1131,0,0,1,0,0,0,12150,0,100,100,0,0,100,0,0,0,0,0,0,0,0,0,0,0,0,0,0,0,0,100,100,0,0,0,0,-16,0,0,0,30,0,22,4,-1,0,3
828,tank4_destroyer_89,0,2,1131,0,0,1,0,0,0,12150,0,100,100,0,0,100,0,0,0,0,0,0,0,0,0,0,0,0,0,0,0,0,100,100,0,0,0,0,-16,0,0,0,30,0,22,4,-1,0,3
829,tank4_destroyer_89,0,2,1132,0,0,1,0,0,0,12150,0,100,100,0,0,100,0,0,0,0,0,0,0,0,0,0,0,0,0,0,0,0,100,100,0,0,0,0,-16,0,0,0,30,0,22,4,-1,0,3
830,tank4_destroyer_89,0,2,1132,0,0,1,0,0,0,12150,0,100,100,0,0,100,0,0,0,0,0,0,0,0,0,0,0,0,0,0,0,0,100,100,0,0,0,0,-16,0,0,0,30,0,22,4,-1,0,3
831,tank4_destroyer_89,0,2,1132,0,0,1,0,0,0,12150,0,100,100,0,0,100,0,0,0,0,0,0,0,0,0,0,0,0,0,0,0,0,100,100,0,0,0,0,-16,0,0,0,30,0,22,4,-1,0,3
832,tank4_destroyer_89,0,2,1133,0,0,1,0,0,0,12150,0,100,100,0,0,100,0,0,0,0,0,0,0,0,0,0,0,0,0,0,0,0,100,100,0,0,0,0,-16,0,0,0,30,0,22,4,-1,0,3
833,tank4_destroyer_89,0,2,1133,0,0,1,0,0,0,12150,0,100,100,0,0,100,0,0,0,0,0,0,0,0,0,0,0,0,0,0,0,0,100,100,0,0,0,0,-16,0,0,0,30,0,22,4,-1,0,3
834,tank4_destroyer_89,0,2,1133,0,0,1,0,0,0,12150,0,100,100,0,0,100,0,0,0,0,0,0,0,0,0,0,0,0,0,0,0,0,100,100,0,0,0,0,-16,0,0,0,30,0,22,4,-1,0,3
835,tank4_destroyer_89,0,2,1134,0,0,1,0,0,0,12150,0,100,100,0,0,100,0,0,0,0,0,0,0,0,0,0,0,0,0,0,0,0,100,100,0,0,0,0,-16,0,0,0,30,0,22,4,-1,0,3
836,tank4_destroyer_89,0,2,1134,0,0,1,0,0,0,12150,0,100,100,0,0,100,0,0,0,0,0,0,0,0,0,0,0,0,0,0,0,0,100,100,0,0,0,0,-16,0,0,0,30,0,22,4,-1,0,3
837,tank4_destroyer_89,0,2,1134,0,0,1,0,0,0,12150,0,100,100,0,0,100,0,0,0,0,0,0,0,0,0,0,0,0,0,0,0,0,100,100,0,0,0,0,-16,0,0,0,30,0,22,4,-1,0,3
838,tank4_destroyer_89,0,2,1135,0,0,1,0,0,0,12150,0,100,100,0,0,100,0,0,0,0,0,0,0,0,0,0,0,0,0,0,0,0,100,100,0,0,0,0,-16,0,0,0,30,0,22,4,-1,0,3
839,tank4_destroyer_89,0,2,1135,0,0,1,0,0,0,12150,0,100,100,0,0,100,0,0,0,0,0,0,0,0,0,0,0,0,0,0,0,0,100,100,0,0,0,0,-16,0,0,0,30,0,22,4,-1,0,3
840,tank4_destroyer_89,0,2,1135,0,0,1,0,0,0,12150,0,100,100,0,0,100,0,0,0,0,0,0,0,0,0,0,0,0,0,0,0,0,100,100,0,0,0,0,-16,0,0,0,30,0,22,4,-1,0,3
841,tank4_destroyer_89,0,2,1136,0,0,1,0,0,0,12150,0,100,100,0,0,100,0,0,0,0,0,0,0,0,0,0,0,0,0,0,0,0,100,100,0,0,0,0,-16,0,0,0,30,0,22,4,-1,0,3
842,tank4_destroyer_89,0,2,1136,0,0,1,0,0,0,12150,0,100,100,0,0,100,0,0,0,0,0,0,0,0,0,0,0,0,0,0,0,0,100,100,0,0,0,0,-16,0,0,0,30,0,22,4,-1,0,3
843,tank4_destroyer_89,0,2,1136,0,0,1,0,0,0,12150,0,100,100,0,0,100,0,0,0,0,0,0,0,0,0,0,0,0,0,0,0,0,100,100,0,0,0,0,-16,0,0,0,30,0,22,4,-1,0,3
844,tank4_destroyer_89,0,2,1137,0,0,1,0,0,0,12150,0,100,100,0,0,100,0,0,0,0,0,0,0,0,0,0,0,0,0,0,0,0,100,100,0,0,0,0,-16,0,0,0,30,0,22,4,-1,0,3
845,tank4_destroyer_89,0,2,1137,0,0,1,0,0,0,12150,0,100,100,0,0,100,0,0,0,0,0,0,0,0,0,0,0,0,0,0,0,0,100,100,0,0,0,0,-16,0,0,0,30,0,22,4,-1,0,3
846,tank4_destroyer_89,0,2,1137,0,0,1,0,0,0,12150,0,100,100,0,0,100,0,0,0,0,0,0,0,0,0,0,0,0,0,0,0,0,100,100,0,0,0,0,-16,0,0,0,30,0,22,4,-1,0,3
847,tank4_destroyer_89,0,2,1138,0,0,1,0,0,0,12150,0,100,100,0,0,100,0,0,0,0,0,0,0,0,0,0,0,0,0,0,0,0,100,100,0,0,0,0,-16,0,0,0,30,0,22,4,-1,0,3
848,tank4_destroyer_89,0,2,1138,0,0,1,0,0,0,12150,0,100,100,0,0,100,0,0,0,0,0,0,0,0,0,0,0,0,0,0,0,0,100,100,0,0,0,0,-16,0,0,0,30,0,22,4,-1,0,3
849,tank4_destroyer_89,0,2,1138,0,0,1,0,0,0,12150,0,100,100,0,0,100,0,0,0,0,0,0,0,0,0,0,0,0,0,0,0,0,100,100,0,0,0,0,-16,0,0,0,30,0,22,4,-1,0,3
850,tank4_destroyer_89,0,2,1139,0,0,1,0,0,0,12150,0,100,100,0,0,100,0,0,0,0,0,0,0,0,0,0,0,0,0,0,0,0,100,100,0,0,0,0,-16,0,0,0,30,0,22,4,-1,0,3
851,tank4_destroyer_89,0,2,1139,0,0,1,0,0,0,12150,0,100,100,0,0,100,0,0,0,0,0,0,0,0,0,0,0,0,0,0,0,0,100,100,0,0,0,0,-16,0,0,0,30,0,22,4,-1,0,3
852,tank4_destroyer_89,0,2,1139,0,0,1,0,0,0,12150,0,100,100,0,0,100,0,0,0,0,0,0,0,0,0,0,0,0,0,0,0,0,100,100,0,0,0,0,-16,0,0,0,30,0,22,4,-1,0,3
853,tank4_destroyer_89,0,2,1140,0,0,1,0,0,0,12150,0,100,100,0,0,100,0,0,0,0,0,0,0,0,0,0,0,0,0,0,0,0,100,100,0,0,0,0,-16,0,0,0,30,0,22,4,-1,0,3
854,tank4_destroyer_89,0,2,1140,0,0,1,0,0,0,12150,0,100,100,0,0,100,0,0,0,0,0,0,0,0,0,0,0,0,0,0,0,0,100,100,0,0,0,0,-16,0,0,0,30,0,22,4,-1,0,3
855,tank4_destroyer_89,0,2,1140,0,0,1,0,0,0,12150,0,100,100,0,0,100,0,0,0,0,0,0,0,0,0,0,0,0,0,0,0,0,100,100,0,0,0,0,-16,0,0,0,30,0,22,4,-1,0,3
856,tank4_destroyer_89,0,2,1141,0,0,1,0,0,0,12150,0,100,100,0,0,100,0,0,0,0,0,0,0,0,0,0,0,0,0,0,0,0,100,100,0,0,0,0,-16,0,0,0,30,0,22,4,-1,0,3
857,tank4_destroyer_89,0,2,1141,0,0,1,0,0,0,12150,0,100,100,0,0,100,0,0,0,0,0,0,0,0,0,0,0,0,0,0,0,0,100,100,0,0,0,0,-16,0,0,0,30,0,22,4,-1,0,3
858,tank4_destroyer_89,0,2,1141,0,0,1,0,0,0,12150,0,100,100,0,0,100,0,0,0,0,0,0,0,0,0,0,0,0,0,0,0,0,100,100,0,0,0,0,-16,0,0,0,30,0,22,4,-1,0,3
859,tank4_destroyer_89,0,2,1142,0,0,1,0,0,0,12150,0,100,100,0,0,100,0,0,0,0,0,0,0,0,0,0,0,0,0,0,0,0,100,100,0,0,0,0,-16,0,0,0,30,0,22,4,-1,0,3
860,tank4_destroyer_89,0,2,1142,0,0,1,0,0,0,12150,0,100,100,0,0,100,0,0,0,0,0,0,0,0,0,0,0,0,0,0,0,0,100,100,0,0,0,0,-16,0,0,0,30,0,22,4,-1,0,3
861,tank4_destroyer_89,0,2,1142,0,0,1,0,0,0,12150,0,100,100,0,0,100,0,0,0,0,0,0,0,0,0,0,0,0,0,0,0,0,100,100,0,0,0,0,-16,0,0,0,30,0,22,4,-1,0,3
862,tank4_destroyer_89,0,2,1143,0,0,1,0,0,0,12150,0,100,100,0,0,100,0,0,0,0,0,0,0,0,0,0,0,0,0,0,0,0,100,100,0,0,0,0,-16,0,0,0,30,0,22,4,-1,0,3
863,tank4_destroyer_89,0,2,1143,0,0,1,0,0,0,12150,0,100,100,0,0,100,0,0,0,0,0,0,0,0,0,0,0,0,0,0,0,0,100,100,0,0,0,0,-16,0,0,0,30,0,22,4,-1,0,3
864,tank4_destroyer_89,0,2,1143,0,0,1,0,0,0,12150,0,100,100,0,0,100,0,0,0,0,0,0,0,0,0,0,0,0,0,0,0,0,100,100,0,0,0,0,-16,0,0,0,30,0,22,4,-1,0,3
865,tank4_destroyer_89,0,2,1144,0,0,1,0,0,0,12150,0,100,100,0,0,100,0,0,0,0,0,0,0,0,0,0,0,0,0,0,0,0,100,100,0,0,0,0,-16,0,0,0,30,0,22,4,-1,0,3
866,tank4_destroyer_89,0,2,1144,0,0,1,0,0,0,12150,0,100,100,0,0,100,0,0,0,0,0,0,0,0,0,0,0,0,0,0,0,0,100,100,0,0,0,0,-16,0,0,0,30,0,22,4,-1,0,3
867,tank4_destroyer_89,0,2,1144,0,0,1,0,0,0,12150,0,100,100,0,0,100,0,0,0,0,0,0,0,0,0,0,0,0,0,0,0,0,100,100,0,0,0,0,-16,0,0,0,30,0,22,4,-1,0,3
868,tank4_destroyer_89,0,2,1145,0,0,1,0,0,0,12150,0,100,100,0,0,100,0,0,0,0,0,0,0,0,0,0,0,0,0,0,0,0,100,100,0,0,0,0,-16,0,0,0,30,0,22,4,-1,0,3
869,tank4_destroyer_89,0,2,1145,0,0,1,0,0,0,12150,0,100,100,0,0,100,0,0,0,0,0,0,0,0,0,0,0,0,0,0,0,0,100,100,0,0,0,0,-16,0,0,0,30,0,22,4,-1,0,3
870,tank4_destroyer_89,0,2,1145,0,0,1,0,0,0,12150,0,100,100,0,0,100,0,0,0,0,0,0,0,0,0,0,0,0,0,0,0,0,100,100,0,0,0,0,-16,0,0,0,30,0,22,4,-1,0,3
871,tank4_destroyer_89,0,2,1146,0,0,1,0,0,0,12150,0,100,100,0,0,100,0,0,0,0,0,0,0,0,0,0,0,0,0,0,0,0,100,100,0,0,0,0,-16,0,0,0,30,0,22,4,-1,0,3
872,tank4_destroyer_89,0,2,1146,0,0,1,0,0,0,12150,0,100,100,0,0,100,0,0,0,0,0,0,0,0,0,0,0,0,0,0,0,0,100,100,0,0,0,0,-16,0,0,0,30,0,22,4,-1,0,3
873,tank4_destroyer_89,0,2,1146,0,0,1,0,0,0,12150,0,100,100,0,0,100,0,0,0,0,0,0,0,0,0,0,0,0,0,0,0,0,100,100,0,0,0,0,-16,0,0,0,30,0,22,4,-1,0,3
874,tank4_destroyer_89,0,2,1147,0,0,1,0,0,0,12150,0,100,100,0,0,100,0,0,0,0,0,0,0,0,0,0,0,0,0,0,0,0,100,100,0,0,0,0,-16,0,0,0,30,0,22,4,-1,0,3
875,tank4_destroyer_89,0,2,1147,0,0,1,0,0,0,12150,0,100,100,0,0,100,0,0,0,0,0,0,0,0,0,0,0,0,0,0,0,0,100,100,0,0,0,0,-16,0,0,0,30,0,22,4,-1,0,3
876,tank4_destroyer_89,0,2,1147,0,0,1,0,0,0,12150,0,100,100,0,0,100,0,0,0,0,0,0,0,0,0,0,0,0,0,0,0,0,100,100,0,0,0,0,-16,0,0,0,30,0,22,4,-1,0,3
877,tank4_destroyer_89,0,2,1148,0,0,1,0,0,0,12150,0,100,100,0,0,100,0,0,0,0,0,0,0,0,0,0,0,0,0,0,0,0,100,100,0,0,0,0,-16,0,0,0,30,0,22,4,-1,0,3
878,tank4_destroyer_89,0,2,1148,0,0,1,0,0,0,12150,0,100,100,0,0,100,0,0,0,0,0,0,0,0,0,0,0,0,0,0,0,0,100,100,0,0,0,0,-16,0,0,0,30,0,22,4,-1,0,3
879,tank4_destroyer_89,0,2,1148,0,0,1,0,0,0,12150,0,100,100,0,0,100,0,0,0,0,0,0,0,0,0,0,0,0,0,0,0,0,100,100,0,0,0,0,-16,0,0,0,30,0,22,4,-1,0,3
880,tank4_destroyer_89,0,2,1148,0,0,1,0,0,0,12150,0,100,100,0,0,100,0,0,0,0,0,0,0,0,0,0,0,0,0,0,0,0,100,100,0,0,0,0,-16,0,0,0,30,0,22,4,-1,0,3
881,tank4_destroyer_89,0,2,1149,0,0,1,0,0,0,12150,0,100,100,0,0,100,0,0,0,0,0,0,0,0,0,0,0,0,0,0,0,0,100,100,0,0,0,0,-16,0,0,0,30,0,22,4,-1,0,3
882,tank4_destroyer_89,0,2,1149,0,0,1,0,0,0,12150,0,100,100,0,0,100,0,0,0,0,0,0,0,0,0,0,0,0,0,0,0,0,100,100,0,0,0,0,-16,0,0,0,30,0,22,4,-1,0,3
883,tank4_destroyer_89,0,2,1149,0,0,1,0,0,0,12150,0,100,100,0,0,100,0,0,0,0,0,0,0,0,0,0,0,0,0,0,0,0,100,100,0,0,0,0,-16,0,0,0,30,0,22,4,-1,0,3
884,tank4_destroyer_89,0,2,1150,0,0,1,0,0,0,12150,0,100,100,0,0,100,0,0,0,0,0,0,0,0,0,0,0,0,0,0,0,0,100,100,0,0,0,0,-16,0,0,0,30,0,22,4,-1,0,3
885,tank4_destroyer_89,0,2,1150,0,0,1,0,0,0,12150,0,100,100,0,0,100,0,0,0,0,0,0,0,0,0,0,0,0,0,0,0,0,100,100,0,0,0,0,-16,0,0,0,30,0,22,4,-1,0,3
886,tank4_destroyer_89,0,2,1150,0,0,1,0,0,0,12150,0,100,100,0,0,100,0,0,0,0,0,0,0,0,0,0,0,0,0,0,0,0,100,100,0,0,0,0,-16,0,0,0,30,0,22,4,-1,0,3
887,tank4_destroyer_89,0,2,1151,0,0,1,0,0,0,12150,0,100,100,0,0,100,0,0,0,0,0,0,0,0,0,0,0,0,0,0,0,0,100,100,0,0,0,0,-16,0,0,0,30,0,22,4,-1,0,3
888,tank4_destroyer_89,0,2,1151,0,0,1,0,0,0,12150,0,100,100,0,0,100,0,0,0,0,0,0,0,0,0,0,0,0,0,0,0,0,100,100,0,0,0,0,-16,0,0,0,30,0,22,4,-1,0,3
889,tank4_destroyer_89,0,2,1151,0,0,1,0,0,0,12150,0,100,100,0,0,100,0,0,0,0,0,0,0,0,0,0,0,0,0,0,0,0,100,100,0,0,0,0,-16,0,0,0,30,0,22,4,-1,0,3
890,tank4_destroyer_89,0,2,1152,0,0,1,0,0,0,12150,0,100,100,0,0,100,0,0,0,0,0,0,0,0,0,0,0,0,0,0,0,0,100,100,0,0,0,0,-16,0,0,0,30,0,22,4,-1,0,3
891,tank4_destroyer_89,0,2,1152,0,0,1,0,0,0,12150,0,100,100,0,0,100,0,0,0,0,0,0,0,0,0,0,0,0,0,0,0,0,100,100,0,0,0,0,-16,0,0,0,30,0,22,4,-1,0,3
892,tank4_destroyer_89,0,2,1152,0,0,1,0,0,0,12150,0,100,100,0,0,100,0,0,0,0,0,0,0,0,0,0,0,0,0,0,0,0,100,100,0,0,0,0,-16,0,0,0,30,0,22,4,-1,0,3
893,tank4_destroyer_89,0,2,1153,0,0,1,0,0,0,12150,0,100,100,0,0,100,0,0,0,0,0,0,0,0,0,0,0,0,0,0,0,0,100,100,0,0,0,0,-16,0,0,0,30,0,22,4,-1,0,3
894,tank4_destroyer_89,0,2,1153,0,0,1,0,0,0,12150,0,100,100,0,0,100,0,0,0,0,0,0,0,0,0,0,0,0,0,0,0,0,100,100,0,0,0,0,-16,0,0,0,30,0,22,4,-1,0,3
895,tank4_destroyer_89,0,2,1153,0,0,1,0,0,0,12150,0,100,100,0,0,100,0,0,0,0,0,0,0,0,0,0,0,0,0,0,0,0,100,100,0,0,0,0,-16,0,0,0,30,0,22,4,-1,0,3
896,tank4_destroyer_89,0,2,1154,0,0,1,0,0,0,12150,0,100,100,0,0,100,0,0,0,0,0,0,0,0,0,0,0,0,0,0,0,0,100,100,0,0,0,0,-16,0,0,0,30,0,22,4,-1,0,3
897,tank4_destroyer_89,0,2,1154,0,0,1,0,0,0,12150,0,100,100,0,0,100,0,0,0,0,0,0,0,0,0,0,0,0,0,0,0,0,100,100,0,0,0,0,-16,0,0,0,30,0,22,4,-1,0,3
898,tank4_destroyer_89,0,2,1154,0,0,1,0,0,0,12150,0,100,100,0,0,100,0,0,0,0,0,0,0,0,0,0,0,0,0,0,0,0,100,100,0,0,0,0,-16,0,0,0,30,0,22,4,-1,0,3
899,tank4_destroyer_89,0,2,1155,0,0,1,0,0,0,12150,0,100,100,0,0,100,0,0,0,0,0,0,0,0,0,0,0,0,0,0,0,0,100,100,0,0,0,0,-16,0,0,0,30,0,22,4,-1,0,3
