tick,name,pos_x,pos_y,pos_z,vel_x,vel_y,vel_z,yaw,grounded,fx_count,kudos,combo,nitro,riskboost,takedowns,skill_driver,crashbreaker,airspeed,air_lift,rotor_rpm,rotor_lift,fuel,cannon,missiles,lock,cargo,av_lock,threat,engine_dead,ctrl_loss,mission_score,medal,wing_score,shield,laser,heat,tank_left,tank_right,turret_yaw,turret_elev,tank_ammo,tank_fired,tank_pen,tank_effective,tank_spall,crew_shock,crew_alive,module_last,platoon_order,platoon_score
0,tank4_m1a1_89,0,2,0,0,0,0,0,0,0,0,0,50,0,0,0,0,0,0,0,0,0,0,0,0,0,0,0,0,0,0,0,0,100,100,0,0,0,0,0,2,0,0,0,0,0,4,-1,0,0
1,tank4_m1a1_89,0,2,0,0,0,0,0,0,0,0,0,50,0,0,0,0,0,0,0,0,0,0,0,0,0,0,0,0,0,0,0,0,100,100,0,0,0,0,0,2,0,0,0,0,0,4,-1,0,0
2,tank4_m1a1_89,0,2,0,0,0,1,0,0,0,0,0,50,0,0,0,0,0,0,0,0,0,0,0,0,0,0,0,0,0,0,0,0,100,100,0,0,0,0,0,2,0,0,0,0,0,4,-1,0,0
3,tank4_m1a1_89,0,2,1,0,0,1,0,0,0,0,0,50,0,0,0,0,0,0,0,0,0,0,0,0,0,0,0,0,0,0,0,0,100,100,0,0,0,0,0,2,0,0,0,0,0,4,-1,0,0
4,tank4_m1a1_89,0,2,1,0,0,1,0,0,0,0,0,50,0,0,0,0,0,0,0,0,0,0,0,0,0,0,0,0,0,0,0,0,100,100,0,0,0,0,0,2,0,0,0,0,0,4,-1,0,0
5,tank4_m1a1_89,0,2,2,0,0,2,0,0,0,0,0,51,0,0,0,0,0,0,0,0,0,0,0,0,0,0,0,0,0,0,0,0,100,100,0,0,0,0,0,2,0,0,0,0,0,4,-1,0,0
6,tank4_m1a1_89,0,2,2,0,0,2,0,0,0,0,0,51,0,0,0,0,0,0,0,0,0,0,0,0,0,0,0,0,0,0,0,0,100,100,0,0,0,0,0,2,0,0,0,0,0,4,-1,0,0
7,tank4_m1a1_89,0,2,3,0,0,2,0,0,0,0,0,51,0,0,0,0,0,0,0,0,0,0,0,0,0,0,0,0,0,0,0,0,100,100,0,0,0,0,0,2,0,0,0,0,0,4,-1,0,0
8,tank4_m1a1_89,0,2,4,0,0,3,0,0,0,0,0,51,0,0,0,0,0,0,0,0,0,0,0,0,0,0,0,0,0,0,0,0,100,100,0,0,0,0,0,2,0,0,0,0,0,4,-1,0,0
9,tank4_m1a1_89,0,2,5,0,0,3,0,0,0,0,0,51,0,0,0,0,0,0,0,0,0,0,0,0,0,0,0,0,0,0,0,0,100,100,0,0,0,0,0,2,0,0,0,0,0,4,-1,0,0
10,tank4_m1a1_89,0,2,6,0,0,3,0,0,0,0,0,52,0,0,0,0,0,0,0,0,0,0,0,0,0,0,0,0,0,0,0,0,100,100,0,0,0,0,0,2,0,0,0,0,0,4,-1,0,0
11,tank4_m1a1_89,0,2,7,0,0,3,0,0,0,0,0,52,0,0,0,0,0,0,0,0,0,0,0,0,0,0,0,0,0,0,0,0,100,100,0,0,0,0,0,2,0,0,0,0,0,4,-1,0,0
12,tank4_m1a1_89,0,2,8,0,0,4,0,0,0,0,0,52,0,0,0,0,0,0,0,0,0,0,0,0,0,0,0,0,0,0,0,0,100,100,0,0,0,0,0,2,0,0,0,0,0,4,-1,0,0
13,tank4_m1a1_89,0,2,9,0,0,4,0,0,0,0,0,52,0,0,0,0,0,0,0,0,0,0,0,0,0,0,0,0,0,0,0,0,100,100,0,0,0,0,0,2,0,0,0,0,0,4,-1,0,0
14,tank4_m1a1_89,0,2,11,0,0,4,0,0,0,0,0,52,0,0,0,0,0,0,0,0,0,0,0,0,0,0,0,0,0,0,0,0,100,100,0,0,0,0,0,2,0,0,0,0,0,4,-1,0,0
15,tank4_m1a1_89,0,2,12,0,0,4,0,0,0,0,0,53,0,0,0,0,0,0,0,0,0,0,0,0,0,0,0,0,0,0,0,0,100,100,0,0,0,0,0,2,0,0,0,0,0,4,-1,0,0
16,tank4_m1a1_89,0,2,13,0,0,4,0,0,0,0,0,53,0,0,0,0,0,0,0,0,0,0,0,0,0,0,0,0,0,0,0,0,100,100,0,0,0,0,0,2,0,0,0,0,0,4,-1,0,0
17,tank4_m1a1_89,0,2,15,0,0,5,0,0,0,0,0,53,0,0,0,0,0,0,0,0,0,0,0,0,0,0,0,0,0,0,0,0,100,100,0,0,0,0,0,2,0,0,0,0,0,4,-1,0,0
18,tank4_m1a1_89,0,2,16,0,0,5,0,0,0,0,0,53,0,0,0,0,0,0,0,0,0,0,0,0,0,0,0,0,0,0,0,0,100,100,0,0,0,0,0,2,0,0,0,0,0,4,-1,0,0
19,tank4_m1a1_89,0,2,17,0,0,5,0,0,0,0,0,53,0,0,0,0,0,0,0,0,0,0,0,0,0,0,0,0,0,0,0,0,100,100,0,0,0,0,0,2,0,0,0,0,0,4,-1,0,0
20,tank4_m1a1_89,0,2,19,0,0,5,0,0,0,0,0,53,0,0,0,0,0,0,0,0,0,0,0,0,0,0,0,0,0,0,0,0,100,100,0,0,0,0,0,3,0,0,0,0,0,4,-1,0,0
21,tank4_m1a1_89,0,2,20,0,0,5,0,0,0,0,0,54,0,0,0,0,0,0,0,0,0,0,0,0,0,0,0,0,0,0,0,0,100,100,0,0,0,0,0,3,0,0,0,0,0,4,-1,0,0
22,tank4_m1a1_89,0,2,22,0,0,5,0,0,0,0,0,54,0,0,0,0,0,0,0,0,0,0,0,0,0,0,0,0,0,0,0,0,100,100,0,0,0,0,0,3,0,0,0,0,0,4,-1,0,0
23,tank4_m1a1_89,0,2,23,0,0,5,0,0,0,0,0,54,0,0,0,0,0,0,0,0,0,0,0,0,0,0,0,0,0,0,0,0,100,100,0,0,0,0,0,3,0,0,0,0,0,4,-1,0,0
24,tank4_m1a1_89,0,2,25,0,0,5,0,0,0,0,0,54,0,0,0,0,0,0,0,0,0,0,0,0,0,0,0,0,0,0,0,0,100,100,0,0,0,0,0,3,0,0,0,0,0,4,-1,0,0
25,tank4_m1a1_89,0,2,27,0,0,6,0,0,0,0,0,54,0,0,0,0,0,0,0,0,0,0,0,0,0,0,0,0,0,0,0,0,100,100,0,0,0,0,0,3,0,0,0,0,0,4,-1,0,0
26,tank4_m1a1_89,0,2,28,0,0,6,0,0,0,0,0,55,0,0,0,0,0,0,0,0,0,0,0,0,0,0,0,0,0,0,0,0,100,100,0,0,0,0,0,3,0,0,0,0,0,4,-1,0,0
27,tank4_m1a1_89,0,2,30,0,0,6,0,0,0,0,0,55,0,0,0,0,0,0,0,0,0,0,0,0,0,0,0,0,0,0,0,0,100,100,0,0,0,0,0,3,0,0,0,0,0,4,-1,0,0
28,tank4_m1a1_89,0,2,31,0,0,6,0,0,0,0,0,55,0,0,0,0,0,0,0,0,0,0,0,0,0,0,0,0,0,0,0,0,100,100,0,0,0,0,0,3,0,0,0,0,0,4,-1,0,0
29,tank4_m1a1_89,0,2,33,0,0,6,0,0,0,0,0,55,0,0,0,0,0,0,0,0,0,0,0,0,0,0,0,0,0,0,0,0,100,100,0,0,0,0,0,3,0,0,0,0,0,4,-1,0,0
30,tank4_m1a1_89,0,2,35,0,0,6,0,0,0,0,0,55,0,0,0,0,0,0,0,0,0,0,0,0,0,0,0,0,0,0,0,0,100,100,0,0,0,0,0,3,0,0,0,0,0,4,-1,0,0
31,tank4_m1a1_89,0,2,37,0,0,6,0,0,0,0,0,56,0,0,0,0,0,0,0,0,0,0,0,0,0,0,0,0,0,0,0,0,100,100,0,0,0,0,0,3,0,0,0,0,0,4,-1,0,0
32,tank4_m1a1_89,0,2,38,0,0,6,0,0,0,0,0,56,0,0,0,0,0,0,0,0,0,0,0,0,0,0,0,0,0,0,0,0,100,100,0,0,0,0,0,3,0,0,0,0,0,4,-1,0,0
33,tank4_m1a1_89,0,2,40,0,0,6,0,0,0,0,0,56,0,0,0,0,0,0,0,0,0,0,0,0,0,0,0,0,0,0,0,0,100,100,0,0,0,0,0,3,0,0,0,0,0,4,-1,0,0
34,tank4_m1a1_89,0,2,42,0,0,6,0,0,0,0,0,56,0,0,0,0,0,0,0,0,0,0,0,0,0,0,0,0,0,0,0,0,100,100,0,0,0,0,0,3,0,0,0,0,0,4,-1,0,0
35,tank4_m1a1_89,0,2,44,0,0,6,0,0,0,0,0,56,0,0,0,0,0,0,0,0,0,0,0,0,0,0,0,0,0,0,0,0,100,100,0,0,0,0,0,3,0,0,0,0,0,4,-1,0,0
36,tank4_m1a1_89,0,2,45,0,0,6,0,0,0,0,0,56,0,0,0,0,0,0,0,0,0,0,0,0,0,0,0,0,0,0,0,0,100,100,0,0,0,0,0,3,0,0,0,0,0,4,-1,0,0
37,tank4_m1a1_89,0,2,47,0,0,6,0,0,0,0,0,57,0,0,0,0,0,0,0,0,0,0,0,0,0,0,0,0,0,0,0,0,100,100,0,0,0,0,0,3,0,0,0,0,0,4,-1,0,0
38,tank4_m1a1_89,0,2,49,0,0,6,0,0,0,0,0,57,0,0,0,0,0,0,0,0,0,0,0,0,0,0,0,0,0,0,0,0,100,100,0,0,0,0,0,3,0,0,0,0,0,4,-1,0,0
39,tank4_m1a1_89,0,2,51,0,0,6,0,0,0,0,0,57,0,0,0,0,0,0,0,0,0,0,0,0,0,0,0,0,0,0,0,0,100,100,0,0,0,0,0,3,0,0,0,0,0,4,-1,0,0
40,tank4_m1a1_89,0,2,53,0,0,6,0,0,0,0,0,57,0,0,0,0,0,0,0,0,0,0,0,0,0,0,0,0,0,0,0,0,100,100,0,0,0,0,0,3,0,0,0,0,0,4,-1,1,0
41,tank4_m1a1_89,0,2,55,0,0,6,0,0,0,0,0,57,0,0,0,0,0,0,0,0,0,0,0,0,0,0,0,0,0,0,0,0,100,100,0,0,0,0,0,3,0,0,0,0,0,4,-1,1,0
42,tank4_m1a1_89,0,2,56,0,0,6,0,0,0,0,0,58,0,0,0,0,0,0,0,0,0,0,0,0,0,0,0,0,0,0,0,0,100,100,0,0,0,0,0,3,0,0,0,0,0,4,-1,1,0
43,tank4_m1a1_89,0,2,58,0,0,6,0,0,0,0,0,58,0,0,0,0,0,0,0,0,0,0,0,0,0,0,0,0,0,0,0,0,100,100,0,0,0,0,0,3,0,0,0,0,0,4,-1,1,0
44,tank4_m1a1_89,0,2,60,0,0,7,0,0,0,0,0,58,0,0,0,0,0,0,0,0,0,0,0,0,0,0,0,0,0,0,0,0,100,100,0,0,0,0,0,3,0,0,0,0,0,4,-1,1,0
45,tank4_m1a1_89,0,2,62,0,0,7,0,0,0,0,0,58,0,0,0,0,0,0,0,0,0,0,0,0,0,0,0,0,0,0,0,0,100,100,0,0,0,0,0,3,0,0,0,0,0,4,-1,1,0
46,tank4_m1a1_89,0,2,64,0,0,7,0,0,0,0,0,58,0,0,0,0,0,0,0,0,0,0,0,0,0,0,0,0,0,0,0,0,100,100,0,0,0,0,0,3,0,0,0,0,0,4,-1,1,0
47,tank4_m1a1_89,0,2,66,0,0,7,0,0,0,0,0,59,0,0,0,0,0,0,0,0,0,0,0,0,0,0,0,0,0,0,0,0,100,100,0,0,0,0,0,3,0,0,0,0,0,4,-1,1,0
48,tank4_m1a1_89,0,2,68,0,0,7,0,0,0,0,0,59,0,0,0,0,0,0,0,0,0,0,0,0,0,0,0,0,0,0,0,0,100,100,0,0,0,0,0,3,0,0,0,0,0,4,-1,1,0
49,tank4_m1a1_89,0,2,70,0,0,7,0,0,0,0,0,59,0,0,0,0,0,0,0,0,0,0,0,0,0,0,0,0,0,0,0,0,100,100,0,0,0,0,0,3,0,0,0,0,0,4,-1,1,0
50,tank4_m1a1_89,0,2,71,0,0,7,0,0,0,0,0,59,0,0,0,0,0,0,0,0,0,0,0,0,0,0,0,0,0,0,0,0,100,100,0,0,0,0,0,3,0,0,0,0,0,4,-1,1,0
51,tank4_m1a1_89,0,2,73,0,0,7,0,0,0,0,0,59,0,0,0,0,0,0,0,0,0,0,0,0,0,0,0,0,0,0,0,0,100,100,0,0,0,0,0,3,0,0,0,0,0,4,-1,1,0
52,tank4_m1a1_89,0,2,75,0,0,7,0,0,0,0,0,59,0,0,0,0,0,0,0,0,0,0,0,0,0,0,0,0,0,0,0,0,100,100,0,0,0,0,0,3,0,0,0,0,0,4,-1,1,0
53,tank4_m1a1_89,0,2,77,0,0,7,0,0,0,0,0,60,0,0,0,0,0,0,0,0,0,0,0,0,0,0,0,0,0,0,0,0,100,100,0,0,0,0,0,3,0,0,0,0,0,4,-1,1,0
54,tank4_m1a1_89,0,2,79,0,0,7,0,0,0,0,0,60,0,0,0,0,0,0,0,0,0,0,0,0,0,0,0,0,0,0,0,0,100,100,0,0,0,0,0,3,0,0,0,0,0,4,-1,1,0
55,tank4_m1a1_89,0,2,81,0,0,7,0,0,0,0,0,60,0,0,0,0,0,0,0,0,0,0,0,0,0,0,0,0,0,0,0,0,100,100,0,0,0,0,0,3,0,0,0,0,0,4,-1,1,0
56,tank4_m1a1_89,0,2,83,0,0,7,0,0,0,0,0,60,0,0,0,0,0,0,0,0,0,0,0,0,0,0,0,0,0,0,0,0,100,100,0,0,0,0,0,3,0,0,0,0,0,4,-1,1,0
57,tank4_m1a1_89,0,2,85,0,0,7,0,0,0,0,0,60,0,0,0,0,0,0,0,0,0,0,0,0,0,0,0,0,0,0,0,0,100,100,0,0,0,0,0,3,0,0,0,0,0,4,-1,1,0
58,tank4_m1a1_89,0,2,87,0,0,7,0,0,0,0,0,61,0,0,0,0,0,0,0,0,0,0,0,0,0,0,0,0,0,0,0,0,100,100,0,0,0,0,0,3,0,0,0,0,0,4,-1,1,0
59,tank4_m1a1_89,0,2,89,0,0,7,0,0,0,0,0,61,0,0,0,0,0,0,0,0,0,0,0,0,0,0,0,0,0,0,0,0,100,100,0,0,0,0,0,3,0,0,0,0,0,4,-1,1,0
60,tank4_m1a1_89,0,2,91,0,0,7,0,0,0,0,0,61,0,0,0,0,0,0,0,0,0,0,0,0,0,0,0,0,0,0,0,0,100,100,0,0,0,0,0,3,0,0,0,0,0,4,-1,1,0
61,tank4_m1a1_89,0,2,93,0,0,7,0,0,0,0,0,61,0,0,0,0,0,0,0,0,0,0,0,0,0,0,0,0,0,0,0,0,100,100,0,0,0,0,0,3,0,0,0,0,0,4,-1,1,0
62,tank4_m1a1_89,0,2,95,0,0,7,0,0,0,0,0,61,0,0,0,0,0,0,0,0,0,0,0,0,0,0,0,0,0,0,0,0,100,100,0,0,0,0,0,3,0,0,0,0,0,4,-1,1,0
63,tank4_m1a1_89,0,2,96,0,0,7,0,0,0,0,0,62,0,0,0,0,0,0,0,0,0,0,0,0,0,0,0,0,0,0,0,0,100,100,0,0,0,0,0,3,0,0,0,0,0,4,-1,1,0
64,tank4_m1a1_89,0,2,98,0,0,7,0,0,0,0,0,62,0,0,0,0,0,0,0,0,0,0,0,0,0,0,0,0,0,0,0,0,100,100,0,0,0,0,0,3,0,0,0,0,0,4,-1,1,0
65,tank4_m1a1_89,0,2,100,0,0,7,0,0,0,0,0,62,0,0,0,0,0,0,0,0,0,0,0,0,0,0,0,0,0,0,0,0,100,100,0,0,0,0,0,3,0,0,0,0,0,4,-1,1,0
66,tank4_m1a1_89,0,2,102,0,0,7,0,0,0,0,0,62,0,0,0,0,0,0,0,0,0,0,0,0,0,0,0,0,0,0,0,0,100,100,0,0,0,0,0,3,0,0,0,0,0,4,-1,1,0
67,tank4_m1a1_89,0,2,104,0,0,7,0,0,0,0,0,62,0,0,0,0,0,0,0,0,0,0,0,0,0,0,0,0,0,0,0,0,100,100,0,0,0,0,0,3,0,0,0,0,0,4,-1,1,0
68,tank4_m1a1_89,0,2,106,0,0,7,0,0,0,0,0,62,0,0,0,0,0,0,0,0,0,0,0,0,0,0,0,0,0,0,0,0,100,100,0,0,0,0,0,3,0,0,0,0,0,4,-1,1,0
69,tank4_m1a1_89,0,2,108,0,0,7,0,0,0,0,0,63,0,0,0,0,0,0,0,0,0,0,0,0,0,0,0,0,0,0,0,0,100,100,0,0,0,0,0,3,0,0,0,0,0,4,-1,1,0
70,tank4_m1a1_89,0,2,110,0,0,7,0,0,2,0,0,63,0,0,0,0,0,0,0,0,0,0,0,0,0,0,0,0,0,0,0,0,100,100,0,0,0,0,0,3,1,0,792,0,21,4,-1,1,1
71,tank4_m1a1_89,0,2,112,0,0,7,0,0,0,0,0,63,0,0,0,0,0,0,0,0,0,0,0,0,0,0,0,0,0,0,0,0,100,100,0,0,0,0,-2,3,0,0,792,0,21,4,-1,1,1
72,tank4_m1a1_89,0,2,114,0,0,7,0,0,0,0,0,63,0,0,0,0,0,0,0,0,0,0,0,0,0,0,0,0,0,0,0,0,100,100,0,0,0,0,-3,3,0,0,792,0,21,4,-1,1,1
73,tank4_m1a1_89,0,2,116,0,0,7,0,0,0,0,0,63,0,0,0,0,0,0,0,0,0,0,0,0,0,0,0,0,0,0,0,0,100,100,0,0,0,0,-3,3,0,0,792,0,21,4,-1,1,1
74,tank4_m1a1_89,0,2,118,0,0,7,0,0,0,0,0,64,0,0,0,0,0,0,0,0,0,0,0,0,0,0,0,0,0,0,0,0,100,100,0,0,0,0,-3,3,0,0,792,0,21,4,-1,1,1
75,tank4_m1a1_89,0,2,120,0,0,7,0,0,0,0,0,64,0,0,0,0,0,0,0,0,0,0,0,0,0,0,0,0,0,0,0,0,100,100,0,0,0,0,-3,3,0,0,792,0,21,4,-1,1,1
76,tank4_m1a1_89,0,2,122,0,0,7,0,0,0,0,0,64,0,0,0,0,0,0,0,0,0,0,0,0,0,0,0,0,0,0,0,0,100,100,0,0,0,0,-3,3,0,0,792,0,21,4,-1,1,1
77,tank4_m1a1_89,0,2,124,0,0,7,0,0,0,0,0,64,0,0,0,0,0,0,0,0,0,0,0,0,0,0,0,0,0,0,0,0,100,100,0,0,0,0,-3,3,0,0,792,0,21,4,-1,1,1
78,tank4_m1a1_89,0,2,126,0,0,7,0,0,0,0,0,64,0,0,0,0,0,0,0,0,0,0,0,0,0,0,0,0,0,0,0,0,100,100,0,0,0,0,-3,3,0,0,792,0,21,4,-1,1,1
79,tank4_m1a1_89,0,2,128,0,0,7,0,0,0,0,0,65,0,0,0,0,0,0,0,0,0,0,0,0,0,0,0,0,0,0,0,0,100,100,0,0,0,0,-3,3,0,0,792,0,21,4,-1,1,1
80,tank4_m1a1_89,0,2,130,0,0,7,0,0,0,0,0,65,0,0,0,0,0,0,0,0,0,0,0,0,0,0,0,0,0,0,0,0,100,100,0,0,0,0,-3,3,0,0,792,0,21,4,-1,1,1
81,tank4_m1a1_89,0,2,132,0,0,7,0,0,0,0,0,65,0,0,0,0,0,0,0,0,0,0,0,0,0,0,0,0,0,0,0,0,100,100,0,0,0,0,-3,3,0,0,792,0,21,4,-1,1,1
82,tank4_m1a1_89,0,2,134,0,0,7,0,0,0,0,0,65,0,0,0,0,0,0,0,0,0,0,0,0,0,0,0,0,0,0,0,0,100,100,0,0,0,0,-3,3,0,0,792,0,21,4,-1,1,1
83,tank4_m1a1_89,0,2,135,0,0,7,0,0,0,0,0,65,0,0,0,0,0,0,0,0,0,0,0,0,0,0,0,0,0,0,0,0,100,100,0,0,0,0,-3,3,0,0,792,0,21,4,-1,1,1
84,tank4_m1a1_89,0,2,137,0,0,7,0,0,0,0,0,65,0,0,0,0,0,0,0,0,0,0,0,0,0,0,0,0,0,0,0,0,100,100,0,0,0,0,-3,3,0,0,792,0,21,4,-1,1,1
85,tank4_m1a1_89,0,2,139,0,0,7,0,0,0,0,0,66,0,0,0,0,0,0,0,0,0,0,0,0,0,0,0,0,0,0,0,0,100,100,0,0,0,0,-3,3,0,0,792,0,21,4,-1,1,1
86,tank4_m1a1_89,0,2,141,0,0,7,0,0,0,0,0,66,0,0,0,0,0,0,0,0,0,0,0,0,0,0,0,0,0,0,0,0,100,100,0,0,0,0,-3,3,0,0,792,0,21,4,-1,1,1
87,tank4_m1a1_89,0,2,143,0,0,7,0,0,0,0,0,66,0,0,0,0,0,0,0,0,0,0,0,0,0,0,0,0,0,0,0,0,100,100,0,0,0,0,-3,3,0,0,792,0,21,4,-1,1,1
88,tank4_m1a1_89,0,2,145,0,0,7,0,0,0,0,0,66,0,0,0,0,0,0,0,0,0,0,0,0,0,0,0,0,0,0,0,0,100,100,0,0,0,0,-3,3,0,0,792,0,21,4,-1,1,1
89,tank4_m1a1_89,0,2,147,0,0,7,0,0,0,0,0,66,0,0,0,0,0,0,0,0,0,0,0,0,0,0,0,0,0,0,0,0,100,100,0,0,0,0,-3,3,0,0,792,0,21,4,-1,1,1
90,tank4_m1a1_89,0,2,149,0,0,7,0,0,0,0,0,67,0,0,0,0,0,0,0,0,0,0,0,0,0,0,0,0,0,0,0,0,100,100,0,0,0,0,-3,3,0,0,792,0,21,4,-1,1,1
91,tank4_m1a1_89,0,2,151,0,0,7,0,0,0,0,0,67,0,0,0,0,0,0,0,0,0,0,0,0,0,0,0,0,0,0,0,0,100,100,0,0,0,0,-3,3,0,0,792,0,21,4,-1,1,1
92,tank4_m1a1_89,0,2,153,0,0,7,0,0,0,0,0,67,0,0,0,0,0,0,0,0,0,0,0,0,0,0,0,0,0,0,0,0,100,100,0,0,0,0,-3,3,0,0,792,0,21,4,-1,1,1
93,tank4_m1a1_89,0,2,155,0,0,7,0,0,0,0,0,67,0,0,0,0,0,0,0,0,0,0,0,0,0,0,0,0,0,0,0,0,100,100,0,0,0,0,-3,3,0,0,792,0,21,4,-1,1,1
94,tank4_m1a1_89,0,2,157,0,0,7,0,0,0,0,0,67,0,0,0,0,0,0,0,0,0,0,0,0,0,0,0,0,0,0,0,0,100,100,0,0,0,0,-3,3,0,0,792,0,21,4,-1,1,1
95,tank4_m1a1_89,0,2,159,0,0,7,0,0,0,0,0,68,0,0,0,0,0,0,0,0,0,0,0,0,0,0,0,0,0,0,0,0,100,100,0,0,0,0,-3,3,0,0,792,0,21,4,-1,1,1
96,tank4_m1a1_89,0,2,161,0,0,7,0,0,0,0,0,68,0,0,0,0,0,0,0,0,0,0,0,0,0,0,0,0,0,0,0,0,100,100,0,0,0,0,-3,3,0,0,792,0,21,4,-1,1,1
97,tank4_m1a1_89,0,2,163,0,0,7,0,0,0,0,0,68,0,0,0,0,0,0,0,0,0,0,0,0,0,0,0,0,0,0,0,0,100,100,0,0,0,0,-3,3,0,0,792,0,21,4,-1,1,1
98,tank4_m1a1_89,0,2,165,0,0,7,0,0,0,0,0,68,0,0,0,0,0,0,0,0,0,0,0,0,0,0,0,0,0,0,0,0,100,100,0,0,0,0,-3,3,0,0,792,0,21,4,-1,1,1
99,tank4_m1a1_89,0,2,167,0,0,7,0,0,0,0,0,68,0,0,0,0,0,0,0,0,0,0,0,0,0,0,0,0,0,0,0,0,100,100,0,0,0,0,-3,3,0,0,792,0,21,4,-1,1,1
100,tank4_m1a1_89,0,2,169,0,0,7,0,0,0,0,0,68,0,0,0,0,0,0,0,0,0,0,0,0,0,0,0,0,0,0,0,0,100,100,0,0,0,0,-3,3,0,0,792,0,21,4,-1,1,1
101,tank4_m1a1_89,0,2,171,0,0,7,0,0,0,0,0,69,0,0,0,0,0,0,0,0,0,0,0,0,0,0,0,0,0,0,0,0,100,100,0,0,0,0,-3,3,0,0,792,0,21,4,-1,1,1
102,tank4_m1a1_89,0,2,173,0,0,7,0,0,0,0,0,69,0,0,0,0,0,0,0,0,0,0,0,0,0,0,0,0,0,0,0,0,100,100,0,0,0,0,-3,3,0,0,792,0,21,4,-1,1,1
103,tank4_m1a1_89,0,2,175,0,0,7,0,0,0,0,0,69,0,0,0,0,0,0,0,0,0,0,0,0,0,0,0,0,0,0,0,0,100,100,0,0,0,0,-3,3,0,0,792,0,21,4,-1,1,1
104,tank4_m1a1_89,0,2,177,0,0,7,0,0,0,0,0,69,0,0,0,0,0,0,0,0,0,0,0,0,0,0,0,0,0,0,0,0,100,100,0,0,0,0,-3,3,0,0,792,0,21,4,-1,1,1
105,tank4_m1a1_89,0,2,179,0,0,7,0,0,0,0,0,69,0,0,0,0,0,0,0,0,0,0,0,0,0,0,0,0,0,0,0,0,100,100,0,0,0,0,-3,3,0,0,792,0,21,4,-1,1,1
106,tank4_m1a1_89,0,2,181,0,0,7,0,0,0,0,0,70,0,0,0,0,0,0,0,0,0,0,0,0,0,0,0,0,0,0,0,0,100,100,0,0,0,0,-3,3,0,0,792,0,21,4,-1,1,1
107,tank4_m1a1_89,0,2,183,0,0,7,0,0,0,0,0,70,0,0,0,0,0,0,0,0,0,0,0,0,0,0,0,0,0,0,0,0,100,100,0,0,0,0,-3,3,0,0,792,0,21,4,-1,1,1
108,tank4_m1a1_89,0,2,185,0,0,7,0,0,0,0,0,70,0,0,0,0,0,0,0,0,0,0,0,0,0,0,0,0,0,0,0,0,100,100,0,0,0,0,-3,3,0,0,792,0,21,4,-1,1,1
109,tank4_m1a1_89,0,2,187,0,0,7,0,0,0,0,0,70,0,0,0,0,0,0,0,0,0,0,0,0,0,0,0,0,0,0,0,0,100,100,0,0,0,0,-3,3,0,0,792,0,21,4,-1,1,1
110,tank4_m1a1_89,0,2,189,0,0,7,0,0,0,0,0,70,0,0,0,0,0,0,0,0,0,0,0,0,0,0,0,0,0,0,0,0,100,100,0,0,0,0,-3,3,0,0,792,0,21,4,-1,1,1
111,tank4_m1a1_89,0,2,191,0,0,7,0,0,0,0,0,71,0,0,0,0,0,0,0,0,0,0,0,0,0,0,0,0,0,0,0,0,100,100,0,0,0,0,-3,3,0,0,792,0,21,4,-1,1,1
112,tank4_m1a1_89,0,2,193,0,0,7,0,0,0,0,0,71,0,0,0,0,0,0,0,0,0,0,0,0,0,0,0,0,0,0,0,0,100,100,0,0,0,0,-3,3,0,0,792,0,21,4,-1,1,1
113,tank4_m1a1_89,0,2,195,0,0,7,0,0,0,0,0,71,0,0,0,0,0,0,0,0,0,0,0,0,0,0,0,0,0,0,0,0,100,100,0,0,0,0,-3,3,0,0,792,0,21,4,-1,1,1
114,tank4_m1a1_89,0,2,196,0,0,7,0,0,0,0,0,71,0,0,0,0,0,0,0,0,0,0,0,0,0,0,0,0,0,0,0,0,100,100,0,0,0,0,-3,3,0,0,792,0,21,4,-1,1,1
115,tank4_m1a1_89,0,2,198,0,0,7,0,0,0,0,0,71,0,0,0,0,0,0,0,0,0,0,0,0,0,0,0,0,0,0,0,0,100,100,0,0,0,0,-3,3,0,0,792,0,21,4,-1,1,1
116,tank4_m1a1_89,0,2,200,0,0,7,0,0,0,0,0,71,0,0,0,0,0,0,0,0,0,0,0,0,0,0,0,0,0,0,0,0,100,100,0,0,0,0,-3,3,0,0,792,0,21,4,-1,1,1
117,tank4_m1a1_89,0,2,202,0,0,7,0,0,0,0,0,72,0,0,0,0,0,0,0,0,0,0,0,0,0,0,0,0,0,0,0,0,100,100,0,0,0,0,-3,3,0,0,792,0,21,4,-1,1,1
118,tank4_m1a1_89,0,2,204,0,0,7,0,0,0,0,0,72,0,0,0,0,0,0,0,0,0,0,0,0,0,0,0,0,0,0,0,0,100,100,0,0,0,0,-3,3,0,0,792,0,21,4,-1,1,1
119,tank4_m1a1_89,0,2,206,0,0,7,0,0,0,0,0,72,0,0,0,0,0,0,0,0,0,0,0,0,0,0,0,0,0,0,0,0,100,100,0,0,0,0,-3,3,0,0,792,0,21,4,-1,1,1
120,tank4_m1a1_89,0,2,208,0,0,7,0,0,0,0,0,72,0,0,0,0,0,0,0,0,0,0,0,0,0,0,0,0,0,0,0,0,100,100,0,0,0,0,-3,3,0,0,792,0,21,4,-1,1,1
121,tank4_m1a1_89,0,2,210,0,0,7,0,0,0,0,0,72,0,0,0,0,0,0,0,0,0,0,0,0,0,0,0,0,0,0,0,0,100,100,0,0,0,0,-3,3,0,0,792,0,21,4,-1,1,1
122,tank4_m1a1_89,0,2,212,0,0,7,0,0,0,0,0,73,0,0,0,0,0,0,0,0,0,0,0,0,0,0,0,0,0,0,0,0,100,100,0,0,0,0,-3,3,0,0,792,0,21,4,-1,1,1
123,tank4_m1a1_89,0,2,214,0,0,7,0,0,0,0,0,73,0,0,0,0,0,0,0,0,0,0,0,0,0,0,0,0,0,0,0,0,100,100,0,0,0,0,-3,3,0,0,792,0,21,4,-1,1,1
124,tank4_m1a1_89,0,2,216,0,0,7,0,0,0,0,0,73,0,0,0,0,0,0,0,0,0,0,0,0,0,0,0,0,0,0,0,0,100,100,0,0,0,0,-3,3,0,0,792,0,21,4,-1,1,1
125,tank4_m1a1_89,0,2,218,0,0,7,0,0,0,0,0,73,0,0,0,0,0,0,0,0,0,0,0,0,0,0,0,0,0,0,0,0,100,100,0,0,0,0,-3,3,0,0,792,0,21,4,-1,1,1
126,tank4_m1a1_89,0,2,220,0,0,7,0,0,0,0,0,73,0,0,0,0,0,0,0,0,0,0,0,0,0,0,0,0,0,0,0,0,100,100,0,0,0,0,-3,3,0,0,792,0,21,4,-1,1,1
127,tank4_m1a1_89,0,2,222,0,0,7,0,0,0,0,0,74,0,0,0,0,0,0,0,0,0,0,0,0,0,0,0,0,0,0,0,0,100,100,0,0,0,0,-3,3,0,0,792,0,21,4,-1,1,1
128,tank4_m1a1_89,0,2,224,0,0,7,0,0,0,0,0,74,0,0,0,0,0,0,0,0,0,0,0,0,0,0,0,0,0,0,0,0,100,100,0,0,0,0,-3,3,0,0,792,0,21,4,-1,1,1
129,tank4_m1a1_89,0,2,226,0,0,7,0,0,0,0,0,74,0,0,0,0,0,0,0,0,0,0,0,0,0,0,0,0,0,0,0,0,100,100,0,0,0,0,-3,3,0,0,792,0,21,4,-1,1,1
130,tank4_m1a1_89,0,2,228,0,0,7,0,0,0,0,0,74,0,0,0,0,0,0,0,0,0,0,0,0,0,0,0,0,0,0,0,0,100,100,0,0,0,0,-3,3,0,0,792,0,21,4,-1,1,1
131,tank4_m1a1_89,0,2,230,0,0,7,0,0,0,0,0,74,0,0,0,0,0,0,0,0,0,0,0,0,0,0,0,0,0,0,0,0,100,100,0,0,0,0,-3,3,0,0,792,0,21,4,-1,1,1
132,tank4_m1a1_89,0,2,232,0,0,7,0,0,0,0,0,74,0,0,0,0,0,0,0,0,0,0,0,0,0,0,0,0,0,0,0,0,100,100,0,0,0,0,-3,3,0,0,792,0,21,4,-1,1,1
133,tank4_m1a1_89,0,2,234,0,0,7,0,0,0,0,0,75,0,0,0,0,0,0,0,0,0,0,0,0,0,0,0,0,0,0,0,0,100,100,0,0,0,0,-3,3,0,0,792,0,21,4,-1,1,1
134,tank4_m1a1_89,0,2,236,0,0,7,0,0,0,0,0,75,0,0,0,0,0,0,0,0,0,0,0,0,0,0,0,0,0,0,0,0,100,100,0,0,0,0,-3,3,0,0,792,0,21,4,-1,1,1
135,tank4_m1a1_89,0,2,238,0,0,7,0,0,0,0,0,75,0,0,0,0,0,0,0,0,0,0,0,0,0,0,0,0,0,0,0,0,100,100,0,0,0,0,-3,3,0,0,792,0,21,4,-1,1,1
136,tank4_m1a1_89,0,2,240,0,0,7,0,0,0,0,0,75,0,0,0,0,0,0,0,0,0,0,0,0,0,0,0,0,0,0,0,0,100,100,0,0,0,0,-3,3,0,0,792,0,21,4,-1,1,1
137,tank4_m1a1_89,0,2,242,0,0,7,0,0,0,0,0,75,0,0,0,0,0,0,0,0,0,0,0,0,0,0,0,0,0,0,0,0,100,100,0,0,0,0,-3,3,0,0,792,0,21,4,-1,1,1
138,tank4_m1a1_89,0,2,244,0,0,7,0,0,0,0,0,76,0,0,0,0,0,0,0,0,0,0,0,0,0,0,0,0,0,0,0,0,100,100,0,0,0,0,-3,3,0,0,792,0,21,4,-1,1,1
139,tank4_m1a1_89,0,2,246,0,0,7,0,0,0,0,0,76,0,0,0,0,0,0,0,0,0,0,0,0,0,0,0,0,0,0,0,0,100,100,0,0,0,0,-3,3,0,0,792,0,21,4,-1,1,1
140,tank4_m1a1_89,0,2,248,0,0,7,0,0,0,0,0,76,0,0,0,0,0,0,0,0,0,0,0,0,0,0,0,0,0,0,0,0,100,100,0,0,0,0,-3,3,0,0,792,0,21,4,-1,1,1
141,tank4_m1a1_89,0,2,250,0,0,7,0,0,0,0,0,76,0,0,0,0,0,0,0,0,0,0,0,0,0,0,0,0,0,0,0,0,100,100,0,0,0,0,-3,3,0,0,792,0,21,4,-1,1,1
142,tank4_m1a1_89,0,2,252,0,0,7,0,0,0,0,0,76,0,0,0,0,0,0,0,0,0,0,0,0,0,0,0,0,0,0,0,0,100,100,0,0,0,0,-3,3,0,0,792,0,21,4,-1,1,1
143,tank4_m1a1_89,0,2,254,0,0,7,0,0,0,0,0,77,0,0,0,0,0,0,0,0,0,0,0,0,0,0,0,0,0,0,0,0,100,100,0,0,0,0,-3,3,0,0,792,0,21,4,-1,1,1
144,tank4_m1a1_89,0,2,256,0,0,7,0,0,0,0,0,77,0,0,0,0,0,0,0,0,0,0,0,0,0,0,0,0,0,0,0,0,100,100,0,0,0,0,-3,3,0,0,792,0,21,4,-1,1,1
145,tank4_m1a1_89,0,2,258,0,0,7,0,0,0,0,0,77,0,0,0,0,0,0,0,0,0,0,0,0,0,0,0,0,0,0,0,0,100,100,0,0,0,0,-3,3,0,0,792,0,21,4,-1,1,1
146,tank4_m1a1_89,0,2,259,0,0,7,0,0,0,0,0,77,0,0,0,0,0,0,0,0,0,0,0,0,0,0,0,0,0,0,0,0,100,100,0,0,0,0,-3,3,0,0,792,0,21,4,-1,1,1
147,tank4_m1a1_89,0,2,261,0,0,7,0,0,0,0,0,77,0,0,0,0,0,0,0,0,0,0,0,0,0,0,0,0,0,0,0,0,100,100,0,0,0,0,-3,3,0,0,792,0,21,4,-1,1,1
148,tank4_m1a1_89,0,2,263,0,0,7,0,0,0,0,0,77,0,0,0,0,0,0,0,0,0,0,0,0,0,0,0,0,0,0,0,0,100,100,0,0,0,0,-3,3,0,0,792,0,21,4,-1,1,1
149,tank4_m1a1_89,0,2,265,0,0,7,0,0,0,0,0,78,0,0,0,0,0,0,0,0,0,0,0,0,0,0,0,0,0,0,0,0,100,100,0,0,0,0,-3,3,0,0,792,0,21,4,-1,1,1
150,tank4_m1a1_89,0,2,267,0,0,7,0,0,0,0,0,78,0,0,0,0,0,0,0,0,0,0,0,0,0,0,0,0,0,0,0,0,100,100,0,0,0,0,-3,3,0,0,792,0,21,4,-1,1,1
151,tank4_m1a1_89,0,2,269,0,0,7,0,0,0,0,0,78,0,0,0,0,0,0,0,0,0,0,0,0,0,0,0,0,0,0,0,0,100,100,0,0,0,0,-3,3,0,0,792,0,21,4,-1,1,1
152,tank4_m1a1_89,0,2,271,0,0,7,0,0,0,0,0,78,0,0,0,0,0,0,0,0,0,0,0,0,0,0,0,0,0,0,0,0,100,100,0,0,0,0,-3,3,0,0,792,0,21,4,-1,1,1
153,tank4_m1a1_89,0,2,273,0,0,7,0,0,0,0,0,78,0,0,0,0,0,0,0,0,0,0,0,0,0,0,0,0,0,0,0,0,100,100,0,0,0,0,-3,3,0,0,792,0,21,4,-1,1,1
154,tank4_m1a1_89,0,2,275,0,0,7,0,0,0,0,0,79,0,0,0,0,0,0,0,0,0,0,0,0,0,0,0,0,0,0,0,0,100,100,0,0,0,0,-3,3,0,0,792,0,21,4,-1,1,1
155,tank4_m1a1_89,0,2,277,0,0,7,0,0,0,0,0,79,0,0,0,0,0,0,0,0,0,0,0,0,0,0,0,0,0,0,0,0,100,100,0,0,0,0,-3,3,0,0,792,0,21,4,-1,1,1
156,tank4_m1a1_89,0,2,279,0,0,7,0,0,0,0,0,79,0,0,0,0,0,0,0,0,0,0,0,0,0,0,0,0,0,0,0,0,100,100,0,0,0,0,-3,3,0,0,792,0,21,4,-1,1,1
157,tank4_m1a1_89,0,2,281,0,0,7,0,0,0,0,0,79,0,0,0,0,0,0,0,0,0,0,0,0,0,0,0,0,0,0,0,0,100,100,0,0,0,0,-3,3,0,0,792,0,21,4,-1,1,1
158,tank4_m1a1_89,0,2,283,0,0,7,0,0,0,0,0,79,0,0,0,0,0,0,0,0,0,0,0,0,0,0,0,0,0,0,0,0,100,100,0,0,0,0,-3,3,0,0,792,0,21,4,-1,1,1
159,tank4_m1a1_89,0,2,285,0,0,7,0,0,0,0,0,80,0,0,0,0,0,0,0,0,0,0,0,0,0,0,0,0,0,0,0,0,100,100,0,0,0,0,-3,3,0,0,792,0,21,4,-1,1,1
160,tank4_m1a1_89,0,2,287,0,0,7,0,0,0,0,0,80,0,0,0,0,0,0,0,0,0,0,0,0,0,0,0,0,0,0,0,0,100,100,0,0,0,0,-3,3,0,0,792,0,21,4,-1,1,1
161,tank4_m1a1_89,0,2,289,0,0,7,0,0,0,0,0,80,0,0,0,0,0,0,0,0,0,0,0,0,0,0,0,0,0,0,0,0,100,100,0,0,0,0,-3,3,0,0,792,0,21,4,-1,1,1
162,tank4_m1a1_89,0,2,291,0,0,7,0,0,0,0,0,80,0,0,0,0,0,0,0,0,0,0,0,0,0,0,0,0,0,0,0,0,100,100,0,0,0,0,-3,3,0,0,792,0,21,4,-1,1,1
163,tank4_m1a1_89,0,2,293,0,0,7,0,0,0,0,0,80,0,0,0,0,0,0,0,0,0,0,0,0,0,0,0,0,0,0,0,0,100,100,0,0,0,0,-3,3,0,0,792,0,21,4,-1,1,1
164,tank4_m1a1_89,0,2,295,0,0,7,0,0,0,0,0,80,0,0,0,0,0,0,0,0,0,0,0,0,0,0,0,0,0,0,0,0,100,100,0,0,0,0,-3,3,0,0,792,0,21,4,-1,1,1
165,tank4_m1a1_89,0,2,297,0,0,7,0,0,0,0,0,81,0,0,0,0,0,0,0,0,0,0,0,0,0,0,0,0,0,0,0,0,100,100,0,0,0,0,-3,3,0,0,792,0,21,4,-1,1,1
166,tank4_m1a1_89,0,2,299,0,0,7,0,0,0,0,0,81,0,0,0,0,0,0,0,0,0,0,0,0,0,0,0,0,0,0,0,0,100,100,0,0,0,0,-3,3,0,0,792,0,21,4,-1,1,1
167,tank4_m1a1_89,0,2,301,0,0,7,0,0,0,0,0,81,0,0,0,0,0,0,0,0,0,0,0,0,0,0,0,0,0,0,0,0,100,100,0,0,0,0,-3,3,0,0,792,0,21,4,-1,1,1
168,tank4_m1a1_89,0,2,303,0,0,7,0,0,0,0,0,81,0,0,0,0,0,0,0,0,0,0,0,0,0,0,0,0,0,0,0,0,100,100,0,0,0,0,-3,3,0,0,792,0,21,4,-1,1,1
169,tank4_m1a1_89,0,2,305,0,0,7,0,0,0,0,0,81,0,0,0,0,0,0,0,0,0,0,0,0,0,0,0,0,0,0,0,0,100,100,0,0,0,0,-3,3,0,0,792,0,21,4,-1,1,1
170,tank4_m1a1_89,0,2,307,0,0,7,0,0,0,0,0,82,0,0,0,0,0,0,0,0,0,0,0,0,0,0,0,0,0,0,0,0,100,100,0,0,0,0,-3,3,0,0,792,0,21,4,-1,1,1
171,tank4_m1a1_89,0,2,309,0,0,7,0,0,0,0,0,82,0,0,0,0,0,0,0,0,0,0,0,0,0,0,0,0,0,0,0,0,100,100,0,0,0,0,-3,3,0,0,792,0,21,4,-1,1,1
172,tank4_m1a1_89,0,2,311,0,0,7,0,0,0,0,0,82,0,0,0,0,0,0,0,0,0,0,0,0,0,0,0,0,0,0,0,0,100,100,0,0,0,0,-3,3,0,0,792,0,21,4,-1,1,1
173,tank4_m1a1_89,0,2,313,0,0,7,0,0,0,0,0,82,0,0,0,0,0,0,0,0,0,0,0,0,0,0,0,0,0,0,0,0,100,100,0,0,0,0,-3,3,0,0,792,0,21,4,-1,1,1
174,tank4_m1a1_89,0,2,315,0,0,7,0,0,0,0,0,82,0,0,0,0,0,0,0,0,0,0,0,0,0,0,0,0,0,0,0,0,100,100,0,0,0,0,-3,3,0,0,792,0,21,4,-1,1,1
175,tank4_m1a1_89,0,2,317,0,0,7,0,0,0,0,0,83,0,0,0,0,0,0,0,0,0,0,0,0,0,0,0,0,0,0,0,0,100,100,0,0,0,0,-3,3,0,0,792,0,21,4,-1,1,1
176,tank4_m1a1_89,0,2,319,0,0,7,0,0,0,0,0,83,0,0,0,0,0,0,0,0,0,0,0,0,0,0,0,0,0,0,0,0,100,100,0,0,0,0,-3,3,0,0,792,0,21,4,-1,1,1
177,tank4_m1a1_89,0,2,321,0,0,7,0,0,0,0,0,83,0,0,0,0,0,0,0,0,0,0,0,0,0,0,0,0,0,0,0,0,100,100,0,0,0,0,-3,3,0,0,792,0,21,4,-1,1,1
178,tank4_m1a1_89,0,2,322,0,0,7,0,0,0,0,0,83,0,0,0,0,0,0,0,0,0,0,0,0,0,0,0,0,0,0,0,0,100,100,0,0,0,0,-3,3,0,0,792,0,21,4,-1,1,1
179,tank4_m1a1_89,0,2,324,0,0,7,0,0,0,0,0,83,0,0,0,0,0,0,0,0,0,0,0,0,0,0,0,0,0,0,0,0,100,100,0,0,0,0,-3,3,0,0,792,0,21,4,-1,1,1
180,tank4_m1a1_89,0,2,326,0,0,7,0,0,0,0,0,83,0,0,0,0,0,0,0,0,0,0,0,0,0,0,0,0,0,0,0,0,100,100,0,0,0,0,-3,3,0,0,792,0,21,4,-1,1,1
181,tank4_m1a1_89,0,2,328,0,0,7,0,0,0,0,0,84,0,0,0,0,0,0,0,0,0,0,0,0,0,0,0,0,0,0,0,0,100,100,0,0,0,0,-3,3,0,0,792,0,21,4,-1,1,1
182,tank4_m1a1_89,0,2,330,0,0,7,0,0,0,0,0,84,0,0,0,0,0,0,0,0,0,0,0,0,0,0,0,0,0,0,0,0,100,100,0,0,0,0,-3,3,0,0,792,0,21,4,-1,1,1
183,tank4_m1a1_89,0,2,332,0,0,7,0,0,0,0,0,84,0,0,0,0,0,0,0,0,0,0,0,0,0,0,0,0,0,0,0,0,100,100,0,0,0,0,-3,3,0,0,792,0,21,4,-1,1,1
184,tank4_m1a1_89,0,2,334,0,0,7,0,0,0,0,0,84,0,0,0,0,0,0,0,0,0,0,0,0,0,0,0,0,0,0,0,0,100,100,0,0,0,0,-3,3,0,0,792,0,21,4,-1,1,1
185,tank4_m1a1_89,0,2,336,0,0,7,0,0,0,0,0,84,0,0,0,0,0,0,0,0,0,0,0,0,0,0,0,0,0,0,0,0,100,100,0,0,0,0,-3,3,0,0,792,0,21,4,-1,1,1
186,tank4_m1a1_89,0,2,338,0,0,7,0,0,0,0,0,85,0,0,0,0,0,0,0,0,0,0,0,0,0,0,0,0,0,0,0,0,100,100,0,0,0,0,-3,3,0,0,792,0,21,4,-1,1,1
187,tank4_m1a1_89,0,2,340,0,0,7,0,0,0,0,0,85,0,0,0,0,0,0,0,0,0,0,0,0,0,0,0,0,0,0,0,0,100,100,0,0,0,0,-3,3,0,0,792,0,21,4,-1,1,1
188,tank4_m1a1_89,0,2,342,0,0,7,0,0,0,0,0,85,0,0,0,0,0,0,0,0,0,0,0,0,0,0,0,0,0,0,0,0,100,100,0,0,0,0,-3,3,0,0,792,0,21,4,-1,1,1
189,tank4_m1a1_89,0,2,344,0,0,7,0,0,0,0,0,85,0,0,0,0,0,0,0,0,0,0,0,0,0,0,0,0,0,0,0,0,100,100,0,0,0,0,-3,3,0,0,792,0,21,4,-1,1,1
190,tank4_m1a1_89,0,2,346,0,0,7,0,0,0,0,0,85,0,0,0,0,0,0,0,0,0,0,0,0,0,0,0,0,0,0,0,0,100,100,0,0,0,0,-3,3,0,0,792,0,21,4,-1,2,1
191,tank4_m1a1_89,0,2,348,0,0,7,0,0,0,0,0,86,0,0,0,0,0,0,0,0,0,0,0,0,0,0,0,0,0,0,0,0,100,100,0,0,0,0,-3,3,0,0,792,0,21,4,-1,2,1
192,tank4_m1a1_89,0,2,350,0,0,7,0,0,0,0,0,86,0,0,0,0,0,0,0,0,0,0,0,0,0,0,0,0,0,0,0,0,100,100,0,0,0,0,-3,3,0,0,792,0,21,4,-1,2,1
193,tank4_m1a1_89,0,2,352,0,0,7,0,0,0,0,0,86,0,0,0,0,0,0,0,0,0,0,0,0,0,0,0,0,0,0,0,0,100,100,0,0,0,0,-3,3,0,0,792,0,21,4,-1,2,1
194,tank4_m1a1_89,0,2,354,0,0,7,0,0,0,0,0,86,0,0,0,0,0,0,0,0,0,0,0,0,0,0,0,0,0,0,0,0,100,100,0,0,0,0,-3,3,0,0,792,0,21,4,-1,2,1
195,tank4_m1a1_89,0,2,356,0,0,7,0,0,0,0,0,86,0,0,0,0,0,0,0,0,0,0,0,0,0,0,0,0,0,0,0,0,100,100,0,0,0,0,-3,3,0,0,792,0,21,4,-1,2,1
196,tank4_m1a1_89,0,2,358,0,0,7,0,0,0,0,0,86,0,0,0,0,0,0,0,0,0,0,0,0,0,0,0,0,0,0,0,0,100,100,0,0,0,0,-3,3,0,0,792,0,21,4,-1,2,1
197,tank4_m1a1_89,0,2,360,0,0,7,0,0,0,0,0,87,0,0,0,0,0,0,0,0,0,0,0,0,0,0,0,0,0,0,0,0,100,100,0,0,0,0,-3,3,0,0,792,0,21,4,-1,2,1
198,tank4_m1a1_89,0,2,362,0,0,7,0,0,0,0,0,87,0,0,0,0,0,0,0,0,0,0,0,0,0,0,0,0,0,0,0,0,100,100,0,0,0,0,-3,3,0,0,792,0,21,4,-1,2,1
199,tank4_m1a1_89,0,2,364,0,0,7,0,0,0,0,0,87,0,0,0,0,0,0,0,0,0,0,0,0,0,0,0,0,0,0,0,0,100,100,0,0,0,0,-3,3,0,0,792,0,21,4,-1,2,1
200,tank4_m1a1_89,0,2,366,0,0,7,0,0,0,0,0,87,0,0,0,0,0,0,0,0,0,0,0,0,0,0,0,0,0,0,0,0,100,100,0,0,0,0,-3,4,0,0,792,0,21,4,-1,2,1
201,tank4_m1a1_89,0,2,368,0,0,7,0,0,0,0,0,87,0,0,0,0,0,0,0,0,0,0,0,0,0,0,0,0,0,0,0,0,100,100,0,0,0,0,-3,4,0,0,792,0,21,4,-1,2,1
202,tank4_m1a1_89,0,2,370,0,0,7,0,0,0,0,0,88,0,0,0,0,0,0,0,0,0,0,0,0,0,0,0,0,0,0,0,0,100,100,0,0,0,0,-3,4,0,0,792,0,21,4,-1,2,1
203,tank4_m1a1_89,0,2,372,0,0,7,0,0,0,0,0,88,0,0,0,0,0,0,0,0,0,0,0,0,0,0,0,0,0,0,0,0,100,100,0,0,0,0,-3,4,0,0,792,0,21,4,-1,2,1
204,tank4_m1a1_89,0,2,374,0,0,7,0,0,0,0,0,88,0,0,0,0,0,0,0,0,0,0,0,0,0,0,0,0,0,0,0,0,100,100,0,0,0,0,-3,4,0,0,792,0,21,4,-1,2,1
205,tank4_m1a1_89,0,2,376,0,0,7,0,0,0,0,0,88,0,0,0,0,0,0,0,0,0,0,0,0,0,0,0,0,0,0,0,0,100,100,0,0,0,0,-3,4,0,0,792,0,21,4,-1,2,1
206,tank4_m1a1_89,0,2,378,0,0,7,0,0,0,0,0,88,0,0,0,0,0,0,0,0,0,0,0,0,0,0,0,0,0,0,0,0,100,100,0,0,0,0,-3,4,0,0,792,0,21,4,-1,2,1
207,tank4_m1a1_89,0,2,380,0,0,7,0,0,0,0,0,89,0,0,0,0,0,0,0,0,0,0,0,0,0,0,0,0,0,0,0,0,100,100,0,0,0,0,-3,4,0,0,792,0,21,4,-1,2,1
208,tank4_m1a1_89,0,2,382,0,0,7,0,0,0,0,0,89,0,0,0,0,0,0,0,0,0,0,0,0,0,0,0,0,0,0,0,0,100,100,0,0,0,0,-3,4,0,0,792,0,21,4,-1,2,1
209,tank4_m1a1_89,0,2,384,0,0,7,0,0,0,0,0,89,0,0,0,0,0,0,0,0,0,0,0,0,0,0,0,0,0,0,0,0,100,100,0,0,0,0,-3,4,0,0,792,0,21,4,-1,2,1
210,tank4_m1a1_89,0,2,385,0,0,7,0,0,0,0,0,89,0,0,0,0,0,0,0,0,0,0,0,0,0,0,0,0,0,0,0,0,100,100,0,0,0,0,-3,4,0,0,792,0,21,4,-1,2,1
211,tank4_m1a1_89,0,2,387,0,0,7,0,0,0,0,0,89,0,0,0,0,0,0,0,0,0,0,0,0,0,0,0,0,0,0,0,0,100,100,0,0,0,0,-3,4,0,0,792,0,21,4,-1,2,1
212,tank4_m1a1_89,0,2,389,0,0,7,0,0,0,0,0,89,0,0,0,0,0,0,0,0,0,0,0,0,0,0,0,0,0,0,0,0,100,100,0,0,0,0,-3,4,0,0,792,0,21,4,-1,2,1
213,tank4_m1a1_89,0,2,391,0,0,7,0,0,0,0,0,90,0,0,0,0,0,0,0,0,0,0,0,0,0,0,0,0,0,0,0,0,100,100,0,0,0,0,-3,4,0,0,792,0,21,4,-1,2,1
214,tank4_m1a1_89,0,2,393,0,0,7,0,0,0,0,0,90,0,0,0,0,0,0,0,0,0,0,0,0,0,0,0,0,0,0,0,0,100,100,0,0,0,0,-3,4,0,0,792,0,21,4,-1,2,1
215,tank4_m1a1_89,0,2,395,0,0,7,0,0,0,0,0,90,0,0,0,0,0,0,0,0,0,0,0,0,0,0,0,0,0,0,0,0,100,100,0,0,0,0,-3,4,0,0,792,0,21,4,-1,2,1
216,tank4_m1a1_89,0,2,397,0,0,7,0,0,0,0,0,90,0,0,0,0,0,0,0,0,0,0,0,0,0,0,0,0,0,0,0,0,100,100,0,0,0,0,-3,4,0,0,792,0,21,4,-1,2,1
217,tank4_m1a1_89,0,2,399,0,0,7,0,0,0,0,0,90,0,0,0,0,0,0,0,0,0,0,0,0,0,0,0,0,0,0,0,0,100,100,0,0,0,0,-3,4,0,0,792,0,21,4,-1,2,1
218,tank4_m1a1_89,0,2,401,0,0,7,0,0,0,0,0,91,0,0,0,0,0,0,0,0,0,0,0,0,0,0,0,0,0,0,0,0,100,100,0,0,0,0,-3,4,0,0,792,0,21,4,-1,2,1
219,tank4_m1a1_89,0,2,403,0,0,7,0,0,0,0,0,91,0,0,0,0,0,0,0,0,0,0,0,0,0,0,0,0,0,0,0,0,100,100,0,0,0,0,-3,4,0,0,792,0,21,4,-1,2,1
220,tank4_m1a1_89,0,2,405,0,0,7,0,0,0,0,0,91,0,0,0,0,0,0,0,0,0,0,0,0,0,0,0,0,0,0,0,0,100,100,0,0,0,0,-3,4,0,0,792,0,21,4,-1,2,1
221,tank4_m1a1_89,0,2,407,0,0,7,0,0,0,0,0,91,0,0,0,0,0,0,0,0,0,0,0,0,0,0,0,0,0,0,0,0,100,100,0,0,0,0,-3,4,0,0,792,0,21,4,-1,2,1
222,tank4_m1a1_89,0,2,409,0,0,7,0,0,0,0,0,91,0,0,0,0,0,0,0,0,0,0,0,0,0,0,0,0,0,0,0,0,100,100,0,0,0,0,-3,4,0,0,792,0,21,4,-1,2,1
223,tank4_m1a1_89,0,2,411,0,0,7,0,0,0,0,0,92,0,0,0,0,0,0,0,0,0,0,0,0,0,0,0,0,0,0,0,0,100,100,0,0,0,0,-3,4,0,0,792,0,21,4,-1,2,1
224,tank4_m1a1_89,0,2,413,0,0,7,0,0,0,0,0,92,0,0,0,0,0,0,0,0,0,0,0,0,0,0,0,0,0,0,0,0,100,100,0,0,0,0,-3,4,0,0,792,0,21,4,-1,2,1
225,tank4_m1a1_89,0,2,415,0,0,7,0,0,0,0,0,92,0,0,0,0,0,0,0,0,0,0,0,0,0,0,0,0,0,0,0,0,100,100,0,0,0,0,-3,4,0,0,792,0,21,4,-1,2,1
226,tank4_m1a1_89,0,2,417,0,0,7,0,0,0,0,0,92,0,0,0,0,0,0,0,0,0,0,0,0,0,0,0,0,0,0,0,0,100,100,0,0,0,0,-3,4,0,0,792,0,21,4,-1,2,1
227,tank4_m1a1_89,0,2,419,0,0,7,0,0,0,0,0,92,0,0,0,0,0,0,0,0,0,0,0,0,0,0,0,0,0,0,0,0,100,100,0,0,0,0,-3,4,0,0,792,0,21,4,-1,2,1
228,tank4_m1a1_89,0,2,421,0,0,7,0,0,0,0,0,92,0,0,0,0,0,0,0,0,0,0,0,0,0,0,0,0,0,0,0,0,100,100,0,0,0,0,-3,4,0,0,792,0,21,4,-1,2,1
229,tank4_m1a1_89,0,2,423,0,0,7,0,0,0,0,0,93,0,0,0,0,0,0,0,0,0,0,0,0,0,0,0,0,0,0,0,0,100,100,0,0,0,0,-3,4,0,0,792,0,21,4,-1,2,1
230,tank4_m1a1_89,0,2,425,0,0,7,0,0,0,0,0,93,0,0,0,0,0,0,0,0,0,0,0,0,0,0,0,0,0,0,0,0,100,100,0,0,0,0,-3,4,0,0,792,0,21,4,-1,2,1
231,tank4_m1a1_89,0,2,427,0,0,7,0,0,0,0,0,93,0,0,0,0,0,0,0,0,0,0,0,0,0,0,0,0,0,0,0,0,100,100,0,0,0,0,-3,4,0,0,792,0,21,4,-1,2,1
232,tank4_m1a1_89,0,2,429,0,0,7,0,0,0,0,0,93,0,0,0,0,0,0,0,0,0,0,0,0,0,0,0,0,0,0,0,0,100,100,0,0,0,0,-3,4,0,0,792,0,21,4,-1,2,1
233,tank4_m1a1_89,0,2,431,0,0,7,0,0,0,0,0,93,0,0,0,0,0,0,0,0,0,0,0,0,0,0,0,0,0,0,0,0,100,100,0,0,0,0,-3,4,0,0,792,0,21,4,-1,2,1
234,tank4_m1a1_89,0,2,433,0,0,7,0,0,0,0,0,94,0,0,0,0,0,0,0,0,0,0,0,0,0,0,0,0,0,0,0,0,100,100,0,0,0,0,-3,4,0,0,792,0,21,4,-1,2,1
235,tank4_m1a1_89,0,2,435,0,0,7,0,0,0,0,0,94,0,0,0,0,0,0,0,0,0,0,0,0,0,0,0,0,0,0,0,0,100,100,0,0,0,0,-3,4,0,0,792,0,21,4,-1,2,1
236,tank4_m1a1_89,0,2,437,0,0,7,0,0,0,0,0,94,0,0,0,0,0,0,0,0,0,0,0,0,0,0,0,0,0,0,0,0,100,100,0,0,0,0,-3,4,0,0,792,0,21,4,-1,2,1
237,tank4_m1a1_89,0,2,439,0,0,7,0,0,0,0,0,94,0,0,0,0,0,0,0,0,0,0,0,0,0,0,0,0,0,0,0,0,100,100,0,0,0,0,-3,4,0,0,792,0,21,4,-1,2,1
238,tank4_m1a1_89,0,2,441,0,0,7,0,0,0,0,0,94,0,0,0,0,0,0,0,0,0,0,0,0,0,0,0,0,0,0,0,0,100,100,0,0,0,0,-3,4,0,0,792,0,21,4,-1,2,1
239,tank4_m1a1_89,0,2,443,0,0,7,0,0,0,0,0,95,0,0,0,0,0,0,0,0,0,0,0,0,0,0,0,0,0,0,0,0,100,100,0,0,0,0,-3,4,0,0,792,0,21,4,-1,2,1
240,tank4_m1a1_89,0,2,445,0,0,7,0,0,0,0,0,95,0,0,0,0,0,0,0,0,0,0,0,0,0,0,0,0,0,0,0,0,100,100,0,0,0,0,-3,4,0,0,792,0,21,4,-1,2,1
241,tank4_m1a1_89,0,2,447,0,0,7,0,0,0,0,0,95,0,0,0,0,0,0,0,0,0,0,0,0,0,0,0,0,0,0,0,0,100,100,0,0,0,0,-3,4,0,0,792,0,21,4,-1,2,1
242,tank4_m1a1_89,0,2,448,0,0,7,0,0,0,0,0,95,0,0,0,0,0,0,0,0,0,0,0,0,0,0,0,0,0,0,0,0,100,100,0,0,0,0,-3,4,0,0,792,0,21,4,-1,2,1
243,tank4_m1a1_89,0,2,450,0,0,7,0,0,0,0,0,95,0,0,0,0,0,0,0,0,0,0,0,0,0,0,0,0,0,0,0,0,100,100,0,0,0,0,-3,4,0,0,792,0,21,4,-1,2,1
244,tank4_m1a1_89,0,2,452,0,0,7,0,0,0,0,0,95,0,0,0,0,0,0,0,0,0,0,0,0,0,0,0,0,0,0,0,0,100,100,0,0,0,0,-3,4,0,0,792,0,21,4,-1,2,1
245,tank4_m1a1_89,0,2,454,0,0,7,0,0,0,0,0,96,0,0,0,0,0,0,0,0,0,0,0,0,0,0,0,0,0,0,0,0,100,100,0,0,0,0,-3,4,0,0,792,0,21,4,-1,2,1
246,tank4_m1a1_89,0,2,456,0,0,7,0,0,0,0,0,96,0,0,0,0,0,0,0,0,0,0,0,0,0,0,0,0,0,0,0,0,100,100,0,0,0,0,-3,4,0,0,792,0,21,4,-1,2,1
247,tank4_m1a1_89,0,2,458,0,0,7,0,0,0,0,0,96,0,0,0,0,0,0,0,0,0,0,0,0,0,0,0,0,0,0,0,0,100,100,0,0,0,0,-3,4,0,0,792,0,21,4,-1,2,1
248,tank4_m1a1_89,0,2,460,0,0,7,0,0,0,0,0,96,0,0,0,0,0,0,0,0,0,0,0,0,0,0,0,0,0,0,0,0,100,100,0,0,0,0,-3,4,0,0,792,0,21,4,-1,2,1
249,tank4_m1a1_89,0,2,462,0,0,7,0,0,0,0,0,96,0,0,0,0,0,0,0,0,0,0,0,0,0,0,0,0,0,0,0,0,100,100,0,0,0,0,-3,4,0,0,792,0,21,4,-1,2,1
250,tank4_m1a1_89,0,2,464,0,0,7,0,0,0,0,0,97,0,0,0,0,0,0,0,0,0,0,0,0,0,0,0,0,0,0,0,0,100,100,0,0,0,0,-3,4,0,0,792,0,21,4,-1,2,1
251,tank4_m1a1_89,0,2,466,0,0,7,0,0,0,0,0,97,0,0,0,0,0,0,0,0,0,0,0,0,0,0,0,0,0,0,0,0,100,100,0,0,0,0,-3,4,0,0,792,0,21,4,-1,2,1
252,tank4_m1a1_89,0,2,468,0,0,7,0,0,0,0,0,97,0,0,0,0,0,0,0,0,0,0,0,0,0,0,0,0,0,0,0,0,100,100,0,0,0,0,-3,4,0,0,792,0,21,4,-1,2,1
253,tank4_m1a1_89,0,2,470,0,0,7,0,0,0,0,0,97,0,0,0,0,0,0,0,0,0,0,0,0,0,0,0,0,0,0,0,0,100,100,0,0,0,0,-3,4,0,0,792,0,21,4,-1,2,1
254,tank4_m1a1_89,0,2,472,0,0,7,0,0,0,0,0,97,0,0,0,0,0,0,0,0,0,0,0,0,0,0,0,0,0,0,0,0,100,100,0,0,0,0,-3,4,0,0,792,0,21,4,-1,2,1
255,tank4_m1a1_89,0,2,474,0,0,7,0,0,0,0,0,98,0,0,0,0,0,0,0,0,0,0,0,0,0,0,0,0,0,0,0,0,100,100,0,0,0,0,-3,4,0,0,792,0,21,4,-1,2,1
256,tank4_m1a1_89,0,2,476,0,0,7,0,0,0,0,0,98,0,0,0,0,0,0,0,0,0,0,0,0,0,0,0,0,0,0,0,0,100,100,0,0,0,0,-3,4,0,0,792,0,21,4,-1,2,1
257,tank4_m1a1_89,0,2,478,0,0,7,0,0,0,0,0,98,0,0,0,0,0,0,0,0,0,0,0,0,0,0,0,0,0,0,0,0,100,100,0,0,0,0,-3,4,0,0,792,0,21,4,-1,2,1
258,tank4_m1a1_89,0,2,480,0,0,7,0,0,0,0,0,98,0,0,0,0,0,0,0,0,0,0,0,0,0,0,0,0,0,0,0,0,100,100,0,0,0,0,-3,4,0,0,792,0,21,4,-1,2,1
259,tank4_m1a1_89,0,2,482,0,0,7,0,0,0,0,0,98,0,0,0,0,0,0,0,0,0,0,0,0,0,0,0,0,0,0,0,0,100,100,0,0,0,0,-3,4,0,0,792,0,21,4,-1,2,1
260,tank4_m1a1_89,0,2,484,0,0,7,0,0,0,0,0,98,0,0,0,0,0,0,0,0,0,0,0,0,0,0,0,0,0,0,0,0,100,100,0,0,0,0,-3,4,0,0,792,0,21,4,-1,2,1
261,tank4_m1a1_89,0,2,486,0,0,7,0,0,0,0,0,99,0,0,0,0,0,0,0,0,0,0,0,0,0,0,0,0,0,0,0,0,100,100,0,0,0,0,-3,4,0,0,792,0,21,4,-1,2,1
262,tank4_m1a1_89,0,2,488,0,0,7,0,0,0,0,0,99,0,0,0,0,0,0,0,0,0,0,0,0,0,0,0,0,0,0,0,0,100,100,0,0,0,0,-3,4,0,0,792,0,21,4,-1,2,1
263,tank4_m1a1_89,0,2,490,0,0,7,0,0,0,0,0,99,0,0,0,0,0,0,0,0,0,0,0,0,0,0,0,0,0,0,0,0,100,100,0,0,0,0,-3,4,0,0,792,0,21,4,-1,2,1
264,tank4_m1a1_89,0,2,492,0,0,7,0,0,0,0,0,99,0,0,0,0,0,0,0,0,0,0,0,0,0,0,0,0,0,0,0,0,100,100,0,0,0,0,-3,4,0,0,792,0,21,4,-1,2,1
265,tank4_m1a1_89,0,2,494,0,0,7,0,0,0,0,0,99,0,0,0,0,0,0,0,0,0,0,0,0,0,0,0,0,0,0,0,0,100,100,0,0,0,0,-3,4,0,0,792,0,21,4,-1,2,1
266,tank4_m1a1_89,0,2,496,0,0,7,0,0,0,0,0,100,0,0,0,0,0,0,0,0,0,0,0,0,0,0,0,0,0,0,0,0,100,100,0,0,0,0,-3,4,0,0,792,0,21,4,-1,2,1
267,tank4_m1a1_89,0,2,498,0,0,7,0,0,0,0,0,100,0,0,0,0,0,0,0,0,0,0,0,0,0,0,0,0,0,0,0,0,100,100,0,0,0,0,-3,4,0,0,792,0,21,4,-1,2,1
268,tank4_m1a1_89,0,2,500,0,0,7,0,0,0,0,0,100,0,0,0,0,0,0,0,0,0,0,0,0,0,0,0,0,0,0,0,0,100,100,0,0,0,0,-3,4,0,0,792,0,21,4,-1,2,1
269,tank4_m1a1_89,0,2,502,0,0,7,0,0,0,0,0,100,0,0,0,0,0,0,0,0,0,0,0,0,0,0,0,0,0,0,0,0,100,100,0,0,0,0,-3,4,0,0,792,0,21,4,-1,2,1
270,tank4_m1a1_89,0,2,504,0,0,7,0,0,3,0,0,100,0,0,0,0,0,0,0,0,0,0,0,0,0,0,0,0,0,0,0,0,100,100,0,0,0,0,-3,4,1,1,256,101,45,4,2,2,15
271,tank4_m1a1_89,0,2,505,0,0,6,0,0,0,0,0,100,0,0,0,3,0,0,0,0,0,0,0,0,0,0,0,0,0,0,0,0,100,100,0,0,0,0,-3,4,1,1,256,101,45,4,2,2,15
272,tank4_m1a1_89,0,2,507,0,0,6,0,0,0,0,0,100,0,0,0,5,0,0,0,0,0,0,0,0,0,0,0,0,0,0,0,0,100,100,0,0,0,0,-3,4,1,1,256,101,45,4,2,2,15
273,tank4_m1a1_89,0,2,509,0,0,6,0,0,0,0,0,100,0,0,0,7,0,0,0,0,0,0,0,0,0,0,0,0,0,0,0,0,100,100,0,0,0,0,-3,4,1,1,256,101,45,4,2,2,15
274,tank4_m1a1_89,0,2,510,0,0,5,0,0,0,0,0,100,0,0,0,10,0,0,0,0,0,0,0,0,0,0,0,0,0,0,0,0,100,100,0,0,0,0,-3,4,1,1,256,101,45,4,2,2,15
275,tank4_m1a1_89,0,2,512,0,0,5,0,0,0,0,0,100,0,0,0,12,0,0,0,0,0,0,0,0,0,0,0,0,0,0,0,0,100,100,0,0,0,0,-3,4,1,1,256,101,45,4,2,2,15
276,tank4_m1a1_89,0,2,513,0,0,4,0,0,0,0,0,100,0,0,0,14,0,0,0,0,0,0,0,0,0,0,0,0,0,0,0,0,100,100,0,0,0,0,-3,4,1,1,256,101,45,4,2,2,15
277,tank4_m1a1_89,0,2,514,0,0,4,0,0,0,0,0,100,0,0,0,15,0,0,0,0,0,0,0,0,0,0,0,0,0,0,0,0,100,100,0,0,0,0,-3,4,1,1,256,101,45,4,2,2,15
278,tank4_m1a1_89,0,2,515,0,0,4,0,0,0,0,0,100,0,0,0,17,0,0,0,0,0,0,0,0,0,0,0,0,0,0,0,0,100,100,0,0,0,0,-3,4,1,1,256,101,45,4,2,2,15
279,tank4_m1a1_89,0,2,517,0,0,4,0,0,0,0,0,100,0,0,0,19,0,0,0,0,0,0,0,0,0,0,0,0,0,0,0,0,100,100,0,0,0,0,-3,4,1,1,256,101,45,4,2,2,15
280,tank4_m1a1_89,0,2,518,0,0,3,0,0,0,0,0,100,0,0,0,20,0,0,0,0,0,0,0,0,0,0,0,0,0,0,0,0,100,100,0,0,0,0,-3,4,1,1,256,101,45,4,2,2,15
281,tank4_m1a1_89,0,2,518,0,0,3,0,0,0,0,0,100,0,0,0,22,0,0,0,0,0,0,0,0,0,0,0,0,0,0,0,0,100,100,0,0,0,0,-3,4,1,1,256,101,45,4,2,2,15
282,tank4_m1a1_89,0,2,519,0,0,3,0,0,0,0,0,100,0,0,0,23,0,0,0,0,0,0,0,0,0,0,0,0,0,0,0,0,100,100,0,0,0,0,-3,4,1,1,256,101,45,4,2,2,15
283,tank4_m1a1_89,0,2,520,0,0,3,0,0,0,0,0,100,0,0,0,24,0,0,0,0,0,0,0,0,0,0,0,0,0,0,0,0,100,100,0,0,0,0,-3,4,1,1,256,101,45,4,2,2,15
284,tank4_m1a1_89,0,2,521,0,0,2,0,0,0,0,0,100,0,0,0,25,0,0,0,0,0,0,0,0,0,0,0,0,0,0,0,0,100,100,0,0,0,0,-3,4,1,1,256,101,45,4,2,2,15
285,tank4_m1a1_89,0,2,522,0,0,2,0,0,0,0,0,100,0,0,0,26,0,0,0,0,0,0,0,0,0,0,0,0,0,0,0,0,100,100,0,0,0,0,-3,4,1,1,256,101,45,4,2,2,15
286,tank4_m1a1_89,0,2,522,0,0,2,0,0,0,0,0,100,0,0,0,27,0,0,0,0,0,0,0,0,0,0,0,0,0,0,0,0,100,100,0,0,0,0,-3,4,1,1,256,101,45,4,2,2,15
287,tank4_m1a1_89,0,2,523,0,0,2,0,0,0,0,0,100,0,0,0,28,0,0,0,0,0,0,0,0,0,0,0,0,0,0,0,0,100,100,0,0,0,0,-3,4,1,1,256,101,45,4,2,2,15
288,tank4_m1a1_89,0,2,524,0,0,2,0,0,0,0,0,100,0,0,0,29,0,0,0,0,0,0,0,0,0,0,0,0,0,0,0,0,100,100,0,0,0,0,-3,4,1,1,256,101,45,4,2,2,15
289,tank4_m1a1_89,0,2,524,0,0,2,0,0,0,0,0,100,0,0,0,30,0,0,0,0,0,0,0,0,0,0,0,0,0,0,0,0,100,100,0,0,0,0,-3,4,1,1,256,101,45,4,2,2,15
290,tank4_m1a1_89,0,2,525,0,0,1,0,0,0,0,0,100,0,0,0,31,0,0,0,0,0,0,0,0,0,0,0,0,0,0,0,0,100,100,0,0,0,0,-3,4,1,1,256,101,45,4,2,2,15
291,tank4_m1a1_89,0,2,525,0,0,1,0,0,0,0,0,100,0,0,0,31,0,0,0,0,0,0,0,0,0,0,0,0,0,0,0,0,100,100,0,0,0,0,-3,4,1,1,256,101,45,4,2,2,15
292,tank4_m1a1_89,0,2,526,0,0,1,0,0,0,0,0,100,0,0,0,32,0,0,0,0,0,0,0,0,0,0,0,0,0,0,0,0,100,100,0,0,0,0,-3,4,1,1,256,101,45,4,2,2,15
293,tank4_m1a1_89,0,2,526,0,0,1,0,0,0,0,0,100,0,0,0,33,0,0,0,0,0,0,0,0,0,0,0,0,0,0,0,0,100,100,0,0,0,0,-3,4,1,1,256,101,45,4,2,2,15
294,tank4_m1a1_89,0,2,527,0,0,1,0,0,0,0,0,100,0,0,0,33,0,0,0,0,0,0,0,0,0,0,0,0,0,0,0,0,100,100,0,0,0,0,-3,4,1,1,256,101,45,4,2,2,15
295,tank4_m1a1_89,0,2,527,0,0,1,0,0,0,0,0,100,0,0,0,34,0,0,0,0,0,0,0,0,0,0,0,0,0,0,0,0,100,100,0,0,0,0,-3,4,1,1,256,101,45,4,2,2,15
296,tank4_m1a1_89,0,2,527,0,0,1,0,0,0,0,0,100,0,0,0,35,0,0,0,0,0,0,0,0,0,0,0,0,0,0,0,0,100,100,0,0,0,0,-3,4,1,1,256,101,45,4,2,2,15
297,tank4_m1a1_89,0,2,528,0,0,1,0,0,0,0,0,100,0,0,0,35,0,0,0,0,0,0,0,0,0,0,0,0,0,0,0,0,100,100,0,0,0,0,-3,4,1,1,256,101,45,4,2,2,15
298,tank4_m1a1_89,0,2,528,0,0,1,0,0,0,0,0,100,0,0,0,35,0,0,0,0,0,0,0,0,0,0,0,0,0,0,0,0,100,100,0,0,0,0,-3,4,1,1,256,101,45,4,2,2,15
299,tank4_m1a1_89,0,2,528,0,0,1,0,0,0,0,0,100,0,0,0,36,0,0,0,0,0,0,0,0,0,0,0,0,0,0,0,0,100,100,0,0,0,0,-3,4,1,1,256,101,45,4,2,2,15
300,tank4_m1a1_89,0,2,529,0,0,1,0,0,0,0,0,100,0,0,0,36,0,0,0,0,0,0,0,0,0,0,0,0,0,0,0,0,100,100,0,0,0,0,-3,4,1,1,256,101,45,4,2,2,15
301,tank4_m1a1_89,0,2,529,0,0,0,0,0,0,0,0,100,0,0,0,37,0,0,0,0,0,0,0,0,0,0,0,0,0,0,0,0,100,100,0,0,0,0,-3,4,1,1,256,101,45,4,2,2,15
302,tank4_m1a1_89,0,2,529,0,0,0,0,0,0,0,0,100,0,0,0,37,0,0,0,0,0,0,0,0,0,0,0,0,0,0,0,0,100,100,0,0,0,0,-3,4,1,1,256,101,45,4,2,2,15
303,tank4_m1a1_89,0,2,529,0,0,0,0,0,0,0,0,100,0,0,0,37,0,0,0,0,0,0,0,0,0,0,0,0,0,0,0,0,100,100,0,0,0,0,-3,4,1,1,256,101,45,4,2,2,15
304,tank4_m1a1_89,0,2,529,0,0,0,0,0,0,0,0,100,0,0,0,38,0,0,0,0,0,0,0,0,0,0,0,0,0,0,0,0,100,100,0,0,0,0,-3,4,1,1,256,101,45,4,2,2,15
305,tank4_m1a1_89,0,2,530,0,0,0,0,0,0,0,0,100,0,0,0,38,0,0,0,0,0,0,0,0,0,0,0,0,0,0,0,0,100,100,0,0,0,0,-3,4,1,1,256,101,45,4,2,2,15
306,tank4_m1a1_89,0,2,530,0,0,0,0,0,0,0,0,100,0,0,0,38,0,0,0,0,0,0,0,0,0,0,0,0,0,0,0,0,100,100,0,0,0,0,-3,4,1,1,256,101,45,4,2,2,15
307,tank4_m1a1_89,0,2,530,0,0,0,0,0,0,0,0,100,0,0,0,39,0,0,0,0,0,0,0,0,0,0,0,0,0,0,0,0,100,100,0,0,0,0,-3,4,1,1,256,101,45,4,2,2,15
308,tank4_m1a1_89,0,2,530,0,0,0,0,0,0,0,0,100,0,0,0,39,0,0,0,0,0,0,0,0,0,0,0,0,0,0,0,0,100,100,0,0,0,0,-3,4,1,1,256,101,45,4,2,2,15
309,tank4_m1a1_89,0,2,530,0,0,0,0,0,0,0,0,100,0,0,0,39,0,0,0,0,0,0,0,0,0,0,0,0,0,0,0,0,100,100,0,0,0,0,-3,4,1,1,256,101,45,4,2,2,15
310,tank4_m1a1_89,0,2,530,0,0,0,0,0,0,0,0,100,0,0,0,39,0,0,0,0,0,0,0,0,0,0,0,0,0,0,0,0,100,100,0,0,0,0,-3,4,1,1,256,101,45,4,2,2,15
311,tank4_m1a1_89,0,2,531,0,0,0,0,0,0,0,0,100,0,0,0,39,0,0,0,0,0,0,0,0,0,0,0,0,0,0,0,0,100,100,0,0,0,0,-3,4,1,1,256,101,45,4,2,2,15
312,tank4_m1a1_89,0,2,531,0,0,0,0,0,0,0,0,100,0,0,0,40,0,0,0,0,0,0,0,0,0,0,0,0,0,0,0,0,100,100,0,0,0,0,-3,4,1,1,256,101,45,4,2,2,15
313,tank4_m1a1_89,0,2,531,0,0,0,0,0,0,0,0,100,0,0,0,40,0,0,0,0,0,0,0,0,0,0,0,0,0,0,0,0,100,100,0,0,0,0,-3,4,1,1,256,101,45,4,2,2,15
314,tank4_m1a1_89,0,2,531,0,0,0,0,0,0,0,0,100,0,0,0,40,0,0,0,0,0,0,0,0,0,0,0,0,0,0,0,0,100,100,0,0,0,0,-3,4,1,1,256,101,45,4,2,2,15
315,tank4_m1a1_89,0,2,531,0,0,0,0,0,0,0,0,100,0,0,0,40,0,0,0,0,0,0,0,0,0,0,0,0,0,0,0,0,100,100,0,0,0,0,-3,4,1,1,256,101,45,4,2,2,15
316,tank4_m1a1_89,0,2,531,0,0,0,0,0,0,0,0,100,0,0,0,40,0,0,0,0,0,0,0,0,0,0,0,0,0,0,0,0,100,100,0,0,0,0,-3,4,1,1,256,101,45,4,2,2,15
317,tank4_m1a1_89,0,2,531,0,0,0,0,0,0,0,0,100,0,0,0,40,0,0,0,0,0,0,0,0,0,0,0,0,0,0,0,0,100,100,0,0,0,0,-3,4,1,1,256,101,45,4,2,2,15
318,tank4_m1a1_89,0,2,531,0,0,0,0,0,0,0,0,100,0,0,0,41,0,0,0,0,0,0,0,0,0,0,0,0,0,0,0,0,100,100,0,0,0,0,-3,4,1,1,256,101,45,4,2,2,15
319,tank4_m1a1_89,0,2,531,0,0,0,0,0,0,0,0,100,0,0,0,41,0,0,0,0,0,0,0,0,0,0,0,0,0,0,0,0,100,100,0,0,0,0,-3,4,1,1,256,101,45,4,2,2,15
320,tank4_m1a1_89,0,2,531,0,0,0,0,0,0,0,0,100,0,0,0,41,0,0,0,0,0,0,0,0,0,0,0,0,0,0,0,0,100,100,0,0,0,0,-3,4,1,1,256,101,45,4,2,2,15
321,tank4_m1a1_89,0,2,532,0,0,0,0,0,0,0,0,100,0,0,0,41,0,0,0,0,0,0,0,0,0,0,0,0,0,0,0,0,100,100,0,0,0,0,-3,4,1,1,256,101,45,4,2,2,15
322,tank4_m1a1_89,0,2,532,0,0,0,0,0,0,0,0,100,0,0,0,41,0,0,0,0,0,0,0,0,0,0,0,0,0,0,0,0,100,100,0,0,0,0,-3,4,1,1,256,101,45,4,2,2,15
323,tank4_m1a1_89,0,2,532,0,0,0,0,0,0,0,0,100,0,0,0,41,0,0,0,0,0,0,0,0,0,0,0,0,0,0,0,0,100,100,0,0,0,0,-3,4,1,1,256,101,45,4,2,2,15
324,tank4_m1a1_89,0,2,532,0,0,0,0,0,0,0,0,100,0,0,0,41,0,0,0,0,0,0,0,0,0,0,0,0,0,0,0,0,100,100,0,0,0,0,-3,4,1,1,256,101,45,4,2,2,15
325,tank4_m1a1_89,0,2,532,0,0,0,0,0,0,0,0,100,0,0,0,41,0,0,0,0,0,0,0,0,0,0,0,0,0,0,0,0,100,100,0,0,0,0,-3,4,1,1,256,101,45,4,2,2,15
326,tank4_m1a1_89,0,2,532,0,0,0,0,0,0,0,0,100,0,0,0,41,0,0,0,0,0,0,0,0,0,0,0,0,0,0,0,0,100,100,0,0,0,0,-3,4,1,1,256,101,45,4,2,2,15
327,tank4_m1a1_89,0,2,532,0,0,0,0,0,0,0,0,100,0,0,0,41,0,0,0,0,0,0,0,0,0,0,0,0,0,0,0,0,100,100,0,0,0,0,-3,4,1,1,256,101,45,4,2,2,15
328,tank4_m1a1_89,0,2,532,0,0,0,0,0,0,0,0,100,0,0,0,41,0,0,0,0,0,0,0,0,0,0,0,0,0,0,0,0,100,100,0,0,0,0,-3,4,1,1,256,101,45,4,2,2,15
329,tank4_m1a1_89,0,2,532,0,0,0,0,0,0,0,0,100,0,0,0,42,0,0,0,0,0,0,0,0,0,0,0,0,0,0,0,0,100,100,0,0,0,0,-3,4,1,1,256,101,45,4,2,2,15
330,tank4_m1a1_89,0,2,532,0,0,0,0,0,0,0,0,100,0,0,0,42,0,0,0,0,0,0,0,0,0,0,0,0,0,0,0,0,100,100,0,0,0,0,-3,4,1,1,256,101,45,4,2,2,15
331,tank4_m1a1_89,0,2,532,0,0,0,0,0,0,0,0,100,0,0,0,42,0,0,0,0,0,0,0,0,0,0,0,0,0,0,0,0,100,100,0,0,0,0,-3,4,1,1,256,101,45,4,2,2,15
332,tank4_m1a1_89,0,2,532,0,0,0,0,0,0,0,0,100,0,0,0,42,0,0,0,0,0,0,0,0,0,0,0,0,0,0,0,0,100,100,0,0,0,0,-3,4,1,1,256,101,45,4,2,2,15
333,tank4_m1a1_89,0,2,532,0,0,0,0,0,0,0,0,100,0,0,0,42,0,0,0,0,0,0,0,0,0,0,0,0,0,0,0,0,100,100,0,0,0,0,-3,4,1,1,256,101,45,4,2,2,15
334,tank4_m1a1_89,0,2,532,0,0,0,0,0,0,0,0,100,0,0,0,42,0,0,0,0,0,0,0,0,0,0,0,0,0,0,0,0,100,100,0,0,0,0,-3,4,1,1,256,101,45,4,2,2,15
335,tank4_m1a1_89,0,2,532,0,0,0,0,0,0,0,0,100,0,0,0,42,0,0,0,0,0,0,0,0,0,0,0,0,0,0,0,0,100,100,0,0,0,0,-3,4,1,1,256,101,45,4,2,2,15
336,tank4_m1a1_89,0,2,532,0,0,0,0,0,0,0,0,100,0,0,0,42,0,0,0,0,0,0,0,0,0,0,0,0,0,0,0,0,100,100,0,0,0,0,-3,4,1,1,256,101,45,4,2,2,15
337,tank4_m1a1_89,0,2,532,0,0,0,0,0,0,0,0,100,0,0,0,42,0,0,0,0,0,0,0,0,0,0,0,0,0,0,0,0,100,100,0,0,0,0,-3,4,1,1,256,101,45,4,2,2,15
338,tank4_m1a1_89,0,2,532,0,0,0,0,0,0,0,0,100,0,0,0,42,0,0,0,0,0,0,0,0,0,0,0,0,0,0,0,0,100,100,0,0,0,0,-3,4,1,1,256,101,45,4,2,2,15
339,tank4_m1a1_89,0,2,532,0,0,0,0,0,0,0,0,100,0,0,0,42,0,0,0,0,0,0,0,0,0,0,0,0,0,0,0,0,100,100,0,0,0,0,-3,4,1,1,256,101,45,4,2,2,15
340,tank4_m1a1_89,0,2,532,0,0,0,0,0,0,0,0,100,0,0,0,42,0,0,0,0,0,0,0,0,0,0,0,0,0,0,0,0,100,100,0,0,0,0,-3,4,1,1,256,101,45,4,2,2,15
341,tank4_m1a1_89,0,2,532,0,0,0,0,0,0,0,0,100,0,0,0,42,0,0,0,0,0,0,0,0,0,0,0,0,0,0,0,0,100,100,0,0,0,0,-3,4,1,1,256,101,45,4,2,2,15
342,tank4_m1a1_89,0,2,532,0,0,0,0,0,0,0,0,100,0,0,0,42,0,0,0,0,0,0,0,0,0,0,0,0,0,0,0,0,100,100,0,0,0,0,-3,4,1,1,256,101,45,4,2,2,15
343,tank4_m1a1_89,0,2,532,0,0,0,0,0,0,0,0,100,0,0,0,42,0,0,0,0,0,0,0,0,0,0,0,0,0,0,0,0,100,100,0,0,0,0,-3,4,1,1,256,101,45,4,2,2,15
344,tank4_m1a1_89,0,2,532,0,0,0,0,0,0,0,0,100,0,0,0,42,0,0,0,0,0,0,0,0,0,0,0,0,0,0,0,0,100,100,0,0,0,0,-3,4,1,1,256,101,45,4,2,2,15
345,tank4_m1a1_89,0,2,532,0,0,0,0,0,0,0,0,100,0,0,0,42,0,0,0,0,0,0,0,0,0,0,0,0,0,0,0,0,100,100,0,0,0,0,-3,4,1,1,256,101,45,4,2,2,15
346,tank4_m1a1_89,0,2,532,0,0,0,0,0,0,0,0,100,0,0,0,42,0,0,0,0,0,0,0,0,0,0,0,0,0,0,0,0,100,100,0,0,0,0,-3,4,1,1,256,101,45,4,2,2,15
347,tank4_m1a1_89,0,2,532,0,0,0,0,0,0,0,0,100,0,0,0,42,0,0,0,0,0,0,0,0,0,0,0,0,0,0,0,0,100,100,0,0,0,0,-3,4,1,1,256,101,45,4,2,2,15
348,tank4_m1a1_89,0,2,532,0,0,0,0,0,0,0,0,100,0,0,0,42,0,0,0,0,0,0,0,0,0,0,0,0,0,0,0,0,100,100,0,0,0,0,-3,4,1,1,256,101,45,4,2,2,15
349,tank4_m1a1_89,0,2,532,0,0,0,0,0,0,0,0,100,0,0,0,42,0,0,0,0,0,0,0,0,0,0,0,0,0,0,0,0,100,100,0,0,0,0,-3,4,1,1,256,101,45,4,2,2,15
350,tank4_m1a1_89,0,2,532,0,0,0,0,0,0,0,0,100,0,0,0,42,0,0,0,0,0,0,0,0,0,0,0,0,0,0,0,0,100,100,0,0,0,0,-3,4,1,1,256,101,45,4,2,2,15
351,tank4_m1a1_89,0,2,532,0,0,0,0,0,0,0,0,100,0,0,0,42,0,0,0,0,0,0,0,0,0,0,0,0,0,0,0,0,100,100,0,0,0,0,-3,4,1,1,256,101,45,4,2,2,15
352,tank4_m1a1_89,0,2,532,0,0,0,0,0,0,0,0,100,0,0,0,42,0,0,0,0,0,0,0,0,0,0,0,0,0,0,0,0,100,100,0,0,0,0,-3,4,1,1,256,101,45,4,2,2,15
353,tank4_m1a1_89,0,2,532,0,0,0,0,0,0,0,0,100,0,0,0,42,0,0,0,0,0,0,0,0,0,0,0,0,0,0,0,0,100,100,0,0,0,0,-3,4,1,1,256,101,45,4,2,2,15
354,tank4_m1a1_89,0,2,532,0,0,0,0,0,0,0,0,100,0,0,0,42,0,0,0,0,0,0,0,0,0,0,0,0,0,0,0,0,100,100,0,0,0,0,-3,4,1,1,256,101,45,4,2,2,15
355,tank4_m1a1_89,0,2,532,0,0,0,0,0,0,0,0,100,0,0,0,42,0,0,0,0,0,0,0,0,0,0,0,0,0,0,0,0,100,100,0,0,0,0,-3,4,1,1,256,101,45,4,2,2,15
356,tank4_m1a1_89,0,2,532,0,0,0,0,0,0,0,0,100,0,0,0,42,0,0,0,0,0,0,0,0,0,0,0,0,0,0,0,0,100,100,0,0,0,0,-3,4,1,1,256,101,45,4,2,2,15
357,tank4_m1a1_89,0,2,532,0,0,0,0,0,0,0,0,100,0,0,0,42,0,0,0,0,0,0,0,0,0,0,0,0,0,0,0,0,100,100,0,0,0,0,-3,4,1,1,256,101,45,4,2,2,15
358,tank4_m1a1_89,0,2,532,0,0,0,0,0,0,0,0,100,0,0,0,42,0,0,0,0,0,0,0,0,0,0,0,0,0,0,0,0,100,100,0,0,0,0,-3,4,1,1,256,101,45,4,2,2,15
359,tank4_m1a1_89,0,2,532,0,0,0,0,0,0,0,0,100,0,0,0,42,0,0,0,0,0,0,0,0,0,0,0,0,0,0,0,0,100,100,0,0,0,0,-3,4,1,1,256,101,45,4,2,2,15
360,tank4_m1a1_89,0,2,532,0,0,0,0,0,0,0,0,100,0,0,0,42,0,0,0,0,0,0,0,0,0,0,0,0,0,0,0,0,100,100,0,0,0,0,-3,4,1,1,256,101,45,4,2,2,15
361,tank4_m1a1_89,0,2,532,0,0,0,0,0,0,0,0,100,0,0,0,42,0,0,0,0,0,0,0,0,0,0,0,0,0,0,0,0,100,100,0,0,0,0,-3,4,1,1,256,101,45,4,2,2,15
362,tank4_m1a1_89,0,2,532,0,0,0,0,0,0,0,0,100,0,0,0,42,0,0,0,0,0,0,0,0,0,0,0,0,0,0,0,0,100,100,0,0,0,0,-3,4,1,1,256,101,45,4,2,2,15
363,tank4_m1a1_89,0,2,532,0,0,0,0,0,0,0,0,100,0,0,0,42,0,0,0,0,0,0,0,0,0,0,0,0,0,0,0,0,100,100,0,0,0,0,-3,4,1,1,256,101,45,4,2,2,15
364,tank4_m1a1_89,0,2,532,0,0,0,0,0,0,0,0,100,0,0,0,42,0,0,0,0,0,0,0,0,0,0,0,0,0,0,0,0,100,100,0,0,0,0,-3,4,1,1,256,101,45,4,2,2,15
365,tank4_m1a1_89,0,2,532,0,0,0,0,0,0,0,0,100,0,0,0,42,0,0,0,0,0,0,0,0,0,0,0,0,0,0,0,0,100,100,0,0,0,0,-3,4,1,1,256,101,45,4,2,2,15
366,tank4_m1a1_89,0,2,532,0,0,0,0,0,0,0,0,100,0,0,0,42,0,0,0,0,0,0,0,0,0,0,0,0,0,0,0,0,100,100,0,0,0,0,-3,4,1,1,256,101,45,4,2,2,15
367,tank4_m1a1_89,0,2,532,0,0,0,0,0,0,0,0,100,0,0,0,42,0,0,0,0,0,0,0,0,0,0,0,0,0,0,0,0,100,100,0,0,0,0,-3,4,1,1,256,101,45,4,2,2,15
368,tank4_m1a1_89,0,2,532,0,0,0,0,0,0,0,0,100,0,0,0,42,0,0,0,0,0,0,0,0,0,0,0,0,0,0,0,0,100,100,0,0,0,0,-3,4,1,1,256,101,45,4,2,2,15
369,tank4_m1a1_89,0,2,532,0,0,0,0,0,0,0,0,100,0,0,0,42,0,0,0,0,0,0,0,0,0,0,0,0,0,0,0,0,100,100,0,0,0,0,-3,4,1,1,256,101,45,4,2,2,15
370,tank4_m1a1_89,0,2,532,0,0,0,0,0,0,0,0,100,0,0,0,42,0,0,0,0,0,0,0,0,0,0,0,0,0,0,0,0,100,100,0,0,0,0,-3,4,1,1,256,101,45,4,2,2,15
371,tank4_m1a1_89,0,2,532,0,0,0,0,0,0,0,0,100,0,0,0,42,0,0,0,0,0,0,0,0,0,0,0,0,0,0,0,0,100,100,0,0,0,0,-3,4,1,1,256,101,45,4,2,2,15
372,tank4_m1a1_89,0,2,532,0,0,0,0,0,0,0,0,100,0,0,0,42,0,0,0,0,0,0,0,0,0,0,0,0,0,0,0,0,100,100,0,0,0,0,-3,4,1,1,256,101,45,4,2,2,15
373,tank4_m1a1_89,0,2,532,0,0,0,0,0,0,0,0,100,0,0,0,42,0,0,0,0,0,0,0,0,0,0,0,0,0,0,0,0,100,100,0,0,0,0,-3,4,1,1,256,101,45,4,2,2,15
374,tank4_m1a1_89,0,2,532,0,0,0,0,0,0,0,0,100,0,0,0,42,0,0,0,0,0,0,0,0,0,0,0,0,0,0,0,0,100,100,0,0,0,0,-3,4,1,1,256,101,45,4,2,2,15
375,tank4_m1a1_89,0,2,532,0,0,0,0,0,0,0,0,100,0,0,0,42,0,0,0,0,0,0,0,0,0,0,0,0,0,0,0,0,100,100,0,0,0,0,-3,4,1,1,256,101,45,4,2,2,15
376,tank4_m1a1_89,0,2,532,0,0,0,0,0,0,0,0,100,0,0,0,42,0,0,0,0,0,0,0,0,0,0,0,0,0,0,0,0,100,100,0,0,0,0,-3,4,1,1,256,101,45,4,2,2,15
377,tank4_m1a1_89,0,2,532,0,0,0,0,0,0,0,0,100,0,0,0,42,0,0,0,0,0,0,0,0,0,0,0,0,0,0,0,0,100,100,0,0,0,0,-3,4,1,1,256,101,45,4,2,2,15
378,tank4_m1a1_89,0,2,532,0,0,0,0,0,0,0,0,100,0,0,0,42,0,0,0,0,0,0,0,0,0,0,0,0,0,0,0,0,100,100,0,0,0,0,-3,4,1,1,256,101,45,4,2,2,15
379,tank4_m1a1_89,0,2,532,0,0,0,0,0,0,0,0,100,0,0,0,42,0,0,0,0,0,0,0,0,0,0,0,0,0,0,0,0,100,100,0,0,0,0,-3,4,1,1,256,101,45,4,2,2,15
380,tank4_m1a1_89,0,2,532,0,0,0,0,0,0,0,0,100,0,0,0,42,0,0,0,0,0,0,0,0,0,0,0,0,0,0,0,0,100,100,0,0,0,0,-3,4,1,1,256,101,45,4,2,2,15
381,tank4_m1a1_89,0,2,532,0,0,0,0,0,0,0,0,100,0,0,0,42,0,0,0,0,0,0,0,0,0,0,0,0,0,0,0,0,100,100,0,0,0,0,-3,4,1,1,256,101,45,4,2,2,15
382,tank4_m1a1_89,0,2,532,0,0,0,0,0,0,0,0,100,0,0,0,42,0,0,0,0,0,0,0,0,0,0,0,0,0,0,0,0,100,100,0,0,0,0,-3,4,1,1,256,101,45,4,2,2,15
383,tank4_m1a1_89,0,2,532,0,0,0,0,0,0,0,0,100,0,0,0,42,0,0,0,0,0,0,0,0,0,0,0,0,0,0,0,0,100,100,0,0,0,0,-3,4,1,1,256,101,45,4,2,2,15
384,tank4_m1a1_89,0,2,532,0,0,0,0,0,0,0,0,100,0,0,0,42,0,0,0,0,0,0,0,0,0,0,0,0,0,0,0,0,100,100,0,0,0,0,-3,4,1,1,256,101,45,4,2,2,15
385,tank4_m1a1_89,0,2,532,0,0,0,0,0,0,0,0,100,0,0,0,42,0,0,0,0,0,0,0,0,0,0,0,0,0,0,0,0,100,100,0,0,0,0,-3,4,1,1,256,101,45,4,2,2,15
386,tank4_m1a1_89,0,2,532,0,0,0,0,0,0,0,0,100,0,0,0,42,0,0,0,0,0,0,0,0,0,0,0,0,0,0,0,0,100,100,0,0,0,0,-3,4,1,1,256,101,45,4,2,2,15
387,tank4_m1a1_89,0,2,532,0,0,0,0,0,0,0,0,100,0,0,0,42,0,0,0,0,0,0,0,0,0,0,0,0,0,0,0,0,100,100,0,0,0,0,-3,4,1,1,256,101,45,4,2,2,15
388,tank4_m1a1_89,0,2,532,0,0,0,0,0,0,0,0,100,0,0,0,42,0,0,0,0,0,0,0,0,0,0,0,0,0,0,0,0,100,100,0,0,0,0,-3,4,1,1,256,101,45,4,2,2,15
389,tank4_m1a1_89,0,2,532,0,0,0,0,0,0,0,0,100,0,0,0,42,0,0,0,0,0,0,0,0,0,0,0,0,0,0,0,0,100,100,0,0,0,0,-3,4,1,1,256,101,45,4,2,2,15
390,tank4_m1a1_89,0,2,532,0,0,0,0,0,0,0,0,100,0,0,0,42,0,0,0,0,0,0,0,0,0,0,0,0,0,0,0,0,100,100,0,0,0,0,-3,4,1,1,256,101,45,4,2,2,15
391,tank4_m1a1_89,0,2,532,0,0,0,0,0,0,0,0,100,0,0,0,42,0,0,0,0,0,0,0,0,0,0,0,0,0,0,0,0,100,100,0,0,0,0,-3,4,1,1,256,101,45,4,2,2,15
392,tank4_m1a1_89,0,2,532,0,0,0,0,0,0,0,0,100,0,0,0,42,0,0,0,0,0,0,0,0,0,0,0,0,0,0,0,0,100,100,0,0,0,0,-3,4,1,1,256,101,45,4,2,2,15
393,tank4_m1a1_89,0,2,532,0,0,0,0,0,0,0,0,100,0,0,0,42,0,0,0,0,0,0,0,0,0,0,0,0,0,0,0,0,100,100,0,0,0,0,-3,4,1,1,256,101,45,4,2,2,15
394,tank4_m1a1_89,0,2,532,0,0,0,0,0,0,0,0,100,0,0,0,42,0,0,0,0,0,0,0,0,0,0,0,0,0,0,0,0,100,100,0,0,0,0,-3,4,1,1,256,101,45,4,2,2,15
395,tank4_m1a1_89,0,2,532,0,0,0,0,0,0,0,0,100,0,0,0,42,0,0,0,0,0,0,0,0,0,0,0,0,0,0,0,0,100,100,0,0,0,0,-3,4,1,1,256,101,45,4,2,2,15
396,tank4_m1a1_89,0,2,532,0,0,0,0,0,0,0,0,100,0,0,0,42,0,0,0,0,0,0,0,0,0,0,0,0,0,0,0,0,100,100,0,0,0,0,-3,4,1,1,256,101,45,4,2,2,15
397,tank4_m1a1_89,0,2,532,0,0,0,0,0,0,0,0,100,0,0,0,42,0,0,0,0,0,0,0,0,0,0,0,0,0,0,0,0,100,100,0,0,0,0,-3,4,1,1,256,101,45,4,2,2,15
398,tank4_m1a1_89,0,2,532,0,0,0,0,0,0,0,0,100,0,0,0,42,0,0,0,0,0,0,0,0,0,0,0,0,0,0,0,0,100,100,0,0,0,0,-3,4,1,1,256,101,45,4,2,2,15
399,tank4_m1a1_89,0,2,532,0,0,0,0,0,0,0,0,100,0,0,0,42,0,0,0,0,0,0,0,0,0,0,0,0,0,0,0,0,100,100,0,0,0,0,-3,4,1,1,256,101,45,4,2,2,15
400,tank4_m1a1_89,0,2,532,0,0,0,0,0,0,0,0,100,0,0,0,42,0,0,0,0,0,0,0,0,0,0,0,0,0,0,0,0,100,100,0,0,0,0,-3,4,1,1,256,101,45,4,2,2,15
401,tank4_m1a1_89,0,2,532,0,0,0,0,0,0,0,0,100,0,0,0,42,0,0,0,0,0,0,0,0,0,0,0,0,0,0,0,0,100,100,0,0,0,0,-3,4,1,1,256,101,45,4,2,2,15
402,tank4_m1a1_89,0,2,532,0,0,0,0,0,0,0,0,100,0,0,0,42,0,0,0,0,0,0,0,0,0,0,0,0,0,0,0,0,100,100,0,0,0,0,-3,4,1,1,256,101,45,4,2,2,15
403,tank4_m1a1_89,0,2,532,0,0,0,0,0,0,0,0,100,0,0,0,42,0,0,0,0,0,0,0,0,0,0,0,0,0,0,0,0,100,100,0,0,0,0,-3,4,1,1,256,101,45,4,2,2,15
404,tank4_m1a1_89,0,2,532,0,0,0,0,0,0,0,0,100,0,0,0,42,0,0,0,0,0,0,0,0,0,0,0,0,0,0,0,0,100,100,0,0,0,0,-3,4,1,1,256,101,45,4,2,2,15
405,tank4_m1a1_89,0,2,532,0,0,0,0,0,0,0,0,100,0,0,0,42,0,0,0,0,0,0,0,0,0,0,0,0,0,0,0,0,100,100,0,0,0,0,-3,4,1,1,256,101,45,4,2,2,15
406,tank4_m1a1_89,0,2,532,0,0,0,0,0,0,0,0,100,0,0,0,42,0,0,0,0,0,0,0,0,0,0,0,0,0,0,0,0,100,100,0,0,0,0,-3,4,1,1,256,101,45,4,2,2,15
407,tank4_m1a1_89,0,2,532,0,0,0,0,0,0,0,0,100,0,0,0,42,0,0,0,0,0,0,0,0,0,0,0,0,0,0,0,0,100,100,0,0,0,0,-3,4,1,1,256,101,45,4,2,2,15
408,tank4_m1a1_89,0,2,532,0,0,0,0,0,0,0,0,100,0,0,0,42,0,0,0,0,0,0,0,0,0,0,0,0,0,0,0,0,100,100,0,0,0,0,-3,4,1,1,256,101,45,4,2,2,15
409,tank4_m1a1_89,0,2,532,0,0,0,0,0,0,0,0,100,0,0,0,42,0,0,0,0,0,0,0,0,0,0,0,0,0,0,0,0,100,100,0,0,0,0,-3,4,1,1,256,101,45,4,2,2,15
410,tank4_m1a1_89,0,2,532,0,0,0,0,0,0,0,0,100,0,0,0,42,0,0,0,0,0,0,0,0,0,0,0,0,0,0,0,0,100,100,0,0,0,0,-3,4,1,1,256,101,45,4,2,2,15
411,tank4_m1a1_89,0,2,532,0,0,0,0,0,0,0,0,100,0,0,0,42,0,0,0,0,0,0,0,0,0,0,0,0,0,0,0,0,100,100,0,0,0,0,-3,4,1,1,256,101,45,4,2,2,15
412,tank4_m1a1_89,0,2,532,0,0,0,0,0,0,0,0,100,0,0,0,42,0,0,0,0,0,0,0,0,0,0,0,0,0,0,0,0,100,100,0,0,0,0,-3,4,1,1,256,101,45,4,2,2,15
413,tank4_m1a1_89,0,2,532,0,0,0,0,0,0,0,0,100,0,0,0,42,0,0,0,0,0,0,0,0,0,0,0,0,0,0,0,0,100,100,0,0,0,0,-3,4,1,1,256,101,45,4,2,2,15
414,tank4_m1a1_89,0,2,532,0,0,0,0,0,0,0,0,100,0,0,0,42,0,0,0,0,0,0,0,0,0,0,0,0,0,0,0,0,100,100,0,0,0,0,-3,4,1,1,256,101,45,4,2,2,15
415,tank4_m1a1_89,0,2,532,0,0,0,0,0,0,0,0,100,0,0,0,42,0,0,0,0,0,0,0,0,0,0,0,0,0,0,0,0,100,100,0,0,0,0,-3,4,1,1,256,101,45,4,2,2,15
416,tank4_m1a1_89,0,2,532,0,0,0,0,0,0,0,0,100,0,0,0,42,0,0,0,0,0,0,0,0,0,0,0,0,0,0,0,0,100,100,0,0,0,0,-3,4,1,1,256,101,45,4,2,2,15
417,tank4_m1a1_89,0,2,532,0,0,0,0,0,0,0,0,100,0,0,0,42,0,0,0,0,0,0,0,0,0,0,0,0,0,0,0,0,100,100,0,0,0,0,-3,4,1,1,256,101,45,4,2,2,15
418,tank4_m1a1_89,0,2,532,0,0,0,0,0,0,0,0,100,0,0,0,42,0,0,0,0,0,0,0,0,0,0,0,0,0,0,0,0,100,100,0,0,0,0,-3,4,1,1,256,101,45,4,2,2,15
419,tank4_m1a1_89,0,2,532,0,0,0,0,0,0,0,0,100,0,0,0,42,0,0,0,0,0,0,0,0,0,0,0,0,0,0,0,0,100,100,0,0,0,0,-3,4,1,1,256,101,45,4,2,2,15
420,tank4_m1a1_89,0,2,532,0,0,0,0,0,0,0,0,100,0,0,0,42,0,0,0,0,0,0,0,0,0,0,0,0,0,0,0,0,100,100,0,0,0,0,-3,4,1,1,256,101,45,4,2,2,15
421,tank4_m1a1_89,0,2,532,0,0,0,0,0,0,0,0,100,0,0,0,42,0,0,0,0,0,0,0,0,0,0,0,0,0,0,0,0,100,100,0,0,0,0,-3,4,1,1,256,101,45,4,2,2,15
422,tank4_m1a1_89,0,2,532,0,0,0,0,0,0,0,0,100,0,0,0,42,0,0,0,0,0,0,0,0,0,0,0,0,0,0,0,0,100,100,0,0,0,0,-3,4,1,1,256,101,45,4,2,2,15
423,tank4_m1a1_89,0,2,532,0,0,0,0,0,0,0,0,100,0,0,0,42,0,0,0,0,0,0,0,0,0,0,0,0,0,0,0,0,100,100,0,0,0,0,-3,4,1,1,256,101,45,4,2,2,15
424,tank4_m1a1_89,0,2,532,0,0,0,0,0,0,0,0,100,0,0,0,42,0,0,0,0,0,0,0,0,0,0,0,0,0,0,0,0,100,100,0,0,0,0,-3,4,1,1,256,101,45,4,2,2,15
425,tank4_m1a1_89,0,2,532,0,0,0,0,0,0,0,0,100,0,0,0,42,0,0,0,0,0,0,0,0,0,0,0,0,0,0,0,0,100,100,0,0,0,0,-3,4,1,1,256,101,45,4,2,2,15
426,tank4_m1a1_89,0,2,532,0,0,0,0,0,0,0,0,100,0,0,0,42,0,0,0,0,0,0,0,0,0,0,0,0,0,0,0,0,100,100,0,0,0,0,-3,4,1,1,256,101,45,4,2,2,15
427,tank4_m1a1_89,0,2,532,0,0,0,0,0,0,0,0,100,0,0,0,42,0,0,0,0,0,0,0,0,0,0,0,0,0,0,0,0,100,100,0,0,0,0,-3,4,1,1,256,101,45,4,2,2,15
428,tank4_m1a1_89,0,2,532,0,0,0,0,0,0,0,0,100,0,0,0,42,0,0,0,0,0,0,0,0,0,0,0,0,0,0,0,0,100,100,0,0,0,0,-3,4,1,1,256,101,45,4,2,2,15
429,tank4_m1a1_89,0,2,532,0,0,0,0,0,0,0,0,100,0,0,0,42,0,0,0,0,0,0,0,0,0,0,0,0,0,0,0,0,100,100,0,0,0,0,-3,4,1,1,256,101,45,4,2,2,15
430,tank4_m1a1_89,0,2,532,0,0,0,0,0,0,0,0,100,0,0,0,42,0,0,0,0,0,0,0,0,0,0,0,0,0,0,0,0,100,100,0,0,0,0,-3,4,1,1,256,101,45,4,2,2,15
431,tank4_m1a1_89,0,2,532,0,0,0,0,0,0,0,0,100,0,0,0,42,0,0,0,0,0,0,0,0,0,0,0,0,0,0,0,0,100,100,0,0,0,0,-3,4,1,1,256,101,45,4,2,2,15
432,tank4_m1a1_89,0,2,532,0,0,0,0,0,0,0,0,100,0,0,0,42,0,0,0,0,0,0,0,0,0,0,0,0,0,0,0,0,100,100,0,0,0,0,-3,4,1,1,256,101,45,4,2,2,15
433,tank4_m1a1_89,0,2,532,0,0,0,0,0,0,0,0,100,0,0,0,42,0,0,0,0,0,0,0,0,0,0,0,0,0,0,0,0,100,100,0,0,0,0,-3,4,1,1,256,101,45,4,2,2,15
434,tank4_m1a1_89,0,2,532,0,0,0,0,0,0,0,0,100,0,0,0,42,0,0,0,0,0,0,0,0,0,0,0,0,0,0,0,0,100,100,0,0,0,0,-3,4,1,1,256,101,45,4,2,2,15
435,tank4_m1a1_89,0,2,532,0,0,0,0,0,0,0,0,100,0,0,0,42,0,0,0,0,0,0,0,0,0,0,0,0,0,0,0,0,100,100,0,0,0,0,-3,4,1,1,256,101,45,4,2,2,15
436,tank4_m1a1_89,0,2,532,0,0,0,0,0,0,0,0,100,0,0,0,42,0,0,0,0,0,0,0,0,0,0,0,0,0,0,0,0,100,100,0,0,0,0,-3,4,1,1,256,101,45,4,2,2,15
437,tank4_m1a1_89,0,2,532,0,0,0,0,0,0,0,0,100,0,0,0,42,0,0,0,0,0,0,0,0,0,0,0,0,0,0,0,0,100,100,0,0,0,0,-3,4,1,1,256,101,45,4,2,2,15
438,tank4_m1a1_89,0,2,532,0,0,0,0,0,0,0,0,100,0,0,0,42,0,0,0,0,0,0,0,0,0,0,0,0,0,0,0,0,100,100,0,0,0,0,-3,4,1,1,256,101,45,4,2,2,15
439,tank4_m1a1_89,0,2,532,0,0,0,0,0,0,0,0,100,0,0,0,42,0,0,0,0,0,0,0,0,0,0,0,0,0,0,0,0,100,100,0,0,0,0,-3,4,1,1,256,101,45,4,2,2,15
440,tank4_m1a1_89,0,2,532,0,0,0,0,0,0,0,0,100,0,0,0,42,0,0,0,0,0,0,0,0,0,0,0,0,0,0,0,0,100,100,0,0,0,0,-3,4,1,1,256,101,45,4,2,2,15
441,tank4_m1a1_89,0,2,532,0,0,0,0,0,0,0,0,100,0,0,0,42,0,0,0,0,0,0,0,0,0,0,0,0,0,0,0,0,100,100,0,0,0,0,-3,4,1,1,256,101,45,4,2,2,15
442,tank4_m1a1_89,0,2,532,0,0,0,0,0,0,0,0,100,0,0,0,42,0,0,0,0,0,0,0,0,0,0,0,0,0,0,0,0,100,100,0,0,0,0,-3,4,1,1,256,101,45,4,2,2,15
443,tank4_m1a1_89,0,2,532,0,0,0,0,0,0,0,0,100,0,0,0,42,0,0,0,0,0,0,0,0,0,0,0,0,0,0,0,0,100,100,0,0,0,0,-3,4,1,1,256,101,45,4,2,2,15
444,tank4_m1a1_89,0,2,532,0,0,0,0,0,0,0,0,100,0,0,0,42,0,0,0,0,0,0,0,0,0,0,0,0,0,0,0,0,100,100,0,0,0,0,-3,4,1,1,256,101,45,4,2,2,15
445,tank4_m1a1_89,0,2,532,0,0,0,0,0,0,0,0,100,0,0,0,42,0,0,0,0,0,0,0,0,0,0,0,0,0,0,0,0,100,100,0,0,0,0,-3,4,1,1,256,101,45,4,2,2,15
446,tank4_m1a1_89,0,2,532,0,0,0,0,0,0,0,0,100,0,0,0,42,0,0,0,0,0,0,0,0,0,0,0,0,0,0,0,0,100,100,0,0,0,0,-3,4,1,1,256,101,45,4,2,2,15
447,tank4_m1a1_89,0,2,532,0,0,0,0,0,0,0,0,100,0,0,0,42,0,0,0,0,0,0,0,0,0,0,0,0,0,0,0,0,100,100,0,0,0,0,-3,4,1,1,256,101,45,4,2,2,15
448,tank4_m1a1_89,0,2,532,0,0,0,0,0,0,0,0,100,0,0,0,42,0,0,0,0,0,0,0,0,0,0,0,0,0,0,0,0,100,100,0,0,0,0,-3,4,1,1,256,101,45,4,2,2,15
449,tank4_m1a1_89,0,2,532,0,0,0,0,0,0,0,0,100,0,0,0,42,0,0,0,0,0,0,0,0,0,0,0,0,0,0,0,0,100,100,0,0,0,0,-3,4,1,1,256,101,45,4,2,2,15
450,tank4_m1a1_89,0,2,532,0,0,0,0,0,0,0,0,100,0,0,0,42,0,0,0,0,0,0,0,0,0,0,0,0,0,0,0,0,100,100,0,0,0,0,-3,4,1,1,256,101,45,4,2,2,15
451,tank4_m1a1_89,0,2,532,0,0,0,0,0,0,0,0,100,0,0,0,42,0,0,0,0,0,0,0,0,0,0,0,0,0,0,0,0,100,100,0,0,0,0,-3,4,1,1,256,101,45,4,2,2,15
452,tank4_m1a1_89,0,2,532,0,0,0,0,0,0,0,0,100,0,0,0,42,0,0,0,0,0,0,0,0,0,0,0,0,0,0,0,0,100,100,0,0,0,0,-3,4,1,1,256,101,45,4,2,2,15
453,tank4_m1a1_89,0,2,532,0,0,0,0,0,0,0,0,100,0,0,0,42,0,0,0,0,0,0,0,0,0,0,0,0,0,0,0,0,100,100,0,0,0,0,-3,4,1,1,256,101,45,4,2,2,15
454,tank4_m1a1_89,0,2,532,0,0,0,0,0,0,0,0,100,0,0,0,42,0,0,0,0,0,0,0,0,0,0,0,0,0,0,0,0,100,100,0,0,0,0,-3,4,1,1,256,101,45,4,2,2,15
455,tank4_m1a1_89,0,2,532,0,0,0,0,0,0,0,0,100,0,0,0,42,0,0,0,0,0,0,0,0,0,0,0,0,0,0,0,0,100,100,0,0,0,0,-3,4,1,1,256,101,45,4,2,2,15
456,tank4_m1a1_89,0,2,532,0,0,0,0,0,0,0,0,100,0,0,0,42,0,0,0,0,0,0,0,0,0,0,0,0,0,0,0,0,100,100,0,0,0,0,-3,4,1,1,256,101,45,4,2,2,15
457,tank4_m1a1_89,0,2,532,0,0,0,0,0,0,0,0,100,0,0,0,42,0,0,0,0,0,0,0,0,0,0,0,0,0,0,0,0,100,100,0,0,0,0,-3,4,1,1,256,101,45,4,2,2,15
458,tank4_m1a1_89,0,2,532,0,0,0,0,0,0,0,0,100,0,0,0,42,0,0,0,0,0,0,0,0,0,0,0,0,0,0,0,0,100,100,0,0,0,0,-3,4,1,1,256,101,45,4,2,2,15
459,tank4_m1a1_89,0,2,532,0,0,0,0,0,0,0,0,100,0,0,0,42,0,0,0,0,0,0,0,0,0,0,0,0,0,0,0,0,100,100,0,0,0,0,-3,4,1,1,256,101,45,4,2,2,15
460,tank4_m1a1_89,0,2,532,0,0,0,0,0,0,0,0,100,0,0,0,42,0,0,0,0,0,0,0,0,0,0,0,0,0,0,0,0,100,100,0,0,0,0,-3,4,1,1,256,101,45,4,2,2,15
461,tank4_m1a1_89,0,2,532,0,0,0,0,0,0,0,0,100,0,0,0,42,0,0,0,0,0,0,0,0,0,0,0,0,0,0,0,0,100,100,0,0,0,0,-3,4,1,1,256,101,45,4,2,2,15
462,tank4_m1a1_89,0,2,532,0,0,0,0,0,0,0,0,100,0,0,0,42,0,0,0,0,0,0,0,0,0,0,0,0,0,0,0,0,100,100,0,0,0,0,-3,4,1,1,256,101,45,4,2,2,15
463,tank4_m1a1_89,0,2,532,0,0,0,0,0,0,0,0,100,0,0,0,42,0,0,0,0,0,0,0,0,0,0,0,0,0,0,0,0,100,100,0,0,0,0,-3,4,1,1,256,101,45,4,2,2,15
464,tank4_m1a1_89,0,2,532,0,0,0,0,0,0,0,0,100,0,0,0,42,0,0,0,0,0,0,0,0,0,0,0,0,0,0,0,0,100,100,0,0,0,0,-3,4,1,1,256,101,45,4,2,2,15
465,tank4_m1a1_89,0,2,532,0,0,0,0,0,0,0,0,100,0,0,0,42,0,0,0,0,0,0,0,0,0,0,0,0,0,0,0,0,100,100,0,0,0,0,-3,4,1,1,256,101,45,4,2,2,15
466,tank4_m1a1_89,0,2,532,0,0,0,0,0,0,0,0,100,0,0,0,42,0,0,0,0,0,0,0,0,0,0,0,0,0,0,0,0,100,100,0,0,0,0,-3,4,1,1,256,101,45,4,2,2,15
467,tank4_m1a1_89,0,2,532,0,0,0,0,0,0,0,0,100,0,0,0,42,0,0,0,0,0,0,0,0,0,0,0,0,0,0,0,0,100,100,0,0,0,0,-3,4,1,1,256,101,45,4,2,2,15
468,tank4_m1a1_89,0,2,532,0,0,0,0,0,0,0,0,100,0,0,0,42,0,0,0,0,0,0,0,0,0,0,0,0,0,0,0,0,100,100,0,0,0,0,-3,4,1,1,256,101,45,4,2,2,15
469,tank4_m1a1_89,0,2,532,0,0,0,0,0,0,0,0,100,0,0,0,42,0,0,0,0,0,0,0,0,0,0,0,0,0,0,0,0,100,100,0,0,0,0,-3,4,1,1,256,101,45,4,2,2,15
470,tank4_m1a1_89,0,2,532,0,0,0,0,0,0,0,0,100,0,0,0,42,0,0,0,0,0,0,0,0,0,0,0,0,0,0,0,0,100,100,0,0,0,0,-3,4,1,1,256,101,45,4,2,2,15
471,tank4_m1a1_89,0,2,532,0,0,0,0,0,0,0,0,100,0,0,0,42,0,0,0,0,0,0,0,0,0,0,0,0,0,0,0,0,100,100,0,0,0,0,-3,4,1,1,256,101,45,4,2,2,15
472,tank4_m1a1_89,0,2,532,0,0,0,0,0,0,0,0,100,0,0,0,42,0,0,0,0,0,0,0,0,0,0,0,0,0,0,0,0,100,100,0,0,0,0,-3,4,1,1,256,101,45,4,2,2,15
473,tank4_m1a1_89,0,2,532,0,0,0,0,0,0,0,0,100,0,0,0,42,0,0,0,0,0,0,0,0,0,0,0,0,0,0,0,0,100,100,0,0,0,0,-3,4,1,1,256,101,45,4,2,2,15
474,tank4_m1a1_89,0,2,532,0,0,0,0,0,0,0,0,100,0,0,0,42,0,0,0,0,0,0,0,0,0,0,0,0,0,0,0,0,100,100,0,0,0,0,-3,4,1,1,256,101,45,4,2,2,15
475,tank4_m1a1_89,0,2,532,0,0,0,0,0,0,0,0,100,0,0,0,42,0,0,0,0,0,0,0,0,0,0,0,0,0,0,0,0,100,100,0,0,0,0,-3,4,1,1,256,101,45,4,2,2,15
476,tank4_m1a1_89,0,2,532,0,0,0,0,0,0,0,0,100,0,0,0,42,0,0,0,0,0,0,0,0,0,0,0,0,0,0,0,0,100,100,0,0,0,0,-3,4,1,1,256,101,45,4,2,2,15
477,tank4_m1a1_89,0,2,532,0,0,0,0,0,0,0,0,100,0,0,0,42,0,0,0,0,0,0,0,0,0,0,0,0,0,0,0,0,100,100,0,0,0,0,-3,4,1,1,256,101,45,4,2,2,15
478,tank4_m1a1_89,0,2,532,0,0,0,0,0,0,0,0,100,0,0,0,42,0,0,0,0,0,0,0,0,0,0,0,0,0,0,0,0,100,100,0,0,0,0,-3,4,1,1,256,101,45,4,2,2,15
479,tank4_m1a1_89,0,2,532,0,0,0,0,0,0,0,0,100,0,0,0,42,0,0,0,0,0,0,0,0,0,0,0,0,0,0,0,0,100,100,0,0,0,0,-3,4,1,1,256,101,45,4,2,2,15
480,tank4_m1a1_89,0,2,532,0,0,0,0,0,0,0,0,100,0,0,0,42,0,0,0,0,0,0,0,0,0,0,0,0,0,0,0,0,100,100,0,0,0,0,-3,4,1,1,256,101,45,4,2,2,15
481,tank4_m1a1_89,0,2,532,0,0,0,0,0,0,0,0,100,0,0,0,42,0,0,0,0,0,0,0,0,0,0,0,0,0,0,0,0,100,100,0,0,0,0,-3,4,1,1,256,101,45,4,2,2,15
482,tank4_m1a1_89,0,2,532,0,0,0,0,0,0,0,0,100,0,0,0,42,0,0,0,0,0,0,0,0,0,0,0,0,0,0,0,0,100,100,0,0,0,0,-3,4,1,1,256,101,45,4,2,2,15
483,tank4_m1a1_89,0,2,532,0,0,0,0,0,0,0,0,100,0,0,0,42,0,0,0,0,0,0,0,0,0,0,0,0,0,0,0,0,100,100,0,0,0,0,-3,4,1,1,256,101,45,4,2,2,15
484,tank4_m1a1_89,0,2,532,0,0,0,0,0,0,0,0,100,0,0,0,42,0,0,0,0,0,0,0,0,0,0,0,0,0,0,0,0,100,100,0,0,0,0,-3,4,1,1,256,101,45,4,2,2,15
485,tank4_m1a1_89,0,2,532,0,0,0,0,0,0,0,0,100,0,0,0,42,0,0,0,0,0,0,0,0,0,0,0,0,0,0,0,0,100,100,0,0,0,0,-3,4,1,1,256,101,45,4,2,2,15
486,tank4_m1a1_89,0,2,532,0,0,0,0,0,0,0,0,100,0,0,0,42,0,0,0,0,0,0,0,0,0,0,0,0,0,0,0,0,100,100,0,0,0,0,-3,4,1,1,256,101,45,4,2,2,15
487,tank4_m1a1_89,0,2,532,0,0,0,0,0,0,0,0,100,0,0,0,42,0,0,0,0,0,0,0,0,0,0,0,0,0,0,0,0,100,100,0,0,0,0,-3,4,1,1,256,101,45,4,2,2,15
488,tank4_m1a1_89,0,2,532,0,0,0,0,0,0,0,0,100,0,0,0,42,0,0,0,0,0,0,0,0,0,0,0,0,0,0,0,0,100,100,0,0,0,0,-3,4,1,1,256,101,45,4,2,2,15
489,tank4_m1a1_89,0,2,532,0,0,0,0,0,0,0,0,100,0,0,0,42,0,0,0,0,0,0,0,0,0,0,0,0,0,0,0,0,100,100,0,0,0,0,-3,4,1,1,256,101,45,4,2,2,15
490,tank4_m1a1_89,0,2,532,0,0,0,0,0,0,0,0,100,0,0,0,42,0,0,0,0,0,0,0,0,0,0,0,0,0,0,0,0,100,100,0,0,0,0,-3,4,1,1,256,101,45,4,2,2,15
491,tank4_m1a1_89,0,2,532,0,0,0,0,0,0,0,0,100,0,0,0,42,0,0,0,0,0,0,0,0,0,0,0,0,0,0,0,0,100,100,0,0,0,0,-3,4,1,1,256,101,45,4,2,2,15
492,tank4_m1a1_89,0,2,532,0,0,0,0,0,0,0,0,100,0,0,0,42,0,0,0,0,0,0,0,0,0,0,0,0,0,0,0,0,100,100,0,0,0,0,-3,4,1,1,256,101,45,4,2,2,15
493,tank4_m1a1_89,0,2,532,0,0,0,0,0,0,0,0,100,0,0,0,42,0,0,0,0,0,0,0,0,0,0,0,0,0,0,0,0,100,100,0,0,0,0,-3,4,1,1,256,101,45,4,2,2,15
494,tank4_m1a1_89,0,2,532,0,0,0,0,0,0,0,0,100,0,0,0,42,0,0,0,0,0,0,0,0,0,0,0,0,0,0,0,0,100,100,0,0,0,0,-3,4,1,1,256,101,45,4,2,2,15
495,tank4_m1a1_89,0,2,532,0,0,0,0,0,0,0,0,100,0,0,0,42,0,0,0,0,0,0,0,0,0,0,0,0,0,0,0,0,100,100,0,0,0,0,-3,4,1,1,256,101,45,4,2,2,15
496,tank4_m1a1_89,0,2,532,0,0,0,0,0,0,0,0,100,0,0,0,42,0,0,0,0,0,0,0,0,0,0,0,0,0,0,0,0,100,100,0,0,0,0,-3,4,1,1,256,101,45,4,2,2,15
497,tank4_m1a1_89,0,2,532,0,0,0,0,0,0,0,0,100,0,0,0,42,0,0,0,0,0,0,0,0,0,0,0,0,0,0,0,0,100,100,0,0,0,0,-3,4,1,1,256,101,45,4,2,2,15
498,tank4_m1a1_89,0,2,532,0,0,0,0,0,0,0,0,100,0,0,0,42,0,0,0,0,0,0,0,0,0,0,0,0,0,0,0,0,100,100,0,0,0,0,-3,4,1,1,256,101,45,4,2,2,15
499,tank4_m1a1_89,0,2,532,0,0,0,0,0,0,0,0,100,0,0,0,42,0,0,0,0,0,0,0,0,0,0,0,0,0,0,0,0,100,100,0,0,0,0,-3,4,1,1,256,101,45,4,2,2,15
500,tank4_m1a1_89,0,2,532,0,0,0,0,0,0,0,0,100,0,0,0,42,0,0,0,0,0,0,0,0,0,0,0,0,0,0,0,0,100,100,0,0,0,0,-3,4,1,1,256,101,45,4,2,2,15
501,tank4_m1a1_89,0,2,532,0,0,0,0,0,0,10,1,100,0,0,0,52,0,0,0,0,0,0,0,0,0,0,0,0,0,0,0,0,100,100,0,0,0,0,-3,4,1,1,256,101,45,4,2,2,15
502,tank4_m1a1_89,0,2,532,0,0,0,0,0,0,20,2,100,1,0,0,62,0,0,0,0,0,0,0,0,0,0,0,0,0,0,0,0,100,100,0,0,0,0,-3,4,1,1,256,101,45,4,2,2,15
503,tank4_m1a1_89,0,2,532,0,0,0,0,0,0,30,3,100,2,0,0,72,0,0,0,0,0,0,0,0,0,0,0,0,0,0,0,0,100,100,0,0,0,0,-3,4,1,1,256,101,45,4,2,2,15
504,tank4_m1a1_89,0,2,532,0,0,0,0,0,0,40,4,100,3,0,0,82,0,0,0,0,0,0,0,0,0,0,0,0,0,0,0,0,100,100,0,0,0,0,-3,4,1,1,256,101,45,4,2,2,15
505,tank4_m1a1_89,0,2,532,0,0,0,0,0,0,50,5,100,3,0,0,92,0,0,0,0,0,0,0,0,0,0,0,0,0,0,0,0,100,100,0,0,0,0,-3,4,1,1,256,101,45,4,2,2,15
506,tank4_m1a1_89,0,2,532,0,0,0,0,0,0,60,6,100,4,0,0,100,0,0,0,0,0,0,0,0,0,0,0,0,0,0,0,0,100,100,0,0,0,0,-3,4,1,1,256,101,45,4,2,2,15
507,tank4_m1a1_89,0,2,532,0,0,0,0,0,0,70,7,100,5,0,0,100,0,0,0,0,0,0,0,0,0,0,0,0,0,0,0,0,100,100,0,0,0,0,-3,4,1,1,256,101,45,4,2,2,15
508,tank4_m1a1_89,0,2,532,0,0,0,0,0,0,90,8,100,6,0,0,100,0,0,0,0,0,0,0,0,0,0,0,0,0,0,0,0,100,100,0,0,0,0,-3,4,1,1,256,101,45,4,2,2,15
509,tank4_m1a1_89,0,2,532,0,0,0,0,0,0,110,9,100,7,0,0,100,0,0,0,0,0,0,0,0,0,0,0,0,0,0,0,0,100,100,0,0,0,0,-3,4,1,1,256,101,45,4,2,2,15
510,tank4_m1a1_89,0,2,532,0,0,0,0,0,0,130,10,100,7,0,0,100,0,0,0,0,0,0,0,0,0,0,0,0,0,0,0,0,100,100,0,0,0,0,-3,4,1,1,256,101,45,4,2,2,15
511,tank4_m1a1_89,0,2,532,0,0,0,0,0,0,150,11,100,8,0,0,100,0,0,0,0,0,0,0,0,0,0,0,0,0,0,0,0,100,100,0,0,0,0,-3,4,1,1,256,101,45,4,2,2,15
512,tank4_m1a1_89,0,2,532,0,0,0,0,0,0,170,12,100,9,0,0,100,0,0,0,0,0,0,0,0,0,0,0,0,0,0,0,0,100,100,0,0,0,0,-3,4,1,1,256,101,45,4,2,2,15
513,tank4_m1a1_89,0,2,532,0,0,0,0,0,0,190,13,100,10,0,0,100,0,0,0,0,0,0,0,0,0,0,0,0,0,0,0,0,100,100,0,0,0,0,-3,4,1,1,256,101,45,4,2,2,15
514,tank4_m1a1_89,0,2,532,0,0,0,0,0,0,210,14,100,10,0,0,100,0,0,0,0,0,0,0,0,0,0,0,0,0,0,0,0,100,100,0,0,0,0,-3,4,1,1,256,101,45,4,2,2,15
515,tank4_m1a1_89,0,2,532,0,0,0,0,0,0,230,15,100,11,0,0,100,0,0,0,0,0,0,0,0,0,0,0,0,0,0,0,0,100,100,0,0,0,0,-3,4,1,1,256,101,45,4,2,2,15
516,tank4_m1a1_89,0,2,532,0,0,0,0,0,0,260,16,100,12,0,0,100,0,0,0,0,0,0,0,0,0,0,0,0,0,0,0,0,100,100,0,0,0,0,-3,4,1,1,256,101,45,4,2,2,15
517,tank4_m1a1_89,0,2,532,0,0,0,0,0,0,290,17,100,13,0,0,100,0,0,0,0,0,0,0,0,0,0,0,0,0,0,0,0,100,100,0,0,0,0,-3,4,1,1,256,101,45,4,2,2,15
518,tank4_m1a1_89,0,2,532,0,0,0,0,0,0,320,18,100,14,0,0,100,0,0,0,0,0,0,0,0,0,0,0,0,0,0,0,0,100,100,0,0,0,0,-3,4,1,1,256,101,45,4,2,2,15
519,tank4_m1a1_89,0,2,532,0,0,0,0,0,0,350,19,100,14,0,0,100,0,0,0,0,0,0,0,0,0,0,0,0,0,0,0,0,100,100,0,0,0,0,-3,4,1,1,256,101,45,4,2,2,15
520,tank4_m1a1_89,0,2,532,0,0,0,0,0,0,380,20,100,15,0,0,100,0,0,0,0,0,0,0,0,0,0,0,0,0,0,0,0,100,100,0,0,0,0,-3,4,1,1,256,101,45,4,2,2,15
521,tank4_m1a1_89,0,2,532,0,0,0,0,0,0,410,21,100,16,0,0,100,0,0,0,0,0,0,0,0,0,0,0,0,0,0,0,0,100,100,0,0,0,0,-3,4,1,1,256,101,45,4,2,2,15
522,tank4_m1a1_89,0,2,532,0,0,0,0,0,0,440,22,100,17,0,0,100,0,0,0,0,0,0,0,0,0,0,0,0,0,0,0,0,100,100,0,0,0,0,-3,4,1,1,256,101,45,4,2,2,15
523,tank4_m1a1_89,0,2,532,0,0,0,0,0,0,470,23,100,17,0,0,100,0,0,0,0,0,0,0,0,0,0,0,0,0,0,0,0,100,100,0,0,0,0,-3,4,1,1,256,101,45,4,2,2,15
524,tank4_m1a1_89,0,2,532,0,0,0,0,0,0,510,24,100,18,0,0,100,0,0,0,0,0,0,0,0,0,0,0,0,0,0,0,0,100,100,0,0,0,0,-3,4,1,1,256,101,45,4,2,2,15
525,tank4_m1a1_89,0,2,532,0,0,0,0,0,0,550,25,100,19,0,0,100,0,0,0,0,0,0,0,0,0,0,0,0,0,0,0,0,100,100,0,0,0,0,-3,4,1,1,256,101,45,4,2,2,15
526,tank4_m1a1_89,0,2,532,0,0,0,0,0,0,590,26,100,20,0,0,100,0,0,0,0,0,0,0,0,0,0,0,0,0,0,0,0,100,100,0,0,0,0,-3,4,1,1,256,101,45,4,2,2,15
527,tank4_m1a1_89,0,2,532,0,0,0,0,0,0,630,27,100,21,0,0,100,0,0,0,0,0,0,0,0,0,0,0,0,0,0,0,0,100,100,0,0,0,0,-3,4,1,1,256,101,45,4,2,2,15
528,tank4_m1a1_89,0,2,532,0,0,0,0,0,0,670,28,100,21,0,0,100,0,0,0,0,0,0,0,0,0,0,0,0,0,0,0,0,100,100,0,0,0,0,-3,4,1,1,256,101,45,4,2,2,15
529,tank4_m1a1_89,0,2,532,0,0,0,0,0,0,710,29,100,22,0,0,100,0,0,0,0,0,0,0,0,0,0,0,0,0,0,0,0,100,100,0,0,0,0,-3,4,1,1,256,101,45,4,2,2,15
530,tank4_m1a1_89,0,2,532,0,0,0,0,0,0,750,30,100,23,0,0,100,0,0,0,0,0,0,0,0,0,0,0,0,0,0,0,0,100,100,0,0,0,0,-3,4,1,1,256,101,45,4,2,2,15
531,tank4_m1a1_89,0,2,532,0,0,0,0,0,0,790,31,100,24,0,0,100,0,0,0,0,0,0,0,0,0,0,0,0,0,0,0,0,100,100,0,0,0,0,-3,4,1,1,256,101,45,4,2,2,15
532,tank4_m1a1_89,0,2,532,0,0,0,0,0,0,840,32,100,25,0,0,100,0,0,0,0,0,0,0,0,0,0,0,0,0,0,0,0,100,100,0,0,0,0,-3,4,1,1,256,101,45,4,2,2,15
533,tank4_m1a1_89,0,2,532,0,0,0,0,0,0,890,33,100,25,0,0,100,0,0,0,0,0,0,0,0,0,0,0,0,0,0,0,0,100,100,0,0,0,0,-3,4,1,1,256,101,45,4,2,2,15
534,tank4_m1a1_89,0,2,532,0,0,0,0,0,0,940,34,100,26,0,0,100,0,0,0,0,0,0,0,0,0,0,0,0,0,0,0,0,100,100,0,0,0,0,-3,4,1,1,256,101,45,4,2,2,15
535,tank4_m1a1_89,0,2,532,0,0,0,0,0,0,990,35,100,27,0,0,100,0,0,0,0,0,0,0,0,0,0,0,0,0,0,0,0,100,100,0,0,0,0,-3,4,1,1,256,101,45,4,2,2,15
536,tank4_m1a1_89,0,2,532,0,0,0,0,0,0,1040,36,100,28,0,0,100,0,0,0,0,0,0,0,0,0,0,0,0,0,0,0,0,100,100,0,0,0,0,-3,4,1,1,256,101,45,4,2,2,15
537,tank4_m1a1_89,0,2,532,0,0,0,0,0,0,1090,37,100,28,0,0,100,0,0,0,0,0,0,0,0,0,0,0,0,0,0,0,0,100,100,0,0,0,0,-3,4,1,1,256,101,45,4,2,2,15
538,tank4_m1a1_89,0,2,532,0,0,0,0,0,0,1140,38,100,29,0,0,100,0,0,0,0,0,0,0,0,0,0,0,0,0,0,0,0,100,100,0,0,0,0,-3,4,1,1,256,101,45,4,2,2,15
539,tank4_m1a1_89,0,2,532,0,0,0,0,0,0,1190,39,100,30,0,0,100,0,0,0,0,0,0,0,0,0,0,0,0,0,0,0,0,100,100,0,0,0,0,-3,4,1,1,256,101,45,4,2,2,15
540,tank4_m1a1_89,0,2,532,0,0,0,0,0,0,1250,40,100,31,0,0,100,0,0,0,0,0,0,0,0,0,0,0,0,0,0,0,0,100,100,0,0,0,0,-3,4,1,1,256,101,45,4,2,2,15
541,tank4_m1a1_89,0,2,532,0,0,0,0,0,0,1310,41,100,32,0,0,100,0,0,0,0,0,0,0,0,0,0,0,0,0,0,0,0,100,100,0,0,0,0,-3,4,1,1,256,101,45,4,2,2,15
542,tank4_m1a1_89,0,2,532,0,0,0,0,0,0,1370,42,100,32,0,0,100,0,0,0,0,0,0,0,0,0,0,0,0,0,0,0,0,100,100,0,0,0,0,-3,4,1,1,256,101,45,4,2,2,15
543,tank4_m1a1_89,0,2,532,0,0,0,0,0,0,1430,43,100,33,0,0,100,0,0,0,0,0,0,0,0,0,0,0,0,0,0,0,0,100,100,0,0,0,0,-3,4,1,1,256,101,45,4,2,2,15
544,tank4_m1a1_89,0,2,532,0,0,0,0,0,0,1490,44,100,34,0,0,100,0,0,0,0,0,0,0,0,0,0,0,0,0,0,0,0,100,100,0,0,0,0,-3,4,1,1,256,101,45,4,2,2,15
545,tank4_m1a1_89,0,2,532,0,0,0,0,0,0,1550,45,100,35,0,0,100,0,0,0,0,0,0,0,0,0,0,0,0,0,0,0,0,100,100,0,0,0,0,-3,4,1,1,256,101,45,4,2,2,15
546,tank4_m1a1_89,0,2,532,0,0,0,0,0,0,1610,46,100,35,0,0,100,0,0,0,0,0,0,0,0,0,0,0,0,0,0,0,0,100,100,0,0,0,0,-3,4,1,1,256,101,45,4,2,2,15
547,tank4_m1a1_89,0,2,532,0,0,0,0,0,0,1670,47,100,36,0,0,100,0,0,0,0,0,0,0,0,0,0,0,0,0,0,0,0,100,100,0,0,0,0,-3,4,1,1,256,101,45,4,2,2,15
548,tank4_m1a1_89,0,2,532,0,0,0,0,0,0,1740,48,100,37,0,0,100,0,0,0,0,0,0,0,0,0,0,0,0,0,0,0,0,100,100,0,0,0,0,-3,4,1,1,256,101,45,4,2,2,15
549,tank4_m1a1_89,0,2,532,0,0,0,0,0,0,1810,49,100,38,0,0,100,0,0,0,0,0,0,0,0,0,0,0,0,0,0,0,0,100,100,0,0,0,0,-3,4,1,1,256,101,45,4,2,2,15
550,tank4_m1a1_89,0,2,532,0,0,0,0,0,0,1880,50,100,39,0,0,100,0,0,0,0,0,0,0,0,0,0,0,0,0,0,0,0,100,100,0,0,0,0,-3,4,1,1,256,101,45,4,2,2,15
551,tank4_m1a1_89,0,2,532,0,0,0,0,0,0,1950,51,100,39,0,0,100,0,0,0,0,0,0,0,0,0,0,0,0,0,0,0,0,100,100,0,0,0,0,-3,4,1,1,256,101,45,4,2,2,15
552,tank4_m1a1_89,0,2,532,0,0,0,0,0,0,2020,52,100,40,0,0,100,0,0,0,0,0,0,0,0,0,0,0,0,0,0,0,0,100,100,0,0,0,0,-3,4,1,1,256,101,45,4,2,2,15
553,tank4_m1a1_89,0,2,532,0,0,0,0,0,0,2090,53,100,41,0,0,100,0,0,0,0,0,0,0,0,0,0,0,0,0,0,0,0,100,100,0,0,0,0,-3,4,1,1,256,101,45,4,2,2,15
554,tank4_m1a1_89,0,2,532,0,0,0,0,0,0,2160,54,100,42,0,0,100,0,0,0,0,0,0,0,0,0,0,0,0,0,0,0,0,100,100,0,0,0,0,-3,4,1,1,256,101,45,4,2,2,15
555,tank4_m1a1_89,0,2,532,0,0,0,0,0,0,2230,55,100,42,0,0,100,0,0,0,0,0,0,0,0,0,0,0,0,0,0,0,0,100,100,0,0,0,0,-3,4,1,1,256,101,45,4,2,2,15
556,tank4_m1a1_89,0,2,532,0,0,0,0,0,0,2310,56,100,43,0,0,100,0,0,0,0,0,0,0,0,0,0,0,0,0,0,0,0,100,100,0,0,0,0,-3,4,1,1,256,101,45,4,2,2,15
557,tank4_m1a1_89,0,2,532,0,0,0,0,0,0,2390,57,100,44,0,0,100,0,0,0,0,0,0,0,0,0,0,0,0,0,0,0,0,100,100,0,0,0,0,-3,4,1,1,256,101,45,4,2,2,15
558,tank4_m1a1_89,0,2,532,0,0,0,0,0,0,2470,58,100,45,0,0,100,0,0,0,0,0,0,0,0,0,0,0,0,0,0,0,0,100,100,0,0,0,0,-3,4,1,1,256,101,45,4,2,2,15
559,tank4_m1a1_89,0,2,532,0,0,0,0,0,0,2550,59,100,46,0,0,100,0,0,0,0,0,0,0,0,0,0,0,0,0,0,0,0,100,100,0,0,0,0,-3,4,1,1,256,101,45,4,2,2,15
560,tank4_m1a1_89,0,2,532,0,0,0,0,0,0,2630,60,100,46,0,0,100,0,0,0,0,0,0,0,0,0,0,0,0,0,0,0,0,100,100,0,0,0,0,-3,4,1,1,256,101,45,4,2,2,15
561,tank4_m1a1_89,0,2,532,0,0,0,0,0,0,2710,61,100,47,0,0,100,0,0,0,0,0,0,0,0,0,0,0,0,0,0,0,0,100,100,0,0,0,0,-3,4,1,1,256,101,45,4,2,2,15
562,tank4_m1a1_89,0,2,532,0,0,0,0,0,0,2790,62,100,48,0,0,100,0,0,0,0,0,0,0,0,0,0,0,0,0,0,0,0,100,100,0,0,0,0,-3,4,1,1,256,101,45,4,2,2,15
563,tank4_m1a1_89,0,2,532,0,0,0,0,0,0,2870,63,100,49,0,0,100,0,0,0,0,0,0,0,0,0,0,0,0,0,0,0,0,100,100,0,0,0,0,-3,4,1,1,256,101,45,4,2,2,15
564,tank4_m1a1_89,0,2,532,0,0,0,0,0,0,2950,64,100,50,0,0,100,0,0,0,0,0,0,0,0,0,0,0,0,0,0,0,0,100,100,0,0,0,0,-3,4,1,1,256,101,45,4,2,2,15
565,tank4_m1a1_89,0,2,532,0,0,0,0,0,0,3030,65,100,50,0,0,100,0,0,0,0,0,0,0,0,0,0,0,0,0,0,0,0,100,100,0,0,0,0,-3,4,1,1,256,101,45,4,2,2,15
566,tank4_m1a1_89,0,2,532,0,0,0,0,0,0,3110,66,100,51,0,0,100,0,0,0,0,0,0,0,0,0,0,0,0,0,0,0,0,100,100,0,0,0,0,-3,4,1,1,256,101,45,4,2,2,15
567,tank4_m1a1_89,0,2,532,0,0,0,0,0,0,3190,67,100,52,0,0,100,0,0,0,0,0,0,0,0,0,0,0,0,0,0,0,0,100,100,0,0,0,0,-3,4,1,1,256,101,45,4,2,2,15
568,tank4_m1a1_89,0,2,532,0,0,0,0,0,0,3270,68,100,53,0,0,100,0,0,0,0,0,0,0,0,0,0,0,0,0,0,0,0,100,100,0,0,0,0,-3,4,1,1,256,101,45,4,2,2,15
569,tank4_m1a1_89,0,2,532,0,0,0,0,0,0,3350,69,100,53,0,0,100,0,0,0,0,0,0,0,0,0,0,0,0,0,0,0,0,100,100,0,0,0,0,-3,4,1,1,256,101,45,4,2,2,15
570,tank4_m1a1_89,0,2,532,0,0,0,0,0,0,3430,70,100,54,0,0,100,0,0,0,0,0,0,0,0,0,0,0,0,0,0,0,0,100,100,0,0,0,0,-3,4,1,1,256,101,45,4,2,2,15
571,tank4_m1a1_89,0,2,532,0,0,0,0,0,0,3510,71,100,55,0,0,100,0,0,0,0,0,0,0,0,0,0,0,0,0,0,0,0,100,100,0,0,0,0,-3,4,1,1,256,101,45,4,2,2,15
572,tank4_m1a1_89,0,2,532,0,0,0,0,0,0,3590,72,100,56,0,0,100,0,0,0,0,0,0,0,0,0,0,0,0,0,0,0,0,100,100,0,0,0,0,-3,4,1,1,256,101,45,4,2,2,15
573,tank4_m1a1_89,0,2,532,0,0,0,0,0,0,3670,73,100,57,0,0,100,0,0,0,0,0,0,0,0,0,0,0,0,0,0,0,0,100,100,0,0,0,0,-3,4,1,1,256,101,45,4,2,2,15
574,tank4_m1a1_89,0,2,532,0,0,0,0,0,0,3750,74,100,57,0,0,100,0,0,0,0,0,0,0,0,0,0,0,0,0,0,0,0,100,100,0,0,0,0,-3,4,1,1,256,101,45,4,2,2,15
575,tank4_m1a1_89,0,2,532,0,0,0,0,0,0,3830,75,100,58,0,0,100,0,0,0,0,0,0,0,0,0,0,0,0,0,0,0,0,100,100,0,0,0,0,-3,4,1,1,256,101,45,4,2,2,15
576,tank4_m1a1_89,0,2,532,0,0,0,0,0,0,3910,76,100,59,0,0,100,0,0,0,0,0,0,0,0,0,0,0,0,0,0,0,0,100,100,0,0,0,0,-3,4,1,1,256,101,45,4,2,2,15
577,tank4_m1a1_89,0,2,532,0,0,0,0,0,0,3990,77,100,60,0,0,100,0,0,0,0,0,0,0,0,0,0,0,0,0,0,0,0,100,100,0,0,0,0,-3,4,1,1,256,101,45,4,2,2,15
578,tank4_m1a1_89,0,2,532,0,0,0,0,0,0,4070,78,100,60,0,0,100,0,0,0,0,0,0,0,0,0,0,0,0,0,0,0,0,100,100,0,0,0,0,-3,4,1,1,256,101,45,4,2,2,15
579,tank4_m1a1_89,0,2,532,0,0,0,0,0,0,4150,79,100,61,0,0,100,0,0,0,0,0,0,0,0,0,0,0,0,0,0,0,0,100,100,0,0,0,0,-3,4,1,1,256,101,45,4,2,2,15
580,tank4_m1a1_89,0,2,532,0,0,0,0,0,0,4230,80,100,62,0,0,100,0,0,0,0,0,0,0,0,0,0,0,0,0,0,0,0,100,100,0,0,0,0,-3,4,1,1,256,101,45,4,2,2,15
581,tank4_m1a1_89,0,2,532,0,0,0,0,0,0,4310,81,100,63,0,0,100,0,0,0,0,0,0,0,0,0,0,0,0,0,0,0,0,100,100,0,0,0,0,-3,4,1,1,256,101,45,4,2,2,15
582,tank4_m1a1_89,0,2,532,0,0,0,0,0,0,4390,82,100,64,0,0,100,0,0,0,0,0,0,0,0,0,0,0,0,0,0,0,0,100,100,0,0,0,0,-3,4,1,1,256,101,45,4,2,2,15
583,tank4_m1a1_89,0,2,532,0,0,0,0,0,0,4470,83,100,64,0,0,100,0,0,0,0,0,0,0,0,0,0,0,0,0,0,0,0,100,100,0,0,0,0,-3,4,1,1,256,101,45,4,2,2,15
584,tank4_m1a1_89,0,2,532,0,0,0,0,0,0,4550,84,100,65,0,0,100,0,0,0,0,0,0,0,0,0,0,0,0,0,0,0,0,100,100,0,0,0,0,-3,4,1,1,256,101,45,4,2,2,15
585,tank4_m1a1_89,0,2,532,0,0,0,0,0,0,4630,85,100,66,0,0,100,0,0,0,0,0,0,0,0,0,0,0,0,0,0,0,0,100,100,0,0,0,0,-3,4,1,1,256,101,45,4,2,2,15
586,tank4_m1a1_89,0,2,532,0,0,0,0,0,0,4710,86,100,67,0,0,100,0,0,0,0,0,0,0,0,0,0,0,0,0,0,0,0,100,100,0,0,0,0,-3,4,1,1,256,101,45,4,2,2,15
587,tank4_m1a1_89,0,2,532,0,0,0,0,0,0,4790,87,100,67,0,0,100,0,0,0,0,0,0,0,0,0,0,0,0,0,0,0,0,100,100,0,0,0,0,-3,4,1,1,256,101,45,4,2,2,15
588,tank4_m1a1_89,0,2,532,0,0,0,0,0,0,4870,88,100,68,0,0,100,0,0,0,0,0,0,0,0,0,0,0,0,0,0,0,0,100,100,0,0,0,0,-3,4,1,1,256,101,45,4,2,2,15
589,tank4_m1a1_89,0,2,532,0,0,0,0,0,0,4950,89,100,69,0,0,100,0,0,0,0,0,0,0,0,0,0,0,0,0,0,0,0,100,100,0,0,0,0,-3,4,1,1,256,101,45,4,2,2,15
590,tank4_m1a1_89,0,2,532,0,0,0,0,0,0,5030,90,100,70,0,0,100,0,0,0,0,0,0,0,0,0,0,0,0,0,0,0,0,100,100,0,0,0,0,-3,4,1,1,256,101,45,4,2,2,15
591,tank4_m1a1_89,0,2,532,0,0,0,0,0,0,5110,91,100,71,0,0,100,0,0,0,0,0,0,0,0,0,0,0,0,0,0,0,0,100,100,0,0,0,0,-3,4,1,1,256,101,45,4,2,2,15
592,tank4_m1a1_89,0,2,532,0,0,0,0,0,0,5190,92,100,71,0,0,100,0,0,0,0,0,0,0,0,0,0,0,0,0,0,0,0,100,100,0,0,0,0,-3,4,1,1,256,101,45,4,2,2,15
593,tank4_m1a1_89,0,2,532,0,0,0,0,0,0,5270,93,100,72,0,0,100,0,0,0,0,0,0,0,0,0,0,0,0,0,0,0,0,100,100,0,0,0,0,-3,4,1,1,256,101,45,4,2,2,15
594,tank4_m1a1_89,0,2,532,0,0,0,0,0,0,5350,94,100,73,0,0,100,0,0,0,0,0,0,0,0,0,0,0,0,0,0,0,0,100,100,0,0,0,0,-3,4,1,1,256,101,45,4,2,2,15
595,tank4_m1a1_89,0,2,532,0,0,0,0,0,0,5430,95,100,74,0,0,100,0,0,0,0,0,0,0,0,0,0,0,0,0,0,0,0,100,100,0,0,0,0,-3,4,1,1,256,101,45,4,2,2,15
596,tank4_m1a1_89,0,2,532,0,0,0,0,0,0,5510,96,100,75,0,0,100,0,0,0,0,0,0,0,0,0,0,0,0,0,0,0,0,100,100,0,0,0,0,-3,4,1,1,256,101,45,4,2,2,15
597,tank4_m1a1_89,0,2,532,0,0,0,0,0,0,5590,97,100,75,0,0,100,0,0,0,0,0,0,0,0,0,0,0,0,0,0,0,0,100,100,0,0,0,0,-3,4,1,1,256,101,45,4,2,2,15
598,tank4_m1a1_89,0,2,532,0,0,0,0,0,0,5670,98,100,76,0,0,100,0,0,0,0,0,0,0,0,0,0,0,0,0,0,0,0,100,100,0,0,0,0,-3,4,1,1,256,101,45,4,2,2,15
599,tank4_m1a1_89,0,2,532,0,0,0,0,0,0,5750,99,100,77,0,0,100,0,0,0,0,0,0,0,0,0,0,0,0,0,0,0,0,100,100,0,0,0,0,-3,4,1,1,256,101,45,4,2,2,15
600,tank4_m1a1_89,0,2,532,0,0,0,0,0,0,5830,100,100,78,0,0,100,0,0,0,0,0,0,0,0,0,0,0,0,0,0,0,0,100,100,0,0,0,0,-3,4,1,1,256,101,45,4,2,2,15
601,tank4_m1a1_89,0,2,532,0,0,0,0,0,0,5910,101,100,78,0,0,100,0,0,0,0,0,0,0,0,0,0,0,0,0,0,0,0,100,100,0,0,0,0,-3,4,1,1,256,101,45,4,2,2,15
602,tank4_m1a1_89,0,2,532,0,0,0,0,0,0,5990,102,100,79,0,0,100,0,0,0,0,0,0,0,0,0,0,0,0,0,0,0,0,100,100,0,0,0,0,-3,4,1,1,256,101,45,4,2,2,15
603,tank4_m1a1_89,0,2,532,0,0,0,0,0,0,6070,103,100,80,0,0,100,0,0,0,0,0,0,0,0,0,0,0,0,0,0,0,0,100,100,0,0,0,0,-3,4,1,1,256,101,45,4,2,2,15
604,tank4_m1a1_89,0,2,532,0,0,0,0,0,0,6150,104,100,81,0,0,100,0,0,0,0,0,0,0,0,0,0,0,0,0,0,0,0,100,100,0,0,0,0,-3,4,1,1,256,101,45,4,2,2,15
605,tank4_m1a1_89,0,2,532,0,0,0,0,0,0,6230,105,100,82,0,0,100,0,0,0,0,0,0,0,0,0,0,0,0,0,0,0,0,100,100,0,0,0,0,-3,4,1,1,256,101,45,4,2,2,15
606,tank4_m1a1_89,0,2,532,0,0,0,0,0,0,6310,106,100,82,0,0,100,0,0,0,0,0,0,0,0,0,0,0,0,0,0,0,0,100,100,0,0,0,0,-3,4,1,1,256,101,45,4,2,2,15
607,tank4_m1a1_89,0,2,532,0,0,0,0,0,0,6390,107,100,83,0,0,100,0,0,0,0,0,0,0,0,0,0,0,0,0,0,0,0,100,100,0,0,0,0,-3,4,1,1,256,101,45,4,2,2,15
608,tank4_m1a1_89,0,2,532,0,0,0,0,0,0,6470,108,100,84,0,0,100,0,0,0,0,0,0,0,0,0,0,0,0,0,0,0,0,100,100,0,0,0,0,-3,4,1,1,256,101,45,4,2,2,15
609,tank4_m1a1_89,0,2,532,0,0,0,0,0,0,6550,109,100,85,0,0,100,0,0,0,0,0,0,0,0,0,0,0,0,0,0,0,0,100,100,0,0,0,0,-3,4,1,1,256,101,45,4,2,2,15
610,tank4_m1a1_89,0,2,532,0,0,0,0,0,0,6630,110,100,85,0,0,100,0,0,0,0,0,0,0,0,0,0,0,0,0,0,0,0,100,100,0,0,0,0,-3,4,1,1,256,101,45,4,2,2,15
611,tank4_m1a1_89,0,2,532,0,0,0,0,0,0,6710,111,100,86,0,0,100,0,0,0,0,0,0,0,0,0,0,0,0,0,0,0,0,100,100,0,0,0,0,-3,4,1,1,256,101,45,4,2,2,15
612,tank4_m1a1_89,0,2,532,0,0,0,0,0,0,6790,112,100,87,0,0,100,0,0,0,0,0,0,0,0,0,0,0,0,0,0,0,0,100,100,0,0,0,0,-3,4,1,1,256,101,45,4,2,2,15
613,tank4_m1a1_89,0,2,532,0,0,0,0,0,0,6870,113,100,88,0,0,100,0,0,0,0,0,0,0,0,0,0,0,0,0,0,0,0,100,100,0,0,0,0,-3,4,1,1,256,101,45,4,2,2,15
614,tank4_m1a1_89,0,2,532,0,0,0,0,0,0,6950,114,100,89,0,0,100,0,0,0,0,0,0,0,0,0,0,0,0,0,0,0,0,100,100,0,0,0,0,-3,4,1,1,256,101,45,4,2,2,15
615,tank4_m1a1_89,0,2,532,0,0,0,0,0,0,7030,115,100,89,0,0,100,0,0,0,0,0,0,0,0,0,0,0,0,0,0,0,0,100,100,0,0,0,0,-3,4,1,1,256,101,45,4,2,2,15
616,tank4_m1a1_89,0,2,532,0,0,0,0,0,0,7110,116,100,90,0,0,100,0,0,0,0,0,0,0,0,0,0,0,0,0,0,0,0,100,100,0,0,0,0,-3,4,1,1,256,101,45,4,2,2,15
617,tank4_m1a1_89,0,2,532,0,0,0,0,0,0,7190,117,100,91,0,0,100,0,0,0,0,0,0,0,0,0,0,0,0,0,0,0,0,100,100,0,0,0,0,-3,4,1,1,256,101,45,4,2,2,15
618,tank4_m1a1_89,0,2,532,0,0,0,0,0,0,7270,118,100,92,0,0,100,0,0,0,0,0,0,0,0,0,0,0,0,0,0,0,0,100,100,0,0,0,0,-3,4,1,1,256,101,45,4,2,2,15
619,tank4_m1a1_89,0,2,532,0,0,0,0,0,0,7350,119,100,92,0,0,100,0,0,0,0,0,0,0,0,0,0,0,0,0,0,0,0,100,100,0,0,0,0,-3,4,1,1,256,101,45,4,2,2,15
620,tank4_m1a1_89,0,2,532,0,0,0,0,0,0,7430,120,100,93,0,0,100,0,0,0,0,0,0,0,0,0,0,0,0,0,0,0,0,100,100,0,0,0,0,-3,4,1,1,256,101,45,4,2,2,15
621,tank4_m1a1_89,0,2,532,0,0,0,0,0,0,7510,121,100,94,0,0,100,0,0,0,0,0,0,0,0,0,0,0,0,0,0,0,0,100,100,0,0,0,0,-3,4,1,1,256,101,45,4,2,2,15
622,tank4_m1a1_89,0,2,532,0,0,0,0,0,0,7590,122,100,95,0,0,100,0,0,0,0,0,0,0,0,0,0,0,0,0,0,0,0,100,100,0,0,0,0,-3,4,1,1,256,101,45,4,2,2,15
623,tank4_m1a1_89,0,2,532,0,0,0,0,0,0,7670,123,100,96,0,0,100,0,0,0,0,0,0,0,0,0,0,0,0,0,0,0,0,100,100,0,0,0,0,-3,4,1,1,256,101,45,4,2,2,15
624,tank4_m1a1_89,0,2,532,0,0,0,0,0,0,7750,124,100,96,0,0,100,0,0,0,0,0,0,0,0,0,0,0,0,0,0,0,0,100,100,0,0,0,0,-3,4,1,1,256,101,45,4,2,2,15
625,tank4_m1a1_89,0,2,532,0,0,0,0,0,0,7830,125,100,97,0,0,100,0,0,0,0,0,0,0,0,0,0,0,0,0,0,0,0,100,100,0,0,0,0,-3,4,1,1,256,101,45,4,2,2,15
626,tank4_m1a1_89,0,2,532,0,0,0,0,0,0,7910,126,100,98,0,0,100,0,0,0,0,0,0,0,0,0,0,0,0,0,0,0,0,100,100,0,0,0,0,-3,4,1,1,256,101,45,4,2,2,15
627,tank4_m1a1_89,0,2,532,0,0,0,0,0,0,7990,127,100,99,0,0,100,0,0,0,0,0,0,0,0,0,0,0,0,0,0,0,0,100,100,0,0,0,0,-3,4,1,1,256,101,45,4,2,2,15
628,tank4_m1a1_89,0,2,532,0,0,0,0,0,0,8070,128,100,100,0,0,100,0,0,0,0,0,0,0,0,0,0,0,0,0,0,0,0,100,100,0,0,0,0,-3,4,1,1,256,101,45,4,2,2,15
629,tank4_m1a1_89,0,2,532,0,0,0,0,0,0,8150,129,100,100,0,0,100,0,0,0,0,0,0,0,0,0,0,0,0,0,0,0,0,100,100,0,0,0,0,-3,4,1,1,256,101,45,4,2,2,15
630,tank4_m1a1_89,0,2,532,0,0,0,0,0,0,8230,130,100,100,0,0,100,0,0,0,0,0,0,0,0,0,0,0,0,0,0,0,0,100,100,0,0,0,0,-3,4,1,1,256,101,45,4,2,2,15
631,tank4_m1a1_89,0,2,532,0,0,0,0,0,0,8310,131,100,100,0,0,100,0,0,0,0,0,0,0,0,0,0,0,0,0,0,0,0,100,100,0,0,0,0,-3,4,1,1,256,101,45,4,2,2,15
632,tank4_m1a1_89,0,2,532,0,0,0,0,0,0,8390,132,100,100,0,0,100,0,0,0,0,0,0,0,0,0,0,0,0,0,0,0,0,100,100,0,0,0,0,-3,4,1,1,256,101,45,4,2,2,15
633,tank4_m1a1_89,0,2,532,0,0,0,0,0,0,8470,133,100,100,0,0,100,0,0,0,0,0,0,0,0,0,0,0,0,0,0,0,0,100,100,0,0,0,0,-3,4,1,1,256,101,45,4,2,2,15
634,tank4_m1a1_89,0,2,532,0,0,0,0,0,0,8550,134,100,100,0,0,100,0,0,0,0,0,0,0,0,0,0,0,0,0,0,0,0,100,100,0,0,0,0,-3,4,1,1,256,101,45,4,2,2,15
635,tank4_m1a1_89,0,2,532,0,0,0,0,0,0,8630,135,100,100,0,0,100,0,0,0,0,0,0,0,0,0,0,0,0,0,0,0,0,100,100,0,0,0,0,-3,4,1,1,256,101,45,4,2,2,15
636,tank4_m1a1_89,0,2,532,0,0,0,0,0,0,8710,136,100,100,0,0,100,0,0,0,0,0,0,0,0,0,0,0,0,0,0,0,0,100,100,0,0,0,0,-3,4,1,1,256,101,45,4,2,2,15
637,tank4_m1a1_89,0,2,532,0,0,0,0,0,0,8790,137,100,100,0,0,100,0,0,0,0,0,0,0,0,0,0,0,0,0,0,0,0,100,100,0,0,0,0,-3,4,1,1,256,101,45,4,2,2,15
638,tank4_m1a1_89,0,2,532,0,0,0,0,0,0,8870,138,100,100,0,0,100,0,0,0,0,0,0,0,0,0,0,0,0,0,0,0,0,100,100,0,0,0,0,-3,4,1,1,256,101,45,4,2,2,15
639,tank4_m1a1_89,0,2,532,0,0,0,0,0,0,8950,139,100,100,0,0,100,0,0,0,0,0,0,0,0,0,0,0,0,0,0,0,0,100,100,0,0,0,0,-3,4,1,1,256,101,45,4,2,2,15
640,tank4_m1a1_89,0,2,532,0,0,0,0,0,0,9030,140,100,100,0,0,100,0,0,0,0,0,0,0,0,0,0,0,0,0,0,0,0,100,100,0,0,0,0,-3,4,1,1,256,101,45,4,2,2,15
641,tank4_m1a1_89,0,2,532,0,0,0,0,0,0,9110,141,100,100,0,0,100,0,0,0,0,0,0,0,0,0,0,0,0,0,0,0,0,100,100,0,0,0,0,-3,4,1,1,256,101,45,4,2,2,15
642,tank4_m1a1_89,0,2,532,0,0,0,0,0,0,9190,142,100,100,0,0,100,0,0,0,0,0,0,0,0,0,0,0,0,0,0,0,0,100,100,0,0,0,0,-3,4,1,1,256,101,45,4,2,2,15
643,tank4_m1a1_89,0,2,532,0,0,0,0,0,0,9270,143,100,100,0,0,100,0,0,0,0,0,0,0,0,0,0,0,0,0,0,0,0,100,100,0,0,0,0,-3,4,1,1,256,101,45,4,2,2,15
644,tank4_m1a1_89,0,2,532,0,0,0,0,0,0,9350,144,100,100,0,0,100,0,0,0,0,0,0,0,0,0,0,0,0,0,0,0,0,100,100,0,0,0,0,-3,4,1,1,256,101,45,4,2,2,15
645,tank4_m1a1_89,0,2,532,0,0,0,0,0,0,9430,145,100,100,0,0,100,0,0,0,0,0,0,0,0,0,0,0,0,0,0,0,0,100,100,0,0,0,0,-3,4,1,1,256,101,45,4,2,2,15
646,tank4_m1a1_89,0,2,532,0,0,0,0,0,0,9510,146,100,100,0,0,100,0,0,0,0,0,0,0,0,0,0,0,0,0,0,0,0,100,100,0,0,0,0,-3,4,1,1,256,101,45,4,2,2,15
647,tank4_m1a1_89,0,2,532,0,0,0,0,0,0,9590,147,100,100,0,0,100,0,0,0,0,0,0,0,0,0,0,0,0,0,0,0,0,100,100,0,0,0,0,-3,4,1,1,256,101,45,4,2,2,15
648,tank4_m1a1_89,0,2,532,0,0,0,0,0,0,9670,148,100,100,0,0,100,0,0,0,0,0,0,0,0,0,0,0,0,0,0,0,0,100,100,0,0,0,0,-3,4,1,1,256,101,45,4,2,2,15
649,tank4_m1a1_89,0,2,532,0,0,0,0,0,0,9750,149,100,100,0,0,100,0,0,0,0,0,0,0,0,0,0,0,0,0,0,0,0,100,100,0,0,0,0,-3,4,1,1,256,101,45,4,2,2,15
650,tank4_m1a1_89,0,2,532,0,0,0,0,0,0,9830,150,100,100,0,0,100,0,0,0,0,0,0,0,0,0,0,0,0,0,0,0,0,100,100,0,0,0,0,-3,4,1,1,256,101,45,4,2,2,15
651,tank4_m1a1_89,0,2,532,0,0,0,0,0,0,9910,151,100,100,0,0,100,0,0,0,0,0,0,0,0,0,0,0,0,0,0,0,0,100,100,0,0,0,0,-3,4,1,1,256,101,45,4,2,2,15
652,tank4_m1a1_89,0,2,532,0,0,0,0,0,0,9990,152,100,100,0,0,100,0,0,0,0,0,0,0,0,0,0,0,0,0,0,0,0,100,100,0,0,0,0,-3,4,1,1,256,101,45,4,2,2,15
653,tank4_m1a1_89,0,2,532,0,0,0,0,0,0,10070,153,100,100,0,0,100,0,0,0,0,0,0,0,0,0,0,0,0,0,0,0,0,100,100,0,0,0,0,-3,4,1,1,256,101,45,4,2,2,15
654,tank4_m1a1_89,0,2,532,0,0,0,0,0,0,10150,154,100,100,0,0,100,0,0,0,0,0,0,0,0,0,0,0,0,0,0,0,0,100,100,0,0,0,0,-3,4,1,1,256,101,45,4,2,2,15
655,tank4_m1a1_89,0,2,532,0,0,0,0,0,0,10230,155,100,100,0,0,100,0,0,0,0,0,0,0,0,0,0,0,0,0,0,0,0,100,100,0,0,0,0,-3,4,1,1,256,101,45,4,2,2,15
656,tank4_m1a1_89,0,2,532,0,0,0,0,0,0,10310,156,100,100,0,0,100,0,0,0,0,0,0,0,0,0,0,0,0,0,0,0,0,100,100,0,0,0,0,-3,4,1,1,256,101,45,4,2,2,15
657,tank4_m1a1_89,0,2,532,0,0,0,0,0,0,10390,157,100,100,0,0,100,0,0,0,0,0,0,0,0,0,0,0,0,0,0,0,0,100,100,0,0,0,0,-3,4,1,1,256,101,45,4,2,2,15
658,tank4_m1a1_89,0,2,532,0,0,0,0,0,0,10470,158,100,100,0,0,100,0,0,0,0,0,0,0,0,0,0,0,0,0,0,0,0,100,100,0,0,0,0,-3,4,1,1,256,101,45,4,2,2,15
659,tank4_m1a1_89,0,2,532,0,0,0,0,0,0,10550,159,100,100,0,0,100,0,0,0,0,0,0,0,0,0,0,0,0,0,0,0,0,100,100,0,0,0,0,-3,4,1,1,256,101,45,4,2,2,15
660,tank4_m1a1_89,0,2,532,0,0,0,0,0,0,10630,160,100,100,0,0,100,0,0,0,0,0,0,0,0,0,0,0,0,0,0,0,0,100,100,0,0,0,0,-3,4,1,1,256,101,45,4,2,2,15
661,tank4_m1a1_89,0,2,532,0,0,0,0,0,0,10710,161,100,100,0,0,100,0,0,0,0,0,0,0,0,0,0,0,0,0,0,0,0,100,100,0,0,0,0,-3,4,1,1,256,101,45,4,2,2,15
662,tank4_m1a1_89,0,2,532,0,0,0,0,0,0,10790,162,100,100,0,0,100,0,0,0,0,0,0,0,0,0,0,0,0,0,0,0,0,100,100,0,0,0,0,-3,4,1,1,256,101,45,4,2,2,15
663,tank4_m1a1_89,0,2,532,0,0,0,0,0,0,10870,163,100,100,0,0,100,0,0,0,0,0,0,0,0,0,0,0,0,0,0,0,0,100,100,0,0,0,0,-3,4,1,1,256,101,45,4,2,2,15
664,tank4_m1a1_89,0,2,532,0,0,0,0,0,0,10950,164,100,100,0,0,100,0,0,0,0,0,0,0,0,0,0,0,0,0,0,0,0,100,100,0,0,0,0,-3,4,1,1,256,101,45,4,2,2,15
665,tank4_m1a1_89,0,2,532,0,0,0,0,0,0,11030,165,100,100,0,0,100,0,0,0,0,0,0,0,0,0,0,0,0,0,0,0,0,100,100,0,0,0,0,-3,4,1,1,256,101,45,4,2,2,15
666,tank4_m1a1_89,0,2,532,0,0,0,0,0,0,11110,166,100,100,0,0,100,0,0,0,0,0,0,0,0,0,0,0,0,0,0,0,0,100,100,0,0,0,0,-3,4,1,1,256,101,45,4,2,2,15
667,tank4_m1a1_89,0,2,532,0,0,0,0,0,0,11190,167,100,100,0,0,100,0,0,0,0,0,0,0,0,0,0,0,0,0,0,0,0,100,100,0,0,0,0,-3,4,1,1,256,101,45,4,2,2,15
668,tank4_m1a1_89,0,2,532,0,0,0,0,0,0,11270,168,100,100,0,0,100,0,0,0,0,0,0,0,0,0,0,0,0,0,0,0,0,100,100,0,0,0,0,-3,4,1,1,256,101,45,4,2,2,15
669,tank4_m1a1_89,0,2,532,0,0,0,0,0,0,11350,169,100,100,0,0,100,0,0,0,0,0,0,0,0,0,0,0,0,0,0,0,0,100,100,0,0,0,0,-3,4,1,1,256,101,45,4,2,2,15
670,tank4_m1a1_89,0,2,532,0,0,0,0,0,0,11430,170,100,100,0,0,100,0,0,0,0,0,0,0,0,0,0,0,0,0,0,0,0,100,100,0,0,0,0,-3,4,1,1,256,101,45,4,2,2,15
671,tank4_m1a1_89,0,2,532,0,0,0,0,0,0,11510,171,100,100,0,0,100,0,0,0,0,0,0,0,0,0,0,0,0,0,0,0,0,100,100,0,0,0,0,-3,4,1,1,256,101,45,4,2,2,15
672,tank4_m1a1_89,0,2,532,0,0,0,0,0,0,11590,172,100,100,0,0,100,0,0,0,0,0,0,0,0,0,0,0,0,0,0,0,0,100,100,0,0,0,0,-3,4,1,1,256,101,45,4,2,2,15
673,tank4_m1a1_89,0,2,532,0,0,0,0,0,0,11670,173,100,100,0,0,100,0,0,0,0,0,0,0,0,0,0,0,0,0,0,0,0,100,100,0,0,0,0,-3,4,1,1,256,101,45,4,2,2,15
674,tank4_m1a1_89,0,2,532,0,0,0,0,0,0,11750,174,100,100,0,0,100,0,0,0,0,0,0,0,0,0,0,0,0,0,0,0,0,100,100,0,0,0,0,-3,4,1,1,256,101,45,4,2,2,15
675,tank4_m1a1_89,0,2,532,0,0,0,0,0,0,11830,175,100,100,0,0,100,0,0,0,0,0,0,0,0,0,0,0,0,0,0,0,0,100,100,0,0,0,0,-3,4,1,1,256,101,45,4,2,2,15
676,tank4_m1a1_89,0,2,532,0,0,0,0,0,0,11910,176,100,100,0,0,100,0,0,0,0,0,0,0,0,0,0,0,0,0,0,0,0,100,100,0,0,0,0,-3,4,1,1,256,101,45,4,2,2,15
677,tank4_m1a1_89,0,2,532,0,0,0,0,0,0,11990,177,100,100,0,0,100,0,0,0,0,0,0,0,0,0,0,0,0,0,0,0,0,100,100,0,0,0,0,-3,4,1,1,256,101,45,4,2,2,15
678,tank4_m1a1_89,0,2,532,0,0,0,0,0,0,12070,178,100,100,0,0,100,0,0,0,0,0,0,0,0,0,0,0,0,0,0,0,0,100,100,0,0,0,0,-3,4,1,1,256,101,45,4,2,2,15
679,tank4_m1a1_89,0,2,532,0,0,0,0,0,0,12150,179,100,100,0,0,100,0,0,0,0,0,0,0,0,0,0,0,0,0,0,0,0,100,100,0,0,0,0,-3,4,1,1,256,101,45,4,2,2,15
680,tank4_m1a1_89,0,2,532,0,0,0,0,0,0,12150,179,100,100,0,0,100,0,0,0,0,0,0,0,0,0,0,0,0,0,0,0,0,100,100,0,0,0,0,-3,4,1,1,256,101,45,4,2,2,15
681,tank4_m1a1_89,0,2,532,0,0,0,0,0,0,12150,179,100,100,0,0,100,0,0,0,0,0,0,0,0,0,0,0,0,0,0,0,0,100,100,0,0,0,0,-3,4,1,1,256,101,45,4,2,2,15
682,tank4_m1a1_89,0,2,532,0,0,0,0,0,0,12150,179,100,100,0,0,100,0,0,0,0,0,0,0,0,0,0,0,0,0,0,0,0,100,100,0,0,0,0,-3,4,1,1,256,101,45,4,2,2,15
683,tank4_m1a1_89,0,2,532,0,0,0,0,0,0,12150,179,100,100,0,0,100,0,0,0,0,0,0,0,0,0,0,0,0,0,0,0,0,100,100,0,0,0,0,-3,4,1,1,256,101,45,4,2,2,15
684,tank4_m1a1_89,0,2,532,0,0,0,0,0,0,12150,179,100,100,0,0,100,0,0,0,0,0,0,0,0,0,0,0,0,0,0,0,0,100,100,0,0,0,0,-3,4,1,1,256,101,45,4,2,2,15
685,tank4_m1a1_89,0,2,532,0,0,0,0,0,0,12150,179,100,100,0,0,100,0,0,0,0,0,0,0,0,0,0,0,0,0,0,0,0,100,100,0,0,0,0,-3,4,1,1,256,101,45,4,2,2,15
686,tank4_m1a1_89,0,2,532,0,0,0,0,0,0,12150,179,100,100,0,0,100,0,0,0,0,0,0,0,0,0,0,0,0,0,0,0,0,100,100,0,0,0,0,-3,4,1,1,256,101,45,4,2,2,15
687,tank4_m1a1_89,0,2,532,0,0,0,0,0,0,12150,179,100,100,0,0,100,0,0,0,0,0,0,0,0,0,0,0,0,0,0,0,0,100,100,0,0,0,0,-3,4,1,1,256,101,45,4,2,2,15
688,tank4_m1a1_89,0,2,532,0,0,0,0,0,0,12150,179,100,100,0,0,100,0,0,0,0,0,0,0,0,0,0,0,0,0,0,0,0,100,100,0,0,0,0,-3,4,1,1,256,101,45,4,2,2,15
689,tank4_m1a1_89,0,2,532,0,0,0,0,0,0,12150,179,100,100,0,0,100,0,0,0,0,0,0,0,0,0,0,0,0,0,0,0,0,100,100,0,0,0,0,-3,4,1,1,256,101,45,4,2,2,15
690,tank4_m1a1_89,0,2,532,0,0,0,0,0,0,12150,179,100,100,0,0,100,0,0,0,0,0,0,0,0,0,0,0,0,0,0,0,0,100,100,0,0,0,0,-3,4,1,1,256,101,45,4,2,2,15
691,tank4_m1a1_89,0,2,532,0,0,0,0,0,0,12150,179,100,100,0,0,100,0,0,0,0,0,0,0,0,0,0,0,0,0,0,0,0,100,100,0,0,0,0,-3,4,1,1,256,101,45,4,2,2,15
692,tank4_m1a1_89,0,2,532,0,0,0,0,0,0,12150,179,100,100,0,0,100,0,0,0,0,0,0,0,0,0,0,0,0,0,0,0,0,100,100,0,0,0,0,-3,4,1,1,256,101,45,4,2,2,15
693,tank4_m1a1_89,0,2,532,0,0,0,0,0,0,12150,179,100,100,0,0,100,0,0,0,0,0,0,0,0,0,0,0,0,0,0,0,0,100,100,0,0,0,0,-3,4,1,1,256,101,45,4,2,2,15
694,tank4_m1a1_89,0,2,532,0,0,0,0,0,0,12150,179,100,100,0,0,100,0,0,0,0,0,0,0,0,0,0,0,0,0,0,0,0,100,100,0,0,0,0,-3,4,1,1,256,101,45,4,2,2,15
695,tank4_m1a1_89,0,2,532,0,0,0,0,0,0,12150,179,100,100,0,0,100,0,0,0,0,0,0,0,0,0,0,0,0,0,0,0,0,100,100,0,0,0,0,-3,4,1,1,256,101,45,4,2,2,15
696,tank4_m1a1_89,0,2,532,0,0,0,0,0,0,12150,179,100,100,0,0,100,0,0,0,0,0,0,0,0,0,0,0,0,0,0,0,0,100,100,0,0,0,0,-3,4,1,1,256,101,45,4,2,2,15
697,tank4_m1a1_89,0,2,532,0,0,0,0,0,0,12150,179,100,100,0,0,100,0,0,0,0,0,0,0,0,0,0,0,0,0,0,0,0,100,100,0,0,0,0,-3,4,1,1,256,101,45,4,2,2,15
698,tank4_m1a1_89,0,2,532,0,0,0,0,0,0,12150,179,100,100,0,0,100,0,0,0,0,0,0,0,0,0,0,0,0,0,0,0,0,100,100,0,0,0,0,-3,4,1,1,256,101,45,4,2,2,15
699,tank4_m1a1_89,0,2,532,0,0,0,0,0,0,12150,179,100,100,0,0,100,0,0,0,0,0,0,0,0,0,0,0,0,0,0,0,0,100,100,0,0,0,0,-3,4,1,1,256,101,45,4,2,2,15
700,tank4_m1a1_89,0,2,532,0,0,0,0,0,0,12150,179,100,100,0,0,100,0,0,0,0,0,0,0,0,0,0,0,0,0,0,0,0,100,100,0,0,0,0,-3,4,1,1,256,101,45,4,2,2,15
701,tank4_m1a1_89,0,2,532,0,0,0,0,0,0,12150,179,100,100,0,0,100,0,0,0,0,0,0,0,0,0,0,0,0,0,0,0,0,100,100,0,0,0,0,-3,4,1,1,256,101,45,4,2,2,15
702,tank4_m1a1_89,0,2,532,0,0,0,0,0,0,12150,179,100,100,0,0,100,0,0,0,0,0,0,0,0,0,0,0,0,0,0,0,0,100,100,0,0,0,0,-3,4,1,1,256,101,45,4,2,2,15
703,tank4_m1a1_89,0,2,532,0,0,0,0,0,0,12150,179,100,100,0,0,100,0,0,0,0,0,0,0,0,0,0,0,0,0,0,0,0,100,100,0,0,0,0,-3,4,1,1,256,101,45,4,2,2,15
704,tank4_m1a1_89,0,2,532,0,0,0,0,0,0,12150,179,100,100,0,0,100,0,0,0,0,0,0,0,0,0,0,0,0,0,0,0,0,100,100,0,0,0,0,-3,4,1,1,256,101,45,4,2,2,15
705,tank4_m1a1_89,0,2,532,0,0,0,0,0,0,12150,179,100,100,0,0,100,0,0,0,0,0,0,0,0,0,0,0,0,0,0,0,0,100,100,0,0,0,0,-3,4,1,1,256,101,45,4,2,2,15
706,tank4_m1a1_89,0,2,532,0,0,0,0,0,0,12150,179,100,100,0,0,100,0,0,0,0,0,0,0,0,0,0,0,0,0,0,0,0,100,100,0,0,0,0,-3,4,1,1,256,101,45,4,2,2,15
707,tank4_m1a1_89,0,2,532,0,0,0,0,0,0,12150,179,100,100,0,0,100,0,0,0,0,0,0,0,0,0,0,0,0,0,0,0,0,100,100,0,0,0,0,-3,4,1,1,256,101,45,4,2,2,15
708,tank4_m1a1_89,0,2,532,0,0,0,0,0,0,12150,179,100,100,0,0,100,0,0,0,0,0,0,0,0,0,0,0,0,0,0,0,0,100,100,0,0,0,0,-3,4,1,1,256,101,45,4,2,2,15
709,tank4_m1a1_89,0,2,532,0,0,0,0,0,0,12150,179,100,100,0,0,100,0,0,0,0,0,0,0,0,0,0,0,0,0,0,0,0,100,100,0,0,0,0,-3,4,1,1,256,101,45,4,2,2,15
710,tank4_m1a1_89,0,2,532,0,0,0,0,0,0,12150,179,100,100,0,0,100,0,0,0,0,0,0,0,0,0,0,0,0,0,0,0,0,100,100,0,0,0,0,-3,4,1,1,256,101,45,4,2,2,15
711,tank4_m1a1_89,0,2,532,0,0,0,0,0,0,12150,179,100,100,0,0,100,0,0,0,0,0,0,0,0,0,0,0,0,0,0,0,0,100,100,0,0,0,0,-3,4,1,1,256,101,45,4,2,2,15
712,tank4_m1a1_89,0,2,532,0,0,0,0,0,0,12150,179,100,100,0,0,100,0,0,0,0,0,0,0,0,0,0,0,0,0,0,0,0,100,100,0,0,0,0,-3,4,1,1,256,101,45,4,2,2,15
713,tank4_m1a1_89,0,2,532,0,0,0,0,0,0,12150,179,100,100,0,0,100,0,0,0,0,0,0,0,0,0,0,0,0,0,0,0,0,100,100,0,0,0,0,-3,4,1,1,256,101,45,4,2,2,15
714,tank4_m1a1_89,0,2,532,0,0,0,0,0,0,12150,179,100,100,0,0,100,0,0,0,0,0,0,0,0,0,0,0,0,0,0,0,0,100,100,0,0,0,0,-3,4,1,1,256,101,45,4,2,2,15
715,tank4_m1a1_89,0,2,532,0,0,0,0,0,0,12150,179,100,100,0,0,100,0,0,0,0,0,0,0,0,0,0,0,0,0,0,0,0,100,100,0,0,0,0,-3,4,1,1,256,101,45,4,2,2,15
716,tank4_m1a1_89,0,2,532,0,0,0,0,0,0,12150,179,100,100,0,0,100,0,0,0,0,0,0,0,0,0,0,0,0,0,0,0,0,100,100,0,0,0,0,-3,4,1,1,256,101,45,4,2,2,15
717,tank4_m1a1_89,0,2,532,0,0,0,0,0,0,12150,179,100,100,0,0,100,0,0,0,0,0,0,0,0,0,0,0,0,0,0,0,0,100,100,0,0,0,0,-3,4,1,1,256,101,45,4,2,2,15
718,tank4_m1a1_89,0,2,532,0,0,0,0,0,0,12150,179,100,100,0,0,100,0,0,0,0,0,0,0,0,0,0,0,0,0,0,0,0,100,100,0,0,0,0,-3,4,1,1,256,101,45,4,2,2,15
719,tank4_m1a1_89,0,2,532,0,0,0,0,0,0,12150,179,100,100,0,0,100,0,0,0,0,0,0,0,0,0,0,0,0,0,0,0,0,100,100,0,0,0,0,-3,4,1,1,256,101,45,4,2,2,15
720,tank4_m1a1_89,0,2,532,0,0,0,0,0,0,12150,179,100,100,0,0,100,0,0,0,0,0,0,0,0,0,0,0,0,0,0,0,0,100,100,0,0,0,0,-3,4,1,1,256,101,45,4,2,2,15
721,tank4_m1a1_89,0,2,532,0,0,0,0,0,0,12150,179,100,100,0,0,100,0,0,0,0,0,0,0,0,0,0,0,0,0,0,0,0,100,100,0,0,0,0,-3,4,1,1,256,101,45,4,2,2,15
722,tank4_m1a1_89,0,2,532,0,0,0,0,0,0,12150,179,100,100,0,0,100,0,0,0,0,0,0,0,0,0,0,0,0,0,0,0,0,100,100,0,0,0,0,-3,4,1,1,256,101,45,4,2,2,15
723,tank4_m1a1_89,0,2,532,0,0,0,0,0,0,12150,179,100,100,0,0,100,0,0,0,0,0,0,0,0,0,0,0,0,0,0,0,0,100,100,0,0,0,0,-3,4,1,1,256,101,45,4,2,2,15
724,tank4_m1a1_89,0,2,532,0,0,0,0,0,0,12150,179,100,100,0,0,100,0,0,0,0,0,0,0,0,0,0,0,0,0,0,0,0,100,100,0,0,0,0,-3,4,1,1,256,101,45,4,2,2,15
725,tank4_m1a1_89,0,2,532,0,0,0,0,0,0,12150,179,100,100,0,0,100,0,0,0,0,0,0,0,0,0,0,0,0,0,0,0,0,100,100,0,0,0,0,-3,4,1,1,256,101,45,4,2,2,15
726,tank4_m1a1_89,0,2,532,0,0,0,0,0,0,12150,179,100,100,0,0,100,0,0,0,0,0,0,0,0,0,0,0,0,0,0,0,0,100,100,0,0,0,0,-3,4,1,1,256,101,45,4,2,2,15
727,tank4_m1a1_89,0,2,532,0,0,0,0,0,0,12150,179,100,100,0,0,100,0,0,0,0,0,0,0,0,0,0,0,0,0,0,0,0,100,100,0,0,0,0,-3,4,1,1,256,101,45,4,2,2,15
728,tank4_m1a1_89,0,2,532,0,0,0,0,0,0,12150,179,100,100,0,0,100,0,0,0,0,0,0,0,0,0,0,0,0,0,0,0,0,100,100,0,0,0,0,-3,4,1,1,256,101,45,4,2,2,15
729,tank4_m1a1_89,0,2,532,0,0,0,0,0,0,12150,179,100,100,0,0,100,0,0,0,0,0,0,0,0,0,0,0,0,0,0,0,0,100,100,0,0,0,0,-3,4,1,1,256,101,45,4,2,2,15
730,tank4_m1a1_89,0,2,532,0,0,0,0,0,0,12150,179,100,100,0,0,100,0,0,0,0,0,0,0,0,0,0,0,0,0,0,0,0,100,100,0,0,0,0,-3,4,1,1,256,101,45,4,2,2,15
731,tank4_m1a1_89,0,2,532,0,0,0,0,0,0,12150,179,100,100,0,0,100,0,0,0,0,0,0,0,0,0,0,0,0,0,0,0,0,100,100,0,0,0,0,-3,4,1,1,256,101,45,4,2,2,15
732,tank4_m1a1_89,0,2,532,0,0,0,0,0,0,12150,179,100,100,0,0,100,0,0,0,0,0,0,0,0,0,0,0,0,0,0,0,0,100,100,0,0,0,0,-3,4,1,1,256,101,45,4,2,2,15
733,tank4_m1a1_89,0,2,532,0,0,0,0,0,0,12150,179,100,100,0,0,100,0,0,0,0,0,0,0,0,0,0,0,0,0,0,0,0,100,100,0,0,0,0,-3,4,1,1,256,101,45,4,2,2,15
734,tank4_m1a1_89,0,2,532,0,0,0,0,0,0,12150,179,100,100,0,0,100,0,0,0,0,0,0,0,0,0,0,0,0,0,0,0,0,100,100,0,0,0,0,-3,4,1,1,256,101,45,4,2,2,15
735,tank4_m1a1_89,0,2,532,0,0,0,0,0,0,12150,179,100,100,0,0,100,0,0,0,0,0,0,0,0,0,0,0,0,0,0,0,0,100,100,0,0,0,0,-3,4,1,1,256,101,45,4,2,2,15
736,tank4_m1a1_89,0,2,532,0,0,0,0,0,0,12150,179,100,100,0,0,100,0,0,0,0,0,0,0,0,0,0,0,0,0,0,0,0,100,100,0,0,0,0,-3,4,1,1,256,101,45,4,2,2,15
737,tank4_m1a1_89,0,2,532,0,0,0,0,0,0,12150,179,100,100,0,0,100,0,0,0,0,0,0,0,0,0,0,0,0,0,0,0,0,100,100,0,0,0,0,-3,4,1,1,256,101,45,4,2,2,15
738,tank4_m1a1_89,0,2,532,0,0,0,0,0,0,12150,179,100,100,0,0,100,0,0,0,0,0,0,0,0,0,0,0,0,0,0,0,0,100,100,0,0,0,0,-3,4,1,1,256,101,45,4,2,2,15
739,tank4_m1a1_89,0,2,532,0,0,0,0,0,0,12150,179,100,100,0,0,100,0,0,0,0,0,0,0,0,0,0,0,0,0,0,0,0,100,100,0,0,0,0,-3,4,1,1,256,101,45,4,2,2,15
740,tank4_m1a1_89,0,2,532,0,0,0,0,0,0,12150,179,100,100,0,0,100,0,0,0,0,0,0,0,0,0,0,0,0,0,0,0,0,100,100,0,0,0,0,-3,4,1,1,256,101,45,4,2,2,15
741,tank4_m1a1_89,0,2,532,0,0,0,0,0,0,12150,179,100,100,0,0,100,0,0,0,0,0,0,0,0,0,0,0,0,0,0,0,0,100,100,0,0,0,0,-3,4,1,1,256,101,45,4,2,2,15
742,tank4_m1a1_89,0,2,532,0,0,0,0,0,0,12150,179,100,100,0,0,100,0,0,0,0,0,0,0,0,0,0,0,0,0,0,0,0,100,100,0,0,0,0,-3,4,1,1,256,101,45,4,2,2,15
743,tank4_m1a1_89,0,2,532,0,0,0,0,0,0,12150,0,100,100,0,0,100,0,0,0,0,0,0,0,0,0,0,0,0,0,0,0,0,100,100,0,0,0,0,-3,4,1,1,256,101,45,4,2,2,15
744,tank4_m1a1_89,0,2,532,0,0,0,0,0,0,12150,0,100,100,0,0,100,0,0,0,0,0,0,0,0,0,0,0,0,0,0,0,0,100,100,0,0,0,0,-3,4,1,1,256,101,45,4,2,2,15
745,tank4_m1a1_89,0,2,532,0,0,0,0,0,0,12150,0,100,100,0,0,100,0,0,0,0,0,0,0,0,0,0,0,0,0,0,0,0,100,100,0,0,0,0,-3,4,1,1,256,101,45,4,2,2,15
746,tank4_m1a1_89,0,2,532,0,0,0,0,0,0,12150,0,100,100,0,0,100,0,0,0,0,0,0,0,0,0,0,0,0,0,0,0,0,100,100,0,0,0,0,-3,4,1,1,256,101,45,4,2,2,15
747,tank4_m1a1_89,0,2,532,0,0,0,0,0,0,12150,0,100,100,0,0,100,0,0,0,0,0,0,0,0,0,0,0,0,0,0,0,0,100,100,0,0,0,0,-3,4,1,1,256,101,45,4,2,2,15
748,tank4_m1a1_89,0,2,532,0,0,0,0,0,0,12150,0,100,100,0,0,100,0,0,0,0,0,0,0,0,0,0,0,0,0,0,0,0,100,100,0,0,0,0,-3,4,1,1,256,101,45,4,2,2,15
749,tank4_m1a1_89,0,2,532,0,0,0,0,0,0,12150,0,100,100,0,0,100,0,0,0,0,0,0,0,0,0,0,0,0,0,0,0,0,100,100,0,0,0,0,-3,4,1,1,256,101,45,4,2,2,15
750,tank4_m1a1_89,0,2,532,0,0,0,0,0,0,12150,0,100,100,0,0,100,0,0,0,0,0,0,0,0,0,0,0,0,0,0,0,0,100,100,0,0,0,0,-3,4,1,1,256,101,45,4,2,2,15
751,tank4_m1a1_89,0,2,532,0,0,0,0,0,0,12150,0,100,100,0,0,100,0,0,0,0,0,0,0,0,0,0,0,0,0,0,0,0,100,100,0,0,0,0,-3,4,1,1,256,101,45,4,2,2,15
752,tank4_m1a1_89,0,2,532,0,0,0,0,0,0,12150,0,100,100,0,0,100,0,0,0,0,0,0,0,0,0,0,0,0,0,0,0,0,100,100,0,0,0,0,-3,4,1,1,256,101,45,4,2,2,15
753,tank4_m1a1_89,0,2,532,0,0,0,0,0,0,12150,0,100,100,0,0,100,0,0,0,0,0,0,0,0,0,0,0,0,0,0,0,0,100,100,0,0,0,0,-3,4,1,1,256,101,45,4,2,2,15
754,tank4_m1a1_89,0,2,532,0,0,0,0,0,0,12150,0,100,100,0,0,100,0,0,0,0,0,0,0,0,0,0,0,0,0,0,0,0,100,100,0,0,0,0,-3,4,1,1,256,101,45,4,2,2,15
755,tank4_m1a1_89,0,2,532,0,0,0,0,0,0,12150,0,100,100,0,0,100,0,0,0,0,0,0,0,0,0,0,0,0,0,0,0,0,100,100,0,0,0,0,-3,4,1,1,256,101,45,4,2,2,15
756,tank4_m1a1_89,0,2,532,0,0,0,0,0,0,12150,0,100,100,0,0,100,0,0,0,0,0,0,0,0,0,0,0,0,0,0,0,0,100,100,0,0,0,0,-3,4,1,1,256,101,45,4,2,2,15
757,tank4_m1a1_89,0,2,532,0,0,0,0,0,0,12150,0,100,100,0,0,100,0,0,0,0,0,0,0,0,0,0,0,0,0,0,0,0,100,100,0,0,0,0,-3,4,1,1,256,101,45,4,2,2,15
758,tank4_m1a1_89,0,2,532,0,0,0,0,0,0,12150,0,100,100,0,0,100,0,0,0,0,0,0,0,0,0,0,0,0,0,0,0,0,100,100,0,0,0,0,-3,4,1,1,256,101,45,4,2,2,15
759,tank4_m1a1_89,0,2,532,0,0,0,0,0,0,12150,0,100,100,0,0,100,0,0,0,0,0,0,0,0,0,0,0,0,0,0,0,0,100,100,0,0,0,0,-3,4,1,1,256,101,45,4,2,2,15
760,tank4_m1a1_89,0,2,532,0,0,0,0,0,0,12150,0,100,100,0,0,100,0,0,0,0,0,0,0,0,0,0,0,0,0,0,0,0,100,100,0,0,0,0,-3,4,1,1,256,101,45,4,2,2,15
761,tank4_m1a1_89,0,2,532,0,0,0,0,0,0,12150,0,100,100,0,0,100,0,0,0,0,0,0,0,0,0,0,0,0,0,0,0,0,100,100,0,0,0,0,-3,4,1,1,256,101,45,4,2,2,15
762,tank4_m1a1_89,0,2,532,0,0,0,0,0,0,12150,0,100,100,0,0,100,0,0,0,0,0,0,0,0,0,0,0,0,0,0,0,0,100,100,0,0,0,0,-3,4,1,1,256,101,45,4,2,2,15
763,tank4_m1a1_89,0,2,532,0,0,0,0,0,0,12150,0,100,100,0,0,100,0,0,0,0,0,0,0,0,0,0,0,0,0,0,0,0,100,100,0,0,0,0,-3,4,1,1,256,101,45,4,2,2,15
764,tank4_m1a1_89,0,2,532,0,0,0,0,0,0,12150,0,100,100,0,0,100,0,0,0,0,0,0,0,0,0,0,0,0,0,0,0,0,100,100,0,0,0,0,-3,4,1,1,256,101,45,4,2,2,15
765,tank4_m1a1_89,0,2,532,0,0,0,0,0,0,12150,0,100,100,0,0,100,0,0,0,0,0,0,0,0,0,0,0,0,0,0,0,0,100,100,0,0,0,0,-3,4,1,1,256,101,45,4,2,2,15
766,tank4_m1a1_89,0,2,532,0,0,0,0,0,0,12150,0,100,100,0,0,100,0,0,0,0,0,0,0,0,0,0,0,0,0,0,0,0,100,100,0,0,0,0,-3,4,1,1,256,101,45,4,2,2,15
767,tank4_m1a1_89,0,2,532,0,0,0,0,0,0,12150,0,100,100,0,0,100,0,0,0,0,0,0,0,0,0,0,0,0,0,0,0,0,100,100,0,0,0,0,-3,4,1,1,256,101,45,4,2,2,15
768,tank4_m1a1_89,0,2,532,0,0,0,0,0,0,12150,0,100,100,0,0,100,0,0,0,0,0,0,0,0,0,0,0,0,0,0,0,0,100,100,0,0,0,0,-3,4,1,1,256,101,45,4,2,2,15
769,tank4_m1a1_89,0,2,532,0,0,0,0,0,0,12150,0,100,100,0,0,100,0,0,0,0,0,0,0,0,0,0,0,0,0,0,0,0,100,100,0,0,0,0,-3,4,1,1,256,101,45,4,2,2,15
770,tank4_m1a1_89,0,2,532,0,0,0,0,0,0,12150,0,100,100,0,0,100,0,0,0,0,0,0,0,0,0,0,0,0,0,0,0,0,100,100,0,0,0,0,-3,4,1,1,256,101,45,4,2,2,15
771,tank4_m1a1_89,0,2,532,0,0,0,0,0,0,12150,0,100,100,0,0,100,0,0,0,0,0,0,0,0,0,0,0,0,0,0,0,0,100,100,0,0,0,0,-3,4,1,1,256,101,45,4,2,2,15
772,tank4_m1a1_89,0,2,532,0,0,0,0,0,0,12150,0,100,100,0,0,100,0,0,0,0,0,0,0,0,0,0,0,0,0,0,0,0,100,100,0,0,0,0,-3,4,1,1,256,101,45,4,2,2,15
773,tank4_m1a1_89,0,2,532,0,0,0,0,0,0,12150,0,100,100,0,0,100,0,0,0,0,0,0,0,0,0,0,0,0,0,0,0,0,100,100,0,0,0,0,-3,4,1,1,256,101,45,4,2,2,15
774,tank4_m1a1_89,0,2,532,0,0,0,0,0,0,12150,0,100,100,0,0,100,0,0,0,0,0,0,0,0,0,0,0,0,0,0,0,0,100,100,0,0,0,0,-3,4,1,1,256,101,45,4,2,2,15
775,tank4_m1a1_89,0,2,532,0,0,0,0,0,0,12150,0,100,100,0,0,100,0,0,0,0,0,0,0,0,0,0,0,0,0,0,0,0,100,100,0,0,0,0,-3,4,1,1,256,101,45,4,2,2,15
776,tank4_m1a1_89,0,2,532,0,0,0,0,0,0,12150,0,100,100,0,0,100,0,0,0,0,0,0,0,0,0,0,0,0,0,0,0,0,100,100,0,0,0,0,-3,4,1,1,256,101,45,4,2,2,15
777,tank4_m1a1_89,0,2,532,0,0,0,0,0,0,12150,0,100,100,0,0,100,0,0,0,0,0,0,0,0,0,0,0,0,0,0,0,0,100,100,0,0,0,0,-3,4,1,1,256,101,45,4,2,2,15
778,tank4_m1a1_89,0,2,532,0,0,0,0,0,0,12150,0,100,100,0,0,100,0,0,0,0,0,0,0,0,0,0,0,0,0,0,0,0,100,100,0,0,0,0,-3,4,1,1,256,101,45,4,2,2,15
779,tank4_m1a1_89,0,2,532,0,0,0,0,0,0,12150,0,100,100,0,0,100,0,0,0,0,0,0,0,0,0,0,0,0,0,0,0,0,100,100,0,0,0,0,-3,4,1,1,256,101,45,4,2,2,15
780,tank4_m1a1_89,0,2,532,0,0,0,0,0,0,12150,0,100,100,0,0,100,0,0,0,0,0,0,0,0,0,0,0,0,0,0,0,0,100,100,0,0,0,0,-3,4,1,1,256,101,45,4,2,2,15
781,tank4_m1a1_89,0,2,532,0,0,0,0,0,0,12150,0,100,100,0,0,100,0,0,0,0,0,0,0,0,0,0,0,0,0,0,0,0,100,100,0,0,0,0,-3,4,1,1,256,101,45,4,2,2,15
782,tank4_m1a1_89,0,2,532,0,0,0,0,0,0,12150,0,100,100,0,0,100,0,0,0,0,0,0,0,0,0,0,0,0,0,0,0,0,100,100,0,0,0,0,-3,4,1,1,256,101,45,4,2,2,15
783,tank4_m1a1_89,0,2,532,0,0,0,0,0,0,12150,0,100,100,0,0,100,0,0,0,0,0,0,0,0,0,0,0,0,0,0,0,0,100,100,0,0,0,0,-3,4,1,1,256,101,45,4,2,2,15
784,tank4_m1a1_89,0,2,532,0,0,0,0,0,0,12150,0,100,100,0,0,100,0,0,0,0,0,0,0,0,0,0,0,0,0,0,0,0,100,100,0,0,0,0,-3,4,1,1,256,101,45,4,2,2,15
785,tank4_m1a1_89,0,2,532,0,0,0,0,0,0,12150,0,100,100,0,0,100,0,0,0,0,0,0,0,0,0,0,0,0,0,0,0,0,100,100,0,0,0,0,-3,4,1,1,256,101,45,4,2,2,15
786,tank4_m1a1_89,0,2,532,0,0,0,0,0,0,12150,0,100,100,0,0,100,0,0,0,0,0,0,0,0,0,0,0,0,0,0,0,0,100,100,0,0,0,0,-3,4,1,1,256,101,45,4,2,2,15
787,tank4_m1a1_89,0,2,532,0,0,0,0,0,0,12150,0,100,100,0,0,100,0,0,0,0,0,0,0,0,0,0,0,0,0,0,0,0,100,100,0,0,0,0,-3,4,1,1,256,101,45,4,2,2,15
788,tank4_m1a1_89,0,2,532,0,0,0,0,0,0,12150,0,100,100,0,0,100,0,0,0,0,0,0,0,0,0,0,0,0,0,0,0,0,100,100,0,0,0,0,-3,4,1,1,256,101,45,4,2,2,15
789,tank4_m1a1_89,0,2,532,0,0,0,0,0,0,12150,0,100,100,0,0,100,0,0,0,0,0,0,0,0,0,0,0,0,0,0,0,0,100,100,0,0,0,0,-3,4,1,1,256,101,45,4,2,2,15
790,tank4_m1a1_89,0,2,532,0,0,0,0,0,0,12150,0,100,100,0,0,100,0,0,0,0,0,0,0,0,0,0,0,0,0,0,0,0,100,100,0,0,0,0,-3,4,1,1,256,101,45,4,2,2,15
791,tank4_m1a1_89,0,2,532,0,0,0,0,0,0,12150,0,100,100,0,0,100,0,0,0,0,0,0,0,0,0,0,0,0,0,0,0,0,100,100,0,0,0,0,-3,4,1,1,256,101,45,4,2,2,15
792,tank4_m1a1_89,0,2,532,0,0,0,0,0,0,12150,0,100,100,0,0,100,0,0,0,0,0,0,0,0,0,0,0,0,0,0,0,0,100,100,0,0,0,0,-3,4,1,1,256,101,45,4,2,2,15
793,tank4_m1a1_89,0,2,532,0,0,0,0,0,0,12150,0,100,100,0,0,100,0,0,0,0,0,0,0,0,0,0,0,0,0,0,0,0,100,100,0,0,0,0,-3,4,1,1,256,101,45,4,2,2,15
794,tank4_m1a1_89,0,2,532,0,0,0,0,0,0,12150,0,100,100,0,0,100,0,0,0,0,0,0,0,0,0,0,0,0,0,0,0,0,100,100,0,0,0,0,-3,4,1,1,256,101,45,4,2,2,15
795,tank4_m1a1_89,0,2,532,0,0,0,0,0,0,12150,0,100,100,0,0,100,0,0,0,0,0,0,0,0,0,0,0,0,0,0,0,0,100,100,0,0,0,0,-3,4,1,1,256,101,45,4,2,2,15
796,tank4_m1a1_89,0,2,532,0,0,0,0,0,0,12150,0,100,100,0,0,100,0,0,0,0,0,0,0,0,0,0,0,0,0,0,0,0,100,100,0,0,0,0,-3,4,1,1,256,101,45,4,2,2,15
797,tank4_m1a1_89,0,2,532,0,0,0,0,0,0,12150,0,100,100,0,0,100,0,0,0,0,0,0,0,0,0,0,0,0,0,0,0,0,100,100,0,0,0,0,-3,4,1,1,256,101,45,4,2,2,15
798,tank4_m1a1_89,0,2,532,0,0,0,0,0,0,12150,0,100,100,0,0,100,0,0,0,0,0,0,0,0,0,0,0,0,0,0,0,0,100,100,0,0,0,0,-3,4,1,1,256,101,45,4,2,2,15
799,tank4_m1a1_89,0,2,532,0,0,0,0,0,0,12150,0,100,100,0,0,100,0,0,0,0,0,0,0,0,0,0,0,0,0,0,0,0,100,100,0,0,0,0,-3,4,1,1,256,101,45,4,2,2,15
800,tank4_m1a1_89,0,2,532,0,0,0,0,0,0,12150,0,100,100,0,0,100,0,0,0,0,0,0,0,0,0,0,0,0,0,0,0,0,100,100,0,0,0,0,-3,4,1,1,256,101,45,4,2,2,15
801,tank4_m1a1_89,0,2,532,0,0,0,0,0,0,12150,0,100,100,0,0,100,0,0,0,0,0,0,0,0,0,0,0,0,0,0,0,0,100,100,0,0,0,0,-3,4,1,1,256,101,45,4,2,2,15
802,tank4_m1a1_89,0,2,532,0,0,0,0,0,0,12150,0,100,100,0,0,100,0,0,0,0,0,0,0,0,0,0,0,0,0,0,0,0,100,100,0,0,0,0,-3,4,1,1,256,101,45,4,2,2,15
803,tank4_m1a1_89,0,2,532,0,0,0,0,0,0,12150,0,100,100,0,0,100,0,0,0,0,0,0,0,0,0,0,0,0,0,0,0,0,100,100,0,0,0,0,-3,4,1,1,256,101,45,4,2,2,15
804,tank4_m1a1_89,0,2,532,0,0,0,0,0,0,12150,0,100,100,0,0,100,0,0,0,0,0,0,0,0,0,0,0,0,0,0,0,0,100,100,0,0,0,0,-3,4,1,1,256,101,45,4,2,2,15
805,tank4_m1a1_89,0,2,532,0,0,0,0,0,0,12150,0,100,100,0,0,100,0,0,0,0,0,0,0,0,0,0,0,0,0,0,0,0,100,100,0,0,0,0,-3,4,1,1,256,101,45,4,2,2,15
806,tank4_m1a1_89,0,2,532,0,0,0,0,0,0,12150,0,100,100,0,0,100,0,0,0,0,0,0,0,0,0,0,0,0,0,0,0,0,100,100,0,0,0,0,-3,4,1,1,256,101,45,4,2,2,15
807,tank4_m1a1_89,0,2,532,0,0,0,0,0,0,12150,0,100,100,0,0,100,0,0,0,0,0,0,0,0,0,0,0,0,0,0,0,0,100,100,0,0,0,0,-3,4,1,1,256,101,45,4,2,2,15
808,tank4_m1a1_89,0,2,532,0,0,0,0,0,0,12150,0,100,100,0,0,100,0,0,0,0,0,0,0,0,0,0,0,0,0,0,0,0,100,100,0,0,0,0,-3,4,1,1,256,101,45,4,2,2,15
809,tank4_m1a1_89,0,2,532,0,0,0,0,0,0,12150,0,100,100,0,0,100,0,0,0,0,0,0,0,0,0,0,0,0,0,0,0,0,100,100,0,0,0,0,-3,4,1,1,256,101,45,4,2,2,15
810,tank4_m1a1_89,0,2,532,0,0,0,0,0,0,12150,0,100,100,0,0,100,0,0,0,0,0,0,0,0,0,0,0,0,0,0,0,0,100,100,0,0,0,0,-3,4,1,1,256,101,45,4,2,2,15
811,tank4_m1a1_89,0,2,532,0,0,0,0,0,0,12150,0,100,100,0,0,100,0,0,0,0,0,0,0,0,0,0,0,0,0,0,0,0,100,100,0,0,0,0,-3,4,1,1,256,101,45,4,2,2,15
812,tank4_m1a1_89,0,2,532,0,0,0,0,0,0,12150,0,100,100,0,0,100,0,0,0,0,0,0,0,0,0,0,0,0,0,0,0,0,100,100,0,0,0,0,-3,4,1,1,256,101,45,4,2,2,15
813,tank4_m1a1_89,0,2,532,0,0,0,0,0,0,12150,0,100,100,0,0,100,0,0,0,0,0,0,0,0,0,0,0,0,0,0,0,0,100,100,0,0,0,0,-3,4,1,1,256,101,45,4,2,2,15
814,tank4_m1a1_89,0,2,532,0,0,0,0,0,0,12150,0,100,100,0,0,100,0,0,0,0,0,0,0,0,0,0,0,0,0,0,0,0,100,100,0,0,0,0,-3,4,1,1,256,101,45,4,2,2,15
815,tank4_m1a1_89,0,2,532,0,0,0,0,0,0,12150,0,100,100,0,0,100,0,0,0,0,0,0,0,0,0,0,0,0,0,0,0,0,100,100,0,0,0,0,-3,4,1,1,256,101,45,4,2,2,15
816,tank4_m1a1_89,0,2,532,0,0,0,0,0,0,12150,0,100,100,0,0,100,0,0,0,0,0,0,0,0,0,0,0,0,0,0,0,0,100,100,0,0,0,0,-3,4,1,1,256,101,45,4,2,2,15
817,tank4_m1a1_89,0,2,532,0,0,0,0,0,0,12150,0,100,100,0,0,100,0,0,0,0,0,0,0,0,0,0,0,0,0,0,0,0,100,100,0,0,0,0,-3,4,1,1,256,101,45,4,2,2,15
818,tank4_m1a1_89,0,2,532,0,0,0,0,0,0,12150,0,100,100,0,0,100,0,0,0,0,0,0,0,0,0,0,0,0,0,0,0,0,100,100,0,0,0,0,-3,4,1,1,256,101,45,4,2,2,15
819,tank4_m1a1_89,0,2,532,0,0,0,0,0,0,12150,0,100,100,0,0,100,0,0,0,0,0,0,0,0,0,0,0,0,0,0,0,0,100,100,0,0,0,0,-3,4,1,1,256,101,45,4,2,2,15
820,tank4_m1a1_89,0,2,532,0,0,0,0,0,0,12150,0,100,100,0,0,100,0,0,0,0,0,0,0,0,0,0,0,0,0,0,0,0,100,100,0,0,0,0,-3,4,1,1,256,101,45,4,2,2,15
821,tank4_m1a1_89,0,2,532,0,0,0,0,0,0,12150,0,100,100,0,0,100,0,0,0,0,0,0,0,0,0,0,0,0,0,0,0,0,100,100,0,0,0,0,-3,4,1,1,256,101,45,4,2,2,15
822,tank4_m1a1_89,0,2,532,0,0,0,0,0,0,12150,0,100,100,0,0,100,0,0,0,0,0,0,0,0,0,0,0,0,0,0,0,0,100,100,0,0,0,0,-3,4,1,1,256,101,45,4,2,2,15
823,tank4_m1a1_89,0,2,532,0,0,0,0,0,0,12150,0,100,100,0,0,100,0,0,0,0,0,0,0,0,0,0,0,0,0,0,0,0,100,100,0,0,0,0,-3,4,1,1,256,101,45,4,2,2,15
824,tank4_m1a1_89,0,2,532,0,0,0,0,0,0,12150,0,100,100,0,0,100,0,0,0,0,0,0,0,0,0,0,0,0,0,0,0,0,100,100,0,0,0,0,-3,4,1,1,256,101,45,4,2,2,15
825,tank4_m1a1_89,0,2,532,0,0,0,0,0,0,12150,0,100,100,0,0,100,0,0,0,0,0,0,0,0,0,0,0,0,0,0,0,0,100,100,0,0,0,0,-3,4,1,1,256,101,45,4,2,2,15
826,tank4_m1a1_89,0,2,532,0,0,0,0,0,0,12150,0,100,100,0,0,100,0,0,0,0,0,0,0,0,0,0,0,0,0,0,0,0,100,100,0,0,0,0,-3,4,1,1,256,101,45,4,2,2,15
827,tank4_m1a1_89,0,2,532,0,0,0,0,0,0,12150,0,100,100,0,0,100,0,0,0,0,0,0,0,0,0,0,0,0,0,0,0,0,100,100,0,0,0,0,-3,4,1,1,256,101,45,4,2,2,15
828,tank4_m1a1_89,0,2,532,0,0,0,0,0,0,12150,0,100,100,0,0,100,0,0,0,0,0,0,0,0,0,0,0,0,0,0,0,0,100,100,0,0,0,0,-3,4,1,1,256,101,45,4,2,2,15
829,tank4_m1a1_89,0,2,532,0,0,0,0,0,0,12150,0,100,100,0,0,100,0,0,0,0,0,0,0,0,0,0,0,0,0,0,0,0,100,100,0,0,0,0,-3,4,1,1,256,101,45,4,2,2,15
830,tank4_m1a1_89,0,2,532,0,0,0,0,0,0,12150,0,100,100,0,0,100,0,0,0,0,0,0,0,0,0,0,0,0,0,0,0,0,100,100,0,0,0,0,-3,4,1,1,256,101,45,4,2,2,15
831,tank4_m1a1_89,0,2,532,0,0,0,0,0,0,12150,0,100,100,0,0,100,0,0,0,0,0,0,0,0,0,0,0,0,0,0,0,0,100,100,0,0,0,0,-3,4,1,1,256,101,45,4,2,2,15
832,tank4_m1a1_89,0,2,532,0,0,0,0,0,0,12150,0,100,100,0,0,100,0,0,0,0,0,0,0,0,0,0,0,0,0,0,0,0,100,100,0,0,0,0,-3,4,1,1,256,101,45,4,2,2,15
833,tank4_m1a1_89,0,2,532,0,0,0,0,0,0,12150,0,100,100,0,0,100,0,0,0,0,0,0,0,0,0,0,0,0,0,0,0,0,100,100,0,0,0,0,-3,4,1,1,256,101,45,4,2,2,15
834,tank4_m1a1_89,0,2,532,0,0,0,0,0,0,12150,0,100,100,0,0,100,0,0,0,0,0,0,0,0,0,0,0,0,0,0,0,0,100,100,0,0,0,0,-3,4,1,1,256,101,45,4,2,2,15
835,tank4_m1a1_89,0,2,532,0,0,0,0,0,0,12150,0,100,100,0,0,100,0,0,0,0,0,0,0,0,0,0,0,0,0,0,0,0,100,100,0,0,0,0,-3,4,1,1,256,101,45,4,2,2,15
836,tank4_m1a1_89,0,2,532,0,0,0,0,0,0,12150,0,100,100,0,0,100,0,0,0,0,0,0,0,0,0,0,0,0,0,0,0,0,100,100,0,0,0,0,-3,4,1,1,256,101,45,4,2,2,15
837,tank4_m1a1_89,0,2,532,0,0,0,0,0,0,12150,0,100,100,0,0,100,0,0,0,0,0,0,0,0,0,0,0,0,0,0,0,0,100,100,0,0,0,0,-3,4,1,1,256,101,45,4,2,2,15
838,tank4_m1a1_89,0,2,532,0,0,0,0,0,0,12150,0,100,100,0,0,100,0,0,0,0,0,0,0,0,0,0,0,0,0,0,0,0,100,100,0,0,0,0,-3,4,1,1,256,101,45,4,2,2,15
839,tank4_m1a1_89,0,2,532,0,0,0,0,0,0,12150,0,100,100,0,0,100,0,0,0,0,0,0,0,0,0,0,0,0,0,0,0,0,100,100,0,0,0,0,-3,4,1,1,256,101,45,4,2,2,15
840,tank4_m1a1_89,0,2,532,0,0,0,0,0,0,12150,0,100,100,0,0,100,0,0,0,0,0,0,0,0,0,0,0,0,0,0,0,0,100,100,0,0,0,0,-3,4,1,1,256,101,45,4,2,2,15
841,tank4_m1a1_89,0,2,532,0,0,0,0,0,0,12150,0,100,100,0,0,100,0,0,0,0,0,0,0,0,0,0,0,0,0,0,0,0,100,100,0,0,0,0,-3,4,1,1,256,101,45,4,2,2,15
842,tank4_m1a1_89,0,2,532,0,0,0,0,0,0,12150,0,100,100,0,0,100,0,0,0,0,0,0,0,0,0,0,0,0,0,0,0,0,100,100,0,0,0,0,-3,4,1,1,256,101,45,4,2,2,15
843,tank4_m1a1_89,0,2,532,0,0,0,0,0,0,12150,0,100,100,0,0,100,0,0,0,0,0,0,0,0,0,0,0,0,0,0,0,0,100,100,0,0,0,0,-3,4,1,1,256,101,45,4,2,2,15
844,tank4_m1a1_89,0,2,532,0,0,0,0,0,0,12150,0,100,100,0,0,100,0,0,0,0,0,0,0,0,0,0,0,0,0,0,0,0,100,100,0,0,0,0,-3,4,1,1,256,101,45,4,2,2,15
845,tank4_m1a1_89,0,2,532,0,0,0,0,0,0,12150,0,100,100,0,0,100,0,0,0,0,0,0,0,0,0,0,0,0,0,0,0,0,100,100,0,0,0,0,-3,4,1,1,256,101,45,4,2,2,15
846,tank4_m1a1_89,0,2,532,0,0,0,0,0,0,12150,0,100,100,0,0,100,0,0,0,0,0,0,0,0,0,0,0,0,0,0,0,0,100,100,0,0,0,0,-3,4,1,1,256,101,45,4,2,2,15
847,tank4_m1a1_89,0,2,532,0,0,0,0,0,0,12150,0,100,100,0,0,100,0,0,0,0,0,0,0,0,0,0,0,0,0,0,0,0,100,100,0,0,0,0,-3,4,1,1,256,101,45,4,2,2,15
848,tank4_m1a1_89,0,2,532,0,0,0,0,0,0,12150,0,100,100,0,0,100,0,0,0,0,0,0,0,0,0,0,0,0,0,0,0,0,100,100,0,0,0,0,-3,4,1,1,256,101,45,4,2,2,15
849,tank4_m1a1_89,0,2,532,0,0,0,0,0,0,12150,0,100,100,0,0,100,0,0,0,0,0,0,0,0,0,0,0,0,0,0,0,0,100,100,0,0,0,0,-3,4,1,1,256,101,45,4,2,2,15
850,tank4_m1a1_89,0,2,532,0,0,0,0,0,0,12150,0,100,100,0,0,100,0,0,0,0,0,0,0,0,0,0,0,0,0,0,0,0,100,100,0,0,0,0,-3,4,1,1,256,101,45,4,2,2,15
851,tank4_m1a1_89,0,2,532,0,0,0,0,0,0,12150,0,100,100,0,0,100,0,0,0,0,0,0,0,0,0,0,0,0,0,0,0,0,100,100,0,0,0,0,-3,4,1,1,256,101,45,4,2,2,15
852,tank4_m1a1_89,0,2,532,0,0,0,0,0,0,12150,0,100,100,0,0,100,0,0,0,0,0,0,0,0,0,0,0,0,0,0,0,0,100,100,0,0,0,0,-3,4,1,1,256,101,45,4,2,2,15
853,tank4_m1a1_89,0,2,532,0,0,0,0,0,0,12150,0,100,100,0,0,100,0,0,0,0,0,0,0,0,0,0,0,0,0,0,0,0,100,100,0,0,0,0,-3,4,1,1,256,101,45,4,2,2,15
854,tank4_m1a1_89,0,2,532,0,0,0,0,0,0,12150,0,100,100,0,0,100,0,0,0,0,0,0,0,0,0,0,0,0,0,0,0,0,100,100,0,0,0,0,-3,4,1,1,256,101,45,4,2,2,15
855,tank4_m1a1_89,0,2,532,0,0,0,0,0,0,12150,0,100,100,0,0,100,0,0,0,0,0,0,0,0,0,0,0,0,0,0,0,0,100,100,0,0,0,0,-3,4,1,1,256,101,45,4,2,2,15
856,tank4_m1a1_89,0,2,532,0,0,0,0,0,0,12150,0,100,100,0,0,100,0,0,0,0,0,0,0,0,0,0,0,0,0,0,0,0,100,100,0,0,0,0,-3,4,1,1,256,101,45,4,2,2,15
857,tank4_m1a1_89,0,2,532,0,0,0,0,0,0,12150,0,100,100,0,0,100,0,0,0,0,0,0,0,0,0,0,0,0,0,0,0,0,100,100,0,0,0,0,-3,4,1,1,256,101,45,4,2,2,15
858,tank4_m1a1_89,0,2,532,0,0,0,0,0,0,12150,0,100,100,0,0,100,0,0,0,0,0,0,0,0,0,0,0,0,0,0,0,0,100,100,0,0,0,0,-3,4,1,1,256,101,45,4,2,2,15
859,tank4_m1a1_89,0,2,532,0,0,0,0,0,0,12150,0,100,100,0,0,100,0,0,0,0,0,0,0,0,0,0,0,0,0,0,0,0,100,100,0,0,0,0,-3,4,1,1,256,101,45,4,2,2,15
860,tank4_m1a1_89,0,2,532,0,0,0,0,0,0,12150,0,100,100,0,0,100,0,0,0,0,0,0,0,0,0,0,0,0,0,0,0,0,100,100,0,0,0,0,-3,4,1,1,256,101,45,4,2,2,15
861,tank4_m1a1_89,0,2,532,0,0,0,0,0,0,12150,0,100,100,0,0,100,0,0,0,0,0,0,0,0,0,0,0,0,0,0,0,0,100,100,0,0,0,0,-3,4,1,1,256,101,45,4,2,2,15
862,tank4_m1a1_89,0,2,532,0,0,0,0,0,0,12150,0,100,100,0,0,100,0,0,0,0,0,0,0,0,0,0,0,0,0,0,0,0,100,100,0,0,0,0,-3,4,1,1,256,101,45,4,2,2,15
863,tank4_m1a1_89,0,2,532,0,0,0,0,0,0,12150,0,100,100,0,0,100,0,0,0,0,0,0,0,0,0,0,0,0,0,0,0,0,100,100,0,0,0,0,-3,4,1,1,256,101,45,4,2,2,15
864,tank4_m1a1_89,0,2,532,0,0,0,0,0,0,12150,0,100,100,0,0,100,0,0,0,0,0,0,0,0,0,0,0,0,0,0,0,0,100,100,0,0,0,0,-3,4,1,1,256,101,45,4,2,2,15
865,tank4_m1a1_89,0,2,532,0,0,0,0,0,0,12150,0,100,100,0,0,100,0,0,0,0,0,0,0,0,0,0,0,0,0,0,0,0,100,100,0,0,0,0,-3,4,1,1,256,101,45,4,2,2,15
866,tank4_m1a1_89,0,2,532,0,0,0,0,0,0,12150,0,100,100,0,0,100,0,0,0,0,0,0,0,0,0,0,0,0,0,0,0,0,100,100,0,0,0,0,-3,4,1,1,256,101,45,4,2,2,15
867,tank4_m1a1_89,0,2,532,0,0,0,0,0,0,12150,0,100,100,0,0,100,0,0,0,0,0,0,0,0,0,0,0,0,0,0,0,0,100,100,0,0,0,0,-3,4,1,1,256,101,45,4,2,2,15
868,tank4_m1a1_89,0,2,532,0,0,0,0,0,0,12150,0,100,100,0,0,100,0,0,0,0,0,0,0,0,0,0,0,0,0,0,0,0,100,100,0,0,0,0,-3,4,1,1,256,101,45,4,2,2,15
869,tank4_m1a1_89,0,2,532,0,0,0,0,0,0,12150,0,100,100,0,0,100,0,0,0,0,0,0,0,0,0,0,0,0,0,0,0,0,100,100,0,0,0,0,-3,4,1,1,256,101,45,4,2,2,15
870,tank4_m1a1_89,0,2,532,0,0,0,0,0,0,12150,0,100,100,0,0,100,0,0,0,0,0,0,0,0,0,0,0,0,0,0,0,0,100,100,0,0,0,0,-3,4,1,1,256,101,45,4,2,2,15
871,tank4_m1a1_89,0,2,532,0,0,0,0,0,0,12150,0,100,100,0,0,100,0,0,0,0,0,0,0,0,0,0,0,0,0,0,0,0,100,100,0,0,0,0,-3,4,1,1,256,101,45,4,2,2,15
872,tank4_m1a1_89,0,2,532,0,0,0,0,0,0,12150,0,100,100,0,0,100,0,0,0,0,0,0,0,0,0,0,0,0,0,0,0,0,100,100,0,0,0,0,-3,4,1,1,256,101,45,4,2,2,15
873,tank4_m1a1_89,0,2,532,0,0,0,0,0,0,12150,0,100,100,0,0,100,0,0,0,0,0,0,0,0,0,0,0,0,0,0,0,0,100,100,0,0,0,0,-3,4,1,1,256,101,45,4,2,2,15
874,tank4_m1a1_89,0,2,532,0,0,0,0,0,0,12150,0,100,100,0,0,100,0,0,0,0,0,0,0,0,0,0,0,0,0,0,0,0,100,100,0,0,0,0,-3,4,1,1,256,101,45,4,2,2,15
875,tank4_m1a1_89,0,2,532,0,0,0,0,0,0,12150,0,100,100,0,0,100,0,0,0,0,0,0,0,0,0,0,0,0,0,0,0,0,100,100,0,0,0,0,-3,4,1,1,256,101,45,4,2,2,15
876,tank4_m1a1_89,0,2,532,0,0,0,0,0,0,12150,0,100,100,0,0,100,0,0,0,0,0,0,0,0,0,0,0,0,0,0,0,0,100,100,0,0,0,0,-3,4,1,1,256,101,45,4,2,2,15
877,tank4_m1a1_89,0,2,532,0,0,0,0,0,0,12150,0,100,100,0,0,100,0,0,0,0,0,0,0,0,0,0,0,0,0,0,0,0,100,100,0,0,0,0,-3,4,1,1,256,101,45,4,2,2,15
878,tank4_m1a1_89,0,2,532,0,0,0,0,0,0,12150,0,100,100,0,0,100,0,0,0,0,0,0,0,0,0,0,0,0,0,0,0,0,100,100,0,0,0,0,-3,4,1,1,256,101,45,4,2,2,15
879,tank4_m1a1_89,0,2,532,0,0,0,0,0,0,12150,0,100,100,0,0,100,0,0,0,0,0,0,0,0,0,0,0,0,0,0,0,0,100,100,0,0,0,0,-3,4,1,1,256,101,45,4,2,2,15
880,tank4_m1a1_89,0,2,532,0,0,0,0,0,0,12150,0,100,100,0,0,100,0,0,0,0,0,0,0,0,0,0,0,0,0,0,0,0,100,100,0,0,0,0,-3,4,1,1,256,101,45,4,2,2,15
881,tank4_m1a1_89,0,2,532,0,0,0,0,0,0,12150,0,100,100,0,0,100,0,0,0,0,0,0,0,0,0,0,0,0,0,0,0,0,100,100,0,0,0,0,-3,4,1,1,256,101,45,4,2,2,15
882,tank4_m1a1_89,0,2,532,0,0,0,0,0,0,12150,0,100,100,0,0,100,0,0,0,0,0,0,0,0,0,0,0,0,0,0,0,0,100,100,0,0,0,0,-3,4,1,1,256,101,45,4,2,2,15
883,tank4_m1a1_89,0,2,532,0,0,0,0,0,0,12150,0,100,100,0,0,100,0,0,0,0,0,0,0,0,0,0,0,0,0,0,0,0,100,100,0,0,0,0,-3,4,1,1,256,101,45,4,2,2,15
884,tank4_m1a1_89,0,2,532,0,0,0,0,0,0,12150,0,100,100,0,0,100,0,0,0,0,0,0,0,0,0,0,0,0,0,0,0,0,100,100,0,0,0,0,-3,4,1,1,256,101,45,4,2,2,15
885,tank4_m1a1_89,0,2,532,0,0,0,0,0,0,12150,0,100,100,0,0,100,0,0,0,0,0,0,0,0,0,0,0,0,0,0,0,0,100,100,0,0,0,0,-3,4,1,1,256,101,45,4,2,2,15
886,tank4_m1a1_89,0,2,532,0,0,0,0,0,0,12150,0,100,100,0,0,100,0,0,0,0,0,0,0,0,0,0,0,0,0,0,0,0,100,100,0,0,0,0,-3,4,1,1,256,101,45,4,2,2,15
887,tank4_m1a1_89,0,2,532,0,0,0,0,0,0,12150,0,100,100,0,0,100,0,0,0,0,0,0,0,0,0,0,0,0,0,0,0,0,100,100,0,0,0,0,-3,4,1,1,256,101,45,4,2,2,15
888,tank4_m1a1_89,0,2,532,0,0,0,0,0,0,12150,0,100,100,0,0,100,0,0,0,0,0,0,0,0,0,0,0,0,0,0,0,0,100,100,0,0,0,0,-3,4,1,1,256,101,45,4,2,2,15
889,tank4_m1a1_89,0,2,532,0,0,0,0,0,0,12150,0,100,100,0,0,100,0,0,0,0,0,0,0,0,0,0,0,0,0,0,0,0,100,100,0,0,0,0,-3,4,1,1,256,101,45,4,2,2,15
890,tank4_m1a1_89,0,2,532,0,0,0,0,0,0,12150,0,100,100,0,0,100,0,0,0,0,0,0,0,0,0,0,0,0,0,0,0,0,100,100,0,0,0,0,-3,4,1,1,256,101,45,4,2,2,15
891,tank4_m1a1_89,0,2,532,0,0,0,0,0,0,12150,0,100,100,0,0,100,0,0,0,0,0,0,0,0,0,0,0,0,0,0,0,0,100,100,0,0,0,0,-3,4,1,1,256,101,45,4,2,2,15
892,tank4_m1a1_89,0,2,532,0,0,0,0,0,0,12150,0,100,100,0,0,100,0,0,0,0,0,0,0,0,0,0,0,0,0,0,0,0,100,100,0,0,0,0,-3,4,1,1,256,101,45,4,2,2,15
893,tank4_m1a1_89,0,2,532,0,0,0,0,0,0,12150,0,100,100,0,0,100,0,0,0,0,0,0,0,0,0,0,0,0,0,0,0,0,100,100,0,0,0,0,-3,4,1,1,256,101,45,4,2,2,15
894,tank4_m1a1_89,0,2,532,0,0,0,0,0,0,12150,0,100,100,0,0,100,0,0,0,0,0,0,0,0,0,0,0,0,0,0,0,0,100,100,0,0,0,0,-3,4,1,1,256,101,45,4,2,2,15
895,tank4_m1a1_89,0,2,532,0,0,0,0,0,0,12150,0,100,100,0,0,100,0,0,0,0,0,0,0,0,0,0,0,0,0,0,0,0,100,100,0,0,0,0,-3,4,1,1,256,101,45,4,2,2,15
896,tank4_m1a1_89,0,2,532,0,0,0,0,0,0,12150,0,100,100,0,0,100,0,0,0,0,0,0,0,0,0,0,0,0,0,0,0,0,100,100,0,0,0,0,-3,4,1,1,256,101,45,4,2,2,15
897,tank4_m1a1_89,0,2,532,0,0,0,0,0,0,12150,0,100,100,0,0,100,0,0,0,0,0,0,0,0,0,0,0,0,0,0,0,0,100,100,0,0,0,0,-3,4,1,1,256,101,45,4,2,2,15
898,tank4_m1a1_89,0,2,532,0,0,0,0,0,0,12150,0,100,100,0,0,100,0,0,0,0,0,0,0,0,0,0,0,0,0,0,0,0,100,100,0,0,0,0,-3,4,1,1,256,101,45,4,2,2,15
899,tank4_m1a1_89,0,2,532,0,0,0,0,0,0,12150,0,100,100,0,0,100,0,0,0,0,0,0,0,0,0,0,0,0,0,0,0,0,100,100,0,0,0,0,-3,4,1,1,256,101,45,4,2,2,15
