tick,name,pos_x,pos_y,pos_z,vel_x,vel_y,vel_z,yaw,grounded,fx_count,kudos,combo,nitro,riskboost,takedowns,skill_driver,crashbreaker,airspeed,air_lift,rotor_rpm,rotor_lift,fuel,cannon,missiles,lock,cargo,av_lock,threat,engine_dead,ctrl_loss,mission_score,medal,wing_score,shield,laser,heat,tank_left,tank_right,turret_yaw,turret_elev,tank_ammo,tank_fired,tank_pen,tank_effective,tank_spall,crew_shock,crew_alive,module_last,platoon_order,platoon_score
0,tank4_scout_89,0,2,0,0,0,0,0,0,0,0,0,50,0,0,0,0,0,0,0,0,0,0,0,0,0,0,0,0,0,0,0,0,100,100,0,0,0,0,0,0,0,0,0,0,0,4,-1,0,0
1,tank4_scout_89,0,2,0,0,0,1,0,0,0,0,0,50,0,0,0,0,0,0,0,0,0,0,0,0,0,0,0,0,0,0,0,0,100,100,0,0,0,0,0,0,0,0,0,0,0,4,-1,0,0
2,tank4_scout_89,0,2,1,0,0,2,0,0,0,0,0,50,0,0,0,0,0,0,0,0,0,0,0,0,0,0,0,0,0,0,0,0,100,100,0,0,0,0,0,0,0,0,0,0,0,4,-1,0,0
3,tank4_scout_89,0,2,2,0,0,3,0,0,0,0,0,50,0,0,0,0,0,0,0,0,0,0,0,0,0,0,0,0,0,0,0,0,100,100,0,0,0,0,0,0,0,0,0,0,0,4,-1,0,0
4,tank4_scout_89,0,2,3,0,0,4,0,0,0,0,0,50,0,0,0,0,0,0,0,0,0,0,0,0,0,0,0,0,0,0,0,0,100,100,0,0,0,0,0,0,0,0,0,0,0,4,-1,0,0
5,tank4_scout_89,0,2,4,0,0,5,0,0,0,0,0,51,0,0,0,0,0,0,0,0,0,0,0,0,0,0,0,0,0,0,0,0,100,100,0,0,0,0,0,0,0,0,0,0,0,4,-1,0,0
6,tank4_scout_89,0,2,6,0,0,5,0,0,0,0,0,51,0,0,0,0,0,0,0,0,0,0,0,0,0,0,0,0,0,0,0,0,100,100,0,0,0,0,0,0,0,0,0,0,0,4,-1,0,0
7,tank4_scout_89,0,2,8,0,0,6,0,0,0,0,0,51,0,0,0,0,0,0,0,0,0,0,0,0,0,0,0,0,0,0,0,0,100,100,0,0,0,0,0,0,0,0,0,0,0,4,-1,0,0
8,tank4_scout_89,0,2,10,0,0,7,0,0,0,0,0,51,0,0,0,0,0,0,0,0,0,0,0,0,0,0,0,0,0,0,0,0,100,100,0,0,0,0,0,0,0,0,0,0,0,4,-1,0,0
9,tank4_scout_89,0,2,12,0,0,7,0,0,0,0,0,51,0,0,0,0,0,0,0,0,0,0,0,0,0,0,0,0,0,0,0,0,100,100,0,0,0,0,0,0,0,0,0,0,0,4,-1,0,0
10,tank4_scout_89,0,2,14,0,0,8,0,0,0,0,0,52,0,0,0,0,0,0,0,0,0,0,0,0,0,0,0,0,0,0,0,0,100,100,0,0,0,0,0,0,0,0,0,0,0,4,-1,0,0
11,tank4_scout_89,0,2,16,0,0,8,0,0,0,0,0,52,0,0,0,0,0,0,0,0,0,0,0,0,0,0,0,0,0,0,0,0,100,100,0,0,0,0,0,0,0,0,0,0,0,4,-1,0,0
12,tank4_scout_89,0,2,19,0,0,9,0,0,0,0,0,52,0,0,0,0,0,0,0,0,0,0,0,0,0,0,0,0,0,0,0,0,100,100,0,0,0,0,0,0,0,0,0,0,0,4,-1,0,0
13,tank4_scout_89,0,2,21,0,0,9,0,0,0,0,0,52,0,0,0,0,0,0,0,0,0,0,0,0,0,0,0,0,0,0,0,0,100,100,0,0,0,0,0,0,0,0,0,0,0,4,-1,0,0
14,tank4_scout_89,0,2,24,0,0,10,0,0,0,0,0,52,0,0,0,0,0,0,0,0,0,0,0,0,0,0,0,0,0,0,0,0,100,100,0,0,0,0,0,0,0,0,0,0,0,4,-1,0,0
15,tank4_scout_89,0,2,27,0,0,10,0,0,0,0,0,53,0,0,0,0,0,0,0,0,0,0,0,0,0,0,0,0,0,0,0,0,100,100,0,0,0,0,0,0,0,0,0,0,0,4,-1,0,0
16,tank4_scout_89,0,2,30,0,0,10,0,0,0,0,0,53,0,0,0,0,0,0,0,0,0,0,0,0,0,0,0,0,0,0,0,0,100,100,0,0,0,0,0,0,0,0,0,0,0,4,-1,0,0
17,tank4_scout_89,0,2,33,0,0,11,0,0,0,0,0,53,0,0,0,0,0,0,0,0,0,0,0,0,0,0,0,0,0,0,0,0,100,100,0,0,0,0,0,0,0,0,0,0,0,4,-1,0,0
18,tank4_scout_89,0,2,36,0,0,11,0,0,0,0,0,53,0,0,0,0,0,0,0,0,0,0,0,0,0,0,0,0,0,0,0,0,100,100,0,0,0,0,0,0,0,0,0,0,0,4,-1,0,0
19,tank4_scout_89,0,2,39,0,0,11,0,0,0,0,0,53,0,0,0,0,0,0,0,0,0,0,0,0,0,0,0,0,0,0,0,0,100,100,0,0,0,0,0,0,0,0,0,0,0,4,-1,0,0
20,tank4_scout_89,0,2,42,0,0,12,0,0,0,0,0,53,0,0,0,0,0,0,0,0,0,0,0,0,0,0,0,0,0,0,0,0,100,100,0,0,0,0,0,3,0,0,0,0,0,4,-1,0,0
21,tank4_scout_89,0,2,45,0,0,12,0,0,0,0,0,54,0,0,0,0,0,0,0,0,0,0,0,0,0,0,0,0,0,0,0,0,100,100,0,0,0,0,0,3,0,0,0,0,0,4,-1,0,0
22,tank4_scout_89,0,2,49,0,0,12,0,0,0,5,1,54,0,0,0,0,0,0,0,0,0,0,0,0,0,0,0,0,0,0,0,0,100,100,0,0,0,0,0,3,0,0,0,0,0,4,-1,0,0
23,tank4_scout_89,0,2,52,0,0,12,0,0,0,10,2,54,0,0,0,0,0,0,0,0,0,0,0,0,0,0,0,0,0,0,0,0,100,100,0,0,0,0,0,3,0,0,0,0,0,4,-1,0,0
24,tank4_scout_89,0,2,56,0,0,13,0,0,0,15,3,54,0,0,0,0,0,0,0,0,0,0,0,0,0,0,0,0,0,0,0,0,100,100,0,0,0,0,0,3,0,0,0,0,0,4,-1,0,0
25,tank4_scout_89,0,2,59,0,0,13,0,0,0,20,4,54,1,0,0,0,0,0,0,0,0,0,0,0,0,0,0,0,0,0,0,0,100,100,0,0,0,0,0,3,0,0,0,0,0,4,-1,0,0
26,tank4_scout_89,0,2,63,0,0,13,0,0,0,25,5,55,1,0,0,0,0,0,0,0,0,0,0,0,0,0,0,0,0,0,0,0,100,100,0,0,0,0,0,3,0,0,0,0,0,4,-1,0,0
27,tank4_scout_89,0,2,66,0,0,13,0,0,0,30,6,55,1,0,0,0,0,0,0,0,0,0,0,0,0,0,0,0,0,0,0,0,100,100,0,0,0,0,0,3,0,0,0,0,0,4,-1,0,0
28,tank4_scout_89,0,2,70,0,0,13,0,0,0,35,7,55,2,0,0,0,0,0,0,0,0,0,0,0,0,0,0,0,0,0,0,0,100,100,0,0,0,0,0,3,0,0,0,0,0,4,-1,0,0
29,tank4_scout_89,0,2,74,0,0,13,0,0,0,45,8,55,2,0,0,0,0,0,0,0,0,0,0,0,0,0,0,0,0,0,0,0,100,100,0,0,0,0,0,3,0,0,0,0,0,4,-1,0,0
30,tank4_scout_89,0,2,77,0,0,14,0,0,0,55,9,55,3,0,0,0,0,0,0,0,0,0,0,0,0,0,0,0,0,0,0,0,100,100,0,0,0,0,0,3,0,0,0,0,0,4,-1,0,0
31,tank4_scout_89,0,2,81,0,0,14,0,0,0,65,10,56,3,0,0,0,0,0,0,0,0,0,0,0,0,0,0,0,0,0,0,0,100,100,0,0,0,0,0,3,0,0,0,0,0,4,-1,0,0
32,tank4_scout_89,0,2,85,0,0,14,0,0,0,75,11,56,3,0,0,0,0,0,0,0,0,0,0,0,0,0,0,0,0,0,0,0,100,100,0,0,0,0,0,3,0,0,0,0,0,4,-1,0,0
33,tank4_scout_89,0,2,89,0,0,14,0,0,0,85,12,56,4,0,0,0,0,0,0,0,0,0,0,0,0,0,0,0,0,0,0,0,100,100,0,0,0,0,0,3,0,0,0,0,0,4,-1,0,0
34,tank4_scout_89,0,2,93,0,0,14,0,0,0,95,13,56,4,0,0,0,0,0,0,0,0,0,0,0,0,0,0,0,0,0,0,0,100,100,0,0,0,0,0,3,0,0,0,0,0,4,-1,0,0
35,tank4_scout_89,0,2,97,0,0,14,0,0,0,105,14,56,4,0,0,0,0,0,0,0,0,0,0,0,0,0,0,0,0,0,0,0,100,100,0,0,0,0,0,3,0,0,0,0,0,4,-1,0,0
36,tank4_scout_89,0,2,101,0,0,14,0,0,0,115,15,56,5,0,0,0,0,0,0,0,0,0,0,0,0,0,0,0,0,0,0,0,100,100,0,0,0,0,0,3,0,0,0,0,0,4,-1,0,0
37,tank4_scout_89,0,2,105,0,0,14,0,0,0,130,16,57,5,0,0,0,0,0,0,0,0,0,0,0,0,0,0,0,0,0,0,0,100,100,0,0,0,0,0,3,0,0,0,0,0,4,-1,0,0
38,tank4_scout_89,0,2,109,0,0,14,0,0,0,145,17,57,6,0,0,0,0,0,0,0,0,0,0,0,0,0,0,0,0,0,0,0,100,100,0,0,0,0,0,3,0,0,0,0,0,4,-1,0,0
39,tank4_scout_89,0,2,113,0,0,15,0,0,0,160,18,57,6,0,0,0,0,0,0,0,0,0,0,0,0,0,0,0,0,0,0,0,100,100,0,0,0,0,0,3,0,0,0,0,0,4,-1,0,0
40,tank4_scout_89,0,2,117,0,0,15,0,0,0,175,19,57,6,0,0,0,0,0,0,0,0,0,0,0,0,0,0,0,0,0,0,0,100,100,0,0,0,0,0,3,0,0,0,0,0,4,-1,1,0
41,tank4_scout_89,0,2,121,0,0,15,0,0,0,190,20,57,7,0,0,0,0,0,0,0,0,0,0,0,0,0,0,0,0,0,0,0,100,100,0,0,0,0,0,3,0,0,0,0,0,4,-1,1,0
42,tank4_scout_89,0,2,125,0,0,15,0,0,0,205,21,58,7,0,0,0,0,0,0,0,0,0,0,0,0,0,0,0,0,0,0,0,100,100,0,0,0,0,0,3,0,0,0,0,0,4,-1,1,0
43,tank4_scout_89,0,2,129,0,0,15,0,0,0,220,22,58,7,0,0,0,0,0,0,0,0,0,0,0,0,0,0,0,0,0,0,0,100,100,0,0,0,0,0,3,0,0,0,0,0,4,-1,1,0
44,tank4_scout_89,0,2,133,0,0,15,0,0,0,235,23,58,8,0,0,0,0,0,0,0,0,0,0,0,0,0,0,0,0,0,0,0,100,100,0,0,0,0,0,3,0,0,0,0,0,4,-1,1,0
45,tank4_scout_89,0,2,137,0,0,15,0,0,0,255,24,58,8,0,0,0,0,0,0,0,0,0,0,0,0,0,0,0,0,0,0,0,100,100,0,0,0,0,0,3,0,0,0,0,0,4,-1,1,0
46,tank4_scout_89,0,2,141,0,0,15,0,0,0,275,25,58,9,0,0,0,0,0,0,0,0,0,0,0,0,0,0,0,0,0,0,0,100,100,0,0,0,0,0,3,0,0,0,0,0,4,-1,1,0
47,tank4_scout_89,0,2,145,0,0,15,0,0,0,295,26,59,9,0,0,0,0,0,0,0,0,0,0,0,0,0,0,0,0,0,0,0,100,100,0,0,0,0,0,3,0,0,0,0,0,4,-1,1,0
48,tank4_scout_89,0,2,150,0,0,15,0,0,0,315,27,59,9,0,0,0,0,0,0,0,0,0,0,0,0,0,0,0,0,0,0,0,100,100,0,0,0,0,0,3,0,0,0,0,0,4,-1,1,0
49,tank4_scout_89,0,2,154,0,0,15,0,0,0,335,28,59,10,0,0,0,0,0,0,0,0,0,0,0,0,0,0,0,0,0,0,0,100,100,0,0,0,0,0,3,0,0,0,0,0,4,-1,1,0
50,tank4_scout_89,0,2,158,0,0,15,0,0,0,355,29,59,10,0,0,0,0,0,0,0,0,0,0,0,0,0,0,0,0,0,0,0,100,100,0,0,0,0,0,3,0,0,0,0,0,4,-1,1,0
51,tank4_scout_89,0,2,162,0,0,15,0,0,0,375,30,59,10,0,0,0,0,0,0,0,0,0,0,0,0,0,0,0,0,0,0,0,100,100,0,0,0,0,0,3,0,0,0,0,0,4,-1,1,0
52,tank4_scout_89,0,2,166,0,0,15,0,0,0,395,31,59,11,0,0,0,0,0,0,0,0,0,0,0,0,0,0,0,0,0,0,0,100,100,0,0,0,0,0,3,0,0,0,0,0,4,-1,1,0
53,tank4_scout_89,0,2,171,0,0,15,0,0,0,420,32,60,11,0,0,0,0,0,0,0,0,0,0,0,0,0,0,0,0,0,0,0,100,100,0,0,0,0,0,3,0,0,0,0,0,4,-1,1,0
54,tank4_scout_89,0,2,175,0,0,15,0,0,0,445,33,60,12,0,0,0,0,0,0,0,0,0,0,0,0,0,0,0,0,0,0,0,100,100,0,0,0,0,0,3,0,0,0,0,0,4,-1,1,0
55,tank4_scout_89,0,2,179,0,0,15,0,0,0,470,34,60,12,0,0,0,0,0,0,0,0,0,0,0,0,0,0,0,0,0,0,0,100,100,0,0,0,0,0,3,0,0,0,0,0,4,-1,1,0
56,tank4_scout_89,0,2,183,0,0,15,0,0,0,495,35,60,12,0,0,0,0,0,0,0,0,0,0,0,0,0,0,0,0,0,0,0,100,100,0,0,0,0,0,3,0,0,0,0,0,4,-1,1,0
57,tank4_scout_89,0,2,187,0,0,15,0,0,0,520,36,60,13,0,0,0,0,0,0,0,0,0,0,0,0,0,0,0,0,0,0,0,100,100,0,0,0,0,0,3,0,0,0,0,0,4,-1,1,0
58,tank4_scout_89,0,2,192,0,0,15,0,0,0,545,37,61,13,0,0,0,0,0,0,0,0,0,0,0,0,0,0,0,0,0,0,0,100,100,0,0,0,0,0,3,0,0,0,0,0,4,-1,1,0
59,tank4_scout_89,0,2,196,0,0,15,0,0,0,570,38,61,13,0,0,0,0,0,0,0,0,0,0,0,0,0,0,0,0,0,0,0,100,100,0,0,0,0,0,3,0,0,0,0,0,4,-1,1,0
60,tank4_scout_89,0,2,200,0,0,15,0,0,0,595,39,61,14,0,0,0,0,0,0,0,0,0,0,0,0,0,0,0,0,0,0,0,100,100,0,0,0,0,0,3,0,0,0,0,0,4,-1,1,0
61,tank4_scout_89,0,2,205,0,0,16,0,0,0,625,40,61,14,0,0,0,0,0,0,0,0,0,0,0,0,0,0,0,0,0,0,0,100,100,0,0,0,0,0,3,0,0,0,0,0,4,-1,1,0
62,tank4_scout_89,0,2,209,0,0,16,0,0,0,655,41,61,15,0,0,0,0,0,0,0,0,0,0,0,0,0,0,0,0,0,0,0,100,100,0,0,0,0,0,3,0,0,0,0,0,4,-1,1,0
63,tank4_scout_89,0,2,213,0,0,16,0,0,0,685,42,62,15,0,0,0,0,0,0,0,0,0,0,0,0,0,0,0,0,0,0,0,100,100,0,0,0,0,0,3,0,0,0,0,0,4,-1,1,0
64,tank4_scout_89,0,2,217,0,0,16,0,0,0,715,43,62,15,0,0,0,0,0,0,0,0,0,0,0,0,0,0,0,0,0,0,0,100,100,0,0,0,0,0,3,0,0,0,0,0,4,-1,1,0
65,tank4_scout_89,0,2,222,0,0,16,0,0,0,745,44,62,16,0,0,0,0,0,0,0,0,0,0,0,0,0,0,0,0,0,0,0,100,100,0,0,0,0,0,3,0,0,0,0,0,4,-1,1,0
66,tank4_scout_89,0,2,226,0,0,16,0,0,0,775,45,62,16,0,0,0,0,0,0,0,0,0,0,0,0,0,0,0,0,0,0,0,100,100,0,0,0,0,0,3,0,0,0,0,0,4,-1,1,0
67,tank4_scout_89,0,2,230,0,0,16,0,0,0,805,46,62,16,0,0,0,0,0,0,0,0,0,0,0,0,0,0,0,0,0,0,0,100,100,0,0,0,0,0,3,0,0,0,0,0,4,-1,1,0
68,tank4_scout_89,0,2,235,0,0,16,0,0,0,835,47,62,17,0,0,0,0,0,0,0,0,0,0,0,0,0,0,0,0,0,0,0,100,100,0,0,0,0,0,3,0,0,0,0,0,4,-1,1,0
69,tank4_scout_89,0,2,239,0,0,16,0,0,0,870,48,63,17,0,0,0,0,0,0,0,0,0,0,0,0,0,0,0,0,0,0,0,100,100,0,0,0,0,0,3,0,0,0,0,0,4,-1,1,0
70,tank4_scout_89,0,2,243,0,0,16,0,0,2,905,49,63,18,0,0,0,0,0,0,0,0,0,0,0,0,0,0,0,0,0,0,0,100,100,0,0,0,0,0,3,1,0,130,0,21,4,-1,1,1
71,tank4_scout_89,0,2,247,0,0,16,0,0,0,940,50,63,18,0,0,0,0,0,0,0,0,0,0,0,0,0,0,0,0,0,0,0,100,100,0,0,0,0,-2,3,0,0,130,0,21,4,-1,1,1
72,tank4_scout_89,0,2,252,0,0,16,0,0,0,975,51,63,18,0,0,0,0,0,0,0,0,0,0,0,0,0,0,0,0,0,0,0,100,100,0,0,0,0,-3,3,0,0,130,0,21,4,-1,1,1
73,tank4_scout_89,0,2,256,0,0,16,0,0,0,1010,52,63,19,0,0,0,0,0,0,0,0,0,0,0,0,0,0,0,0,0,0,0,100,100,0,0,0,0,-3,3,0,0,130,0,21,4,-1,1,1
74,tank4_scout_89,0,2,260,0,0,16,0,0,0,1045,53,64,19,0,0,0,0,0,0,0,0,0,0,0,0,0,0,0,0,0,0,0,100,100,0,0,0,0,-3,3,0,0,130,0,21,4,-1,1,1
75,tank4_scout_89,0,2,265,0,0,16,0,0,0,1080,54,64,19,0,0,0,0,0,0,0,0,0,0,0,0,0,0,0,0,0,0,0,100,100,0,0,0,0,-3,3,0,0,130,0,21,4,-1,1,1
76,tank4_scout_89,0,2,269,0,0,16,0,0,0,1115,55,64,20,0,0,0,0,0,0,0,0,0,0,0,0,0,0,0,0,0,0,0,100,100,0,0,0,0,-3,3,0,0,130,0,21,4,-1,1,1
77,tank4_scout_89,0,2,273,0,0,16,0,0,0,1155,56,64,20,0,0,0,0,0,0,0,0,0,0,0,0,0,0,0,0,0,0,0,100,100,0,0,0,0,-3,3,0,0,130,0,21,4,-1,1,1
78,tank4_scout_89,0,2,277,0,0,16,0,0,0,1195,57,64,21,0,0,0,0,0,0,0,0,0,0,0,0,0,0,0,0,0,0,0,100,100,0,0,0,0,-3,3,0,0,130,0,21,4,-1,1,1
79,tank4_scout_89,0,2,282,0,0,16,0,0,0,1235,58,65,21,0,0,0,0,0,0,0,0,0,0,0,0,0,0,0,0,0,0,0,100,100,0,0,0,0,-3,3,0,0,130,0,21,4,-1,1,1
80,tank4_scout_89,0,2,286,0,0,16,0,0,0,1275,59,65,21,0,0,0,0,0,0,0,0,0,0,0,0,0,0,0,0,0,0,0,100,100,0,0,0,0,-3,3,0,0,130,0,21,4,-1,1,1
81,tank4_scout_89,0,2,290,0,0,16,0,0,0,1315,60,65,22,0,0,0,0,0,0,0,0,0,0,0,0,0,0,0,0,0,0,0,100,100,0,0,0,0,-3,3,0,0,130,0,21,4,-1,1,1
82,tank4_scout_89,0,2,295,0,0,16,0,0,0,1355,61,65,22,0,0,0,0,0,0,0,0,0,0,0,0,0,0,0,0,0,0,0,100,100,0,0,0,0,-3,3,0,0,130,0,21,4,-1,1,1
83,tank4_scout_89,0,2,299,0,0,16,0,0,0,1395,62,65,22,0,0,0,0,0,0,0,0,0,0,0,0,0,0,0,0,0,0,0,100,100,0,0,0,0,-3,3,0,0,130,0,21,4,-1,1,1
84,tank4_scout_89,0,2,303,0,0,16,0,0,0,1435,63,65,23,0,0,0,0,0,0,0,0,0,0,0,0,0,0,0,0,0,0,0,100,100,0,0,0,0,-3,3,0,0,130,0,21,4,-1,1,1
85,tank4_scout_89,0,2,308,0,0,16,0,0,0,1475,64,66,23,0,0,0,0,0,0,0,0,0,0,0,0,0,0,0,0,0,0,0,100,100,0,0,0,0,-3,3,0,0,130,0,21,4,-1,1,1
86,tank4_scout_89,0,2,312,0,0,16,0,0,0,1515,65,66,24,0,0,0,0,0,0,0,0,0,0,0,0,0,0,0,0,0,0,0,100,100,0,0,0,0,-3,3,0,0,130,0,21,4,-1,1,1
87,tank4_scout_89,0,2,316,0,0,16,0,0,0,1555,66,66,24,0,0,0,0,0,0,0,0,0,0,0,0,0,0,0,0,0,0,0,100,100,0,0,0,0,-3,3,0,0,130,0,21,4,-1,1,1
88,tank4_scout_89,0,2,321,0,0,16,0,0,0,1595,67,66,24,0,0,0,0,0,0,0,0,0,0,0,0,0,0,0,0,0,0,0,100,100,0,0,0,0,-3,3,0,0,130,0,21,4,-1,1,1
89,tank4_scout_89,0,2,325,0,0,16,0,0,0,1635,68,66,25,0,0,0,0,0,0,0,0,0,0,0,0,0,0,0,0,0,0,0,100,100,0,0,0,0,-3,3,0,0,130,0,21,4,-1,1,1
90,tank4_scout_89,0,2,329,0,0,16,0,0,0,1675,69,67,25,0,0,0,0,0,0,0,0,0,0,0,0,0,0,0,0,0,0,0,100,100,0,0,0,0,-3,3,0,0,130,0,21,4,-1,1,1
91,tank4_scout_89,0,2,334,0,0,16,0,0,0,1715,70,67,25,0,0,0,0,0,0,0,0,0,0,0,0,0,0,0,0,0,0,0,100,100,0,0,0,0,-3,3,0,0,130,0,21,4,-1,1,1
92,tank4_scout_89,0,2,338,0,0,16,0,0,0,1755,71,67,26,0,0,0,0,0,0,0,0,0,0,0,0,0,0,0,0,0,0,0,100,100,0,0,0,0,-3,3,0,0,130,0,21,4,-1,1,1
93,tank4_scout_89,0,2,342,0,0,16,0,0,0,1795,72,67,26,0,0,0,0,0,0,0,0,0,0,0,0,0,0,0,0,0,0,0,100,100,0,0,0,0,-3,3,0,0,130,0,21,4,-1,1,1
94,tank4_scout_89,0,2,347,0,0,16,0,0,0,1835,73,67,27,0,0,0,0,0,0,0,0,0,0,0,0,0,0,0,0,0,0,0,100,100,0,0,0,0,-3,3,0,0,130,0,21,4,-1,1,1
95,tank4_scout_89,0,2,351,0,0,16,0,0,0,1875,74,68,27,0,0,0,0,0,0,0,0,0,0,0,0,0,0,0,0,0,0,0,100,100,0,0,0,0,-3,3,0,0,130,0,21,4,-1,1,1
96,tank4_scout_89,0,2,355,0,0,16,0,0,0,1915,75,68,27,0,0,0,0,0,0,0,0,0,0,0,0,0,0,0,0,0,0,0,100,100,0,0,0,0,-3,3,0,0,130,0,21,4,-1,1,1
97,tank4_scout_89,0,2,360,0,0,16,0,0,0,1955,76,68,28,0,0,0,0,0,0,0,0,0,0,0,0,0,0,0,0,0,0,0,100,100,0,0,0,0,-3,3,0,0,130,0,21,4,-1,1,1
98,tank4_scout_89,0,2,364,0,0,16,0,0,0,1995,77,68,28,0,0,0,0,0,0,0,0,0,0,0,0,0,0,0,0,0,0,0,100,100,0,0,0,0,-3,3,0,0,130,0,21,4,-1,1,1
99,tank4_scout_89,0,2,368,0,0,16,0,0,0,2035,78,68,28,0,0,0,0,0,0,0,0,0,0,0,0,0,0,0,0,0,0,0,100,100,0,0,0,0,-3,3,0,0,130,0,21,4,-1,1,1
100,tank4_scout_89,0,2,373,0,0,16,0,0,0,2075,79,68,29,0,0,0,0,0,0,0,0,0,0,0,0,0,0,0,0,0,0,0,100,100,0,0,0,0,-3,3,0,0,130,0,21,4,-1,1,1
101,tank4_scout_89,0,2,377,0,0,16,0,0,0,2115,80,69,29,0,0,0,0,0,0,0,0,0,0,0,0,0,0,0,0,0,0,0,100,100,0,0,0,0,-3,3,0,0,130,0,21,4,-1,1,1
102,tank4_scout_89,0,2,381,0,0,16,0,0,0,2155,81,69,30,0,0,0,0,0,0,0,0,0,0,0,0,0,0,0,0,0,0,0,100,100,0,0,0,0,-3,3,0,0,130,0,21,4,-1,1,1
103,tank4_scout_89,0,2,386,0,0,16,0,0,0,2195,82,69,30,0,0,0,0,0,0,0,0,0,0,0,0,0,0,0,0,0,0,0,100,100,0,0,0,0,-3,3,0,0,130,0,21,4,-1,1,1
104,tank4_scout_89,0,2,390,0,0,16,0,0,0,2235,83,69,30,0,0,0,0,0,0,0,0,0,0,0,0,0,0,0,0,0,0,0,100,100,0,0,0,0,-3,3,0,0,130,0,21,4,-1,1,1
105,tank4_scout_89,0,2,394,0,0,16,0,0,0,2275,84,69,31,0,0,0,0,0,0,0,0,0,0,0,0,0,0,0,0,0,0,0,100,100,0,0,0,0,-3,3,0,0,130,0,21,4,-1,1,1
106,tank4_scout_89,0,2,399,0,0,16,0,0,0,2315,85,70,31,0,0,0,0,0,0,0,0,0,0,0,0,0,0,0,0,0,0,0,100,100,0,0,0,0,-3,3,0,0,130,0,21,4,-1,1,1
107,tank4_scout_89,0,2,403,0,0,16,0,0,0,2355,86,70,31,0,0,0,0,0,0,0,0,0,0,0,0,0,0,0,0,0,0,0,100,100,0,0,0,0,-3,3,0,0,130,0,21,4,-1,1,1
108,tank4_scout_89,0,2,407,0,0,16,0,0,0,2395,87,70,32,0,0,0,0,0,0,0,0,0,0,0,0,0,0,0,0,0,0,0,100,100,0,0,0,0,-3,3,0,0,130,0,21,4,-1,1,1
109,tank4_scout_89,0,2,412,0,0,16,0,0,0,2435,88,70,32,0,0,0,0,0,0,0,0,0,0,0,0,0,0,0,0,0,0,0,100,100,0,0,0,0,-3,3,0,0,130,0,21,4,-1,1,1
110,tank4_scout_89,0,2,416,0,0,16,0,0,0,2475,89,70,33,0,0,0,0,0,0,0,0,0,0,0,0,0,0,0,0,0,0,0,100,100,0,0,0,0,-3,3,0,0,130,0,21,4,-1,1,1
111,tank4_scout_89,0,2,420,0,0,16,0,0,0,2515,90,71,33,0,0,0,0,0,0,0,0,0,0,0,0,0,0,0,0,0,0,0,100,100,0,0,0,0,-3,3,0,0,130,0,21,4,-1,1,1
112,tank4_scout_89,0,2,425,0,0,16,0,0,0,2555,91,71,33,0,0,0,0,0,0,0,0,0,0,0,0,0,0,0,0,0,0,0,100,100,0,0,0,0,-3,3,0,0,130,0,21,4,-1,1,1
113,tank4_scout_89,0,2,429,0,0,16,0,0,0,2595,92,71,34,0,0,0,0,0,0,0,0,0,0,0,0,0,0,0,0,0,0,0,100,100,0,0,0,0,-3,3,0,0,130,0,21,4,-1,1,1
114,tank4_scout_89,0,2,433,0,0,16,0,0,0,2635,93,71,34,0,0,0,0,0,0,0,0,0,0,0,0,0,0,0,0,0,0,0,100,100,0,0,0,0,-3,3,0,0,130,0,21,4,-1,1,1
115,tank4_scout_89,0,2,438,0,0,16,0,0,0,2675,94,71,34,0,0,0,0,0,0,0,0,0,0,0,0,0,0,0,0,0,0,0,100,100,0,0,0,0,-3,3,0,0,130,0,21,4,-1,1,1
116,tank4_scout_89,0,2,442,0,0,16,0,0,0,2715,95,71,35,0,0,0,0,0,0,0,0,0,0,0,0,0,0,0,0,0,0,0,100,100,0,0,0,0,-3,3,0,0,130,0,21,4,-1,1,1
117,tank4_scout_89,0,2,447,0,0,16,0,0,0,2755,96,72,35,0,0,0,0,0,0,0,0,0,0,0,0,0,0,0,0,0,0,0,100,100,0,0,0,0,-3,3,0,0,130,0,21,4,-1,1,1
118,tank4_scout_89,0,2,451,0,0,16,0,0,0,2795,97,72,36,0,0,0,0,0,0,0,0,0,0,0,0,0,0,0,0,0,0,0,100,100,0,0,0,0,-3,3,0,0,130,0,21,4,-1,1,1
119,tank4_scout_89,0,2,455,0,0,16,0,0,0,2835,98,72,36,0,0,0,0,0,0,0,0,0,0,0,0,0,0,0,0,0,0,0,100,100,0,0,0,0,-3,3,0,0,130,0,21,4,-1,1,1
120,tank4_scout_89,0,2,460,0,0,16,0,0,0,2875,99,72,36,0,0,0,0,0,0,0,0,0,0,0,0,0,0,0,0,0,0,0,100,100,0,0,0,0,-3,3,0,0,130,0,21,4,-1,1,1
121,tank4_scout_89,0,2,464,0,0,16,0,0,0,2915,100,72,37,0,0,0,0,0,0,0,0,0,0,0,0,0,0,0,0,0,0,0,100,100,0,0,0,0,-3,3,0,0,130,0,21,4,-1,1,1
122,tank4_scout_89,0,2,468,0,0,16,0,0,0,2955,101,73,37,0,0,0,0,0,0,0,0,0,0,0,0,0,0,0,0,0,0,0,100,100,0,0,0,0,-3,3,0,0,130,0,21,4,-1,1,1
123,tank4_scout_89,0,2,473,0,0,16,0,0,0,2995,102,73,37,0,0,0,0,0,0,0,0,0,0,0,0,0,0,0,0,0,0,0,100,100,0,0,0,0,-3,3,0,0,130,0,21,4,-1,1,1
124,tank4_scout_89,0,2,477,0,0,16,0,0,0,3035,103,73,38,0,0,0,0,0,0,0,0,0,0,0,0,0,0,0,0,0,0,0,100,100,0,0,0,0,-3,3,0,0,130,0,21,4,-1,1,1
125,tank4_scout_89,0,2,481,0,0,16,0,0,0,3075,104,73,38,0,0,0,0,0,0,0,0,0,0,0,0,0,0,0,0,0,0,0,100,100,0,0,0,0,-3,3,0,0,130,0,21,4,-1,1,1
126,tank4_scout_89,0,2,486,0,0,16,0,0,0,3115,105,73,39,0,0,0,0,0,0,0,0,0,0,0,0,0,0,0,0,0,0,0,100,100,0,0,0,0,-3,3,0,0,130,0,21,4,-1,1,1
127,tank4_scout_89,0,2,490,0,0,16,0,0,0,3155,106,74,39,0,0,0,0,0,0,0,0,0,0,0,0,0,0,0,0,0,0,0,100,100,0,0,0,0,-3,3,0,0,130,0,21,4,-1,1,1
128,tank4_scout_89,0,2,494,0,0,16,0,0,0,3195,107,74,39,0,0,0,0,0,0,0,0,0,0,0,0,0,0,0,0,0,0,0,100,100,0,0,0,0,-3,3,0,0,130,0,21,4,-1,1,1
129,tank4_scout_89,0,2,499,0,0,16,0,0,0,3235,108,74,40,0,0,0,0,0,0,0,0,0,0,0,0,0,0,0,0,0,0,0,100,100,0,0,0,0,-3,3,0,0,130,0,21,4,-1,1,1
130,tank4_scout_89,0,2,503,0,0,16,0,0,0,3275,109,74,40,0,0,0,0,0,0,0,0,0,0,0,0,0,0,0,0,0,0,0,100,100,0,0,0,0,-3,3,0,0,130,0,21,4,-1,1,1
131,tank4_scout_89,0,2,507,0,0,16,0,0,0,3315,110,74,40,0,0,0,0,0,0,0,0,0,0,0,0,0,0,0,0,0,0,0,100,100,0,0,0,0,-3,3,0,0,130,0,21,4,-1,1,1
132,tank4_scout_89,0,2,512,0,0,16,0,0,0,3355,111,74,41,0,0,0,0,0,0,0,0,0,0,0,0,0,0,0,0,0,0,0,100,100,0,0,0,0,-3,3,0,0,130,0,21,4,-1,1,1
133,tank4_scout_89,0,2,516,0,0,16,0,0,0,3395,112,75,41,0,0,0,0,0,0,0,0,0,0,0,0,0,0,0,0,0,0,0,100,100,0,0,0,0,-3,3,0,0,130,0,21,4,-1,1,1
134,tank4_scout_89,0,2,520,0,0,16,0,0,0,3435,113,75,42,0,0,0,0,0,0,0,0,0,0,0,0,0,0,0,0,0,0,0,100,100,0,0,0,0,-3,3,0,0,130,0,21,4,-1,1,1
135,tank4_scout_89,0,2,525,0,0,16,0,0,0,3475,114,75,42,0,0,0,0,0,0,0,0,0,0,0,0,0,0,0,0,0,0,0,100,100,0,0,0,0,-3,3,0,0,130,0,21,4,-1,1,1
136,tank4_scout_89,0,2,529,0,0,16,0,0,0,3515,115,75,42,0,0,0,0,0,0,0,0,0,0,0,0,0,0,0,0,0,0,0,100,100,0,0,0,0,-3,3,0,0,130,0,21,4,-1,1,1
137,tank4_scout_89,0,2,533,0,0,16,0,0,0,3555,116,75,43,0,0,0,0,0,0,0,0,0,0,0,0,0,0,0,0,0,0,0,100,100,0,0,0,0,-3,3,0,0,130,0,21,4,-1,1,1
138,tank4_scout_89,0,2,538,0,0,16,0,0,0,3595,117,76,43,0,0,0,0,0,0,0,0,0,0,0,0,0,0,0,0,0,0,0,100,100,0,0,0,0,-3,3,0,0,130,0,21,4,-1,1,1
139,tank4_scout_89,0,2,542,0,0,16,0,0,0,3635,118,76,43,0,0,0,0,0,0,0,0,0,0,0,0,0,0,0,0,0,0,0,100,100,0,0,0,0,-3,3,0,0,130,0,21,4,-1,1,1
140,tank4_scout_89,0,2,546,0,0,16,0,0,0,3675,119,76,44,0,0,0,0,0,0,0,0,0,0,0,0,0,0,0,0,0,0,0,100,100,0,0,0,0,-3,3,0,0,130,0,21,4,-1,1,1
141,tank4_scout_89,0,2,551,0,0,16,0,0,0,3715,120,76,44,0,0,0,0,0,0,0,0,0,0,0,0,0,0,0,0,0,0,0,100,100,0,0,0,0,-3,3,0,0,130,0,21,4,-1,1,1
142,tank4_scout_89,0,2,555,0,0,16,0,0,0,3755,121,76,45,0,0,0,0,0,0,0,0,0,0,0,0,0,0,0,0,0,0,0,100,100,0,0,0,0,-3,3,0,0,130,0,21,4,-1,1,1
143,tank4_scout_89,0,2,559,0,0,16,0,0,0,3795,122,77,45,0,0,0,0,0,0,0,0,0,0,0,0,0,0,0,0,0,0,0,100,100,0,0,0,0,-3,3,0,0,130,0,21,4,-1,1,1
144,tank4_scout_89,0,2,564,0,0,16,0,0,0,3835,123,77,45,0,0,0,0,0,0,0,0,0,0,0,0,0,0,0,0,0,0,0,100,100,0,0,0,0,-3,3,0,0,130,0,21,4,-1,1,1
145,tank4_scout_89,0,2,568,0,0,16,0,0,0,3875,124,77,46,0,0,0,0,0,0,0,0,0,0,0,0,0,0,0,0,0,0,0,100,100,0,0,0,0,-3,3,0,0,130,0,21,4,-1,1,1
146,tank4_scout_89,0,2,572,0,0,16,0,0,0,3915,125,77,46,0,0,0,0,0,0,0,0,0,0,0,0,0,0,0,0,0,0,0,100,100,0,0,0,0,-3,3,0,0,130,0,21,4,-1,1,1
147,tank4_scout_89,0,2,577,0,0,16,0,0,0,3955,126,77,46,0,0,0,0,0,0,0,0,0,0,0,0,0,0,0,0,0,0,0,100,100,0,0,0,0,-3,3,0,0,130,0,21,4,-1,1,1
148,tank4_scout_89,0,2,581,0,0,16,0,0,0,3995,127,77,47,0,0,0,0,0,0,0,0,0,0,0,0,0,0,0,0,0,0,0,100,100,0,0,0,0,-3,3,0,0,130,0,21,4,-1,1,1
149,tank4_scout_89,0,2,586,0,0,16,0,0,0,4035,128,78,47,0,0,0,0,0,0,0,0,0,0,0,0,0,0,0,0,0,0,0,100,100,0,0,0,0,-3,3,0,0,130,0,21,4,-1,1,1
150,tank4_scout_89,0,2,590,0,0,16,0,0,0,4075,129,78,48,0,0,0,0,0,0,0,0,0,0,0,0,0,0,0,0,0,0,0,100,100,0,0,0,0,-3,3,0,0,130,0,21,4,-1,1,1
151,tank4_scout_89,0,2,594,0,0,16,0,0,0,4115,130,78,48,0,0,0,0,0,0,0,0,0,0,0,0,0,0,0,0,0,0,0,100,100,0,0,0,0,-3,3,0,0,130,0,21,4,-1,1,1
152,tank4_scout_89,0,2,599,0,0,16,0,0,0,4155,131,78,48,0,0,0,0,0,0,0,0,0,0,0,0,0,0,0,0,0,0,0,100,100,0,0,0,0,-3,3,0,0,130,0,21,4,-1,1,1
153,tank4_scout_89,0,2,603,0,0,16,0,0,0,4195,132,78,49,0,0,0,0,0,0,0,0,0,0,0,0,0,0,0,0,0,0,0,100,100,0,0,0,0,-3,3,0,0,130,0,21,4,-1,1,1
154,tank4_scout_89,0,2,607,0,0,16,0,0,0,4235,133,79,49,0,0,0,0,0,0,0,0,0,0,0,0,0,0,0,0,0,0,0,100,100,0,0,0,0,-3,3,0,0,130,0,21,4,-1,1,1
155,tank4_scout_89,0,2,612,0,0,16,0,0,0,4275,134,79,49,0,0,0,0,0,0,0,0,0,0,0,0,0,0,0,0,0,0,0,100,100,0,0,0,0,-3,3,0,0,130,0,21,4,-1,1,1
156,tank4_scout_89,0,2,616,0,0,16,0,0,0,4315,135,79,50,0,0,0,0,0,0,0,0,0,0,0,0,0,0,0,0,0,0,0,100,100,0,0,0,0,-3,3,0,0,130,0,21,4,-1,1,1
157,tank4_scout_89,0,2,620,0,0,16,0,0,0,4355,136,79,50,0,0,0,0,0,0,0,0,0,0,0,0,0,0,0,0,0,0,0,100,100,0,0,0,0,-3,3,0,0,130,0,21,4,-1,1,1
158,tank4_scout_89,0,2,625,0,0,16,0,0,0,4395,137,79,51,0,0,0,0,0,0,0,0,0,0,0,0,0,0,0,0,0,0,0,100,100,0,0,0,0,-3,3,0,0,130,0,21,4,-1,1,1
159,tank4_scout_89,0,2,629,0,0,16,0,0,0,4435,138,80,51,0,0,0,0,0,0,0,0,0,0,0,0,0,0,0,0,0,0,0,100,100,0,0,0,0,-3,3,0,0,130,0,21,4,-1,1,1
160,tank4_scout_89,0,2,633,0,0,16,0,0,0,4475,139,80,51,0,0,0,0,0,0,0,0,0,0,0,0,0,0,0,0,0,0,0,100,100,0,0,0,0,-3,3,0,0,130,0,21,4,-1,1,1
161,tank4_scout_89,0,2,638,0,0,16,0,0,0,4515,140,80,52,0,0,0,0,0,0,0,0,0,0,0,0,0,0,0,0,0,0,0,100,100,0,0,0,0,-3,3,0,0,130,0,21,4,-1,1,1
162,tank4_scout_89,0,2,642,0,0,16,0,0,0,4555,141,80,52,0,0,0,0,0,0,0,0,0,0,0,0,0,0,0,0,0,0,0,100,100,0,0,0,0,-3,3,0,0,130,0,21,4,-1,1,1
163,tank4_scout_89,0,2,646,0,0,16,0,0,0,4595,142,80,52,0,0,0,0,0,0,0,0,0,0,0,0,0,0,0,0,0,0,0,100,100,0,0,0,0,-3,3,0,0,130,0,21,4,-1,1,1
164,tank4_scout_89,0,2,651,0,0,16,0,0,0,4635,143,80,53,0,0,0,0,0,0,0,0,0,0,0,0,0,0,0,0,0,0,0,100,100,0,0,0,0,-3,3,0,0,130,0,21,4,-1,1,1
165,tank4_scout_89,0,2,655,0,0,16,0,0,0,4675,144,81,53,0,0,0,0,0,0,0,0,0,0,0,0,0,0,0,0,0,0,0,100,100,0,0,0,0,-3,3,0,0,130,0,21,4,-1,1,1
166,tank4_scout_89,0,2,659,0,0,16,0,0,0,4715,145,81,54,0,0,0,0,0,0,0,0,0,0,0,0,0,0,0,0,0,0,0,100,100,0,0,0,0,-3,3,0,0,130,0,21,4,-1,1,1
167,tank4_scout_89,0,2,664,0,0,16,0,0,0,4755,146,81,54,0,0,0,0,0,0,0,0,0,0,0,0,0,0,0,0,0,0,0,100,100,0,0,0,0,-3,3,0,0,130,0,21,4,-1,1,1
168,tank4_scout_89,0,2,668,0,0,16,0,0,0,4795,147,81,54,0,0,0,0,0,0,0,0,0,0,0,0,0,0,0,0,0,0,0,100,100,0,0,0,0,-3,3,0,0,130,0,21,4,-1,1,1
169,tank4_scout_89,0,2,672,0,0,16,0,0,0,4835,148,81,55,0,0,0,0,0,0,0,0,0,0,0,0,0,0,0,0,0,0,0,100,100,0,0,0,0,-3,3,0,0,130,0,21,4,-1,1,1
170,tank4_scout_89,0,2,677,0,0,16,0,0,0,4875,149,82,55,0,0,0,0,0,0,0,0,0,0,0,0,0,0,0,0,0,0,0,100,100,0,0,0,0,-3,3,0,0,130,0,21,4,-1,1,1
171,tank4_scout_89,0,2,681,0,0,16,0,0,0,4915,150,82,55,0,0,0,0,0,0,0,0,0,0,0,0,0,0,0,0,0,0,0,100,100,0,0,0,0,-3,3,0,0,130,0,21,4,-1,1,1
172,tank4_scout_89,0,2,685,0,0,16,0,0,0,4955,151,82,56,0,0,0,0,0,0,0,0,0,0,0,0,0,0,0,0,0,0,0,100,100,0,0,0,0,-3,3,0,0,130,0,21,4,-1,1,1
173,tank4_scout_89,0,2,690,0,0,16,0,0,0,4995,152,82,56,0,0,0,0,0,0,0,0,0,0,0,0,0,0,0,0,0,0,0,100,100,0,0,0,0,-3,3,0,0,130,0,21,4,-1,1,1
174,tank4_scout_89,0,2,694,0,0,16,0,0,0,5035,153,82,57,0,0,0,0,0,0,0,0,0,0,0,0,0,0,0,0,0,0,0,100,100,0,0,0,0,-3,3,0,0,130,0,21,4,-1,1,1
175,tank4_scout_89,0,2,698,0,0,16,0,0,0,5075,154,83,57,0,0,0,0,0,0,0,0,0,0,0,0,0,0,0,0,0,0,0,100,100,0,0,0,0,-3,3,0,0,130,0,21,4,-1,1,1
176,tank4_scout_89,0,2,703,0,0,16,0,0,0,5115,155,83,57,0,0,0,0,0,0,0,0,0,0,0,0,0,0,0,0,0,0,0,100,100,0,0,0,0,-3,3,0,0,130,0,21,4,-1,1,1
177,tank4_scout_89,0,2,707,0,0,16,0,0,0,5155,156,83,58,0,0,0,0,0,0,0,0,0,0,0,0,0,0,0,0,0,0,0,100,100,0,0,0,0,-3,3,0,0,130,0,21,4,-1,1,1
178,tank4_scout_89,0,2,711,0,0,16,0,0,0,5195,157,83,58,0,0,0,0,0,0,0,0,0,0,0,0,0,0,0,0,0,0,0,100,100,0,0,0,0,-3,3,0,0,130,0,21,4,-1,1,1
179,tank4_scout_89,0,2,716,0,0,16,0,0,0,5235,158,83,58,0,0,0,0,0,0,0,0,0,0,0,0,0,0,0,0,0,0,0,100,100,0,0,0,0,-3,3,0,0,130,0,21,4,-1,1,1
180,tank4_scout_89,0,2,720,0,0,16,0,0,0,5275,159,83,59,0,0,0,0,0,0,0,0,0,0,0,0,0,0,0,0,0,0,0,100,100,0,0,0,0,-3,3,0,0,130,0,21,4,-1,1,1
181,tank4_scout_89,0,2,725,0,0,16,0,0,0,5315,160,84,59,0,0,0,0,0,0,0,0,0,0,0,0,0,0,0,0,0,0,0,100,100,0,0,0,0,-3,3,0,0,130,0,21,4,-1,1,1
182,tank4_scout_89,0,2,729,0,0,16,0,0,0,5355,161,84,60,0,0,0,0,0,0,0,0,0,0,0,0,0,0,0,0,0,0,0,100,100,0,0,0,0,-3,3,0,0,130,0,21,4,-1,1,1
183,tank4_scout_89,0,2,733,0,0,16,0,0,0,5395,162,84,60,0,0,0,0,0,0,0,0,0,0,0,0,0,0,0,0,0,0,0,100,100,0,0,0,0,-3,3,0,0,130,0,21,4,-1,1,1
184,tank4_scout_89,0,2,738,0,0,16,0,0,0,5435,163,84,60,0,0,0,0,0,0,0,0,0,0,0,0,0,0,0,0,0,0,0,100,100,0,0,0,0,-3,3,0,0,130,0,21,4,-1,1,1
185,tank4_scout_89,0,2,742,0,0,16,0,0,0,5475,164,84,61,0,0,0,0,0,0,0,0,0,0,0,0,0,0,0,0,0,0,0,100,100,0,0,0,0,-3,3,0,0,130,0,21,4,-1,1,1
186,tank4_scout_89,0,2,746,0,0,16,0,0,0,5515,165,85,61,0,0,0,0,0,0,0,0,0,0,0,0,0,0,0,0,0,0,0,100,100,0,0,0,0,-3,3,0,0,130,0,21,4,-1,1,1
187,tank4_scout_89,0,2,751,0,0,16,0,0,0,5555,166,85,61,0,0,0,0,0,0,0,0,0,0,0,0,0,0,0,0,0,0,0,100,100,0,0,0,0,-3,3,0,0,130,0,21,4,-1,1,1
188,tank4_scout_89,0,2,755,0,0,16,0,0,0,5595,167,85,62,0,0,0,0,0,0,0,0,0,0,0,0,0,0,0,0,0,0,0,100,100,0,0,0,0,-3,3,0,0,130,0,21,4,-1,1,1
189,tank4_scout_89,0,2,759,0,0,16,0,0,0,5635,168,85,62,0,0,0,0,0,0,0,0,0,0,0,0,0,0,0,0,0,0,0,100,100,0,0,0,0,-3,3,0,0,130,0,21,4,-1,1,1
190,tank4_scout_89,0,2,764,0,0,16,0,0,0,5675,169,85,63,0,0,0,0,0,0,0,0,0,0,0,0,0,0,0,0,0,0,0,100,100,0,0,0,0,-3,3,0,0,130,0,21,4,-1,2,1
191,tank4_scout_89,0,2,768,0,0,16,0,0,0,5715,170,86,63,0,0,0,0,0,0,0,0,0,0,0,0,0,0,0,0,0,0,0,100,100,0,0,0,0,-3,3,0,0,130,0,21,4,-1,2,1
192,tank4_scout_89,0,2,772,0,0,16,0,0,0,5755,171,86,63,0,0,0,0,0,0,0,0,0,0,0,0,0,0,0,0,0,0,0,100,100,0,0,0,0,-3,3,0,0,130,0,21,4,-1,2,1
193,tank4_scout_89,0,2,777,0,0,16,0,0,0,5795,172,86,64,0,0,0,0,0,0,0,0,0,0,0,0,0,0,0,0,0,0,0,100,100,0,0,0,0,-3,3,0,0,130,0,21,4,-1,2,1
194,tank4_scout_89,0,2,781,0,0,16,0,0,0,5835,173,86,64,0,0,0,0,0,0,0,0,0,0,0,0,0,0,0,0,0,0,0,100,100,0,0,0,0,-3,3,0,0,130,0,21,4,-1,2,1
195,tank4_scout_89,0,2,785,0,0,16,0,0,0,5875,174,86,64,0,0,0,0,0,0,0,0,0,0,0,0,0,0,0,0,0,0,0,100,100,0,0,0,0,-3,3,0,0,130,0,21,4,-1,2,1
196,tank4_scout_89,0,2,790,0,0,16,0,0,0,5915,175,86,65,0,0,0,0,0,0,0,0,0,0,0,0,0,0,0,0,0,0,0,100,100,0,0,0,0,-3,3,0,0,130,0,21,4,-1,2,1
197,tank4_scout_89,0,2,794,0,0,16,0,0,0,5955,176,87,65,0,0,0,0,0,0,0,0,0,0,0,0,0,0,0,0,0,0,0,100,100,0,0,0,0,-3,3,0,0,130,0,21,4,-1,2,1
198,tank4_scout_89,0,2,798,0,0,16,0,0,0,5995,177,87,66,0,0,0,0,0,0,0,0,0,0,0,0,0,0,0,0,0,0,0,100,100,0,0,0,0,-3,3,0,0,130,0,21,4,-1,2,1
199,tank4_scout_89,0,2,803,0,0,16,0,0,0,6035,178,87,66,0,0,0,0,0,0,0,0,0,0,0,0,0,0,0,0,0,0,0,100,100,0,0,0,0,-3,3,0,0,130,0,21,4,-1,2,1
200,tank4_scout_89,0,2,807,0,0,16,0,0,0,6075,179,87,66,0,0,0,0,0,0,0,0,0,0,0,0,0,0,0,0,0,0,0,100,100,0,0,0,0,-3,4,0,0,130,0,21,4,-1,2,1
201,tank4_scout_89,0,2,811,0,0,16,0,0,0,6115,180,87,67,0,0,0,0,0,0,0,0,0,0,0,0,0,0,0,0,0,0,0,100,100,0,0,0,0,-3,4,0,0,130,0,21,4,-1,2,1
202,tank4_scout_89,0,2,816,0,0,16,0,0,0,6155,181,88,67,0,0,0,0,0,0,0,0,0,0,0,0,0,0,0,0,0,0,0,100,100,0,0,0,0,-3,4,0,0,130,0,21,4,-1,2,1
203,tank4_scout_89,0,2,820,0,0,16,0,0,0,6195,182,88,67,0,0,0,0,0,0,0,0,0,0,0,0,0,0,0,0,0,0,0,100,100,0,0,0,0,-3,4,0,0,130,0,21,4,-1,2,1
204,tank4_scout_89,0,2,824,0,0,16,0,0,0,6235,183,88,68,0,0,0,0,0,0,0,0,0,0,0,0,0,0,0,0,0,0,0,100,100,0,0,0,0,-3,4,0,0,130,0,21,4,-1,2,1
205,tank4_scout_89,0,2,829,0,0,16,0,0,0,6275,184,88,68,0,0,0,0,0,0,0,0,0,0,0,0,0,0,0,0,0,0,0,100,100,0,0,0,0,-3,4,0,0,130,0,21,4,-1,2,1
206,tank4_scout_89,0,2,833,0,0,16,0,0,0,6315,185,88,69,0,0,0,0,0,0,0,0,0,0,0,0,0,0,0,0,0,0,0,100,100,0,0,0,0,-3,4,0,0,130,0,21,4,-1,2,1
207,tank4_scout_89,0,2,837,0,0,16,0,0,0,6355,186,89,69,0,0,0,0,0,0,0,0,0,0,0,0,0,0,0,0,0,0,0,100,100,0,0,0,0,-3,4,0,0,130,0,21,4,-1,2,1
208,tank4_scout_89,0,2,842,0,0,16,0,0,0,6395,187,89,69,0,0,0,0,0,0,0,0,0,0,0,0,0,0,0,0,0,0,0,100,100,0,0,0,0,-3,4,0,0,130,0,21,4,-1,2,1
209,tank4_scout_89,0,2,846,0,0,16,0,0,0,6435,188,89,70,0,0,0,0,0,0,0,0,0,0,0,0,0,0,0,0,0,0,0,100,100,0,0,0,0,-3,4,0,0,130,0,21,4,-1,2,1
210,tank4_scout_89,0,2,850,0,0,16,0,0,0,6475,189,89,70,0,0,0,0,0,0,0,0,0,0,0,0,0,0,0,0,0,0,0,100,100,0,0,0,0,-3,4,0,0,130,0,21,4,-1,2,1
211,tank4_scout_89,0,2,855,0,0,16,0,0,0,6515,190,89,70,0,0,0,0,0,0,0,0,0,0,0,0,0,0,0,0,0,0,0,100,100,0,0,0,0,-3,4,0,0,130,0,21,4,-1,2,1
212,tank4_scout_89,0,2,859,0,0,16,0,0,0,6555,191,89,71,0,0,0,0,0,0,0,0,0,0,0,0,0,0,0,0,0,0,0,100,100,0,0,0,0,-3,4,0,0,130,0,21,4,-1,2,1
213,tank4_scout_89,0,2,864,0,0,16,0,0,0,6595,192,90,71,0,0,0,0,0,0,0,0,0,0,0,0,0,0,0,0,0,0,0,100,100,0,0,0,0,-3,4,0,0,130,0,21,4,-1,2,1
214,tank4_scout_89,0,2,868,0,0,16,0,0,0,6635,193,90,72,0,0,0,0,0,0,0,0,0,0,0,0,0,0,0,0,0,0,0,100,100,0,0,0,0,-3,4,0,0,130,0,21,4,-1,2,1
215,tank4_scout_89,0,2,872,0,0,16,0,0,0,6675,194,90,72,0,0,0,0,0,0,0,0,0,0,0,0,0,0,0,0,0,0,0,100,100,0,0,0,0,-3,4,0,0,130,0,21,4,-1,2,1
216,tank4_scout_89,0,2,877,0,0,16,0,0,0,6715,195,90,72,0,0,0,0,0,0,0,0,0,0,0,0,0,0,0,0,0,0,0,100,100,0,0,0,0,-3,4,0,0,130,0,21,4,-1,2,1
217,tank4_scout_89,0,2,881,0,0,16,0,0,0,6755,196,90,73,0,0,0,0,0,0,0,0,0,0,0,0,0,0,0,0,0,0,0,100,100,0,0,0,0,-3,4,0,0,130,0,21,4,-1,2,1
218,tank4_scout_89,0,2,885,0,0,16,0,0,0,6795,197,91,73,0,0,0,0,0,0,0,0,0,0,0,0,0,0,0,0,0,0,0,100,100,0,0,0,0,-3,4,0,0,130,0,21,4,-1,2,1
219,tank4_scout_89,0,2,890,0,0,16,0,0,0,6835,198,91,73,0,0,0,0,0,0,0,0,0,0,0,0,0,0,0,0,0,0,0,100,100,0,0,0,0,-3,4,0,0,130,0,21,4,-1,2,1
220,tank4_scout_89,0,2,894,0,0,16,0,0,0,6875,199,91,74,0,0,0,0,0,0,0,0,0,0,0,0,0,0,0,0,0,0,0,100,100,0,0,0,0,-3,4,0,0,130,0,21,4,-1,2,1
221,tank4_scout_89,0,2,898,0,0,16,0,0,0,6915,200,91,74,0,0,0,0,0,0,0,0,0,0,0,0,0,0,0,0,0,0,0,100,100,0,0,0,0,-3,4,0,0,130,0,21,4,-1,2,1
222,tank4_scout_89,0,2,903,0,0,16,0,0,0,6955,201,91,75,0,0,0,0,0,0,0,0,0,0,0,0,0,0,0,0,0,0,0,100,100,0,0,0,0,-3,4,0,0,130,0,21,4,-1,2,1
223,tank4_scout_89,0,2,907,0,0,16,0,0,0,6995,202,92,75,0,0,0,0,0,0,0,0,0,0,0,0,0,0,0,0,0,0,0,100,100,0,0,0,0,-3,4,0,0,130,0,21,4,-1,2,1
224,tank4_scout_89,0,2,911,0,0,16,0,0,0,7035,203,92,75,0,0,0,0,0,0,0,0,0,0,0,0,0,0,0,0,0,0,0,100,100,0,0,0,0,-3,4,0,0,130,0,21,4,-1,2,1
225,tank4_scout_89,0,2,916,0,0,16,0,0,0,7075,204,92,76,0,0,0,0,0,0,0,0,0,0,0,0,0,0,0,0,0,0,0,100,100,0,0,0,0,-3,4,0,0,130,0,21,4,-1,2,1
226,tank4_scout_89,0,2,920,0,0,16,0,0,0,7115,205,92,76,0,0,0,0,0,0,0,0,0,0,0,0,0,0,0,0,0,0,0,100,100,0,0,0,0,-3,4,0,0,130,0,21,4,-1,2,1
227,tank4_scout_89,0,2,924,0,0,16,0,0,0,7155,206,92,76,0,0,0,0,0,0,0,0,0,0,0,0,0,0,0,0,0,0,0,100,100,0,0,0,0,-3,4,0,0,130,0,21,4,-1,2,1
228,tank4_scout_89,0,2,929,0,0,16,0,0,0,7195,207,92,77,0,0,0,0,0,0,0,0,0,0,0,0,0,0,0,0,0,0,0,100,100,0,0,0,0,-3,4,0,0,130,0,21,4,-1,2,1
229,tank4_scout_89,0,2,933,0,0,16,0,0,0,7235,208,93,77,0,0,0,0,0,0,0,0,0,0,0,0,0,0,0,0,0,0,0,100,100,0,0,0,0,-3,4,0,0,130,0,21,4,-1,2,1
230,tank4_scout_89,0,2,937,0,0,16,0,0,0,7275,209,93,78,0,0,0,0,0,0,0,0,0,0,0,0,0,0,0,0,0,0,0,100,100,0,0,0,0,-3,4,0,0,130,0,21,4,-1,2,1
231,tank4_scout_89,0,2,942,0,0,16,0,0,0,7315,210,93,78,0,0,0,0,0,0,0,0,0,0,0,0,0,0,0,0,0,0,0,100,100,0,0,0,0,-3,4,0,0,130,0,21,4,-1,2,1
232,tank4_scout_89,0,2,946,0,0,16,0,0,0,7355,211,93,78,0,0,0,0,0,0,0,0,0,0,0,0,0,0,0,0,0,0,0,100,100,0,0,0,0,-3,4,0,0,130,0,21,4,-1,2,1
233,tank4_scout_89,0,2,950,0,0,16,0,0,0,7395,212,93,79,0,0,0,0,0,0,0,0,0,0,0,0,0,0,0,0,0,0,0,100,100,0,0,0,0,-3,4,0,0,130,0,21,4,-1,2,1
234,tank4_scout_89,0,2,955,0,0,16,0,0,0,7435,213,94,79,0,0,0,0,0,0,0,0,0,0,0,0,0,0,0,0,0,0,0,100,100,0,0,0,0,-3,4,0,0,130,0,21,4,-1,2,1
235,tank4_scout_89,0,2,959,0,0,16,0,0,0,7475,214,94,79,0,0,0,0,0,0,0,0,0,0,0,0,0,0,0,0,0,0,0,100,100,0,0,0,0,-3,4,0,0,130,0,21,4,-1,2,1
236,tank4_scout_89,0,2,963,0,0,16,0,0,0,7515,215,94,80,0,0,0,0,0,0,0,0,0,0,0,0,0,0,0,0,0,0,0,100,100,0,0,0,0,-3,4,0,0,130,0,21,4,-1,2,1
237,tank4_scout_89,0,2,968,0,0,16,0,0,0,7555,216,94,80,0,0,0,0,0,0,0,0,0,0,0,0,0,0,0,0,0,0,0,100,100,0,0,0,0,-3,4,0,0,130,0,21,4,-1,2,1
238,tank4_scout_89,0,2,972,0,0,16,0,0,0,7595,217,94,81,0,0,0,0,0,0,0,0,0,0,0,0,0,0,0,0,0,0,0,100,100,0,0,0,0,-3,4,0,0,130,0,21,4,-1,2,1
239,tank4_scout_89,0,2,976,0,0,16,0,0,0,7635,218,95,81,0,0,0,0,0,0,0,0,0,0,0,0,0,0,0,0,0,0,0,100,100,0,0,0,0,-3,4,0,0,130,0,21,4,-1,2,1
240,tank4_scout_89,0,2,981,0,0,16,0,0,0,7675,219,95,81,0,0,0,0,0,0,0,0,0,0,0,0,0,0,0,0,0,0,0,100,100,0,0,0,0,-3,4,0,0,130,0,21,4,-1,2,1
241,tank4_scout_89,0,2,985,0,0,16,0,0,0,7715,220,95,82,0,0,0,0,0,0,0,0,0,0,0,0,0,0,0,0,0,0,0,100,100,0,0,0,0,-3,4,0,0,130,0,21,4,-1,2,1
242,tank4_scout_89,0,2,989,0,0,16,0,0,0,7755,221,95,82,0,0,0,0,0,0,0,0,0,0,0,0,0,0,0,0,0,0,0,100,100,0,0,0,0,-3,4,0,0,130,0,21,4,-1,2,1
243,tank4_scout_89,0,2,994,0,0,16,0,0,0,7795,222,95,82,0,0,0,0,0,0,0,0,0,0,0,0,0,0,0,0,0,0,0,100,100,0,0,0,0,-3,4,0,0,130,0,21,4,-1,2,1
244,tank4_scout_89,0,2,998,0,0,16,0,0,0,7835,223,95,83,0,0,0,0,0,0,0,0,0,0,0,0,0,0,0,0,0,0,0,100,100,0,0,0,0,-3,4,0,0,130,0,21,4,-1,2,1
245,tank4_scout_89,0,2,1003,0,0,16,0,0,0,7875,224,96,83,0,0,0,0,0,0,0,0,0,0,0,0,0,0,0,0,0,0,0,100,100,0,0,0,0,-3,4,0,0,130,0,21,4,-1,2,1
246,tank4_scout_89,0,2,1007,0,0,16,0,0,0,7915,225,96,84,0,0,0,0,0,0,0,0,0,0,0,0,0,0,0,0,0,0,0,100,100,0,0,0,0,-3,4,0,0,130,0,21,4,-1,2,1
247,tank4_scout_89,0,2,1011,0,0,16,0,0,0,7955,226,96,84,0,0,0,0,0,0,0,0,0,0,0,0,0,0,0,0,0,0,0,100,100,0,0,0,0,-3,4,0,0,130,0,21,4,-1,2,1
248,tank4_scout_89,0,2,1016,0,0,16,0,0,0,7995,227,96,84,0,0,0,0,0,0,0,0,0,0,0,0,0,0,0,0,0,0,0,100,100,0,0,0,0,-3,4,0,0,130,0,21,4,-1,2,1
249,tank4_scout_89,0,2,1020,0,0,16,0,0,0,8035,228,96,85,0,0,0,0,0,0,0,0,0,0,0,0,0,0,0,0,0,0,0,100,100,0,0,0,0,-3,4,0,0,130,0,21,4,-1,2,1
250,tank4_scout_89,0,2,1024,0,0,16,0,0,0,8075,229,97,85,0,0,0,0,0,0,0,0,0,0,0,0,0,0,0,0,0,0,0,100,100,0,0,0,0,-3,4,0,0,130,0,21,4,-1,2,1
251,tank4_scout_89,0,2,1029,0,0,16,0,0,0,8115,230,97,85,0,0,0,0,0,0,0,0,0,0,0,0,0,0,0,0,0,0,0,100,100,0,0,0,0,-3,4,0,0,130,0,21,4,-1,2,1
252,tank4_scout_89,0,2,1033,0,0,16,0,0,0,8155,231,97,86,0,0,0,0,0,0,0,0,0,0,0,0,0,0,0,0,0,0,0,100,100,0,0,0,0,-3,4,0,0,130,0,21,4,-1,2,1
253,tank4_scout_89,0,2,1037,0,0,16,0,0,0,8195,232,97,86,0,0,0,0,0,0,0,0,0,0,0,0,0,0,0,0,0,0,0,100,100,0,0,0,0,-3,4,0,0,130,0,21,4,-1,2,1
254,tank4_scout_89,0,2,1042,0,0,16,0,0,0,8235,233,97,87,0,0,0,0,0,0,0,0,0,0,0,0,0,0,0,0,0,0,0,100,100,0,0,0,0,-3,4,0,0,130,0,21,4,-1,2,1
255,tank4_scout_89,0,2,1046,0,0,16,0,0,0,8275,234,98,87,0,0,0,0,0,0,0,0,0,0,0,0,0,0,0,0,0,0,0,100,100,0,0,0,0,-3,4,0,0,130,0,21,4,-1,2,1
256,tank4_scout_89,0,2,1050,0,0,16,0,0,0,8315,235,98,87,0,0,0,0,0,0,0,0,0,0,0,0,0,0,0,0,0,0,0,100,100,0,0,0,0,-3,4,0,0,130,0,21,4,-1,2,1
257,tank4_scout_89,0,2,1055,0,0,16,0,0,0,8355,236,98,88,0,0,0,0,0,0,0,0,0,0,0,0,0,0,0,0,0,0,0,100,100,0,0,0,0,-3,4,0,0,130,0,21,4,-1,2,1
258,tank4_scout_89,0,2,1059,0,0,16,0,0,0,8395,237,98,88,0,0,0,0,0,0,0,0,0,0,0,0,0,0,0,0,0,0,0,100,100,0,0,0,0,-3,4,0,0,130,0,21,4,-1,2,1
259,tank4_scout_89,0,2,1063,0,0,16,0,0,0,8435,238,98,88,0,0,0,0,0,0,0,0,0,0,0,0,0,0,0,0,0,0,0,100,100,0,0,0,0,-3,4,0,0,130,0,21,4,-1,2,1
260,tank4_scout_89,0,2,1068,0,0,16,0,0,0,8475,239,98,89,0,0,0,0,0,0,0,0,0,0,0,0,0,0,0,0,0,0,0,100,100,0,0,0,0,-3,4,0,0,130,0,21,4,-1,2,1
261,tank4_scout_89,0,2,1072,0,0,16,0,0,0,8515,240,99,89,0,0,0,0,0,0,0,0,0,0,0,0,0,0,0,0,0,0,0,100,100,0,0,0,0,-3,4,0,0,130,0,21,4,-1,2,1
262,tank4_scout_89,0,2,1076,0,0,16,0,0,0,8555,241,99,90,0,0,0,0,0,0,0,0,0,0,0,0,0,0,0,0,0,0,0,100,100,0,0,0,0,-3,4,0,0,130,0,21,4,-1,2,1
263,tank4_scout_89,0,2,1081,0,0,16,0,0,0,8595,242,99,90,0,0,0,0,0,0,0,0,0,0,0,0,0,0,0,0,0,0,0,100,100,0,0,0,0,-3,4,0,0,130,0,21,4,-1,2,1
264,tank4_scout_89,0,2,1085,0,0,16,0,0,0,8635,243,99,90,0,0,0,0,0,0,0,0,0,0,0,0,0,0,0,0,0,0,0,100,100,0,0,0,0,-3,4,0,0,130,0,21,4,-1,2,1
265,tank4_scout_89,0,2,1089,0,0,16,0,0,0,8675,244,99,91,0,0,0,0,0,0,0,0,0,0,0,0,0,0,0,0,0,0,0,100,100,0,0,0,0,-3,4,0,0,130,0,21,4,-1,2,1
266,tank4_scout_89,0,2,1094,0,0,16,0,0,0,8715,245,100,91,0,0,0,0,0,0,0,0,0,0,0,0,0,0,0,0,0,0,0,100,100,0,0,0,0,-3,4,0,0,130,0,21,4,-1,2,1
267,tank4_scout_89,0,2,1098,0,0,16,0,0,0,8755,246,100,91,0,0,0,0,0,0,0,0,0,0,0,0,0,0,0,0,0,0,0,100,100,0,0,0,0,-3,4,0,0,130,0,21,4,-1,2,1
268,tank4_scout_89,0,2,1102,0,0,16,0,0,0,8795,247,100,92,0,0,0,0,0,0,0,0,0,0,0,0,0,0,0,0,0,0,0,100,100,0,0,0,0,-3,4,0,0,130,0,21,4,-1,2,1
269,tank4_scout_89,0,2,1107,0,0,16,0,0,0,8835,248,100,92,0,0,0,0,0,0,0,0,0,0,0,0,0,0,0,0,0,0,0,100,100,0,0,0,0,-3,4,0,0,130,0,21,4,-1,2,1
270,tank4_scout_89,0,2,1111,0,0,16,0,0,3,8875,249,100,93,0,0,1,0,0,0,0,0,0,0,0,0,0,0,0,0,0,0,0,100,100,0,0,0,0,-3,4,1,1,89,185,50,4,2,2,14
271,tank4_scout_89,0,2,1115,0,0,15,0,0,0,8915,250,100,93,0,0,7,0,0,0,0,0,0,0,0,0,0,0,0,0,0,0,0,100,100,0,0,0,0,-3,4,1,1,89,185,50,4,2,2,14
272,tank4_scout_89,0,2,1119,0,0,14,0,0,0,8955,251,100,93,0,0,12,0,0,0,0,0,0,0,0,0,0,0,0,0,0,0,0,100,100,0,0,0,0,-3,4,1,1,89,185,50,4,2,2,14
273,tank4_scout_89,0,2,1122,0,0,13,0,0,0,8995,252,100,94,0,0,17,0,0,0,0,0,0,0,0,0,0,0,0,0,0,0,0,100,100,0,0,0,0,-3,4,1,1,89,185,50,4,2,2,14
274,tank4_scout_89,0,2,1126,0,0,12,0,0,0,8995,252,100,94,0,0,22,0,0,0,0,0,0,0,0,0,0,0,0,0,0,0,0,100,100,0,0,0,0,-3,4,1,1,89,185,50,4,2,2,14
275,tank4_scout_89,0,2,1129,0,0,11,0,0,0,8995,252,100,94,0,0,27,0,0,0,0,0,0,0,0,0,0,0,0,0,0,0,0,100,100,0,0,0,0,-3,4,1,1,89,185,50,4,2,2,14
276,tank4_scout_89,0,2,1132,0,0,10,0,0,0,8995,252,100,94,0,0,31,0,0,0,0,0,0,0,0,0,0,0,0,0,0,0,0,100,100,0,0,0,0,-3,4,1,1,89,185,50,4,2,2,14
277,tank4_scout_89,0,2,1135,0,0,10,0,0,0,8995,252,100,94,0,0,35,0,0,0,0,0,0,0,0,0,0,0,0,0,0,0,0,100,100,0,0,0,0,-3,4,1,1,89,185,50,4,2,2,14
278,tank4_scout_89,0,2,1137,0,0,9,0,0,0,8995,252,100,94,0,0,38,0,0,0,0,0,0,0,0,0,0,0,0,0,0,0,0,100,100,0,0,0,0,-3,4,1,1,89,185,50,4,2,2,14
279,tank4_scout_89,0,2,1140,0,0,9,0,0,0,8995,252,100,94,0,0,42,0,0,0,0,0,0,0,0,0,0,0,0,0,0,0,0,100,100,0,0,0,0,-3,4,1,1,89,185,50,4,2,2,14
280,tank4_scout_89,0,2,1142,0,0,8,0,0,0,8995,252,100,94,0,0,45,0,0,0,0,0,0,0,0,0,0,0,0,0,0,0,0,100,100,0,0,0,0,-3,4,1,1,89,185,50,4,2,2,14
281,tank4_scout_89,0,2,1144,0,0,7,0,0,0,8995,252,100,94,0,0,48,0,0,0,0,0,0,0,0,0,0,0,0,0,0,0,0,100,100,0,0,0,0,-3,4,1,1,89,185,50,4,2,2,14
282,tank4_scout_89,0,2,1146,0,0,7,0,0,0,8995,252,100,94,0,0,51,0,0,0,0,0,0,0,0,0,0,0,0,0,0,0,0,100,100,0,0,0,0,-3,4,1,1,89,185,50,4,2,2,14
283,tank4_scout_89,0,2,1148,0,0,6,0,0,0,8995,252,100,94,0,0,54,0,0,0,0,0,0,0,0,0,0,0,0,0,0,0,0,100,100,0,0,0,0,-3,4,1,1,89,185,50,4,2,2,14
284,tank4_scout_89,0,2,1150,0,0,6,0,0,0,8995,252,100,94,0,0,56,0,0,0,0,0,0,0,0,0,0,0,0,0,0,0,0,100,100,0,0,0,0,-3,4,1,1,89,185,50,4,2,2,14
285,tank4_scout_89,0,2,1151,0,0,6,0,0,0,8995,252,100,94,0,0,59,0,0,0,0,0,0,0,0,0,0,0,0,0,0,0,0,100,100,0,0,0,0,-3,4,1,1,89,185,50,4,2,2,14
286,tank4_scout_89,0,2,1153,0,0,5,0,0,0,8995,252,100,94,0,0,61,0,0,0,0,0,0,0,0,0,0,0,0,0,0,0,0,100,100,0,0,0,0,-3,4,1,1,89,185,50,4,2,2,14
287,tank4_scout_89,0,2,1154,0,0,5,0,0,0,8995,252,100,94,0,0,63,0,0,0,0,0,0,0,0,0,0,0,0,0,0,0,0,100,100,0,0,0,0,-3,4,1,1,89,185,50,4,2,2,14
288,tank4_scout_89,0,2,1155,0,0,5,0,0,0,8995,252,100,94,0,0,65,0,0,0,0,0,0,0,0,0,0,0,0,0,0,0,0,100,100,0,0,0,0,-3,4,1,1,89,185,50,4,2,2,14
289,tank4_scout_89,0,2,1157,0,0,4,0,0,0,8995,252,100,94,0,0,67,0,0,0,0,0,0,0,0,0,0,0,0,0,0,0,0,100,100,0,0,0,0,-3,4,1,1,89,185,50,4,2,2,14
290,tank4_scout_89,0,2,1158,0,0,4,0,0,0,8995,252,100,94,0,0,68,0,0,0,0,0,0,0,0,0,0,0,0,0,0,0,0,100,100,0,0,0,0,-3,4,1,1,89,185,50,4,2,2,14
291,tank4_scout_89,0,2,1159,0,0,4,0,0,0,8995,252,100,94,0,0,70,0,0,0,0,0,0,0,0,0,0,0,0,0,0,0,0,100,100,0,0,0,0,-3,4,1,1,89,185,50,4,2,2,14
292,tank4_scout_89,0,2,1160,0,0,3,0,0,0,8995,252,100,94,0,0,72,0,0,0,0,0,0,0,0,0,0,0,0,0,0,0,0,100,100,0,0,0,0,-3,4,1,1,89,185,50,4,2,2,14
293,tank4_scout_89,0,2,1161,0,0,3,0,0,0,8995,252,100,94,0,0,73,0,0,0,0,0,0,0,0,0,0,0,0,0,0,0,0,100,100,0,0,0,0,-3,4,1,1,89,185,50,4,2,2,14
294,tank4_scout_89,0,2,1162,0,0,3,0,0,0,8995,252,100,94,0,0,74,0,0,0,0,0,0,0,0,0,0,0,0,0,0,0,0,100,100,0,0,0,0,-3,4,1,1,89,185,50,4,2,2,14
295,tank4_scout_89,0,2,1163,0,0,3,0,0,0,8995,252,100,94,0,0,76,0,0,0,0,0,0,0,0,0,0,0,0,0,0,0,0,100,100,0,0,0,0,-3,4,1,1,89,185,50,4,2,2,14
296,tank4_scout_89,0,2,1164,0,0,2,0,0,0,8995,252,100,94,0,0,77,0,0,0,0,0,0,0,0,0,0,0,0,0,0,0,0,100,100,0,0,0,0,-3,4,1,1,89,185,50,4,2,2,14
297,tank4_scout_89,0,2,1164,0,0,2,0,0,0,8995,252,100,94,0,0,78,0,0,0,0,0,0,0,0,0,0,0,0,0,0,0,0,100,100,0,0,0,0,-3,4,1,1,89,185,50,4,2,2,14
298,tank4_scout_89,0,2,1165,0,0,2,0,0,0,8995,252,100,94,0,0,79,0,0,0,0,0,0,0,0,0,0,0,0,0,0,0,0,100,100,0,0,0,0,-3,4,1,1,89,185,50,4,2,2,14
299,tank4_scout_89,0,2,1166,0,0,2,0,0,0,8995,252,100,94,0,0,80,0,0,0,0,0,0,0,0,0,0,0,0,0,0,0,0,100,100,0,0,0,0,-3,4,1,1,89,185,50,4,2,2,14
300,tank4_scout_89,0,2,1166,0,0,2,0,0,0,8995,252,100,94,0,0,81,0,0,0,0,0,0,0,0,0,0,0,0,0,0,0,0,100,100,0,0,0,0,-3,4,1,1,89,185,50,4,2,2,14
301,tank4_scout_89,0,2,1167,0,0,2,0,0,0,8995,252,100,94,0,0,82,0,0,0,0,0,0,0,0,0,0,0,0,0,0,0,0,100,100,0,0,0,0,-3,4,1,1,89,185,50,4,2,2,14
302,tank4_scout_89,0,2,1167,0,0,2,0,0,0,8995,252,100,94,0,0,82,0,0,0,0,0,0,0,0,0,0,0,0,0,0,0,0,100,100,0,0,0,0,-3,4,1,1,89,185,50,4,2,2,14
303,tank4_scout_89,0,2,1168,0,0,1,0,0,0,8995,252,100,94,0,0,83,0,0,0,0,0,0,0,0,0,0,0,0,0,0,0,0,100,100,0,0,0,0,-3,4,1,1,89,185,50,4,2,2,14
304,tank4_scout_89,0,2,1168,0,0,1,0,0,0,8995,252,100,94,0,0,84,0,0,0,0,0,0,0,0,0,0,0,0,0,0,0,0,100,100,0,0,0,0,-3,4,1,1,89,185,50,4,2,2,14
305,tank4_scout_89,0,2,1169,0,0,1,0,0,0,8995,252,100,94,0,0,84,0,0,0,0,0,0,0,0,0,0,0,0,0,0,0,0,100,100,0,0,0,0,-3,4,1,1,89,185,50,4,2,2,14
306,tank4_scout_89,0,2,1169,0,0,1,0,0,0,8995,252,100,94,0,0,85,0,0,0,0,0,0,0,0,0,0,0,0,0,0,0,0,100,100,0,0,0,0,-3,4,1,1,89,185,50,4,2,2,14
307,tank4_scout_89,0,2,1170,0,0,1,0,0,0,8995,252,100,94,0,0,86,0,0,0,0,0,0,0,0,0,0,0,0,0,0,0,0,100,100,0,0,0,0,-3,4,1,1,89,185,50,4,2,2,14
308,tank4_scout_89,0,2,1170,0,0,1,0,0,0,8995,252,100,94,0,0,86,0,0,0,0,0,0,0,0,0,0,0,0,0,0,0,0,100,100,0,0,0,0,-3,4,1,1,89,185,50,4,2,2,14
309,tank4_scout_89,0,2,1170,0,0,1,0,0,0,8995,252,100,94,0,0,87,0,0,0,0,0,0,0,0,0,0,0,0,0,0,0,0,100,100,0,0,0,0,-3,4,1,1,89,185,50,4,2,2,14
310,tank4_scout_89,0,2,1171,0,0,1,0,0,0,8995,252,100,94,0,0,87,0,0,0,0,0,0,0,0,0,0,0,0,0,0,0,0,100,100,0,0,0,0,-3,4,1,1,89,185,50,4,2,2,14
311,tank4_scout_89,0,2,1171,0,0,1,0,0,0,8995,252,100,94,0,0,88,0,0,0,0,0,0,0,0,0,0,0,0,0,0,0,0,100,100,0,0,0,0,-3,4,1,1,89,185,50,4,2,2,14
312,tank4_scout_89,0,2,1171,0,0,1,0,0,0,8995,252,100,94,0,0,88,0,0,0,0,0,0,0,0,0,0,0,0,0,0,0,0,100,100,0,0,0,0,-3,4,1,1,89,185,50,4,2,2,14
313,tank4_scout_89,0,2,1171,0,0,0,0,0,0,8995,252,100,94,0,0,88,0,0,0,0,0,0,0,0,0,0,0,0,0,0,0,0,100,100,0,0,0,0,-3,4,1,1,89,185,50,4,2,2,14
314,tank4_scout_89,0,2,1172,0,0,0,0,0,0,8995,252,100,94,0,0,89,0,0,0,0,0,0,0,0,0,0,0,0,0,0,0,0,100,100,0,0,0,0,-3,4,1,1,89,185,50,4,2,2,14
315,tank4_scout_89,0,2,1172,0,0,0,0,0,0,8995,252,100,94,0,0,89,0,0,0,0,0,0,0,0,0,0,0,0,0,0,0,0,100,100,0,0,0,0,-3,4,1,1,89,185,50,4,2,2,14
316,tank4_scout_89,0,2,1172,0,0,0,0,0,0,8995,252,100,94,0,0,89,0,0,0,0,0,0,0,0,0,0,0,0,0,0,0,0,100,100,0,0,0,0,-3,4,1,1,89,185,50,4,2,2,14
317,tank4_scout_89,0,2,1172,0,0,0,0,0,0,8995,252,100,94,0,0,90,0,0,0,0,0,0,0,0,0,0,0,0,0,0,0,0,100,100,0,0,0,0,-3,4,1,1,89,185,50,4,2,2,14
318,tank4_scout_89,0,2,1173,0,0,0,0,0,0,8995,252,100,94,0,0,90,0,0,0,0,0,0,0,0,0,0,0,0,0,0,0,0,100,100,0,0,0,0,-3,4,1,1,89,185,50,4,2,2,14
319,tank4_scout_89,0,2,1173,0,0,0,0,0,0,8995,252,100,94,0,0,90,0,0,0,0,0,0,0,0,0,0,0,0,0,0,0,0,100,100,0,0,0,0,-3,4,1,1,89,185,50,4,2,2,14
320,tank4_scout_89,0,2,1173,0,0,0,0,0,0,8995,252,100,94,0,0,90,0,0,0,0,0,0,0,0,0,0,0,0,0,0,0,0,100,100,0,0,0,0,-3,4,1,1,89,185,50,4,2,2,14
321,tank4_scout_89,0,2,1173,0,0,0,0,0,0,8995,252,100,94,0,0,91,0,0,0,0,0,0,0,0,0,0,0,0,0,0,0,0,100,100,0,0,0,0,-3,4,1,1,89,185,50,4,2,2,14
322,tank4_scout_89,0,2,1173,0,0,0,0,0,0,8995,252,100,94,0,0,91,0,0,0,0,0,0,0,0,0,0,0,0,0,0,0,0,100,100,0,0,0,0,-3,4,1,1,89,185,50,4,2,2,14
323,tank4_scout_89,0,2,1173,0,0,0,0,0,0,8995,252,100,94,0,0,91,0,0,0,0,0,0,0,0,0,0,0,0,0,0,0,0,100,100,0,0,0,0,-3,4,1,1,89,185,50,4,2,2,14
324,tank4_scout_89,0,2,1173,0,0,0,0,0,0,8995,252,100,94,0,0,91,0,0,0,0,0,0,0,0,0,0,0,0,0,0,0,0,100,100,0,0,0,0,-3,4,1,1,89,185,50,4,2,2,14
325,tank4_scout_89,0,2,1174,0,0,0,0,0,0,8995,252,100,94,0,0,91,0,0,0,0,0,0,0,0,0,0,0,0,0,0,0,0,100,100,0,0,0,0,-3,4,1,1,89,185,50,4,2,2,14
326,tank4_scout_89,0,2,1174,0,0,0,0,0,0,8995,252,100,94,0,0,92,0,0,0,0,0,0,0,0,0,0,0,0,0,0,0,0,100,100,0,0,0,0,-3,4,1,1,89,185,50,4,2,2,14
327,tank4_scout_89,0,2,1174,0,0,0,0,0,0,8995,252,100,94,0,0,92,0,0,0,0,0,0,0,0,0,0,0,0,0,0,0,0,100,100,0,0,0,0,-3,4,1,1,89,185,50,4,2,2,14
328,tank4_scout_89,0,2,1174,0,0,0,0,0,0,8995,252,100,94,0,0,92,0,0,0,0,0,0,0,0,0,0,0,0,0,0,0,0,100,100,0,0,0,0,-3,4,1,1,89,185,50,4,2,2,14
329,tank4_scout_89,0,2,1174,0,0,0,0,0,0,8995,252,100,94,0,0,92,0,0,0,0,0,0,0,0,0,0,0,0,0,0,0,0,100,100,0,0,0,0,-3,4,1,1,89,185,50,4,2,2,14
330,tank4_scout_89,0,2,1174,0,0,0,0,0,0,8995,252,100,94,0,0,92,0,0,0,0,0,0,0,0,0,0,0,0,0,0,0,0,100,100,0,0,0,0,-3,4,1,1,89,185,50,4,2,2,14
331,tank4_scout_89,0,2,1174,0,0,0,0,0,0,8995,252,100,94,0,0,92,0,0,0,0,0,0,0,0,0,0,0,0,0,0,0,0,100,100,0,0,0,0,-3,4,1,1,89,185,50,4,2,2,14
332,tank4_scout_89,0,2,1174,0,0,0,0,0,0,8995,252,100,94,0,0,92,0,0,0,0,0,0,0,0,0,0,0,0,0,0,0,0,100,100,0,0,0,0,-3,4,1,1,89,185,50,4,2,2,14
333,tank4_scout_89,0,2,1174,0,0,0,0,0,0,8995,252,100,94,0,0,93,0,0,0,0,0,0,0,0,0,0,0,0,0,0,0,0,100,100,0,0,0,0,-3,4,1,1,89,185,50,4,2,2,14
334,tank4_scout_89,0,2,1174,0,0,0,0,0,0,8995,252,100,94,0,0,93,0,0,0,0,0,0,0,0,0,0,0,0,0,0,0,0,100,100,0,0,0,0,-3,4,1,1,89,185,50,4,2,2,14
335,tank4_scout_89,0,2,1174,0,0,0,0,0,0,8995,252,100,94,0,0,93,0,0,0,0,0,0,0,0,0,0,0,0,0,0,0,0,100,100,0,0,0,0,-3,4,1,1,89,185,50,4,2,2,14
336,tank4_scout_89,0,2,1174,0,0,0,0,0,0,8995,252,100,94,0,0,93,0,0,0,0,0,0,0,0,0,0,0,0,0,0,0,0,100,100,0,0,0,0,-3,4,1,1,89,185,50,4,2,2,14
337,tank4_scout_89,0,2,1174,0,0,0,0,0,0,8995,0,100,94,0,0,93,0,0,0,0,0,0,0,0,0,0,0,0,0,0,0,0,100,100,0,0,0,0,-3,4,1,1,89,185,50,4,2,2,14
338,tank4_scout_89,0,2,1175,0,0,0,0,0,0,8995,0,100,94,0,0,93,0,0,0,0,0,0,0,0,0,0,0,0,0,0,0,0,100,100,0,0,0,0,-3,4,1,1,89,185,50,4,2,2,14
339,tank4_scout_89,0,2,1175,0,0,0,0,0,0,8995,0,100,94,0,0,93,0,0,0,0,0,0,0,0,0,0,0,0,0,0,0,0,100,100,0,0,0,0,-3,4,1,1,89,185,50,4,2,2,14
340,tank4_scout_89,0,2,1175,0,0,0,0,0,0,8995,0,100,94,0,0,93,0,0,0,0,0,0,0,0,0,0,0,0,0,0,0,0,100,100,0,0,0,0,-3,4,1,1,89,185,50,4,2,2,14
341,tank4_scout_89,0,2,1175,0,0,0,0,0,0,8995,0,100,94,0,0,93,0,0,0,0,0,0,0,0,0,0,0,0,0,0,0,0,100,100,0,0,0,0,-3,4,1,1,89,185,50,4,2,2,14
342,tank4_scout_89,0,2,1175,0,0,0,0,0,0,8995,0,100,94,0,0,93,0,0,0,0,0,0,0,0,0,0,0,0,0,0,0,0,100,100,0,0,0,0,-3,4,1,1,89,185,50,4,2,2,14
343,tank4_scout_89,0,2,1175,0,0,0,0,0,0,8995,0,100,94,0,0,93,0,0,0,0,0,0,0,0,0,0,0,0,0,0,0,0,100,100,0,0,0,0,-3,4,1,1,89,185,50,4,2,2,14
344,tank4_scout_89,0,2,1175,0,0,0,0,0,0,8995,0,100,94,0,0,93,0,0,0,0,0,0,0,0,0,0,0,0,0,0,0,0,100,100,0,0,0,0,-3,4,1,1,89,185,50,4,2,2,14
345,tank4_scout_89,0,2,1175,0,0,0,0,0,0,8995,0,100,94,0,0,93,0,0,0,0,0,0,0,0,0,0,0,0,0,0,0,0,100,100,0,0,0,0,-3,4,1,1,89,185,50,4,2,2,14
346,tank4_scout_89,0,2,1175,0,0,0,0,0,0,8995,0,100,94,0,0,93,0,0,0,0,0,0,0,0,0,0,0,0,0,0,0,0,100,100,0,0,0,0,-3,4,1,1,89,185,50,4,2,2,14
347,tank4_scout_89,0,2,1175,0,0,0,0,0,0,8995,0,100,94,0,0,94,0,0,0,0,0,0,0,0,0,0,0,0,0,0,0,0,100,100,0,0,0,0,-3,4,1,1,89,185,50,4,2,2,14
348,tank4_scout_89,0,2,1175,0,0,0,0,0,0,8995,0,100,94,0,0,94,0,0,0,0,0,0,0,0,0,0,0,0,0,0,0,0,100,100,0,0,0,0,-3,4,1,1,89,185,50,4,2,2,14
349,tank4_scout_89,0,2,1175,0,0,0,0,0,0,8995,0,100,94,0,0,94,0,0,0,0,0,0,0,0,0,0,0,0,0,0,0,0,100,100,0,0,0,0,-3,4,1,1,89,185,50,4,2,2,14
350,tank4_scout_89,0,2,1175,0,0,0,0,0,0,8995,0,100,94,0,0,94,0,0,0,0,0,0,0,0,0,0,0,0,0,0,0,0,100,100,0,0,0,0,-3,4,1,1,89,185,50,4,2,2,14
351,tank4_scout_89,0,2,1175,0,0,0,0,0,0,8995,0,100,94,0,0,94,0,0,0,0,0,0,0,0,0,0,0,0,0,0,0,0,100,100,0,0,0,0,-3,4,1,1,89,185,50,4,2,2,14
352,tank4_scout_89,0,2,1175,0,0,0,0,0,0,8995,0,100,94,0,0,94,0,0,0,0,0,0,0,0,0,0,0,0,0,0,0,0,100,100,0,0,0,0,-3,4,1,1,89,185,50,4,2,2,14
353,tank4_scout_89,0,2,1175,0,0,0,0,0,0,8995,0,100,94,0,0,94,0,0,0,0,0,0,0,0,0,0,0,0,0,0,0,0,100,100,0,0,0,0,-3,4,1,1,89,185,50,4,2,2,14
354,tank4_scout_89,0,2,1175,0,0,0,0,0,0,8995,0,100,94,0,0,94,0,0,0,0,0,0,0,0,0,0,0,0,0,0,0,0,100,100,0,0,0,0,-3,4,1,1,89,185,50,4,2,2,14
355,tank4_scout_89,0,2,1175,0,0,0,0,0,0,8995,0,100,94,0,0,94,0,0,0,0,0,0,0,0,0,0,0,0,0,0,0,0,100,100,0,0,0,0,-3,4,1,1,89,185,50,4,2,2,14
356,tank4_scout_89,0,2,1175,0,0,0,0,0,0,8995,0,100,94,0,0,94,0,0,0,0,0,0,0,0,0,0,0,0,0,0,0,0,100,100,0,0,0,0,-3,4,1,1,89,185,50,4,2,2,14
357,tank4_scout_89,0,2,1175,0,0,0,0,0,0,8995,0,100,94,0,0,94,0,0,0,0,0,0,0,0,0,0,0,0,0,0,0,0,100,100,0,0,0,0,-3,4,1,1,89,185,50,4,2,2,14
358,tank4_scout_89,0,2,1175,0,0,0,0,0,0,8995,0,100,94,0,0,94,0,0,0,0,0,0,0,0,0,0,0,0,0,0,0,0,100,100,0,0,0,0,-3,4,1,1,89,185,50,4,2,2,14
359,tank4_scout_89,0,2,1175,0,0,0,0,0,0,8995,0,100,94,0,0,94,0,0,0,0,0,0,0,0,0,0,0,0,0,0,0,0,100,100,0,0,0,0,-3,4,1,1,89,185,50,4,2,2,14
360,tank4_scout_89,0,2,1175,0,0,0,0,0,0,8995,0,100,94,0,0,94,0,0,0,0,0,0,0,0,0,0,0,0,0,0,0,0,100,100,0,0,0,0,-3,4,1,1,89,185,50,4,2,2,14
361,tank4_scout_89,0,2,1175,0,0,0,0,0,0,8995,0,100,94,0,0,94,0,0,0,0,0,0,0,0,0,0,0,0,0,0,0,0,100,100,0,0,0,0,-3,4,1,1,89,185,50,4,2,2,14
362,tank4_scout_89,0,2,1175,0,0,0,0,0,0,8995,0,100,94,0,0,94,0,0,0,0,0,0,0,0,0,0,0,0,0,0,0,0,100,100,0,0,0,0,-3,4,1,1,89,185,50,4,2,2,14
363,tank4_scout_89,0,2,1175,0,0,0,0,0,0,8995,0,100,94,0,0,94,0,0,0,0,0,0,0,0,0,0,0,0,0,0,0,0,100,100,0,0,0,0,-3,4,1,1,89,185,50,4,2,2,14
364,tank4_scout_89,0,2,1175,0,0,0,0,0,0,8995,0,100,94,0,0,94,0,0,0,0,0,0,0,0,0,0,0,0,0,0,0,0,100,100,0,0,0,0,-3,4,1,1,89,185,50,4,2,2,14
365,tank4_scout_89,0,2,1175,0,0,0,0,0,0,8995,0,100,94,0,0,94,0,0,0,0,0,0,0,0,0,0,0,0,0,0,0,0,100,100,0,0,0,0,-3,4,1,1,89,185,50,4,2,2,14
366,tank4_scout_89,0,2,1175,0,0,0,0,0,0,8995,0,100,94,0,0,94,0,0,0,0,0,0,0,0,0,0,0,0,0,0,0,0,100,100,0,0,0,0,-3,4,1,1,89,185,50,4,2,2,14
367,tank4_scout_89,0,2,1175,0,0,0,0,0,0,8995,0,100,94,0,0,94,0,0,0,0,0,0,0,0,0,0,0,0,0,0,0,0,100,100,0,0,0,0,-3,4,1,1,89,185,50,4,2,2,14
368,tank4_scout_89,0,2,1175,0,0,0,0,0,0,8995,0,100,94,0,0,94,0,0,0,0,0,0,0,0,0,0,0,0,0,0,0,0,100,100,0,0,0,0,-3,4,1,1,89,185,50,4,2,2,14
369,tank4_scout_89,0,2,1175,0,0,0,0,0,0,8995,0,100,94,0,0,94,0,0,0,0,0,0,0,0,0,0,0,0,0,0,0,0,100,100,0,0,0,0,-3,4,1,1,89,185,50,4,2,2,14
370,tank4_scout_89,0,2,1175,0,0,0,0,0,0,8995,0,100,94,0,0,94,0,0,0,0,0,0,0,0,0,0,0,0,0,0,0,0,100,100,0,0,0,0,-3,4,1,1,89,185,50,4,2,2,14
371,tank4_scout_89,0,2,1175,0,0,0,0,0,0,8995,0,100,94,0,0,94,0,0,0,0,0,0,0,0,0,0,0,0,0,0,0,0,100,100,0,0,0,0,-3,4,1,1,89,185,50,4,2,2,14
372,tank4_scout_89,0,2,1175,0,0,0,0,0,0,8995,0,100,94,0,0,94,0,0,0,0,0,0,0,0,0,0,0,0,0,0,0,0,100,100,0,0,0,0,-3,4,1,1,89,185,50,4,2,2,14
373,tank4_scout_89,0,2,1175,0,0,0,0,0,0,8995,0,100,94,0,0,94,0,0,0,0,0,0,0,0,0,0,0,0,0,0,0,0,100,100,0,0,0,0,-3,4,1,1,89,185,50,4,2,2,14
374,tank4_scout_89,0,2,1175,0,0,0,0,0,0,8995,0,100,94,0,0,94,0,0,0,0,0,0,0,0,0,0,0,0,0,0,0,0,100,100,0,0,0,0,-3,4,1,1,89,185,50,4,2,2,14
375,tank4_scout_89,0,2,1175,0,0,0,0,0,0,8995,0,100,94,0,0,94,0,0,0,0,0,0,0,0,0,0,0,0,0,0,0,0,100,100,0,0,0,0,-3,4,1,1,89,185,50,4,2,2,14
376,tank4_scout_89,0,2,1175,0,0,0,0,0,0,8995,0,100,94,0,0,94,0,0,0,0,0,0,0,0,0,0,0,0,0,0,0,0,100,100,0,0,0,0,-3,4,1,1,89,185,50,4,2,2,14
377,tank4_scout_89,0,2,1175,0,0,0,0,0,0,8995,0,100,94,0,0,94,0,0,0,0,0,0,0,0,0,0,0,0,0,0,0,0,100,100,0,0,0,0,-3,4,1,1,89,185,50,4,2,2,14
378,tank4_scout_89,0,2,1175,0,0,0,0,0,0,8995,0,100,94,0,0,94,0,0,0,0,0,0,0,0,0,0,0,0,0,0,0,0,100,100,0,0,0,0,-3,4,1,1,89,185,50,4,2,2,14
379,tank4_scout_89,0,2,1175,0,0,0,0,0,0,8995,0,100,94,0,0,94,0,0,0,0,0,0,0,0,0,0,0,0,0,0,0,0,100,100,0,0,0,0,-3,4,1,1,89,185,50,4,2,2,14
380,tank4_scout_89,0,2,1175,0,0,0,0,0,0,8995,0,100,94,0,0,94,0,0,0,0,0,0,0,0,0,0,0,0,0,0,0,0,100,100,0,0,0,0,-3,4,1,1,89,185,50,4,2,2,14
381,tank4_scout_89,0,2,1175,0,0,0,0,0,0,8995,0,100,94,0,0,94,0,0,0,0,0,0,0,0,0,0,0,0,0,0,0,0,100,100,0,0,0,0,-3,4,1,1,89,185,50,4,2,2,14
382,tank4_scout_89,0,2,1175,0,0,0,0,0,0,8995,0,100,94,0,0,94,0,0,0,0,0,0,0,0,0,0,0,0,0,0,0,0,100,100,0,0,0,0,-3,4,1,1,89,185,50,4,2,2,14
383,tank4_scout_89,0,2,1175,0,0,0,0,0,0,8995,0,100,94,0,0,94,0,0,0,0,0,0,0,0,0,0,0,0,0,0,0,0,100,100,0,0,0,0,-3,4,1,1,89,185,50,4,2,2,14
384,tank4_scout_89,0,2,1175,0,0,0,0,0,0,8995,0,100,94,0,0,94,0,0,0,0,0,0,0,0,0,0,0,0,0,0,0,0,100,100,0,0,0,0,-3,4,1,1,89,185,50,4,2,2,14
385,tank4_scout_89,0,2,1175,0,0,0,0,0,0,8995,0,100,94,0,0,94,0,0,0,0,0,0,0,0,0,0,0,0,0,0,0,0,100,100,0,0,0,0,-3,4,1,1,89,185,50,4,2,2,14
386,tank4_scout_89,0,2,1175,0,0,0,0,0,0,8995,0,100,94,0,0,94,0,0,0,0,0,0,0,0,0,0,0,0,0,0,0,0,100,100,0,0,0,0,-3,4,1,1,89,185,50,4,2,2,14
387,tank4_scout_89,0,2,1175,0,0,0,0,0,0,8995,0,100,94,0,0,94,0,0,0,0,0,0,0,0,0,0,0,0,0,0,0,0,100,100,0,0,0,0,-3,4,1,1,89,185,50,4,2,2,14
388,tank4_scout_89,0,2,1175,0,0,0,0,0,0,8995,0,100,94,0,0,94,0,0,0,0,0,0,0,0,0,0,0,0,0,0,0,0,100,100,0,0,0,0,-3,4,1,1,89,185,50,4,2,2,14
389,tank4_scout_89,0,2,1175,0,0,0,0,0,0,8995,0,100,94,0,0,94,0,0,0,0,0,0,0,0,0,0,0,0,0,0,0,0,100,100,0,0,0,0,-3,4,1,1,89,185,50,4,2,2,14
390,tank4_scout_89,0,2,1175,0,0,0,0,0,0,8995,0,100,94,0,0,94,0,0,0,0,0,0,0,0,0,0,0,0,0,0,0,0,100,100,0,0,0,0,-3,4,1,1,89,185,50,4,2,2,14
391,tank4_scout_89,0,2,1175,0,0,0,0,0,0,8995,0,100,94,0,0,94,0,0,0,0,0,0,0,0,0,0,0,0,0,0,0,0,100,100,0,0,0,0,-3,4,1,1,89,185,50,4,2,2,14
392,tank4_scout_89,0,2,1175,0,0,0,0,0,0,8995,0,100,94,0,0,94,0,0,0,0,0,0,0,0,0,0,0,0,0,0,0,0,100,100,0,0,0,0,-3,4,1,1,89,185,50,4,2,2,14
393,tank4_scout_89,0,2,1175,0,0,0,0,0,0,8995,0,100,94,0,0,94,0,0,0,0,0,0,0,0,0,0,0,0,0,0,0,0,100,100,0,0,0,0,-3,4,1,1,89,185,50,4,2,2,14
394,tank4_scout_89,0,2,1175,0,0,0,0,0,0,8995,0,100,94,0,0,94,0,0,0,0,0,0,0,0,0,0,0,0,0,0,0,0,100,100,0,0,0,0,-3,4,1,1,89,185,50,4,2,2,14
395,tank4_scout_89,0,2,1175,0,0,0,0,0,0,8995,0,100,94,0,0,94,0,0,0,0,0,0,0,0,0,0,0,0,0,0,0,0,100,100,0,0,0,0,-3,4,1,1,89,185,50,4,2,2,14
396,tank4_scout_89,0,2,1175,0,0,0,0,0,0,8995,0,100,94,0,0,94,0,0,0,0,0,0,0,0,0,0,0,0,0,0,0,0,100,100,0,0,0,0,-3,4,1,1,89,185,50,4,2,2,14
397,tank4_scout_89,0,2,1175,0,0,0,0,0,0,8995,0,100,94,0,0,94,0,0,0,0,0,0,0,0,0,0,0,0,0,0,0,0,100,100,0,0,0,0,-3,4,1,1,89,185,50,4,2,2,14
398,tank4_scout_89,0,2,1175,0,0,0,0,0,0,8995,0,100,94,0,0,94,0,0,0,0,0,0,0,0,0,0,0,0,0,0,0,0,100,100,0,0,0,0,-3,4,1,1,89,185,50,4,2,2,14
399,tank4_scout_89,0,2,1175,0,0,0,0,0,0,8995,0,100,94,0,0,94,0,0,0,0,0,0,0,0,0,0,0,0,0,0,0,0,100,100,0,0,0,0,-3,4,1,1,89,185,50,4,2,2,14
400,tank4_scout_89,0,2,1175,0,0,0,0,0,0,8995,0,100,94,0,0,94,0,0,0,0,0,0,0,0,0,0,0,0,0,0,0,0,100,100,0,0,0,0,-3,4,1,1,89,185,50,4,2,2,14
401,tank4_scout_89,0,2,1175,0,0,0,0,0,0,8995,0,100,94,0,0,94,0,0,0,0,0,0,0,0,0,0,0,0,0,0,0,0,100,100,0,0,0,0,-3,4,1,1,89,185,50,4,2,2,14
402,tank4_scout_89,0,2,1175,0,0,0,0,0,0,8995,0,100,94,0,0,94,0,0,0,0,0,0,0,0,0,0,0,0,0,0,0,0,100,100,0,0,0,0,-3,4,1,1,89,185,50,4,2,2,14
403,tank4_scout_89,0,2,1175,0,0,0,0,0,0,8995,0,100,94,0,0,94,0,0,0,0,0,0,0,0,0,0,0,0,0,0,0,0,100,100,0,0,0,0,-3,4,1,1,89,185,50,4,2,2,14
404,tank4_scout_89,0,2,1175,0,0,0,0,0,0,8995,0,100,94,0,0,94,0,0,0,0,0,0,0,0,0,0,0,0,0,0,0,0,100,100,0,0,0,0,-3,4,1,1,89,185,50,4,2,2,14
405,tank4_scout_89,0,2,1175,0,0,0,0,0,0,8995,0,100,94,0,0,94,0,0,0,0,0,0,0,0,0,0,0,0,0,0,0,0,100,100,0,0,0,0,-3,4,1,1,89,185,50,4,2,2,14
406,tank4_scout_89,0,2,1175,0,0,0,0,0,0,8995,0,100,94,0,0,94,0,0,0,0,0,0,0,0,0,0,0,0,0,0,0,0,100,100,0,0,0,0,-3,4,1,1,89,185,50,4,2,2,14
407,tank4_scout_89,0,2,1175,0,0,0,0,0,0,8995,0,100,94,0,0,94,0,0,0,0,0,0,0,0,0,0,0,0,0,0,0,0,100,100,0,0,0,0,-3,4,1,1,89,185,50,4,2,2,14
408,tank4_scout_89,0,2,1175,0,0,0,0,0,0,8995,0,100,94,0,0,94,0,0,0,0,0,0,0,0,0,0,0,0,0,0,0,0,100,100,0,0,0,0,-3,4,1,1,89,185,50,4,2,2,14
409,tank4_scout_89,0,2,1175,0,0,0,0,0,0,8995,0,100,94,0,0,94,0,0,0,0,0,0,0,0,0,0,0,0,0,0,0,0,100,100,0,0,0,0,-3,4,1,1,89,185,50,4,2,2,14
410,tank4_scout_89,0,2,1175,0,0,0,0,0,0,8995,0,100,94,0,0,94,0,0,0,0,0,0,0,0,0,0,0,0,0,0,0,0,100,100,0,0,0,0,-3,4,1,1,89,185,50,4,2,2,14
411,tank4_scout_89,0,2,1175,0,0,0,0,0,0,8995,0,100,94,0,0,94,0,0,0,0,0,0,0,0,0,0,0,0,0,0,0,0,100,100,0,0,0,0,-3,4,1,1,89,185,50,4,2,2,14
412,tank4_scout_89,0,2,1175,0,0,0,0,0,0,8995,0,100,94,0,0,94,0,0,0,0,0,0,0,0,0,0,0,0,0,0,0,0,100,100,0,0,0,0,-3,4,1,1,89,185,50,4,2,2,14
413,tank4_scout_89,0,2,1175,0,0,0,0,0,0,8995,0,100,94,0,0,94,0,0,0,0,0,0,0,0,0,0,0,0,0,0,0,0,100,100,0,0,0,0,-3,4,1,1,89,185,50,4,2,2,14
414,tank4_scout_89,0,2,1175,0,0,0,0,0,0,8995,0,100,94,0,0,94,0,0,0,0,0,0,0,0,0,0,0,0,0,0,0,0,100,100,0,0,0,0,-3,4,1,1,89,185,50,4,2,2,14
415,tank4_scout_89,0,2,1175,0,0,0,0,0,0,8995,0,100,94,0,0,94,0,0,0,0,0,0,0,0,0,0,0,0,0,0,0,0,100,100,0,0,0,0,-3,4,1,1,89,185,50,4,2,2,14
416,tank4_scout_89,0,2,1175,0,0,0,0,0,0,8995,0,100,94,0,0,94,0,0,0,0,0,0,0,0,0,0,0,0,0,0,0,0,100,100,0,0,0,0,-3,4,1,1,89,185,50,4,2,2,14
417,tank4_scout_89,0,2,1175,0,0,0,0,0,0,8995,0,100,94,0,0,94,0,0,0,0,0,0,0,0,0,0,0,0,0,0,0,0,100,100,0,0,0,0,-3,4,1,1,89,185,50,4,2,2,14
418,tank4_scout_89,0,2,1175,0,0,0,0,0,0,8995,0,100,94,0,0,94,0,0,0,0,0,0,0,0,0,0,0,0,0,0,0,0,100,100,0,0,0,0,-3,4,1,1,89,185,50,4,2,2,14
419,tank4_scout_89,0,2,1175,0,0,0,0,0,0,8995,0,100,94,0,0,94,0,0,0,0,0,0,0,0,0,0,0,0,0,0,0,0,100,100,0,0,0,0,-3,4,1,1,89,185,50,4,2,2,14
420,tank4_scout_89,0,2,1175,0,0,0,0,0,0,8995,0,100,94,0,0,94,0,0,0,0,0,0,0,0,0,0,0,0,0,0,0,0,100,100,0,0,0,0,-3,4,1,1,89,185,50,4,2,2,14
421,tank4_scout_89,0,2,1175,0,0,0,0,0,0,8995,0,100,94,0,0,94,0,0,0,0,0,0,0,0,0,0,0,0,0,0,0,0,100,100,0,0,0,0,-3,4,1,1,89,185,50,4,2,2,14
422,tank4_scout_89,0,2,1175,0,0,0,0,0,0,8995,0,100,94,0,0,94,0,0,0,0,0,0,0,0,0,0,0,0,0,0,0,0,100,100,0,0,0,0,-3,4,1,1,89,185,50,4,2,2,14
423,tank4_scout_89,0,2,1175,0,0,0,0,0,0,8995,0,100,94,0,0,94,0,0,0,0,0,0,0,0,0,0,0,0,0,0,0,0,100,100,0,0,0,0,-3,4,1,1,89,185,50,4,2,2,14
424,tank4_scout_89,0,2,1175,0,0,0,0,0,0,8995,0,100,94,0,0,94,0,0,0,0,0,0,0,0,0,0,0,0,0,0,0,0,100,100,0,0,0,0,-3,4,1,1,89,185,50,4,2,2,14
425,tank4_scout_89,0,2,1175,0,0,0,0,0,0,8995,0,100,94,0,0,94,0,0,0,0,0,0,0,0,0,0,0,0,0,0,0,0,100,100,0,0,0,0,-3,4,1,1,89,185,50,4,2,2,14
426,tank4_scout_89,0,2,1175,0,0,0,0,0,0,8995,0,100,94,0,0,94,0,0,0,0,0,0,0,0,0,0,0,0,0,0,0,0,100,100,0,0,0,0,-3,4,1,1,89,185,50,4,2,2,14
427,tank4_scout_89,0,2,1175,0,0,0,0,0,0,8995,0,100,94,0,0,94,0,0,0,0,0,0,0,0,0,0,0,0,0,0,0,0,100,100,0,0,0,0,-3,4,1,1,89,185,50,4,2,2,14
428,tank4_scout_89,0,2,1175,0,0,0,0,0,0,8995,0,100,94,0,0,94,0,0,0,0,0,0,0,0,0,0,0,0,0,0,0,0,100,100,0,0,0,0,-3,4,1,1,89,185,50,4,2,2,14
429,tank4_scout_89,0,2,1175,0,0,0,0,0,0,8995,0,100,94,0,0,94,0,0,0,0,0,0,0,0,0,0,0,0,0,0,0,0,100,100,0,0,0,0,-3,4,1,1,89,185,50,4,2,2,14
430,tank4_scout_89,0,2,1175,0,0,0,0,0,0,8995,0,100,94,0,0,94,0,0,0,0,0,0,0,0,0,0,0,0,0,0,0,0,100,100,0,0,0,0,-3,4,1,1,89,185,50,4,2,2,14
431,tank4_scout_89,0,2,1175,0,0,0,0,0,0,8995,0,100,94,0,0,94,0,0,0,0,0,0,0,0,0,0,0,0,0,0,0,0,100,100,0,0,0,0,-3,4,1,1,89,185,50,4,2,2,14
432,tank4_scout_89,0,2,1175,0,0,0,0,0,0,8995,0,100,94,0,0,94,0,0,0,0,0,0,0,0,0,0,0,0,0,0,0,0,100,100,0,0,0,0,-3,4,1,1,89,185,50,4,2,2,14
433,tank4_scout_89,0,2,1175,0,0,0,0,0,0,8995,0,100,94,0,0,94,0,0,0,0,0,0,0,0,0,0,0,0,0,0,0,0,100,100,0,0,0,0,-3,4,1,1,89,185,50,4,2,2,14
434,tank4_scout_89,0,2,1175,0,0,0,0,0,0,8995,0,100,94,0,0,94,0,0,0,0,0,0,0,0,0,0,0,0,0,0,0,0,100,100,0,0,0,0,-3,4,1,1,89,185,50,4,2,2,14
435,tank4_scout_89,0,2,1175,0,0,0,0,0,0,8995,0,100,94,0,0,94,0,0,0,0,0,0,0,0,0,0,0,0,0,0,0,0,100,100,0,0,0,0,-3,4,1,1,89,185,50,4,2,2,14
436,tank4_scout_89,0,2,1175,0,0,0,0,0,0,8995,0,100,94,0,0,94,0,0,0,0,0,0,0,0,0,0,0,0,0,0,0,0,100,100,0,0,0,0,-3,4,1,1,89,185,50,4,2,2,14
437,tank4_scout_89,0,2,1175,0,0,0,0,0,0,8995,0,100,94,0,0,94,0,0,0,0,0,0,0,0,0,0,0,0,0,0,0,0,100,100,0,0,0,0,-3,4,1,1,89,185,50,4,2,2,14
438,tank4_scout_89,0,2,1175,0,0,0,0,0,0,8995,0,100,94,0,0,94,0,0,0,0,0,0,0,0,0,0,0,0,0,0,0,0,100,100,0,0,0,0,-3,4,1,1,89,185,50,4,2,2,14
439,tank4_scout_89,0,2,1175,0,0,0,0,0,0,8995,0,100,94,0,0,94,0,0,0,0,0,0,0,0,0,0,0,0,0,0,0,0,100,100,0,0,0,0,-3,4,1,1,89,185,50,4,2,2,14
440,tank4_scout_89,0,2,1175,0,0,0,0,0,0,8995,0,100,94,0,0,94,0,0,0,0,0,0,0,0,0,0,0,0,0,0,0,0,100,100,0,0,0,0,-3,4,1,1,89,185,50,4,2,2,14
441,tank4_scout_89,0,2,1175,0,0,0,0,0,0,8995,0,100,94,0,0,94,0,0,0,0,0,0,0,0,0,0,0,0,0,0,0,0,100,100,0,0,0,0,-3,4,1,1,89,185,50,4,2,2,14
442,tank4_scout_89,0,2,1175,0,0,0,0,0,0,8995,0,100,94,0,0,94,0,0,0,0,0,0,0,0,0,0,0,0,0,0,0,0,100,100,0,0,0,0,-3,4,1,1,89,185,50,4,2,2,14
443,tank4_scout_89,0,2,1175,0,0,0,0,0,0,8995,0,100,94,0,0,94,0,0,0,0,0,0,0,0,0,0,0,0,0,0,0,0,100,100,0,0,0,0,-3,4,1,1,89,185,50,4,2,2,14
444,tank4_scout_89,0,2,1175,0,0,0,0,0,0,8995,0,100,94,0,0,94,0,0,0,0,0,0,0,0,0,0,0,0,0,0,0,0,100,100,0,0,0,0,-3,4,1,1,89,185,50,4,2,2,14
445,tank4_scout_89,0,2,1175,0,0,0,0,0,0,8995,0,100,94,0,0,94,0,0,0,0,0,0,0,0,0,0,0,0,0,0,0,0,100,100,0,0,0,0,-3,4,1,1,89,185,50,4,2,2,14
446,tank4_scout_89,0,2,1175,0,0,0,0,0,0,8995,0,100,94,0,0,94,0,0,0,0,0,0,0,0,0,0,0,0,0,0,0,0,100,100,0,0,0,0,-3,4,1,1,89,185,50,4,2,2,14
447,tank4_scout_89,0,2,1175,0,0,0,0,0,0,8995,0,100,94,0,0,94,0,0,0,0,0,0,0,0,0,0,0,0,0,0,0,0,100,100,0,0,0,0,-3,4,1,1,89,185,50,4,2,2,14
448,tank4_scout_89,0,2,1175,0,0,0,0,0,0,8995,0,100,94,0,0,94,0,0,0,0,0,0,0,0,0,0,0,0,0,0,0,0,100,100,0,0,0,0,-3,4,1,1,89,185,50,4,2,2,14
449,tank4_scout_89,0,2,1175,0,0,0,0,0,0,8995,0,100,94,0,0,94,0,0,0,0,0,0,0,0,0,0,0,0,0,0,0,0,100,100,0,0,0,0,-3,4,1,1,89,185,50,4,2,2,14
450,tank4_scout_89,0,2,1175,0,0,0,0,0,0,8995,0,100,94,0,0,94,0,0,0,0,0,0,0,0,0,0,0,0,0,0,0,0,100,100,0,0,0,0,-3,4,1,1,89,185,50,4,2,2,14
451,tank4_scout_89,0,2,1175,0,0,0,0,0,0,8995,0,100,94,0,0,94,0,0,0,0,0,0,0,0,0,0,0,0,0,0,0,0,100,100,0,0,0,0,-3,4,1,1,89,185,50,4,2,2,14
452,tank4_scout_89,0,2,1175,0,0,0,0,0,0,8995,0,100,94,0,0,94,0,0,0,0,0,0,0,0,0,0,0,0,0,0,0,0,100,100,0,0,0,0,-3,4,1,1,89,185,50,4,2,2,14
453,tank4_scout_89,0,2,1175,0,0,0,0,0,0,8995,0,100,94,0,0,94,0,0,0,0,0,0,0,0,0,0,0,0,0,0,0,0,100,100,0,0,0,0,-3,4,1,1,89,185,50,4,2,2,14
454,tank4_scout_89,0,2,1175,0,0,0,0,0,0,8995,0,100,94,0,0,94,0,0,0,0,0,0,0,0,0,0,0,0,0,0,0,0,100,100,0,0,0,0,-3,4,1,1,89,185,50,4,2,2,14
455,tank4_scout_89,0,2,1175,0,0,0,0,0,0,8995,0,100,94,0,0,94,0,0,0,0,0,0,0,0,0,0,0,0,0,0,0,0,100,100,0,0,0,0,-3,4,1,1,89,185,50,4,2,2,14
456,tank4_scout_89,0,2,1175,0,0,0,0,0,0,8995,0,100,94,0,0,94,0,0,0,0,0,0,0,0,0,0,0,0,0,0,0,0,100,100,0,0,0,0,-3,4,1,1,89,185,50,4,2,2,14
457,tank4_scout_89,0,2,1175,0,0,0,0,0,0,8995,0,100,94,0,0,94,0,0,0,0,0,0,0,0,0,0,0,0,0,0,0,0,100,100,0,0,0,0,-3,4,1,1,89,185,50,4,2,2,14
458,tank4_scout_89,0,2,1175,0,0,0,0,0,0,8995,0,100,94,0,0,94,0,0,0,0,0,0,0,0,0,0,0,0,0,0,0,0,100,100,0,0,0,0,-3,4,1,1,89,185,50,4,2,2,14
459,tank4_scout_89,0,2,1175,0,0,0,0,0,0,8995,0,100,94,0,0,94,0,0,0,0,0,0,0,0,0,0,0,0,0,0,0,0,100,100,0,0,0,0,-3,4,1,1,89,185,50,4,2,2,14
460,tank4_scout_89,0,2,1175,0,0,0,0,0,0,8995,0,100,94,0,0,94,0,0,0,0,0,0,0,0,0,0,0,0,0,0,0,0,100,100,0,0,0,0,-3,4,1,1,89,185,50,4,2,2,14
461,tank4_scout_89,0,2,1175,0,0,0,0,0,0,8995,0,100,94,0,0,94,0,0,0,0,0,0,0,0,0,0,0,0,0,0,0,0,100,100,0,0,0,0,-3,4,1,1,89,185,50,4,2,2,14
462,tank4_scout_89,0,2,1175,0,0,0,0,0,0,8995,0,100,94,0,0,94,0,0,0,0,0,0,0,0,0,0,0,0,0,0,0,0,100,100,0,0,0,0,-3,4,1,1,89,185,50,4,2,2,14
463,tank4_scout_89,0,2,1175,0,0,0,0,0,0,8995,0,100,94,0,0,94,0,0,0,0,0,0,0,0,0,0,0,0,0,0,0,0,100,100,0,0,0,0,-3,4,1,1,89,185,50,4,2,2,14
464,tank4_scout_89,0,2,1175,0,0,0,0,0,0,8995,0,100,94,0,0,94,0,0,0,0,0,0,0,0,0,0,0,0,0,0,0,0,100,100,0,0,0,0,-3,4,1,1,89,185,50,4,2,2,14
465,tank4_scout_89,0,2,1175,0,0,0,0,0,0,8995,0,100,94,0,0,94,0,0,0,0,0,0,0,0,0,0,0,0,0,0,0,0,100,100,0,0,0,0,-3,4,1,1,89,185,50,4,2,2,14
466,tank4_scout_89,0,2,1175,0,0,0,0,0,0,8995,0,100,94,0,0,94,0,0,0,0,0,0,0,0,0,0,0,0,0,0,0,0,100,100,0,0,0,0,-3,4,1,1,89,185,50,4,2,2,14
467,tank4_scout_89,0,2,1175,0,0,0,0,0,0,8995,0,100,94,0,0,94,0,0,0,0,0,0,0,0,0,0,0,0,0,0,0,0,100,100,0,0,0,0,-3,4,1,1,89,185,50,4,2,2,14
468,tank4_scout_89,0,2,1175,0,0,0,0,0,0,8995,0,100,94,0,0,94,0,0,0,0,0,0,0,0,0,0,0,0,0,0,0,0,100,100,0,0,0,0,-3,4,1,1,89,185,50,4,2,2,14
469,tank4_scout_89,0,2,1175,0,0,0,0,0,0,8995,0,100,94,0,0,94,0,0,0,0,0,0,0,0,0,0,0,0,0,0,0,0,100,100,0,0,0,0,-3,4,1,1,89,185,50,4,2,2,14
470,tank4_scout_89,0,2,1175,0,0,0,0,0,0,8995,0,100,94,0,0,94,0,0,0,0,0,0,0,0,0,0,0,0,0,0,0,0,100,100,0,0,0,0,-3,4,1,1,89,185,50,4,2,2,14
471,tank4_scout_89,0,2,1175,0,0,0,0,0,0,8995,0,100,94,0,0,94,0,0,0,0,0,0,0,0,0,0,0,0,0,0,0,0,100,100,0,0,0,0,-3,4,1,1,89,185,50,4,2,2,14
472,tank4_scout_89,0,2,1175,0,0,0,0,0,0,8995,0,100,94,0,0,94,0,0,0,0,0,0,0,0,0,0,0,0,0,0,0,0,100,100,0,0,0,0,-3,4,1,1,89,185,50,4,2,2,14
473,tank4_scout_89,0,2,1175,0,0,0,0,0,0,8995,0,100,94,0,0,94,0,0,0,0,0,0,0,0,0,0,0,0,0,0,0,0,100,100,0,0,0,0,-3,4,1,1,89,185,50,4,2,2,14
474,tank4_scout_89,0,2,1175,0,0,0,0,0,0,8995,0,100,94,0,0,94,0,0,0,0,0,0,0,0,0,0,0,0,0,0,0,0,100,100,0,0,0,0,-3,4,1,1,89,185,50,4,2,2,14
475,tank4_scout_89,0,2,1175,0,0,0,0,0,0,8995,0,100,94,0,0,94,0,0,0,0,0,0,0,0,0,0,0,0,0,0,0,0,100,100,0,0,0,0,-3,4,1,1,89,185,50,4,2,2,14
476,tank4_scout_89,0,2,1175,0,0,0,0,0,0,8995,0,100,94,0,0,94,0,0,0,0,0,0,0,0,0,0,0,0,0,0,0,0,100,100,0,0,0,0,-3,4,1,1,89,185,50,4,2,2,14
477,tank4_scout_89,0,2,1175,0,0,0,0,0,0,8995,0,100,94,0,0,94,0,0,0,0,0,0,0,0,0,0,0,0,0,0,0,0,100,100,0,0,0,0,-3,4,1,1,89,185,50,4,2,2,14
478,tank4_scout_89,0,2,1175,0,0,0,0,0,0,8995,0,100,94,0,0,94,0,0,0,0,0,0,0,0,0,0,0,0,0,0,0,0,100,100,0,0,0,0,-3,4,1,1,89,185,50,4,2,2,14
479,tank4_scout_89,0,2,1175,0,0,0,0,0,0,8995,0,100,94,0,0,94,0,0,0,0,0,0,0,0,0,0,0,0,0,0,0,0,100,100,0,0,0,0,-3,4,1,1,89,185,50,4,2,2,14
480,tank4_scout_89,0,2,1175,0,0,0,0,0,0,8995,0,100,94,0,0,94,0,0,0,0,0,0,0,0,0,0,0,0,0,0,0,0,100,100,0,0,0,0,-3,4,1,1,89,185,50,4,2,2,14
481,tank4_scout_89,0,2,1175,0,0,0,0,0,0,8995,0,100,94,0,0,94,0,0,0,0,0,0,0,0,0,0,0,0,0,0,0,0,100,100,0,0,0,0,-3,4,1,1,89,185,50,4,2,2,14
482,tank4_scout_89,0,2,1175,0,0,0,0,0,0,8995,0,100,94,0,0,94,0,0,0,0,0,0,0,0,0,0,0,0,0,0,0,0,100,100,0,0,0,0,-3,4,1,1,89,185,50,4,2,2,14
483,tank4_scout_89,0,2,1175,0,0,0,0,0,0,8995,0,100,94,0,0,94,0,0,0,0,0,0,0,0,0,0,0,0,0,0,0,0,100,100,0,0,0,0,-3,4,1,1,89,185,50,4,2,2,14
484,tank4_scout_89,0,2,1175,0,0,0,0,0,0,8995,0,100,94,0,0,94,0,0,0,0,0,0,0,0,0,0,0,0,0,0,0,0,100,100,0,0,0,0,-3,4,1,1,89,185,50,4,2,2,14
485,tank4_scout_89,0,2,1175,0,0,0,0,0,0,8995,0,100,94,0,0,94,0,0,0,0,0,0,0,0,0,0,0,0,0,0,0,0,100,100,0,0,0,0,-3,4,1,1,89,185,50,4,2,2,14
486,tank4_scout_89,0,2,1175,0,0,0,0,0,0,8995,0,100,94,0,0,94,0,0,0,0,0,0,0,0,0,0,0,0,0,0,0,0,100,100,0,0,0,0,-3,4,1,1,89,185,50,4,2,2,14
487,tank4_scout_89,0,2,1175,0,0,0,0,0,0,8995,0,100,94,0,0,94,0,0,0,0,0,0,0,0,0,0,0,0,0,0,0,0,100,100,0,0,0,0,-3,4,1,1,89,185,50,4,2,2,14
488,tank4_scout_89,0,2,1175,0,0,0,0,0,0,8995,0,100,94,0,0,94,0,0,0,0,0,0,0,0,0,0,0,0,0,0,0,0,100,100,0,0,0,0,-3,4,1,1,89,185,50,4,2,2,14
489,tank4_scout_89,0,2,1175,0,0,0,0,0,0,8995,0,100,94,0,0,94,0,0,0,0,0,0,0,0,0,0,0,0,0,0,0,0,100,100,0,0,0,0,-3,4,1,1,89,185,50,4,2,2,14
490,tank4_scout_89,0,2,1175,0,0,0,0,0,0,8995,0,100,94,0,0,94,0,0,0,0,0,0,0,0,0,0,0,0,0,0,0,0,100,100,0,0,0,0,-3,4,1,1,89,185,50,4,2,2,14
491,tank4_scout_89,0,2,1175,0,0,0,0,0,0,8995,0,100,94,0,0,94,0,0,0,0,0,0,0,0,0,0,0,0,0,0,0,0,100,100,0,0,0,0,-3,4,1,1,89,185,50,4,2,2,14
492,tank4_scout_89,0,2,1175,0,0,0,0,0,0,8995,0,100,94,0,0,94,0,0,0,0,0,0,0,0,0,0,0,0,0,0,0,0,100,100,0,0,0,0,-3,4,1,1,89,185,50,4,2,2,14
493,tank4_scout_89,0,2,1175,0,0,0,0,0,0,8995,0,100,94,0,0,94,0,0,0,0,0,0,0,0,0,0,0,0,0,0,0,0,100,100,0,0,0,0,-3,4,1,1,89,185,50,4,2,2,14
494,tank4_scout_89,0,2,1175,0,0,0,0,0,0,8995,0,100,94,0,0,94,0,0,0,0,0,0,0,0,0,0,0,0,0,0,0,0,100,100,0,0,0,0,-3,4,1,1,89,185,50,4,2,2,14
495,tank4_scout_89,0,2,1175,0,0,0,0,0,0,8995,0,100,94,0,0,94,0,0,0,0,0,0,0,0,0,0,0,0,0,0,0,0,100,100,0,0,0,0,-3,4,1,1,89,185,50,4,2,2,14
496,tank4_scout_89,0,2,1175,0,0,0,0,0,0,8995,0,100,94,0,0,94,0,0,0,0,0,0,0,0,0,0,0,0,0,0,0,0,100,100,0,0,0,0,-3,4,1,1,89,185,50,4,2,2,14
497,tank4_scout_89,0,2,1175,0,0,0,0,0,0,8995,0,100,94,0,0,94,0,0,0,0,0,0,0,0,0,0,0,0,0,0,0,0,100,100,0,0,0,0,-3,4,1,1,89,185,50,4,2,2,14
498,tank4_scout_89,0,2,1175,0,0,0,0,0,0,8995,0,100,94,0,0,94,0,0,0,0,0,0,0,0,0,0,0,0,0,0,0,0,100,100,0,0,0,0,-3,4,1,1,89,185,50,4,2,2,14
499,tank4_scout_89,0,2,1175,0,0,0,0,0,0,8995,0,100,94,0,0,94,0,0,0,0,0,0,0,0,0,0,0,0,0,0,0,0,100,100,0,0,0,0,-3,4,1,1,89,185,50,4,2,2,14
500,tank4_scout_89,0,2,1175,0,0,0,0,0,0,8995,0,100,94,0,0,94,0,0,0,0,0,0,0,0,0,0,0,0,0,0,0,0,100,100,0,0,0,0,-3,4,1,1,89,185,50,4,2,2,14
501,tank4_scout_89,0,2,1175,0,0,0,0,0,0,9005,1,100,95,0,0,100,0,0,0,0,0,0,0,0,0,0,0,0,0,0,0,0,100,100,0,0,0,0,-3,4,1,1,89,185,50,4,2,2,14
502,tank4_scout_89,0,2,1175,0,0,0,0,0,0,9015,2,100,96,0,0,100,0,0,0,0,0,0,0,0,0,0,0,0,0,0,0,0,100,100,0,0,0,0,-3,4,1,1,89,185,50,4,2,2,14
503,tank4_scout_89,0,2,1175,0,0,0,0,0,0,9025,3,100,96,0,0,100,0,0,0,0,0,0,0,0,0,0,0,0,0,0,0,0,100,100,0,0,0,0,-3,4,1,1,89,185,50,4,2,2,14
504,tank4_scout_89,0,2,1175,0,0,0,0,0,0,9035,4,100,97,0,0,100,0,0,0,0,0,0,0,0,0,0,0,0,0,0,0,0,100,100,0,0,0,0,-3,4,1,1,89,185,50,4,2,2,14
505,tank4_scout_89,0,2,1175,0,0,0,0,0,0,9045,5,100,98,0,0,100,0,0,0,0,0,0,0,0,0,0,0,0,0,0,0,0,100,100,0,0,0,0,-3,4,1,1,89,185,50,4,2,2,14
506,tank4_scout_89,0,2,1175,0,0,0,0,0,0,9055,6,100,99,0,0,100,0,0,0,0,0,0,0,0,0,0,0,0,0,0,0,0,100,100,0,0,0,0,-3,4,1,1,89,185,50,4,2,2,14
507,tank4_scout_89,0,2,1175,0,0,0,0,0,0,9065,7,100,99,0,0,100,0,0,0,0,0,0,0,0,0,0,0,0,0,0,0,0,100,100,0,0,0,0,-3,4,1,1,89,185,50,4,2,2,14
508,tank4_scout_89,0,2,1175,0,0,0,0,0,0,9085,8,100,100,0,0,100,0,0,0,0,0,0,0,0,0,0,0,0,0,0,0,0,100,100,0,0,0,0,-3,4,1,1,89,185,50,4,2,2,14
509,tank4_scout_89,0,2,1175,0,0,0,0,0,0,9105,9,100,100,0,0,100,0,0,0,0,0,0,0,0,0,0,0,0,0,0,0,0,100,100,0,0,0,0,-3,4,1,1,89,185,50,4,2,2,14
510,tank4_scout_89,0,2,1175,0,0,0,0,0,0,9125,10,100,100,0,0,100,0,0,0,0,0,0,0,0,0,0,0,0,0,0,0,0,100,100,0,0,0,0,-3,4,1,1,89,185,50,4,2,2,14
511,tank4_scout_89,0,2,1175,0,0,0,0,0,0,9145,11,100,100,0,0,100,0,0,0,0,0,0,0,0,0,0,0,0,0,0,0,0,100,100,0,0,0,0,-3,4,1,1,89,185,50,4,2,2,14
512,tank4_scout_89,0,2,1175,0,0,0,0,0,0,9165,12,100,100,0,0,100,0,0,0,0,0,0,0,0,0,0,0,0,0,0,0,0,100,100,0,0,0,0,-3,4,1,1,89,185,50,4,2,2,14
513,tank4_scout_89,0,2,1175,0,0,0,0,0,0,9185,13,100,100,0,0,100,0,0,0,0,0,0,0,0,0,0,0,0,0,0,0,0,100,100,0,0,0,0,-3,4,1,1,89,185,50,4,2,2,14
514,tank4_scout_89,0,2,1175,0,0,0,0,0,0,9205,14,100,100,0,0,100,0,0,0,0,0,0,0,0,0,0,0,0,0,0,0,0,100,100,0,0,0,0,-3,4,1,1,89,185,50,4,2,2,14
515,tank4_scout_89,0,2,1175,0,0,0,0,0,0,9225,15,100,100,0,0,100,0,0,0,0,0,0,0,0,0,0,0,0,0,0,0,0,100,100,0,0,0,0,-3,4,1,1,89,185,50,4,2,2,14
516,tank4_scout_89,0,2,1175,0,0,0,0,0,0,9255,16,100,100,0,0,100,0,0,0,0,0,0,0,0,0,0,0,0,0,0,0,0,100,100,0,0,0,0,-3,4,1,1,89,185,50,4,2,2,14
517,tank4_scout_89,0,2,1175,0,0,0,0,0,0,9285,17,100,100,0,0,100,0,0,0,0,0,0,0,0,0,0,0,0,0,0,0,0,100,100,0,0,0,0,-3,4,1,1,89,185,50,4,2,2,14
518,tank4_scout_89,0,2,1175,0,0,0,0,0,0,9315,18,100,100,0,0,100,0,0,0,0,0,0,0,0,0,0,0,0,0,0,0,0,100,100,0,0,0,0,-3,4,1,1,89,185,50,4,2,2,14
519,tank4_scout_89,0,2,1175,0,0,0,0,0,0,9345,19,100,100,0,0,100,0,0,0,0,0,0,0,0,0,0,0,0,0,0,0,0,100,100,0,0,0,0,-3,4,1,1,89,185,50,4,2,2,14
520,tank4_scout_89,0,2,1175,0,0,0,0,0,0,9375,20,100,100,0,0,100,0,0,0,0,0,0,0,0,0,0,0,0,0,0,0,0,100,100,0,0,0,0,-3,4,1,1,89,185,50,4,2,2,14
521,tank4_scout_89,0,2,1175,0,0,0,0,0,0,9405,21,100,100,0,0,100,0,0,0,0,0,0,0,0,0,0,0,0,0,0,0,0,100,100,0,0,0,0,-3,4,1,1,89,185,50,4,2,2,14
522,tank4_scout_89,0,2,1175,0,0,0,0,0,0,9435,22,100,100,0,0,100,0,0,0,0,0,0,0,0,0,0,0,0,0,0,0,0,100,100,0,0,0,0,-3,4,1,1,89,185,50,4,2,2,14
523,tank4_scout_89,0,2,1175,0,0,0,0,0,0,9465,23,100,100,0,0,100,0,0,0,0,0,0,0,0,0,0,0,0,0,0,0,0,100,100,0,0,0,0,-3,4,1,1,89,185,50,4,2,2,14
524,tank4_scout_89,0,2,1175,0,0,0,0,0,0,9505,24,100,100,0,0,100,0,0,0,0,0,0,0,0,0,0,0,0,0,0,0,0,100,100,0,0,0,0,-3,4,1,1,89,185,50,4,2,2,14
525,tank4_scout_89,0,2,1175,0,0,0,0,0,0,9545,25,100,100,0,0,100,0,0,0,0,0,0,0,0,0,0,0,0,0,0,0,0,100,100,0,0,0,0,-3,4,1,1,89,185,50,4,2,2,14
526,tank4_scout_89,0,2,1175,0,0,0,0,0,0,9585,26,100,100,0,0,100,0,0,0,0,0,0,0,0,0,0,0,0,0,0,0,0,100,100,0,0,0,0,-3,4,1,1,89,185,50,4,2,2,14
527,tank4_scout_89,0,2,1175,0,0,0,0,0,0,9625,27,100,100,0,0,100,0,0,0,0,0,0,0,0,0,0,0,0,0,0,0,0,100,100,0,0,0,0,-3,4,1,1,89,185,50,4,2,2,14
528,tank4_scout_89,0,2,1175,0,0,0,0,0,0,9665,28,100,100,0,0,100,0,0,0,0,0,0,0,0,0,0,0,0,0,0,0,0,100,100,0,0,0,0,-3,4,1,1,89,185,50,4,2,2,14
529,tank4_scout_89,0,2,1175,0,0,0,0,0,0,9705,29,100,100,0,0,100,0,0,0,0,0,0,0,0,0,0,0,0,0,0,0,0,100,100,0,0,0,0,-3,4,1,1,89,185,50,4,2,2,14
530,tank4_scout_89,0,2,1175,0,0,0,0,0,0,9745,30,100,100,0,0,100,0,0,0,0,0,0,0,0,0,0,0,0,0,0,0,0,100,100,0,0,0,0,-3,4,1,1,89,185,50,4,2,2,14
531,tank4_scout_89,0,2,1175,0,0,0,0,0,0,9785,31,100,100,0,0,100,0,0,0,0,0,0,0,0,0,0,0,0,0,0,0,0,100,100,0,0,0,0,-3,4,1,1,89,185,50,4,2,2,14
532,tank4_scout_89,0,2,1175,0,0,0,0,0,0,9835,32,100,100,0,0,100,0,0,0,0,0,0,0,0,0,0,0,0,0,0,0,0,100,100,0,0,0,0,-3,4,1,1,89,185,50,4,2,2,14
533,tank4_scout_89,0,2,1175,0,0,0,0,0,0,9885,33,100,100,0,0,100,0,0,0,0,0,0,0,0,0,0,0,0,0,0,0,0,100,100,0,0,0,0,-3,4,1,1,89,185,50,4,2,2,14
534,tank4_scout_89,0,2,1175,0,0,0,0,0,0,9935,34,100,100,0,0,100,0,0,0,0,0,0,0,0,0,0,0,0,0,0,0,0,100,100,0,0,0,0,-3,4,1,1,89,185,50,4,2,2,14
535,tank4_scout_89,0,2,1175,0,0,0,0,0,0,9985,35,100,100,0,0,100,0,0,0,0,0,0,0,0,0,0,0,0,0,0,0,0,100,100,0,0,0,0,-3,4,1,1,89,185,50,4,2,2,14
536,tank4_scout_89,0,2,1175,0,0,0,0,0,0,10035,36,100,100,0,0,100,0,0,0,0,0,0,0,0,0,0,0,0,0,0,0,0,100,100,0,0,0,0,-3,4,1,1,89,185,50,4,2,2,14
537,tank4_scout_89,0,2,1175,0,0,0,0,0,0,10085,37,100,100,0,0,100,0,0,0,0,0,0,0,0,0,0,0,0,0,0,0,0,100,100,0,0,0,0,-3,4,1,1,89,185,50,4,2,2,14
538,tank4_scout_89,0,2,1175,0,0,0,0,0,0,10135,38,100,100,0,0,100,0,0,0,0,0,0,0,0,0,0,0,0,0,0,0,0,100,100,0,0,0,0,-3,4,1,1,89,185,50,4,2,2,14
539,tank4_scout_89,0,2,1175,0,0,0,0,0,0,10185,39,100,100,0,0,100,0,0,0,0,0,0,0,0,0,0,0,0,0,0,0,0,100,100,0,0,0,0,-3,4,1,1,89,185,50,4,2,2,14
540,tank4_scout_89,0,2,1175,0,0,0,0,0,0,10245,40,100,100,0,0,100,0,0,0,0,0,0,0,0,0,0,0,0,0,0,0,0,100,100,0,0,0,0,-3,4,1,1,89,185,50,4,2,2,14
541,tank4_scout_89,0,2,1175,0,0,0,0,0,0,10305,41,100,100,0,0,100,0,0,0,0,0,0,0,0,0,0,0,0,0,0,0,0,100,100,0,0,0,0,-3,4,1,1,89,185,50,4,2,2,14
542,tank4_scout_89,0,2,1175,0,0,0,0,0,0,10365,42,100,100,0,0,100,0,0,0,0,0,0,0,0,0,0,0,0,0,0,0,0,100,100,0,0,0,0,-3,4,1,1,89,185,50,4,2,2,14
543,tank4_scout_89,0,2,1175,0,0,0,0,0,0,10425,43,100,100,0,0,100,0,0,0,0,0,0,0,0,0,0,0,0,0,0,0,0,100,100,0,0,0,0,-3,4,1,1,89,185,50,4,2,2,14
544,tank4_scout_89,0,2,1175,0,0,0,0,0,0,10485,44,100,100,0,0,100,0,0,0,0,0,0,0,0,0,0,0,0,0,0,0,0,100,100,0,0,0,0,-3,4,1,1,89,185,50,4,2,2,14
545,tank4_scout_89,0,2,1175,0,0,0,0,0,0,10545,45,100,100,0,0,100,0,0,0,0,0,0,0,0,0,0,0,0,0,0,0,0,100,100,0,0,0,0,-3,4,1,1,89,185,50,4,2,2,14
546,tank4_scout_89,0,2,1175,0,0,0,0,0,0,10605,46,100,100,0,0,100,0,0,0,0,0,0,0,0,0,0,0,0,0,0,0,0,100,100,0,0,0,0,-3,4,1,1,89,185,50,4,2,2,14
547,tank4_scout_89,0,2,1175,0,0,0,0,0,0,10665,47,100,100,0,0,100,0,0,0,0,0,0,0,0,0,0,0,0,0,0,0,0,100,100,0,0,0,0,-3,4,1,1,89,185,50,4,2,2,14
548,tank4_scout_89,0,2,1175,0,0,0,0,0,0,10735,48,100,100,0,0,100,0,0,0,0,0,0,0,0,0,0,0,0,0,0,0,0,100,100,0,0,0,0,-3,4,1,1,89,185,50,4,2,2,14
549,tank4_scout_89,0,2,1175,0,0,0,0,0,0,10805,49,100,100,0,0,100,0,0,0,0,0,0,0,0,0,0,0,0,0,0,0,0,100,100,0,0,0,0,-3,4,1,1,89,185,50,4,2,2,14
550,tank4_scout_89,0,2,1175,0,0,0,0,0,0,10875,50,100,100,0,0,100,0,0,0,0,0,0,0,0,0,0,0,0,0,0,0,0,100,100,0,0,0,0,-3,4,1,1,89,185,50,4,2,2,14
551,tank4_scout_89,0,2,1175,0,0,0,0,0,0,10945,51,100,100,0,0,100,0,0,0,0,0,0,0,0,0,0,0,0,0,0,0,0,100,100,0,0,0,0,-3,4,1,1,89,185,50,4,2,2,14
552,tank4_scout_89,0,2,1175,0,0,0,0,0,0,11015,52,100,100,0,0,100,0,0,0,0,0,0,0,0,0,0,0,0,0,0,0,0,100,100,0,0,0,0,-3,4,1,1,89,185,50,4,2,2,14
553,tank4_scout_89,0,2,1175,0,0,0,0,0,0,11085,53,100,100,0,0,100,0,0,0,0,0,0,0,0,0,0,0,0,0,0,0,0,100,100,0,0,0,0,-3,4,1,1,89,185,50,4,2,2,14
554,tank4_scout_89,0,2,1175,0,0,0,0,0,0,11155,54,100,100,0,0,100,0,0,0,0,0,0,0,0,0,0,0,0,0,0,0,0,100,100,0,0,0,0,-3,4,1,1,89,185,50,4,2,2,14
555,tank4_scout_89,0,2,1175,0,0,0,0,0,0,11225,55,100,100,0,0,100,0,0,0,0,0,0,0,0,0,0,0,0,0,0,0,0,100,100,0,0,0,0,-3,4,1,1,89,185,50,4,2,2,14
556,tank4_scout_89,0,2,1175,0,0,0,0,0,0,11305,56,100,100,0,0,100,0,0,0,0,0,0,0,0,0,0,0,0,0,0,0,0,100,100,0,0,0,0,-3,4,1,1,89,185,50,4,2,2,14
557,tank4_scout_89,0,2,1175,0,0,0,0,0,0,11385,57,100,100,0,0,100,0,0,0,0,0,0,0,0,0,0,0,0,0,0,0,0,100,100,0,0,0,0,-3,4,1,1,89,185,50,4,2,2,14
558,tank4_scout_89,0,2,1175,0,0,0,0,0,0,11465,58,100,100,0,0,100,0,0,0,0,0,0,0,0,0,0,0,0,0,0,0,0,100,100,0,0,0,0,-3,4,1,1,89,185,50,4,2,2,14
559,tank4_scout_89,0,2,1175,0,0,0,0,0,0,11545,59,100,100,0,0,100,0,0,0,0,0,0,0,0,0,0,0,0,0,0,0,0,100,100,0,0,0,0,-3,4,1,1,89,185,50,4,2,2,14
560,tank4_scout_89,0,2,1175,0,0,0,0,0,0,11625,60,100,100,0,0,100,0,0,0,0,0,0,0,0,0,0,0,0,0,0,0,0,100,100,0,0,0,0,-3,4,1,1,89,185,50,4,2,2,14
561,tank4_scout_89,0,2,1175,0,0,0,0,0,0,11705,61,100,100,0,0,100,0,0,0,0,0,0,0,0,0,0,0,0,0,0,0,0,100,100,0,0,0,0,-3,4,1,1,89,185,50,4,2,2,14
562,tank4_scout_89,0,2,1175,0,0,0,0,0,0,11785,62,100,100,0,0,100,0,0,0,0,0,0,0,0,0,0,0,0,0,0,0,0,100,100,0,0,0,0,-3,4,1,1,89,185,50,4,2,2,14
563,tank4_scout_89,0,2,1175,0,0,0,0,0,0,11865,63,100,100,0,0,100,0,0,0,0,0,0,0,0,0,0,0,0,0,0,0,0,100,100,0,0,0,0,-3,4,1,1,89,185,50,4,2,2,14
564,tank4_scout_89,0,2,1175,0,0,0,0,0,0,11945,64,100,100,0,0,100,0,0,0,0,0,0,0,0,0,0,0,0,0,0,0,0,100,100,0,0,0,0,-3,4,1,1,89,185,50,4,2,2,14
565,tank4_scout_89,0,2,1175,0,0,0,0,0,0,12025,65,100,100,0,0,100,0,0,0,0,0,0,0,0,0,0,0,0,0,0,0,0,100,100,0,0,0,0,-3,4,1,1,89,185,50,4,2,2,14
566,tank4_scout_89,0,2,1175,0,0,0,0,0,0,12105,66,100,100,0,0,100,0,0,0,0,0,0,0,0,0,0,0,0,0,0,0,0,100,100,0,0,0,0,-3,4,1,1,89,185,50,4,2,2,14
567,tank4_scout_89,0,2,1175,0,0,0,0,0,0,12185,67,100,100,0,0,100,0,0,0,0,0,0,0,0,0,0,0,0,0,0,0,0,100,100,0,0,0,0,-3,4,1,1,89,185,50,4,2,2,14
568,tank4_scout_89,0,2,1175,0,0,0,0,0,0,12265,68,100,100,0,0,100,0,0,0,0,0,0,0,0,0,0,0,0,0,0,0,0,100,100,0,0,0,0,-3,4,1,1,89,185,50,4,2,2,14
569,tank4_scout_89,0,2,1175,0,0,0,0,0,0,12345,69,100,100,0,0,100,0,0,0,0,0,0,0,0,0,0,0,0,0,0,0,0,100,100,0,0,0,0,-3,4,1,1,89,185,50,4,2,2,14
570,tank4_scout_89,0,2,1175,0,0,0,0,0,0,12425,70,100,100,0,0,100,0,0,0,0,0,0,0,0,0,0,0,0,0,0,0,0,100,100,0,0,0,0,-3,4,1,1,89,185,50,4,2,2,14
571,tank4_scout_89,0,2,1175,0,0,0,0,0,0,12505,71,100,100,0,0,100,0,0,0,0,0,0,0,0,0,0,0,0,0,0,0,0,100,100,0,0,0,0,-3,4,1,1,89,185,50,4,2,2,14
572,tank4_scout_89,0,2,1175,0,0,0,0,0,0,12585,72,100,100,0,0,100,0,0,0,0,0,0,0,0,0,0,0,0,0,0,0,0,100,100,0,0,0,0,-3,4,1,1,89,185,50,4,2,2,14
573,tank4_scout_89,0,2,1175,0,0,0,0,0,0,12665,73,100,100,0,0,100,0,0,0,0,0,0,0,0,0,0,0,0,0,0,0,0,100,100,0,0,0,0,-3,4,1,1,89,185,50,4,2,2,14
574,tank4_scout_89,0,2,1175,0,0,0,0,0,0,12745,74,100,100,0,0,100,0,0,0,0,0,0,0,0,0,0,0,0,0,0,0,0,100,100,0,0,0,0,-3,4,1,1,89,185,50,4,2,2,14
575,tank4_scout_89,0,2,1175,0,0,0,0,0,0,12825,75,100,100,0,0,100,0,0,0,0,0,0,0,0,0,0,0,0,0,0,0,0,100,100,0,0,0,0,-3,4,1,1,89,185,50,4,2,2,14
576,tank4_scout_89,0,2,1175,0,0,0,0,0,0,12905,76,100,100,0,0,100,0,0,0,0,0,0,0,0,0,0,0,0,0,0,0,0,100,100,0,0,0,0,-3,4,1,1,89,185,50,4,2,2,14
577,tank4_scout_89,0,2,1175,0,0,0,0,0,0,12985,77,100,100,0,0,100,0,0,0,0,0,0,0,0,0,0,0,0,0,0,0,0,100,100,0,0,0,0,-3,4,1,1,89,185,50,4,2,2,14
578,tank4_scout_89,0,2,1175,0,0,0,0,0,0,13065,78,100,100,0,0,100,0,0,0,0,0,0,0,0,0,0,0,0,0,0,0,0,100,100,0,0,0,0,-3,4,1,1,89,185,50,4,2,2,14
579,tank4_scout_89,0,2,1175,0,0,0,0,0,0,13145,79,100,100,0,0,100,0,0,0,0,0,0,0,0,0,0,0,0,0,0,0,0,100,100,0,0,0,0,-3,4,1,1,89,185,50,4,2,2,14
580,tank4_scout_89,0,2,1175,0,0,0,0,0,0,13225,80,100,100,0,0,100,0,0,0,0,0,0,0,0,0,0,0,0,0,0,0,0,100,100,0,0,0,0,-3,4,1,1,89,185,50,4,2,2,14
581,tank4_scout_89,0,2,1175,0,0,0,0,0,0,13305,81,100,100,0,0,100,0,0,0,0,0,0,0,0,0,0,0,0,0,0,0,0,100,100,0,0,0,0,-3,4,1,1,89,185,50,4,2,2,14
582,tank4_scout_89,0,2,1175,0,0,0,0,0,0,13385,82,100,100,0,0,100,0,0,0,0,0,0,0,0,0,0,0,0,0,0,0,0,100,100,0,0,0,0,-3,4,1,1,89,185,50,4,2,2,14
583,tank4_scout_89,0,2,1175,0,0,0,0,0,0,13465,83,100,100,0,0,100,0,0,0,0,0,0,0,0,0,0,0,0,0,0,0,0,100,100,0,0,0,0,-3,4,1,1,89,185,50,4,2,2,14
584,tank4_scout_89,0,2,1175,0,0,0,0,0,0,13545,84,100,100,0,0,100,0,0,0,0,0,0,0,0,0,0,0,0,0,0,0,0,100,100,0,0,0,0,-3,4,1,1,89,185,50,4,2,2,14
585,tank4_scout_89,0,2,1175,0,0,0,0,0,0,13625,85,100,100,0,0,100,0,0,0,0,0,0,0,0,0,0,0,0,0,0,0,0,100,100,0,0,0,0,-3,4,1,1,89,185,50,4,2,2,14
586,tank4_scout_89,0,2,1175,0,0,0,0,0,0,13705,86,100,100,0,0,100,0,0,0,0,0,0,0,0,0,0,0,0,0,0,0,0,100,100,0,0,0,0,-3,4,1,1,89,185,50,4,2,2,14
587,tank4_scout_89,0,2,1175,0,0,0,0,0,0,13785,87,100,100,0,0,100,0,0,0,0,0,0,0,0,0,0,0,0,0,0,0,0,100,100,0,0,0,0,-3,4,1,1,89,185,50,4,2,2,14
588,tank4_scout_89,0,2,1175,0,0,0,0,0,0,13865,88,100,100,0,0,100,0,0,0,0,0,0,0,0,0,0,0,0,0,0,0,0,100,100,0,0,0,0,-3,4,1,1,89,185,50,4,2,2,14
589,tank4_scout_89,0,2,1175,0,0,0,0,0,0,13945,89,100,100,0,0,100,0,0,0,0,0,0,0,0,0,0,0,0,0,0,0,0,100,100,0,0,0,0,-3,4,1,1,89,185,50,4,2,2,14
590,tank4_scout_89,0,2,1175,0,0,0,0,0,0,14025,90,100,100,0,0,100,0,0,0,0,0,0,0,0,0,0,0,0,0,0,0,0,100,100,0,0,0,0,-3,4,1,1,89,185,50,4,2,2,14
591,tank4_scout_89,0,2,1175,0,0,0,0,0,0,14105,91,100,100,0,0,100,0,0,0,0,0,0,0,0,0,0,0,0,0,0,0,0,100,100,0,0,0,0,-3,4,1,1,89,185,50,4,2,2,14
592,tank4_scout_89,0,2,1175,0,0,0,0,0,0,14185,92,100,100,0,0,100,0,0,0,0,0,0,0,0,0,0,0,0,0,0,0,0,100,100,0,0,0,0,-3,4,1,1,89,185,50,4,2,2,14
593,tank4_scout_89,0,2,1175,0,0,0,0,0,0,14265,93,100,100,0,0,100,0,0,0,0,0,0,0,0,0,0,0,0,0,0,0,0,100,100,0,0,0,0,-3,4,1,1,89,185,50,4,2,2,14
594,tank4_scout_89,0,2,1175,0,0,0,0,0,0,14345,94,100,100,0,0,100,0,0,0,0,0,0,0,0,0,0,0,0,0,0,0,0,100,100,0,0,0,0,-3,4,1,1,89,185,50,4,2,2,14
595,tank4_scout_89,0,2,1175,0,0,0,0,0,0,14425,95,100,100,0,0,100,0,0,0,0,0,0,0,0,0,0,0,0,0,0,0,0,100,100,0,0,0,0,-3,4,1,1,89,185,50,4,2,2,14
596,tank4_scout_89,0,2,1175,0,0,0,0,0,0,14505,96,100,100,0,0,100,0,0,0,0,0,0,0,0,0,0,0,0,0,0,0,0,100,100,0,0,0,0,-3,4,1,1,89,185,50,4,2,2,14
597,tank4_scout_89,0,2,1175,0,0,0,0,0,0,14585,97,100,100,0,0,100,0,0,0,0,0,0,0,0,0,0,0,0,0,0,0,0,100,100,0,0,0,0,-3,4,1,1,89,185,50,4,2,2,14
598,tank4_scout_89,0,2,1175,0,0,0,0,0,0,14665,98,100,100,0,0,100,0,0,0,0,0,0,0,0,0,0,0,0,0,0,0,0,100,100,0,0,0,0,-3,4,1,1,89,185,50,4,2,2,14
599,tank4_scout_89,0,2,1175,0,0,0,0,0,0,14745,99,100,100,0,0,100,0,0,0,0,0,0,0,0,0,0,0,0,0,0,0,0,100,100,0,0,0,0,-3,4,1,1,89,185,50,4,2,2,14
600,tank4_scout_89,0,2,1175,0,0,0,0,0,0,14825,100,100,100,0,0,100,0,0,0,0,0,0,0,0,0,0,0,0,0,0,0,0,100,100,0,0,0,0,-3,4,1,1,89,185,50,4,2,2,14
601,tank4_scout_89,0,2,1175,0,0,0,0,0,0,14905,101,100,100,0,0,100,0,0,0,0,0,0,0,0,0,0,0,0,0,0,0,0,100,100,0,0,0,0,-3,4,1,1,89,185,50,4,2,2,14
602,tank4_scout_89,0,2,1175,0,0,0,0,0,0,14985,102,100,100,0,0,100,0,0,0,0,0,0,0,0,0,0,0,0,0,0,0,0,100,100,0,0,0,0,-3,4,1,1,89,185,50,4,2,2,14
603,tank4_scout_89,0,2,1175,0,0,0,0,0,0,15065,103,100,100,0,0,100,0,0,0,0,0,0,0,0,0,0,0,0,0,0,0,0,100,100,0,0,0,0,-3,4,1,1,89,185,50,4,2,2,14
604,tank4_scout_89,0,2,1175,0,0,0,0,0,0,15145,104,100,100,0,0,100,0,0,0,0,0,0,0,0,0,0,0,0,0,0,0,0,100,100,0,0,0,0,-3,4,1,1,89,185,50,4,2,2,14
605,tank4_scout_89,0,2,1175,0,0,0,0,0,0,15225,105,100,100,0,0,100,0,0,0,0,0,0,0,0,0,0,0,0,0,0,0,0,100,100,0,0,0,0,-3,4,1,1,89,185,50,4,2,2,14
606,tank4_scout_89,0,2,1175,0,0,0,0,0,0,15305,106,100,100,0,0,100,0,0,0,0,0,0,0,0,0,0,0,0,0,0,0,0,100,100,0,0,0,0,-3,4,1,1,89,185,50,4,2,2,14
607,tank4_scout_89,0,2,1175,0,0,0,0,0,0,15385,107,100,100,0,0,100,0,0,0,0,0,0,0,0,0,0,0,0,0,0,0,0,100,100,0,0,0,0,-3,4,1,1,89,185,50,4,2,2,14
608,tank4_scout_89,0,2,1175,0,0,0,0,0,0,15465,108,100,100,0,0,100,0,0,0,0,0,0,0,0,0,0,0,0,0,0,0,0,100,100,0,0,0,0,-3,4,1,1,89,185,50,4,2,2,14
609,tank4_scout_89,0,2,1175,0,0,0,0,0,0,15545,109,100,100,0,0,100,0,0,0,0,0,0,0,0,0,0,0,0,0,0,0,0,100,100,0,0,0,0,-3,4,1,1,89,185,50,4,2,2,14
610,tank4_scout_89,0,2,1175,0,0,0,0,0,0,15625,110,100,100,0,0,100,0,0,0,0,0,0,0,0,0,0,0,0,0,0,0,0,100,100,0,0,0,0,-3,4,1,1,89,185,50,4,2,2,14
611,tank4_scout_89,0,2,1175,0,0,0,0,0,0,15705,111,100,100,0,0,100,0,0,0,0,0,0,0,0,0,0,0,0,0,0,0,0,100,100,0,0,0,0,-3,4,1,1,89,185,50,4,2,2,14
612,tank4_scout_89,0,2,1175,0,0,0,0,0,0,15785,112,100,100,0,0,100,0,0,0,0,0,0,0,0,0,0,0,0,0,0,0,0,100,100,0,0,0,0,-3,4,1,1,89,185,50,4,2,2,14
613,tank4_scout_89,0,2,1175,0,0,0,0,0,0,15865,113,100,100,0,0,100,0,0,0,0,0,0,0,0,0,0,0,0,0,0,0,0,100,100,0,0,0,0,-3,4,1,1,89,185,50,4,2,2,14
614,tank4_scout_89,0,2,1175,0,0,0,0,0,0,15945,114,100,100,0,0,100,0,0,0,0,0,0,0,0,0,0,0,0,0,0,0,0,100,100,0,0,0,0,-3,4,1,1,89,185,50,4,2,2,14
615,tank4_scout_89,0,2,1175,0,0,0,0,0,0,16025,115,100,100,0,0,100,0,0,0,0,0,0,0,0,0,0,0,0,0,0,0,0,100,100,0,0,0,0,-3,4,1,1,89,185,50,4,2,2,14
616,tank4_scout_89,0,2,1175,0,0,0,0,0,0,16105,116,100,100,0,0,100,0,0,0,0,0,0,0,0,0,0,0,0,0,0,0,0,100,100,0,0,0,0,-3,4,1,1,89,185,50,4,2,2,14
617,tank4_scout_89,0,2,1175,0,0,0,0,0,0,16185,117,100,100,0,0,100,0,0,0,0,0,0,0,0,0,0,0,0,0,0,0,0,100,100,0,0,0,0,-3,4,1,1,89,185,50,4,2,2,14
618,tank4_scout_89,0,2,1175,0,0,0,0,0,0,16265,118,100,100,0,0,100,0,0,0,0,0,0,0,0,0,0,0,0,0,0,0,0,100,100,0,0,0,0,-3,4,1,1,89,185,50,4,2,2,14
619,tank4_scout_89,0,2,1175,0,0,0,0,0,0,16345,119,100,100,0,0,100,0,0,0,0,0,0,0,0,0,0,0,0,0,0,0,0,100,100,0,0,0,0,-3,4,1,1,89,185,50,4,2,2,14
620,tank4_scout_89,0,2,1175,0,0,0,0,0,0,16425,120,100,100,0,0,100,0,0,0,0,0,0,0,0,0,0,0,0,0,0,0,0,100,100,0,0,0,0,-3,4,1,1,89,185,50,4,2,2,14
621,tank4_scout_89,0,2,1175,0,0,0,0,0,0,16505,121,100,100,0,0,100,0,0,0,0,0,0,0,0,0,0,0,0,0,0,0,0,100,100,0,0,0,0,-3,4,1,1,89,185,50,4,2,2,14
622,tank4_scout_89,0,2,1175,0,0,0,0,0,0,16585,122,100,100,0,0,100,0,0,0,0,0,0,0,0,0,0,0,0,0,0,0,0,100,100,0,0,0,0,-3,4,1,1,89,185,50,4,2,2,14
623,tank4_scout_89,0,2,1175,0,0,0,0,0,0,16665,123,100,100,0,0,100,0,0,0,0,0,0,0,0,0,0,0,0,0,0,0,0,100,100,0,0,0,0,-3,4,1,1,89,185,50,4,2,2,14
624,tank4_scout_89,0,2,1175,0,0,0,0,0,0,16745,124,100,100,0,0,100,0,0,0,0,0,0,0,0,0,0,0,0,0,0,0,0,100,100,0,0,0,0,-3,4,1,1,89,185,50,4,2,2,14
625,tank4_scout_89,0,2,1175,0,0,0,0,0,0,16825,125,100,100,0,0,100,0,0,0,0,0,0,0,0,0,0,0,0,0,0,0,0,100,100,0,0,0,0,-3,4,1,1,89,185,50,4,2,2,14
626,tank4_scout_89,0,2,1175,0,0,0,0,0,0,16905,126,100,100,0,0,100,0,0,0,0,0,0,0,0,0,0,0,0,0,0,0,0,100,100,0,0,0,0,-3,4,1,1,89,185,50,4,2,2,14
627,tank4_scout_89,0,2,1175,0,0,0,0,0,0,16985,127,100,100,0,0,100,0,0,0,0,0,0,0,0,0,0,0,0,0,0,0,0,100,100,0,0,0,0,-3,4,1,1,89,185,50,4,2,2,14
628,tank4_scout_89,0,2,1175,0,0,0,0,0,0,17065,128,100,100,0,0,100,0,0,0,0,0,0,0,0,0,0,0,0,0,0,0,0,100,100,0,0,0,0,-3,4,1,1,89,185,50,4,2,2,14
629,tank4_scout_89,0,2,1175,0,0,0,0,0,0,17145,129,100,100,0,0,100,0,0,0,0,0,0,0,0,0,0,0,0,0,0,0,0,100,100,0,0,0,0,-3,4,1,1,89,185,50,4,2,2,14
630,tank4_scout_89,0,2,1175,0,0,0,0,0,0,17225,130,100,100,0,0,100,0,0,0,0,0,0,0,0,0,0,0,0,0,0,0,0,100,100,0,0,0,0,-3,4,1,1,89,185,50,4,2,2,14
631,tank4_scout_89,0,2,1175,0,0,0,0,0,0,17305,131,100,100,0,0,100,0,0,0,0,0,0,0,0,0,0,0,0,0,0,0,0,100,100,0,0,0,0,-3,4,1,1,89,185,50,4,2,2,14
632,tank4_scout_89,0,2,1175,0,0,0,0,0,0,17385,132,100,100,0,0,100,0,0,0,0,0,0,0,0,0,0,0,0,0,0,0,0,100,100,0,0,0,0,-3,4,1,1,89,185,50,4,2,2,14
633,tank4_scout_89,0,2,1175,0,0,0,0,0,0,17465,133,100,100,0,0,100,0,0,0,0,0,0,0,0,0,0,0,0,0,0,0,0,100,100,0,0,0,0,-3,4,1,1,89,185,50,4,2,2,14
634,tank4_scout_89,0,2,1175,0,0,0,0,0,0,17545,134,100,100,0,0,100,0,0,0,0,0,0,0,0,0,0,0,0,0,0,0,0,100,100,0,0,0,0,-3,4,1,1,89,185,50,4,2,2,14
635,tank4_scout_89,0,2,1175,0,0,0,0,0,0,17625,135,100,100,0,0,100,0,0,0,0,0,0,0,0,0,0,0,0,0,0,0,0,100,100,0,0,0,0,-3,4,1,1,89,185,50,4,2,2,14
636,tank4_scout_89,0,2,1175,0,0,0,0,0,0,17705,136,100,100,0,0,100,0,0,0,0,0,0,0,0,0,0,0,0,0,0,0,0,100,100,0,0,0,0,-3,4,1,1,89,185,50,4,2,2,14
637,tank4_scout_89,0,2,1175,0,0,0,0,0,0,17785,137,100,100,0,0,100,0,0,0,0,0,0,0,0,0,0,0,0,0,0,0,0,100,100,0,0,0,0,-3,4,1,1,89,185,50,4,2,2,14
638,tank4_scout_89,0,2,1175,0,0,0,0,0,0,17865,138,100,100,0,0,100,0,0,0,0,0,0,0,0,0,0,0,0,0,0,0,0,100,100,0,0,0,0,-3,4,1,1,89,185,50,4,2,2,14
639,tank4_scout_89,0,2,1175,0,0,0,0,0,0,17945,139,100,100,0,0,100,0,0,0,0,0,0,0,0,0,0,0,0,0,0,0,0,100,100,0,0,0,0,-3,4,1,1,89,185,50,4,2,2,14
640,tank4_scout_89,0,2,1175,0,0,0,0,0,0,18025,140,100,100,0,0,100,0,0,0,0,0,0,0,0,0,0,0,0,0,0,0,0,100,100,0,0,0,0,-3,4,1,1,89,185,50,4,2,2,14
641,tank4_scout_89,0,2,1175,0,0,0,0,0,0,18105,141,100,100,0,0,100,0,0,0,0,0,0,0,0,0,0,0,0,0,0,0,0,100,100,0,0,0,0,-3,4,1,1,89,185,50,4,2,2,14
642,tank4_scout_89,0,2,1175,0,0,0,0,0,0,18185,142,100,100,0,0,100,0,0,0,0,0,0,0,0,0,0,0,0,0,0,0,0,100,100,0,0,0,0,-3,4,1,1,89,185,50,4,2,2,14
643,tank4_scout_89,0,2,1175,0,0,0,0,0,0,18265,143,100,100,0,0,100,0,0,0,0,0,0,0,0,0,0,0,0,0,0,0,0,100,100,0,0,0,0,-3,4,1,1,89,185,50,4,2,2,14
644,tank4_scout_89,0,2,1175,0,0,0,0,0,0,18345,144,100,100,0,0,100,0,0,0,0,0,0,0,0,0,0,0,0,0,0,0,0,100,100,0,0,0,0,-3,4,1,1,89,185,50,4,2,2,14
645,tank4_scout_89,0,2,1175,0,0,0,0,0,0,18425,145,100,100,0,0,100,0,0,0,0,0,0,0,0,0,0,0,0,0,0,0,0,100,100,0,0,0,0,-3,4,1,1,89,185,50,4,2,2,14
646,tank4_scout_89,0,2,1175,0,0,0,0,0,0,18505,146,100,100,0,0,100,0,0,0,0,0,0,0,0,0,0,0,0,0,0,0,0,100,100,0,0,0,0,-3,4,1,1,89,185,50,4,2,2,14
647,tank4_scout_89,0,2,1175,0,0,0,0,0,0,18585,147,100,100,0,0,100,0,0,0,0,0,0,0,0,0,0,0,0,0,0,0,0,100,100,0,0,0,0,-3,4,1,1,89,185,50,4,2,2,14
648,tank4_scout_89,0,2,1175,0,0,0,0,0,0,18665,148,100,100,0,0,100,0,0,0,0,0,0,0,0,0,0,0,0,0,0,0,0,100,100,0,0,0,0,-3,4,1,1,89,185,50,4,2,2,14
649,tank4_scout_89,0,2,1175,0,0,0,0,0,0,18745,149,100,100,0,0,100,0,0,0,0,0,0,0,0,0,0,0,0,0,0,0,0,100,100,0,0,0,0,-3,4,1,1,89,185,50,4,2,2,14
650,tank4_scout_89,0,2,1175,0,0,0,0,0,0,18825,150,100,100,0,0,100,0,0,0,0,0,0,0,0,0,0,0,0,0,0,0,0,100,100,0,0,0,0,-3,4,1,1,89,185,50,4,2,2,14
651,tank4_scout_89,0,2,1175,0,0,0,0,0,0,18905,151,100,100,0,0,100,0,0,0,0,0,0,0,0,0,0,0,0,0,0,0,0,100,100,0,0,0,0,-3,4,1,1,89,185,50,4,2,2,14
652,tank4_scout_89,0,2,1175,0,0,0,0,0,0,18985,152,100,100,0,0,100,0,0,0,0,0,0,0,0,0,0,0,0,0,0,0,0,100,100,0,0,0,0,-3,4,1,1,89,185,50,4,2,2,14
653,tank4_scout_89,0,2,1175,0,0,0,0,0,0,19065,153,100,100,0,0,100,0,0,0,0,0,0,0,0,0,0,0,0,0,0,0,0,100,100,0,0,0,0,-3,4,1,1,89,185,50,4,2,2,14
654,tank4_scout_89,0,2,1175,0,0,0,0,0,0,19145,154,100,100,0,0,100,0,0,0,0,0,0,0,0,0,0,0,0,0,0,0,0,100,100,0,0,0,0,-3,4,1,1,89,185,50,4,2,2,14
655,tank4_scout_89,0,2,1175,0,0,0,0,0,0,19225,155,100,100,0,0,100,0,0,0,0,0,0,0,0,0,0,0,0,0,0,0,0,100,100,0,0,0,0,-3,4,1,1,89,185,50,4,2,2,14
656,tank4_scout_89,0,2,1175,0,0,0,0,0,0,19305,156,100,100,0,0,100,0,0,0,0,0,0,0,0,0,0,0,0,0,0,0,0,100,100,0,0,0,0,-3,4,1,1,89,185,50,4,2,2,14
657,tank4_scout_89,0,2,1175,0,0,0,0,0,0,19385,157,100,100,0,0,100,0,0,0,0,0,0,0,0,0,0,0,0,0,0,0,0,100,100,0,0,0,0,-3,4,1,1,89,185,50,4,2,2,14
658,tank4_scout_89,0,2,1175,0,0,0,0,0,0,19465,158,100,100,0,0,100,0,0,0,0,0,0,0,0,0,0,0,0,0,0,0,0,100,100,0,0,0,0,-3,4,1,1,89,185,50,4,2,2,14
659,tank4_scout_89,0,2,1175,0,0,0,0,0,0,19545,159,100,100,0,0,100,0,0,0,0,0,0,0,0,0,0,0,0,0,0,0,0,100,100,0,0,0,0,-3,4,1,1,89,185,50,4,2,2,14
660,tank4_scout_89,0,2,1175,0,0,0,0,0,0,19625,160,100,100,0,0,100,0,0,0,0,0,0,0,0,0,0,0,0,0,0,0,0,100,100,0,0,0,0,-3,4,1,1,89,185,50,4,2,2,14
661,tank4_scout_89,0,2,1175,0,0,0,0,0,0,19705,161,100,100,0,0,100,0,0,0,0,0,0,0,0,0,0,0,0,0,0,0,0,100,100,0,0,0,0,-3,4,1,1,89,185,50,4,2,2,14
662,tank4_scout_89,0,2,1175,0,0,0,0,0,0,19785,162,100,100,0,0,100,0,0,0,0,0,0,0,0,0,0,0,0,0,0,0,0,100,100,0,0,0,0,-3,4,1,1,89,185,50,4,2,2,14
663,tank4_scout_89,0,2,1175,0,0,0,0,0,0,19865,163,100,100,0,0,100,0,0,0,0,0,0,0,0,0,0,0,0,0,0,0,0,100,100,0,0,0,0,-3,4,1,1,89,185,50,4,2,2,14
664,tank4_scout_89,0,2,1175,0,0,0,0,0,0,19945,164,100,100,0,0,100,0,0,0,0,0,0,0,0,0,0,0,0,0,0,0,0,100,100,0,0,0,0,-3,4,1,1,89,185,50,4,2,2,14
665,tank4_scout_89,0,2,1175,0,0,0,0,0,0,20025,165,100,100,0,0,100,0,0,0,0,0,0,0,0,0,0,0,0,0,0,0,0,100,100,0,0,0,0,-3,4,1,1,89,185,50,4,2,2,14
666,tank4_scout_89,0,2,1175,0,0,0,0,0,0,20105,166,100,100,0,0,100,0,0,0,0,0,0,0,0,0,0,0,0,0,0,0,0,100,100,0,0,0,0,-3,4,1,1,89,185,50,4,2,2,14
667,tank4_scout_89,0,2,1175,0,0,0,0,0,0,20185,167,100,100,0,0,100,0,0,0,0,0,0,0,0,0,0,0,0,0,0,0,0,100,100,0,0,0,0,-3,4,1,1,89,185,50,4,2,2,14
668,tank4_scout_89,0,2,1175,0,0,0,0,0,0,20265,168,100,100,0,0,100,0,0,0,0,0,0,0,0,0,0,0,0,0,0,0,0,100,100,0,0,0,0,-3,4,1,1,89,185,50,4,2,2,14
669,tank4_scout_89,0,2,1175,0,0,0,0,0,0,20345,169,100,100,0,0,100,0,0,0,0,0,0,0,0,0,0,0,0,0,0,0,0,100,100,0,0,0,0,-3,4,1,1,89,185,50,4,2,2,14
670,tank4_scout_89,0,2,1175,0,0,0,0,0,0,20425,170,100,100,0,0,100,0,0,0,0,0,0,0,0,0,0,0,0,0,0,0,0,100,100,0,0,0,0,-3,4,1,1,89,185,50,4,2,2,14
671,tank4_scout_89,0,2,1175,0,0,0,0,0,0,20505,171,100,100,0,0,100,0,0,0,0,0,0,0,0,0,0,0,0,0,0,0,0,100,100,0,0,0,0,-3,4,1,1,89,185,50,4,2,2,14
672,tank4_scout_89,0,2,1175,0,0,0,0,0,0,20585,172,100,100,0,0,100,0,0,0,0,0,0,0,0,0,0,0,0,0,0,0,0,100,100,0,0,0,0,-3,4,1,1,89,185,50,4,2,2,14
673,tank4_scout_89,0,2,1175,0,0,0,0,0,0,20665,173,100,100,0,0,100,0,0,0,0,0,0,0,0,0,0,0,0,0,0,0,0,100,100,0,0,0,0,-3,4,1,1,89,185,50,4,2,2,14
674,tank4_scout_89,0,2,1175,0,0,0,0,0,0,20745,174,100,100,0,0,100,0,0,0,0,0,0,0,0,0,0,0,0,0,0,0,0,100,100,0,0,0,0,-3,4,1,1,89,185,50,4,2,2,14
675,tank4_scout_89,0,2,1175,0,0,0,0,0,0,20825,175,100,100,0,0,100,0,0,0,0,0,0,0,0,0,0,0,0,0,0,0,0,100,100,0,0,0,0,-3,4,1,1,89,185,50,4,2,2,14
676,tank4_scout_89,0,2,1175,0,0,0,0,0,0,20905,176,100,100,0,0,100,0,0,0,0,0,0,0,0,0,0,0,0,0,0,0,0,100,100,0,0,0,0,-3,4,1,1,89,185,50,4,2,2,14
677,tank4_scout_89,0,2,1175,0,0,0,0,0,0,20985,177,100,100,0,0,100,0,0,0,0,0,0,0,0,0,0,0,0,0,0,0,0,100,100,0,0,0,0,-3,4,1,1,89,185,50,4,2,2,14
678,tank4_scout_89,0,2,1175,0,0,0,0,0,0,21065,178,100,100,0,0,100,0,0,0,0,0,0,0,0,0,0,0,0,0,0,0,0,100,100,0,0,0,0,-3,4,1,1,89,185,50,4,2,2,14
679,tank4_scout_89,0,2,1175,0,0,0,0,0,0,21145,179,100,100,0,0,100,0,0,0,0,0,0,0,0,0,0,0,0,0,0,0,0,100,100,0,0,0,0,-3,4,1,1,89,185,50,4,2,2,14
680,tank4_scout_89,0,2,1175,0,0,0,0,0,0,21145,179,100,100,0,0,100,0,0,0,0,0,0,0,0,0,0,0,0,0,0,0,0,100,100,0,0,0,0,-3,4,1,1,89,185,50,4,2,2,14
681,tank4_scout_89,0,2,1175,0,0,0,0,0,0,21145,179,100,100,0,0,100,0,0,0,0,0,0,0,0,0,0,0,0,0,0,0,0,100,100,0,0,0,0,-3,4,1,1,89,185,50,4,2,2,14
682,tank4_scout_89,0,2,1175,0,0,0,0,0,0,21145,179,100,100,0,0,100,0,0,0,0,0,0,0,0,0,0,0,0,0,0,0,0,100,100,0,0,0,0,-3,4,1,1,89,185,50,4,2,2,14
683,tank4_scout_89,0,2,1175,0,0,0,0,0,0,21145,179,100,100,0,0,100,0,0,0,0,0,0,0,0,0,0,0,0,0,0,0,0,100,100,0,0,0,0,-3,4,1,1,89,185,50,4,2,2,14
684,tank4_scout_89,0,2,1175,0,0,0,0,0,0,21145,179,100,100,0,0,100,0,0,0,0,0,0,0,0,0,0,0,0,0,0,0,0,100,100,0,0,0,0,-3,4,1,1,89,185,50,4,2,2,14
685,tank4_scout_89,0,2,1175,0,0,0,0,0,0,21145,179,100,100,0,0,100,0,0,0,0,0,0,0,0,0,0,0,0,0,0,0,0,100,100,0,0,0,0,-3,4,1,1,89,185,50,4,2,2,14
686,tank4_scout_89,0,2,1175,0,0,0,0,0,0,21145,179,100,100,0,0,100,0,0,0,0,0,0,0,0,0,0,0,0,0,0,0,0,100,100,0,0,0,0,-3,4,1,1,89,185,50,4,2,2,14
687,tank4_scout_89,0,2,1175,0,0,0,0,0,0,21145,179,100,100,0,0,100,0,0,0,0,0,0,0,0,0,0,0,0,0,0,0,0,100,100,0,0,0,0,-3,4,1,1,89,185,50,4,2,2,14
688,tank4_scout_89,0,2,1175,0,0,0,0,0,0,21145,179,100,100,0,0,100,0,0,0,0,0,0,0,0,0,0,0,0,0,0,0,0,100,100,0,0,0,0,-3,4,1,1,89,185,50,4,2,2,14
689,tank4_scout_89,0,2,1175,0,0,0,0,0,0,21145,179,100,100,0,0,100,0,0,0,0,0,0,0,0,0,0,0,0,0,0,0,0,100,100,0,0,0,0,-3,4,1,1,89,185,50,4,2,2,14
690,tank4_scout_89,0,2,1175,0,0,0,0,0,0,21145,179,100,100,0,0,100,0,0,0,0,0,0,0,0,0,0,0,0,0,0,0,0,100,100,0,0,0,0,-3,4,1,1,89,185,50,4,2,2,14
691,tank4_scout_89,0,2,1175,0,0,0,0,0,0,21145,179,100,100,0,0,100,0,0,0,0,0,0,0,0,0,0,0,0,0,0,0,0,100,100,0,0,0,0,-3,4,1,1,89,185,50,4,2,2,14
692,tank4_scout_89,0,2,1175,0,0,0,0,0,0,21145,179,100,100,0,0,100,0,0,0,0,0,0,0,0,0,0,0,0,0,0,0,0,100,100,0,0,0,0,-3,4,1,1,89,185,50,4,2,2,14
693,tank4_scout_89,0,2,1175,0,0,0,0,0,0,21145,179,100,100,0,0,100,0,0,0,0,0,0,0,0,0,0,0,0,0,0,0,0,100,100,0,0,0,0,-3,4,1,1,89,185,50,4,2,2,14
694,tank4_scout_89,0,2,1175,0,0,0,0,0,0,21145,179,100,100,0,0,100,0,0,0,0,0,0,0,0,0,0,0,0,0,0,0,0,100,100,0,0,0,0,-3,4,1,1,89,185,50,4,2,2,14
695,tank4_scout_89,0,2,1175,0,0,0,0,0,0,21145,179,100,100,0,0,100,0,0,0,0,0,0,0,0,0,0,0,0,0,0,0,0,100,100,0,0,0,0,-3,4,1,1,89,185,50,4,2,2,14
696,tank4_scout_89,0,2,1175,0,0,0,0,0,0,21145,179,100,100,0,0,100,0,0,0,0,0,0,0,0,0,0,0,0,0,0,0,0,100,100,0,0,0,0,-3,4,1,1,89,185,50,4,2,2,14
697,tank4_scout_89,0,2,1175,0,0,0,0,0,0,21145,179,100,100,0,0,100,0,0,0,0,0,0,0,0,0,0,0,0,0,0,0,0,100,100,0,0,0,0,-3,4,1,1,89,185,50,4,2,2,14
698,tank4_scout_89,0,2,1175,0,0,0,0,0,0,21145,179,100,100,0,0,100,0,0,0,0,0,0,0,0,0,0,0,0,0,0,0,0,100,100,0,0,0,0,-3,4,1,1,89,185,50,4,2,2,14
699,tank4_scout_89,0,2,1175,0,0,0,0,0,0,21145,179,100,100,0,0,100,0,0,0,0,0,0,0,0,0,0,0,0,0,0,0,0,100,100,0,0,0,0,-3,4,1,1,89,185,50,4,2,2,14
700,tank4_scout_89,0,2,1175,0,0,0,0,0,0,21145,179,100,100,0,0,100,0,0,0,0,0,0,0,0,0,0,0,0,0,0,0,0,100,100,0,0,0,0,-3,4,1,1,89,185,50,4,2,2,14
701,tank4_scout_89,0,2,1175,0,0,0,0,0,0,21145,179,100,100,0,0,100,0,0,0,0,0,0,0,0,0,0,0,0,0,0,0,0,100,100,0,0,0,0,-3,4,1,1,89,185,50,4,2,2,14
702,tank4_scout_89,0,2,1175,0,0,0,0,0,0,21145,179,100,100,0,0,100,0,0,0,0,0,0,0,0,0,0,0,0,0,0,0,0,100,100,0,0,0,0,-3,4,1,1,89,185,50,4,2,2,14
703,tank4_scout_89,0,2,1175,0,0,0,0,0,0,21145,179,100,100,0,0,100,0,0,0,0,0,0,0,0,0,0,0,0,0,0,0,0,100,100,0,0,0,0,-3,4,1,1,89,185,50,4,2,2,14
704,tank4_scout_89,0,2,1175,0,0,0,0,0,0,21145,179,100,100,0,0,100,0,0,0,0,0,0,0,0,0,0,0,0,0,0,0,0,100,100,0,0,0,0,-3,4,1,1,89,185,50,4,2,2,14
705,tank4_scout_89,0,2,1175,0,0,0,0,0,0,21145,179,100,100,0,0,100,0,0,0,0,0,0,0,0,0,0,0,0,0,0,0,0,100,100,0,0,0,0,-3,4,1,1,89,185,50,4,2,2,14
706,tank4_scout_89,0,2,1175,0,0,0,0,0,0,21145,179,100,100,0,0,100,0,0,0,0,0,0,0,0,0,0,0,0,0,0,0,0,100,100,0,0,0,0,-3,4,1,1,89,185,50,4,2,2,14
707,tank4_scout_89,0,2,1175,0,0,0,0,0,0,21145,179,100,100,0,0,100,0,0,0,0,0,0,0,0,0,0,0,0,0,0,0,0,100,100,0,0,0,0,-3,4,1,1,89,185,50,4,2,2,14
708,tank4_scout_89,0,2,1175,0,0,0,0,0,0,21145,179,100,100,0,0,100,0,0,0,0,0,0,0,0,0,0,0,0,0,0,0,0,100,100,0,0,0,0,-3,4,1,1,89,185,50,4,2,2,14
709,tank4_scout_89,0,2,1175,0,0,0,0,0,0,21145,179,100,100,0,0,100,0,0,0,0,0,0,0,0,0,0,0,0,0,0,0,0,100,100,0,0,0,0,-3,4,1,1,89,185,50,4,2,2,14
710,tank4_scout_89,0,2,1175,0,0,0,0,0,0,21145,179,100,100,0,0,100,0,0,0,0,0,0,0,0,0,0,0,0,0,0,0,0,100,100,0,0,0,0,-3,4,1,1,89,185,50,4,2,2,14
711,tank4_scout_89,0,2,1175,0,0,0,0,0,0,21145,179,100,100,0,0,100,0,0,0,0,0,0,0,0,0,0,0,0,0,0,0,0,100,100,0,0,0,0,-3,4,1,1,89,185,50,4,2,2,14
712,tank4_scout_89,0,2,1175,0,0,0,0,0,0,21145,179,100,100,0,0,100,0,0,0,0,0,0,0,0,0,0,0,0,0,0,0,0,100,100,0,0,0,0,-3,4,1,1,89,185,50,4,2,2,14
713,tank4_scout_89,0,2,1175,0,0,0,0,0,0,21145,179,100,100,0,0,100,0,0,0,0,0,0,0,0,0,0,0,0,0,0,0,0,100,100,0,0,0,0,-3,4,1,1,89,185,50,4,2,2,14
714,tank4_scout_89,0,2,1175,0,0,0,0,0,0,21145,179,100,100,0,0,100,0,0,0,0,0,0,0,0,0,0,0,0,0,0,0,0,100,100,0,0,0,0,-3,4,1,1,89,185,50,4,2,2,14
715,tank4_scout_89,0,2,1175,0,0,0,0,0,0,21145,179,100,100,0,0,100,0,0,0,0,0,0,0,0,0,0,0,0,0,0,0,0,100,100,0,0,0,0,-3,4,1,1,89,185,50,4,2,2,14
716,tank4_scout_89,0,2,1175,0,0,0,0,0,0,21145,179,100,100,0,0,100,0,0,0,0,0,0,0,0,0,0,0,0,0,0,0,0,100,100,0,0,0,0,-3,4,1,1,89,185,50,4,2,2,14
717,tank4_scout_89,0,2,1175,0,0,0,0,0,0,21145,179,100,100,0,0,100,0,0,0,0,0,0,0,0,0,0,0,0,0,0,0,0,100,100,0,0,0,0,-3,4,1,1,89,185,50,4,2,2,14
718,tank4_scout_89,0,2,1175,0,0,0,0,0,0,21145,179,100,100,0,0,100,0,0,0,0,0,0,0,0,0,0,0,0,0,0,0,0,100,100,0,0,0,0,-3,4,1,1,89,185,50,4,2,2,14
719,tank4_scout_89,0,2,1175,0,0,0,0,0,0,21145,179,100,100,0,0,100,0,0,0,0,0,0,0,0,0,0,0,0,0,0,0,0,100,100,0,0,0,0,-3,4,1,1,89,185,50,4,2,2,14
720,tank4_scout_89,0,2,1175,0,0,0,0,0,0,21145,179,100,100,0,0,100,0,0,0,0,0,0,0,0,0,0,0,0,0,0,0,0,100,100,0,0,0,0,-3,4,1,1,89,185,50,4,2,2,14
721,tank4_scout_89,0,2,1175,0,0,0,0,0,0,21145,179,100,100,0,0,100,0,0,0,0,0,0,0,0,0,0,0,0,0,0,0,0,100,100,0,0,0,0,-3,4,1,1,89,185,50,4,2,2,14
722,tank4_scout_89,0,2,1175,0,0,0,0,0,0,21145,179,100,100,0,0,100,0,0,0,0,0,0,0,0,0,0,0,0,0,0,0,0,100,100,0,0,0,0,-3,4,1,1,89,185,50,4,2,2,14
723,tank4_scout_89,0,2,1175,0,0,0,0,0,0,21145,179,100,100,0,0,100,0,0,0,0,0,0,0,0,0,0,0,0,0,0,0,0,100,100,0,0,0,0,-3,4,1,1,89,185,50,4,2,2,14
724,tank4_scout_89,0,2,1175,0,0,0,0,0,0,21145,179,100,100,0,0,100,0,0,0,0,0,0,0,0,0,0,0,0,0,0,0,0,100,100,0,0,0,0,-3,4,1,1,89,185,50,4,2,2,14
725,tank4_scout_89,0,2,1175,0,0,0,0,0,0,21145,179,100,100,0,0,100,0,0,0,0,0,0,0,0,0,0,0,0,0,0,0,0,100,100,0,0,0,0,-3,4,1,1,89,185,50,4,2,2,14
726,tank4_scout_89,0,2,1175,0,0,0,0,0,0,21145,179,100,100,0,0,100,0,0,0,0,0,0,0,0,0,0,0,0,0,0,0,0,100,100,0,0,0,0,-3,4,1,1,89,185,50,4,2,2,14
727,tank4_scout_89,0,2,1175,0,0,0,0,0,0,21145,179,100,100,0,0,100,0,0,0,0,0,0,0,0,0,0,0,0,0,0,0,0,100,100,0,0,0,0,-3,4,1,1,89,185,50,4,2,2,14
728,tank4_scout_89,0,2,1175,0,0,0,0,0,0,21145,179,100,100,0,0,100,0,0,0,0,0,0,0,0,0,0,0,0,0,0,0,0,100,100,0,0,0,0,-3,4,1,1,89,185,50,4,2,2,14
729,tank4_scout_89,0,2,1175,0,0,0,0,0,0,21145,179,100,100,0,0,100,0,0,0,0,0,0,0,0,0,0,0,0,0,0,0,0,100,100,0,0,0,0,-3,4,1,1,89,185,50,4,2,2,14
730,tank4_scout_89,0,2,1175,0,0,0,0,0,0,21145,179,100,100,0,0,100,0,0,0,0,0,0,0,0,0,0,0,0,0,0,0,0,100,100,0,0,0,0,-3,4,1,1,89,185,50,4,2,2,14
731,tank4_scout_89,0,2,1175,0,0,0,0,0,0,21145,179,100,100,0,0,100,0,0,0,0,0,0,0,0,0,0,0,0,0,0,0,0,100,100,0,0,0,0,-3,4,1,1,89,185,50,4,2,2,14
732,tank4_scout_89,0,2,1175,0,0,0,0,0,0,21145,179,100,100,0,0,100,0,0,0,0,0,0,0,0,0,0,0,0,0,0,0,0,100,100,0,0,0,0,-3,4,1,1,89,185,50,4,2,2,14
733,tank4_scout_89,0,2,1175,0,0,0,0,0,0,21145,179,100,100,0,0,100,0,0,0,0,0,0,0,0,0,0,0,0,0,0,0,0,100,100,0,0,0,0,-3,4,1,1,89,185,50,4,2,2,14
734,tank4_scout_89,0,2,1175,0,0,0,0,0,0,21145,179,100,100,0,0,100,0,0,0,0,0,0,0,0,0,0,0,0,0,0,0,0,100,100,0,0,0,0,-3,4,1,1,89,185,50,4,2,2,14
735,tank4_scout_89,0,2,1175,0,0,0,0,0,0,21145,179,100,100,0,0,100,0,0,0,0,0,0,0,0,0,0,0,0,0,0,0,0,100,100,0,0,0,0,-3,4,1,1,89,185,50,4,2,2,14
736,tank4_scout_89,0,2,1175,0,0,0,0,0,0,21145,179,100,100,0,0,100,0,0,0,0,0,0,0,0,0,0,0,0,0,0,0,0,100,100,0,0,0,0,-3,4,1,1,89,185,50,4,2,2,14
737,tank4_scout_89,0,2,1175,0,0,0,0,0,0,21145,179,100,100,0,0,100,0,0,0,0,0,0,0,0,0,0,0,0,0,0,0,0,100,100,0,0,0,0,-3,4,1,1,89,185,50,4,2,2,14
738,tank4_scout_89,0,2,1175,0,0,0,0,0,0,21145,179,100,100,0,0,100,0,0,0,0,0,0,0,0,0,0,0,0,0,0,0,0,100,100,0,0,0,0,-3,4,1,1,89,185,50,4,2,2,14
739,tank4_scout_89,0,2,1175,0,0,0,0,0,0,21145,179,100,100,0,0,100,0,0,0,0,0,0,0,0,0,0,0,0,0,0,0,0,100,100,0,0,0,0,-3,4,1,1,89,185,50,4,2,2,14
740,tank4_scout_89,0,2,1175,0,0,0,0,0,0,21145,179,100,100,0,0,100,0,0,0,0,0,0,0,0,0,0,0,0,0,0,0,0,100,100,0,0,0,0,-3,4,1,1,89,185,50,4,2,2,14
741,tank4_scout_89,0,2,1175,0,0,0,0,0,0,21145,179,100,100,0,0,100,0,0,0,0,0,0,0,0,0,0,0,0,0,0,0,0,100,100,0,0,0,0,-3,4,1,1,89,185,50,4,2,2,14
742,tank4_scout_89,0,2,1175,0,0,0,0,0,0,21145,179,100,100,0,0,100,0,0,0,0,0,0,0,0,0,0,0,0,0,0,0,0,100,100,0,0,0,0,-3,4,1,1,89,185,50,4,2,2,14
743,tank4_scout_89,0,2,1175,0,0,0,0,0,0,21145,0,100,100,0,0,100,0,0,0,0,0,0,0,0,0,0,0,0,0,0,0,0,100,100,0,0,0,0,-3,4,1,1,89,185,50,4,2,2,14
744,tank4_scout_89,0,2,1175,0,0,0,0,0,0,21145,0,100,100,0,0,100,0,0,0,0,0,0,0,0,0,0,0,0,0,0,0,0,100,100,0,0,0,0,-3,4,1,1,89,185,50,4,2,2,14
745,tank4_scout_89,0,2,1175,0,0,0,0,0,0,21145,0,100,100,0,0,100,0,0,0,0,0,0,0,0,0,0,0,0,0,0,0,0,100,100,0,0,0,0,-3,4,1,1,89,185,50,4,2,2,14
746,tank4_scout_89,0,2,1175,0,0,0,0,0,0,21145,0,100,100,0,0,100,0,0,0,0,0,0,0,0,0,0,0,0,0,0,0,0,100,100,0,0,0,0,-3,4,1,1,89,185,50,4,2,2,14
747,tank4_scout_89,0,2,1175,0,0,0,0,0,0,21145,0,100,100,0,0,100,0,0,0,0,0,0,0,0,0,0,0,0,0,0,0,0,100,100,0,0,0,0,-3,4,1,1,89,185,50,4,2,2,14
748,tank4_scout_89,0,2,1175,0,0,0,0,0,0,21145,0,100,100,0,0,100,0,0,0,0,0,0,0,0,0,0,0,0,0,0,0,0,100,100,0,0,0,0,-3,4,1,1,89,185,50,4,2,2,14
749,tank4_scout_89,0,2,1175,0,0,0,0,0,0,21145,0,100,100,0,0,100,0,0,0,0,0,0,0,0,0,0,0,0,0,0,0,0,100,100,0,0,0,0,-3,4,1,1,89,185,50,4,2,2,14
750,tank4_scout_89,0,2,1175,0,0,0,0,0,0,21145,0,100,100,0,0,100,0,0,0,0,0,0,0,0,0,0,0,0,0,0,0,0,100,100,0,0,0,0,-3,4,1,1,89,185,50,4,2,2,14
751,tank4_scout_89,0,2,1175,0,0,0,0,0,0,21145,0,100,100,0,0,100,0,0,0,0,0,0,0,0,0,0,0,0,0,0,0,0,100,100,0,0,0,0,-3,4,1,1,89,185,50,4,2,2,14
752,tank4_scout_89,0,2,1175,0,0,0,0,0,0,21145,0,100,100,0,0,100,0,0,0,0,0,0,0,0,0,0,0,0,0,0,0,0,100,100,0,0,0,0,-3,4,1,1,89,185,50,4,2,2,14
753,tank4_scout_89,0,2,1175,0,0,0,0,0,0,21145,0,100,100,0,0,100,0,0,0,0,0,0,0,0,0,0,0,0,0,0,0,0,100,100,0,0,0,0,-3,4,1,1,89,185,50,4,2,2,14
754,tank4_scout_89,0,2,1175,0,0,0,0,0,0,21145,0,100,100,0,0,100,0,0,0,0,0,0,0,0,0,0,0,0,0,0,0,0,100,100,0,0,0,0,-3,4,1,1,89,185,50,4,2,2,14
755,tank4_scout_89,0,2,1175,0,0,0,0,0,0,21145,0,100,100,0,0,100,0,0,0,0,0,0,0,0,0,0,0,0,0,0,0,0,100,100,0,0,0,0,-3,4,1,1,89,185,50,4,2,2,14
756,tank4_scout_89,0,2,1175,0,0,0,0,0,0,21145,0,100,100,0,0,100,0,0,0,0,0,0,0,0,0,0,0,0,0,0,0,0,100,100,0,0,0,0,-3,4,1,1,89,185,50,4,2,2,14
757,tank4_scout_89,0,2,1175,0,0,0,0,0,0,21145,0,100,100,0,0,100,0,0,0,0,0,0,0,0,0,0,0,0,0,0,0,0,100,100,0,0,0,0,-3,4,1,1,89,185,50,4,2,2,14
758,tank4_scout_89,0,2,1175,0,0,0,0,0,0,21145,0,100,100,0,0,100,0,0,0,0,0,0,0,0,0,0,0,0,0,0,0,0,100,100,0,0,0,0,-3,4,1,1,89,185,50,4,2,2,14
759,tank4_scout_89,0,2,1175,0,0,0,0,0,0,21145,0,100,100,0,0,100,0,0,0,0,0,0,0,0,0,0,0,0,0,0,0,0,100,100,0,0,0,0,-3,4,1,1,89,185,50,4,2,2,14
760,tank4_scout_89,0,2,1175,0,0,0,0,0,0,21145,0,100,100,0,0,100,0,0,0,0,0,0,0,0,0,0,0,0,0,0,0,0,100,100,0,0,0,0,-3,4,1,1,89,185,50,4,2,2,14
761,tank4_scout_89,0,2,1175,0,0,0,0,0,0,21145,0,100,100,0,0,100,0,0,0,0,0,0,0,0,0,0,0,0,0,0,0,0,100,100,0,0,0,0,-3,4,1,1,89,185,50,4,2,2,14
762,tank4_scout_89,0,2,1175,0,0,0,0,0,0,21145,0,100,100,0,0,100,0,0,0,0,0,0,0,0,0,0,0,0,0,0,0,0,100,100,0,0,0,0,-3,4,1,1,89,185,50,4,2,2,14
763,tank4_scout_89,0,2,1175,0,0,0,0,0,0,21145,0,100,100,0,0,100,0,0,0,0,0,0,0,0,0,0,0,0,0,0,0,0,100,100,0,0,0,0,-3,4,1,1,89,185,50,4,2,2,14
764,tank4_scout_89,0,2,1175,0,0,0,0,0,0,21145,0,100,100,0,0,100,0,0,0,0,0,0,0,0,0,0,0,0,0,0,0,0,100,100,0,0,0,0,-3,4,1,1,89,185,50,4,2,2,14
765,tank4_scout_89,0,2,1175,0,0,0,0,0,0,21145,0,100,100,0,0,100,0,0,0,0,0,0,0,0,0,0,0,0,0,0,0,0,100,100,0,0,0,0,-3,4,1,1,89,185,50,4,2,2,14
766,tank4_scout_89,0,2,1175,0,0,0,0,0,0,21145,0,100,100,0,0,100,0,0,0,0,0,0,0,0,0,0,0,0,0,0,0,0,100,100,0,0,0,0,-3,4,1,1,89,185,50,4,2,2,14
767,tank4_scout_89,0,2,1175,0,0,0,0,0,0,21145,0,100,100,0,0,100,0,0,0,0,0,0,0,0,0,0,0,0,0,0,0,0,100,100,0,0,0,0,-3,4,1,1,89,185,50,4,2,2,14
768,tank4_scout_89,0,2,1175,0,0,0,0,0,0,21145,0,100,100,0,0,100,0,0,0,0,0,0,0,0,0,0,0,0,0,0,0,0,100,100,0,0,0,0,-3,4,1,1,89,185,50,4,2,2,14
769,tank4_scout_89,0,2,1175,0,0,0,0,0,0,21145,0,100,100,0,0,100,0,0,0,0,0,0,0,0,0,0,0,0,0,0,0,0,100,100,0,0,0,0,-3,4,1,1,89,185,50,4,2,2,14
770,tank4_scout_89,0,2,1175,0,0,0,0,0,0,21145,0,100,100,0,0,100,0,0,0,0,0,0,0,0,0,0,0,0,0,0,0,0,100,100,0,0,0,0,-3,4,1,1,89,185,50,4,2,2,14
771,tank4_scout_89,0,2,1175,0,0,0,0,0,0,21145,0,100,100,0,0,100,0,0,0,0,0,0,0,0,0,0,0,0,0,0,0,0,100,100,0,0,0,0,-3,4,1,1,89,185,50,4,2,2,14
772,tank4_scout_89,0,2,1175,0,0,0,0,0,0,21145,0,100,100,0,0,100,0,0,0,0,0,0,0,0,0,0,0,0,0,0,0,0,100,100,0,0,0,0,-3,4,1,1,89,185,50,4,2,2,14
773,tank4_scout_89,0,2,1175,0,0,0,0,0,0,21145,0,100,100,0,0,100,0,0,0,0,0,0,0,0,0,0,0,0,0,0,0,0,100,100,0,0,0,0,-3,4,1,1,89,185,50,4,2,2,14
774,tank4_scout_89,0,2,1175,0,0,0,0,0,0,21145,0,100,100,0,0,100,0,0,0,0,0,0,0,0,0,0,0,0,0,0,0,0,100,100,0,0,0,0,-3,4,1,1,89,185,50,4,2,2,14
775,tank4_scout_89,0,2,1175,0,0,0,0,0,0,21145,0,100,100,0,0,100,0,0,0,0,0,0,0,0,0,0,0,0,0,0,0,0,100,100,0,0,0,0,-3,4,1,1,89,185,50,4,2,2,14
776,tank4_scout_89,0,2,1175,0,0,0,0,0,0,21145,0,100,100,0,0,100,0,0,0,0,0,0,0,0,0,0,0,0,0,0,0,0,100,100,0,0,0,0,-3,4,1,1,89,185,50,4,2,2,14
777,tank4_scout_89,0,2,1175,0,0,0,0,0,0,21145,0,100,100,0,0,100,0,0,0,0,0,0,0,0,0,0,0,0,0,0,0,0,100,100,0,0,0,0,-3,4,1,1,89,185,50,4,2,2,14
778,tank4_scout_89,0,2,1175,0,0,0,0,0,0,21145,0,100,100,0,0,100,0,0,0,0,0,0,0,0,0,0,0,0,0,0,0,0,100,100,0,0,0,0,-3,4,1,1,89,185,50,4,2,2,14
779,tank4_scout_89,0,2,1175,0,0,0,0,0,0,21145,0,100,100,0,0,100,0,0,0,0,0,0,0,0,0,0,0,0,0,0,0,0,100,100,0,0,0,0,-3,4,1,1,89,185,50,4,2,2,14
780,tank4_scout_89,0,2,1175,0,0,0,0,0,0,21145,0,100,100,0,0,100,0,0,0,0,0,0,0,0,0,0,0,0,0,0,0,0,100,100,0,0,0,0,-3,4,1,1,89,185,50,4,2,2,14
781,tank4_scout_89,0,2,1175,0,0,0,0,0,0,21145,0,100,100,0,0,100,0,0,0,0,0,0,0,0,0,0,0,0,0,0,0,0,100,100,0,0,0,0,-3,4,1,1,89,185,50,4,2,2,14
782,tank4_scout_89,0,2,1175,0,0,0,0,0,0,21145,0,100,100,0,0,100,0,0,0,0,0,0,0,0,0,0,0,0,0,0,0,0,100,100,0,0,0,0,-3,4,1,1,89,185,50,4,2,2,14
783,tank4_scout_89,0,2,1175,0,0,0,0,0,0,21145,0,100,100,0,0,100,0,0,0,0,0,0,0,0,0,0,0,0,0,0,0,0,100,100,0,0,0,0,-3,4,1,1,89,185,50,4,2,2,14
784,tank4_scout_89,0,2,1175,0,0,0,0,0,0,21145,0,100,100,0,0,100,0,0,0,0,0,0,0,0,0,0,0,0,0,0,0,0,100,100,0,0,0,0,-3,4,1,1,89,185,50,4,2,2,14
785,tank4_scout_89,0,2,1175,0,0,0,0,0,0,21145,0,100,100,0,0,100,0,0,0,0,0,0,0,0,0,0,0,0,0,0,0,0,100,100,0,0,0,0,-3,4,1,1,89,185,50,4,2,2,14
786,tank4_scout_89,0,2,1175,0,0,0,0,0,0,21145,0,100,100,0,0,100,0,0,0,0,0,0,0,0,0,0,0,0,0,0,0,0,100,100,0,0,0,0,-3,4,1,1,89,185,50,4,2,2,14
787,tank4_scout_89,0,2,1175,0,0,0,0,0,0,21145,0,100,100,0,0,100,0,0,0,0,0,0,0,0,0,0,0,0,0,0,0,0,100,100,0,0,0,0,-3,4,1,1,89,185,50,4,2,2,14
788,tank4_scout_89,0,2,1175,0,0,0,0,0,0,21145,0,100,100,0,0,100,0,0,0,0,0,0,0,0,0,0,0,0,0,0,0,0,100,100,0,0,0,0,-3,4,1,1,89,185,50,4,2,2,14
789,tank4_scout_89,0,2,1175,0,0,0,0,0,0,21145,0,100,100,0,0,100,0,0,0,0,0,0,0,0,0,0,0,0,0,0,0,0,100,100,0,0,0,0,-3,4,1,1,89,185,50,4,2,2,14
790,tank4_scout_89,0,2,1175,0,0,0,0,0,0,21145,0,100,100,0,0,100,0,0,0,0,0,0,0,0,0,0,0,0,0,0,0,0,100,100,0,0,0,0,-3,4,1,1,89,185,50,4,2,2,14
791,tank4_scout_89,0,2,1175,0,0,0,0,0,0,21145,0,100,100,0,0,100,0,0,0,0,0,0,0,0,0,0,0,0,0,0,0,0,100,100,0,0,0,0,-3,4,1,1,89,185,50,4,2,2,14
792,tank4_scout_89,0,2,1175,0,0,0,0,0,0,21145,0,100,100,0,0,100,0,0,0,0,0,0,0,0,0,0,0,0,0,0,0,0,100,100,0,0,0,0,-3,4,1,1,89,185,50,4,2,2,14
793,tank4_scout_89,0,2,1175,0,0,0,0,0,0,21145,0,100,100,0,0,100,0,0,0,0,0,0,0,0,0,0,0,0,0,0,0,0,100,100,0,0,0,0,-3,4,1,1,89,185,50,4,2,2,14
794,tank4_scout_89,0,2,1175,0,0,0,0,0,0,21145,0,100,100,0,0,100,0,0,0,0,0,0,0,0,0,0,0,0,0,0,0,0,100,100,0,0,0,0,-3,4,1,1,89,185,50,4,2,2,14
795,tank4_scout_89,0,2,1175,0,0,0,0,0,0,21145,0,100,100,0,0,100,0,0,0,0,0,0,0,0,0,0,0,0,0,0,0,0,100,100,0,0,0,0,-3,4,1,1,89,185,50,4,2,2,14
796,tank4_scout_89,0,2,1175,0,0,0,0,0,0,21145,0,100,100,0,0,100,0,0,0,0,0,0,0,0,0,0,0,0,0,0,0,0,100,100,0,0,0,0,-3,4,1,1,89,185,50,4,2,2,14
797,tank4_scout_89,0,2,1175,0,0,0,0,0,0,21145,0,100,100,0,0,100,0,0,0,0,0,0,0,0,0,0,0,0,0,0,0,0,100,100,0,0,0,0,-3,4,1,1,89,185,50,4,2,2,14
798,tank4_scout_89,0,2,1175,0,0,0,0,0,0,21145,0,100,100,0,0,100,0,0,0,0,0,0,0,0,0,0,0,0,0,0,0,0,100,100,0,0,0,0,-3,4,1,1,89,185,50,4,2,2,14
799,tank4_scout_89,0,2,1175,0,0,0,0,0,0,21145,0,100,100,0,0,100,0,0,0,0,0,0,0,0,0,0,0,0,0,0,0,0,100,100,0,0,0,0,-3,4,1,1,89,185,50,4,2,2,14
800,tank4_scout_89,0,2,1175,0,0,0,0,0,0,21145,0,100,100,0,0,100,0,0,0,0,0,0,0,0,0,0,0,0,0,0,0,0,100,100,0,0,0,0,-3,4,1,1,89,185,50,4,2,2,14
801,tank4_scout_89,0,2,1175,0,0,0,0,0,0,21145,0,100,100,0,0,100,0,0,0,0,0,0,0,0,0,0,0,0,0,0,0,0,100,100,0,0,0,0,-3,4,1,1,89,185,50,4,2,2,14
802,tank4_scout_89,0,2,1175,0,0,0,0,0,0,21145,0,100,100,0,0,100,0,0,0,0,0,0,0,0,0,0,0,0,0,0,0,0,100,100,0,0,0,0,-3,4,1,1,89,185,50,4,2,2,14
803,tank4_scout_89,0,2,1175,0,0,0,0,0,0,21145,0,100,100,0,0,100,0,0,0,0,0,0,0,0,0,0,0,0,0,0,0,0,100,100,0,0,0,0,-3,4,1,1,89,185,50,4,2,2,14
804,tank4_scout_89,0,2,1175,0,0,0,0,0,0,21145,0,100,100,0,0,100,0,0,0,0,0,0,0,0,0,0,0,0,0,0,0,0,100,100,0,0,0,0,-3,4,1,1,89,185,50,4,2,2,14
805,tank4_scout_89,0,2,1175,0,0,0,0,0,0,21145,0,100,100,0,0,100,0,0,0,0,0,0,0,0,0,0,0,0,0,0,0,0,100,100,0,0,0,0,-3,4,1,1,89,185,50,4,2,2,14
806,tank4_scout_89,0,2,1175,0,0,0,0,0,0,21145,0,100,100,0,0,100,0,0,0,0,0,0,0,0,0,0,0,0,0,0,0,0,100,100,0,0,0,0,-3,4,1,1,89,185,50,4,2,2,14
807,tank4_scout_89,0,2,1175,0,0,0,0,0,0,21145,0,100,100,0,0,100,0,0,0,0,0,0,0,0,0,0,0,0,0,0,0,0,100,100,0,0,0,0,-3,4,1,1,89,185,50,4,2,2,14
808,tank4_scout_89,0,2,1175,0,0,0,0,0,0,21145,0,100,100,0,0,100,0,0,0,0,0,0,0,0,0,0,0,0,0,0,0,0,100,100,0,0,0,0,-3,4,1,1,89,185,50,4,2,2,14
809,tank4_scout_89,0,2,1175,0,0,0,0,0,0,21145,0,100,100,0,0,100,0,0,0,0,0,0,0,0,0,0,0,0,0,0,0,0,100,100,0,0,0,0,-3,4,1,1,89,185,50,4,2,2,14
810,tank4_scout_89,0,2,1175,0,0,0,0,0,0,21145,0,100,100,0,0,100,0,0,0,0,0,0,0,0,0,0,0,0,0,0,0,0,100,100,0,0,0,0,-3,4,1,1,89,185,50,4,2,2,14
811,tank4_scout_89,0,2,1175,0,0,0,0,0,0,21145,0,100,100,0,0,100,0,0,0,0,0,0,0,0,0,0,0,0,0,0,0,0,100,100,0,0,0,0,-3,4,1,1,89,185,50,4,2,2,14
812,tank4_scout_89,0,2,1175,0,0,0,0,0,0,21145,0,100,100,0,0,100,0,0,0,0,0,0,0,0,0,0,0,0,0,0,0,0,100,100,0,0,0,0,-3,4,1,1,89,185,50,4,2,2,14
813,tank4_scout_89,0,2,1175,0,0,0,0,0,0,21145,0,100,100,0,0,100,0,0,0,0,0,0,0,0,0,0,0,0,0,0,0,0,100,100,0,0,0,0,-3,4,1,1,89,185,50,4,2,2,14
814,tank4_scout_89,0,2,1175,0,0,0,0,0,0,21145,0,100,100,0,0,100,0,0,0,0,0,0,0,0,0,0,0,0,0,0,0,0,100,100,0,0,0,0,-3,4,1,1,89,185,50,4,2,2,14
815,tank4_scout_89,0,2,1175,0,0,0,0,0,0,21145,0,100,100,0,0,100,0,0,0,0,0,0,0,0,0,0,0,0,0,0,0,0,100,100,0,0,0,0,-3,4,1,1,89,185,50,4,2,2,14
816,tank4_scout_89,0,2,1175,0,0,0,0,0,0,21145,0,100,100,0,0,100,0,0,0,0,0,0,0,0,0,0,0,0,0,0,0,0,100,100,0,0,0,0,-3,4,1,1,89,185,50,4,2,2,14
817,tank4_scout_89,0,2,1175,0,0,0,0,0,0,21145,0,100,100,0,0,100,0,0,0,0,0,0,0,0,0,0,0,0,0,0,0,0,100,100,0,0,0,0,-3,4,1,1,89,185,50,4,2,2,14
818,tank4_scout_89,0,2,1175,0,0,0,0,0,0,21145,0,100,100,0,0,100,0,0,0,0,0,0,0,0,0,0,0,0,0,0,0,0,100,100,0,0,0,0,-3,4,1,1,89,185,50,4,2,2,14
819,tank4_scout_89,0,2,1175,0,0,0,0,0,0,21145,0,100,100,0,0,100,0,0,0,0,0,0,0,0,0,0,0,0,0,0,0,0,100,100,0,0,0,0,-3,4,1,1,89,185,50,4,2,2,14
820,tank4_scout_89,0,2,1175,0,0,0,0,0,0,21145,0,100,100,0,0,100,0,0,0,0,0,0,0,0,0,0,0,0,0,0,0,0,100,100,0,0,0,0,-3,4,1,1,89,185,50,4,2,2,14
821,tank4_scout_89,0,2,1175,0,0,0,0,0,0,21145,0,100,100,0,0,100,0,0,0,0,0,0,0,0,0,0,0,0,0,0,0,0,100,100,0,0,0,0,-3,4,1,1,89,185,50,4,2,2,14
822,tank4_scout_89,0,2,1175,0,0,0,0,0,0,21145,0,100,100,0,0,100,0,0,0,0,0,0,0,0,0,0,0,0,0,0,0,0,100,100,0,0,0,0,-3,4,1,1,89,185,50,4,2,2,14
823,tank4_scout_89,0,2,1175,0,0,0,0,0,0,21145,0,100,100,0,0,100,0,0,0,0,0,0,0,0,0,0,0,0,0,0,0,0,100,100,0,0,0,0,-3,4,1,1,89,185,50,4,2,2,14
824,tank4_scout_89,0,2,1175,0,0,0,0,0,0,21145,0,100,100,0,0,100,0,0,0,0,0,0,0,0,0,0,0,0,0,0,0,0,100,100,0,0,0,0,-3,4,1,1,89,185,50,4,2,2,14
825,tank4_scout_89,0,2,1175,0,0,0,0,0,0,21145,0,100,100,0,0,100,0,0,0,0,0,0,0,0,0,0,0,0,0,0,0,0,100,100,0,0,0,0,-3,4,1,1,89,185,50,4,2,2,14
826,tank4_scout_89,0,2,1175,0,0,0,0,0,0,21145,0,100,100,0,0,100,0,0,0,0,0,0,0,0,0,0,0,0,0,0,0,0,100,100,0,0,0,0,-3,4,1,1,89,185,50,4,2,2,14
827,tank4_scout_89,0,2,1175,0,0,0,0,0,0,21145,0,100,100,0,0,100,0,0,0,0,0,0,0,0,0,0,0,0,0,0,0,0,100,100,0,0,0,0,-3,4,1,1,89,185,50,4,2,2,14
828,tank4_scout_89,0,2,1175,0,0,0,0,0,0,21145,0,100,100,0,0,100,0,0,0,0,0,0,0,0,0,0,0,0,0,0,0,0,100,100,0,0,0,0,-3,4,1,1,89,185,50,4,2,2,14
829,tank4_scout_89,0,2,1175,0,0,0,0,0,0,21145,0,100,100,0,0,100,0,0,0,0,0,0,0,0,0,0,0,0,0,0,0,0,100,100,0,0,0,0,-3,4,1,1,89,185,50,4,2,2,14
830,tank4_scout_89,0,2,1175,0,0,0,0,0,0,21145,0,100,100,0,0,100,0,0,0,0,0,0,0,0,0,0,0,0,0,0,0,0,100,100,0,0,0,0,-3,4,1,1,89,185,50,4,2,2,14
831,tank4_scout_89,0,2,1175,0,0,0,0,0,0,21145,0,100,100,0,0,100,0,0,0,0,0,0,0,0,0,0,0,0,0,0,0,0,100,100,0,0,0,0,-3,4,1,1,89,185,50,4,2,2,14
832,tank4_scout_89,0,2,1175,0,0,0,0,0,0,21145,0,100,100,0,0,100,0,0,0,0,0,0,0,0,0,0,0,0,0,0,0,0,100,100,0,0,0,0,-3,4,1,1,89,185,50,4,2,2,14
833,tank4_scout_89,0,2,1175,0,0,0,0,0,0,21145,0,100,100,0,0,100,0,0,0,0,0,0,0,0,0,0,0,0,0,0,0,0,100,100,0,0,0,0,-3,4,1,1,89,185,50,4,2,2,14
834,tank4_scout_89,0,2,1175,0,0,0,0,0,0,21145,0,100,100,0,0,100,0,0,0,0,0,0,0,0,0,0,0,0,0,0,0,0,100,100,0,0,0,0,-3,4,1,1,89,185,50,4,2,2,14
835,tank4_scout_89,0,2,1175,0,0,0,0,0,0,21145,0,100,100,0,0,100,0,0,0,0,0,0,0,0,0,0,0,0,0,0,0,0,100,100,0,0,0,0,-3,4,1,1,89,185,50,4,2,2,14
836,tank4_scout_89,0,2,1175,0,0,0,0,0,0,21145,0,100,100,0,0,100,0,0,0,0,0,0,0,0,0,0,0,0,0,0,0,0,100,100,0,0,0,0,-3,4,1,1,89,185,50,4,2,2,14
837,tank4_scout_89,0,2,1175,0,0,0,0,0,0,21145,0,100,100,0,0,100,0,0,0,0,0,0,0,0,0,0,0,0,0,0,0,0,100,100,0,0,0,0,-3,4,1,1,89,185,50,4,2,2,14
838,tank4_scout_89,0,2,1175,0,0,0,0,0,0,21145,0,100,100,0,0,100,0,0,0,0,0,0,0,0,0,0,0,0,0,0,0,0,100,100,0,0,0,0,-3,4,1,1,89,185,50,4,2,2,14
839,tank4_scout_89,0,2,1175,0,0,0,0,0,0,21145,0,100,100,0,0,100,0,0,0,0,0,0,0,0,0,0,0,0,0,0,0,0,100,100,0,0,0,0,-3,4,1,1,89,185,50,4,2,2,14
840,tank4_scout_89,0,2,1175,0,0,0,0,0,0,21145,0,100,100,0,0,100,0,0,0,0,0,0,0,0,0,0,0,0,0,0,0,0,100,100,0,0,0,0,-3,4,1,1,89,185,50,4,2,2,14
841,tank4_scout_89,0,2,1175,0,0,0,0,0,0,21145,0,100,100,0,0,100,0,0,0,0,0,0,0,0,0,0,0,0,0,0,0,0,100,100,0,0,0,0,-3,4,1,1,89,185,50,4,2,2,14
842,tank4_scout_89,0,2,1175,0,0,0,0,0,0,21145,0,100,100,0,0,100,0,0,0,0,0,0,0,0,0,0,0,0,0,0,0,0,100,100,0,0,0,0,-3,4,1,1,89,185,50,4,2,2,14
843,tank4_scout_89,0,2,1175,0,0,0,0,0,0,21145,0,100,100,0,0,100,0,0,0,0,0,0,0,0,0,0,0,0,0,0,0,0,100,100,0,0,0,0,-3,4,1,1,89,185,50,4,2,2,14
844,tank4_scout_89,0,2,1175,0,0,0,0,0,0,21145,0,100,100,0,0,100,0,0,0,0,0,0,0,0,0,0,0,0,0,0,0,0,100,100,0,0,0,0,-3,4,1,1,89,185,50,4,2,2,14
845,tank4_scout_89,0,2,1175,0,0,0,0,0,0,21145,0,100,100,0,0,100,0,0,0,0,0,0,0,0,0,0,0,0,0,0,0,0,100,100,0,0,0,0,-3,4,1,1,89,185,50,4,2,2,14
846,tank4_scout_89,0,2,1175,0,0,0,0,0,0,21145,0,100,100,0,0,100,0,0,0,0,0,0,0,0,0,0,0,0,0,0,0,0,100,100,0,0,0,0,-3,4,1,1,89,185,50,4,2,2,14
847,tank4_scout_89,0,2,1175,0,0,0,0,0,0,21145,0,100,100,0,0,100,0,0,0,0,0,0,0,0,0,0,0,0,0,0,0,0,100,100,0,0,0,0,-3,4,1,1,89,185,50,4,2,2,14
848,tank4_scout_89,0,2,1175,0,0,0,0,0,0,21145,0,100,100,0,0,100,0,0,0,0,0,0,0,0,0,0,0,0,0,0,0,0,100,100,0,0,0,0,-3,4,1,1,89,185,50,4,2,2,14
849,tank4_scout_89,0,2,1175,0,0,0,0,0,0,21145,0,100,100,0,0,100,0,0,0,0,0,0,0,0,0,0,0,0,0,0,0,0,100,100,0,0,0,0,-3,4,1,1,89,185,50,4,2,2,14
850,tank4_scout_89,0,2,1175,0,0,0,0,0,0,21145,0,100,100,0,0,100,0,0,0,0,0,0,0,0,0,0,0,0,0,0,0,0,100,100,0,0,0,0,-3,4,1,1,89,185,50,4,2,2,14
851,tank4_scout_89,0,2,1175,0,0,0,0,0,0,21145,0,100,100,0,0,100,0,0,0,0,0,0,0,0,0,0,0,0,0,0,0,0,100,100,0,0,0,0,-3,4,1,1,89,185,50,4,2,2,14
852,tank4_scout_89,0,2,1175,0,0,0,0,0,0,21145,0,100,100,0,0,100,0,0,0,0,0,0,0,0,0,0,0,0,0,0,0,0,100,100,0,0,0,0,-3,4,1,1,89,185,50,4,2,2,14
853,tank4_scout_89,0,2,1175,0,0,0,0,0,0,21145,0,100,100,0,0,100,0,0,0,0,0,0,0,0,0,0,0,0,0,0,0,0,100,100,0,0,0,0,-3,4,1,1,89,185,50,4,2,2,14
854,tank4_scout_89,0,2,1175,0,0,0,0,0,0,21145,0,100,100,0,0,100,0,0,0,0,0,0,0,0,0,0,0,0,0,0,0,0,100,100,0,0,0,0,-3,4,1,1,89,185,50,4,2,2,14
855,tank4_scout_89,0,2,1175,0,0,0,0,0,0,21145,0,100,100,0,0,100,0,0,0,0,0,0,0,0,0,0,0,0,0,0,0,0,100,100,0,0,0,0,-3,4,1,1,89,185,50,4,2,2,14
856,tank4_scout_89,0,2,1175,0,0,0,0,0,0,21145,0,100,100,0,0,100,0,0,0,0,0,0,0,0,0,0,0,0,0,0,0,0,100,100,0,0,0,0,-3,4,1,1,89,185,50,4,2,2,14
857,tank4_scout_89,0,2,1175,0,0,0,0,0,0,21145,0,100,100,0,0,100,0,0,0,0,0,0,0,0,0,0,0,0,0,0,0,0,100,100,0,0,0,0,-3,4,1,1,89,185,50,4,2,2,14
858,tank4_scout_89,0,2,1175,0,0,0,0,0,0,21145,0,100,100,0,0,100,0,0,0,0,0,0,0,0,0,0,0,0,0,0,0,0,100,100,0,0,0,0,-3,4,1,1,89,185,50,4,2,2,14
859,tank4_scout_89,0,2,1175,0,0,0,0,0,0,21145,0,100,100,0,0,100,0,0,0,0,0,0,0,0,0,0,0,0,0,0,0,0,100,100,0,0,0,0,-3,4,1,1,89,185,50,4,2,2,14
860,tank4_scout_89,0,2,1175,0,0,0,0,0,0,21145,0,100,100,0,0,100,0,0,0,0,0,0,0,0,0,0,0,0,0,0,0,0,100,100,0,0,0,0,-3,4,1,1,89,185,50,4,2,2,14
861,tank4_scout_89,0,2,1175,0,0,0,0,0,0,21145,0,100,100,0,0,100,0,0,0,0,0,0,0,0,0,0,0,0,0,0,0,0,100,100,0,0,0,0,-3,4,1,1,89,185,50,4,2,2,14
862,tank4_scout_89,0,2,1175,0,0,0,0,0,0,21145,0,100,100,0,0,100,0,0,0,0,0,0,0,0,0,0,0,0,0,0,0,0,100,100,0,0,0,0,-3,4,1,1,89,185,50,4,2,2,14
863,tank4_scout_89,0,2,1175,0,0,0,0,0,0,21145,0,100,100,0,0,100,0,0,0,0,0,0,0,0,0,0,0,0,0,0,0,0,100,100,0,0,0,0,-3,4,1,1,89,185,50,4,2,2,14
864,tank4_scout_89,0,2,1175,0,0,0,0,0,0,21145,0,100,100,0,0,100,0,0,0,0,0,0,0,0,0,0,0,0,0,0,0,0,100,100,0,0,0,0,-3,4,1,1,89,185,50,4,2,2,14
865,tank4_scout_89,0,2,1175,0,0,0,0,0,0,21145,0,100,100,0,0,100,0,0,0,0,0,0,0,0,0,0,0,0,0,0,0,0,100,100,0,0,0,0,-3,4,1,1,89,185,50,4,2,2,14
866,tank4_scout_89,0,2,1175,0,0,0,0,0,0,21145,0,100,100,0,0,100,0,0,0,0,0,0,0,0,0,0,0,0,0,0,0,0,100,100,0,0,0,0,-3,4,1,1,89,185,50,4,2,2,14
867,tank4_scout_89,0,2,1175,0,0,0,0,0,0,21145,0,100,100,0,0,100,0,0,0,0,0,0,0,0,0,0,0,0,0,0,0,0,100,100,0,0,0,0,-3,4,1,1,89,185,50,4,2,2,14
868,tank4_scout_89,0,2,1175,0,0,0,0,0,0,21145,0,100,100,0,0,100,0,0,0,0,0,0,0,0,0,0,0,0,0,0,0,0,100,100,0,0,0,0,-3,4,1,1,89,185,50,4,2,2,14
869,tank4_scout_89,0,2,1175,0,0,0,0,0,0,21145,0,100,100,0,0,100,0,0,0,0,0,0,0,0,0,0,0,0,0,0,0,0,100,100,0,0,0,0,-3,4,1,1,89,185,50,4,2,2,14
870,tank4_scout_89,0,2,1175,0,0,0,0,0,0,21145,0,100,100,0,0,100,0,0,0,0,0,0,0,0,0,0,0,0,0,0,0,0,100,100,0,0,0,0,-3,4,1,1,89,185,50,4,2,2,14
871,tank4_scout_89,0,2,1175,0,0,0,0,0,0,21145,0,100,100,0,0,100,0,0,0,0,0,0,0,0,0,0,0,0,0,0,0,0,100,100,0,0,0,0,-3,4,1,1,89,185,50,4,2,2,14
872,tank4_scout_89,0,2,1175,0,0,0,0,0,0,21145,0,100,100,0,0,100,0,0,0,0,0,0,0,0,0,0,0,0,0,0,0,0,100,100,0,0,0,0,-3,4,1,1,89,185,50,4,2,2,14
873,tank4_scout_89,0,2,1175,0,0,0,0,0,0,21145,0,100,100,0,0,100,0,0,0,0,0,0,0,0,0,0,0,0,0,0,0,0,100,100,0,0,0,0,-3,4,1,1,89,185,50,4,2,2,14
874,tank4_scout_89,0,2,1175,0,0,0,0,0,0,21145,0,100,100,0,0,100,0,0,0,0,0,0,0,0,0,0,0,0,0,0,0,0,100,100,0,0,0,0,-3,4,1,1,89,185,50,4,2,2,14
875,tank4_scout_89,0,2,1175,0,0,0,0,0,0,21145,0,100,100,0,0,100,0,0,0,0,0,0,0,0,0,0,0,0,0,0,0,0,100,100,0,0,0,0,-3,4,1,1,89,185,50,4,2,2,14
876,tank4_scout_89,0,2,1175,0,0,0,0,0,0,21145,0,100,100,0,0,100,0,0,0,0,0,0,0,0,0,0,0,0,0,0,0,0,100,100,0,0,0,0,-3,4,1,1,89,185,50,4,2,2,14
877,tank4_scout_89,0,2,1175,0,0,0,0,0,0,21145,0,100,100,0,0,100,0,0,0,0,0,0,0,0,0,0,0,0,0,0,0,0,100,100,0,0,0,0,-3,4,1,1,89,185,50,4,2,2,14
878,tank4_scout_89,0,2,1175,0,0,0,0,0,0,21145,0,100,100,0,0,100,0,0,0,0,0,0,0,0,0,0,0,0,0,0,0,0,100,100,0,0,0,0,-3,4,1,1,89,185,50,4,2,2,14
879,tank4_scout_89,0,2,1175,0,0,0,0,0,0,21145,0,100,100,0,0,100,0,0,0,0,0,0,0,0,0,0,0,0,0,0,0,0,100,100,0,0,0,0,-3,4,1,1,89,185,50,4,2,2,14
880,tank4_scout_89,0,2,1175,0,0,0,0,0,0,21145,0,100,100,0,0,100,0,0,0,0,0,0,0,0,0,0,0,0,0,0,0,0,100,100,0,0,0,0,-3,4,1,1,89,185,50,4,2,2,14
881,tank4_scout_89,0,2,1175,0,0,0,0,0,0,21145,0,100,100,0,0,100,0,0,0,0,0,0,0,0,0,0,0,0,0,0,0,0,100,100,0,0,0,0,-3,4,1,1,89,185,50,4,2,2,14
882,tank4_scout_89,0,2,1175,0,0,0,0,0,0,21145,0,100,100,0,0,100,0,0,0,0,0,0,0,0,0,0,0,0,0,0,0,0,100,100,0,0,0,0,-3,4,1,1,89,185,50,4,2,2,14
883,tank4_scout_89,0,2,1175,0,0,0,0,0,0,21145,0,100,100,0,0,100,0,0,0,0,0,0,0,0,0,0,0,0,0,0,0,0,100,100,0,0,0,0,-3,4,1,1,89,185,50,4,2,2,14
884,tank4_scout_89,0,2,1175,0,0,0,0,0,0,21145,0,100,100,0,0,100,0,0,0,0,0,0,0,0,0,0,0,0,0,0,0,0,100,100,0,0,0,0,-3,4,1,1,89,185,50,4,2,2,14
885,tank4_scout_89,0,2,1175,0,0,0,0,0,0,21145,0,100,100,0,0,100,0,0,0,0,0,0,0,0,0,0,0,0,0,0,0,0,100,100,0,0,0,0,-3,4,1,1,89,185,50,4,2,2,14
886,tank4_scout_89,0,2,1175,0,0,0,0,0,0,21145,0,100,100,0,0,100,0,0,0,0,0,0,0,0,0,0,0,0,0,0,0,0,100,100,0,0,0,0,-3,4,1,1,89,185,50,4,2,2,14
887,tank4_scout_89,0,2,1175,0,0,0,0,0,0,21145,0,100,100,0,0,100,0,0,0,0,0,0,0,0,0,0,0,0,0,0,0,0,100,100,0,0,0,0,-3,4,1,1,89,185,50,4,2,2,14
888,tank4_scout_89,0,2,1175,0,0,0,0,0,0,21145,0,100,100,0,0,100,0,0,0,0,0,0,0,0,0,0,0,0,0,0,0,0,100,100,0,0,0,0,-3,4,1,1,89,185,50,4,2,2,14
889,tank4_scout_89,0,2,1175,0,0,0,0,0,0,21145,0,100,100,0,0,100,0,0,0,0,0,0,0,0,0,0,0,0,0,0,0,0,100,100,0,0,0,0,-3,4,1,1,89,185,50,4,2,2,14
890,tank4_scout_89,0,2,1175,0,0,0,0,0,0,21145,0,100,100,0,0,100,0,0,0,0,0,0,0,0,0,0,0,0,0,0,0,0,100,100,0,0,0,0,-3,4,1,1,89,185,50,4,2,2,14
891,tank4_scout_89,0,2,1175,0,0,0,0,0,0,21145,0,100,100,0,0,100,0,0,0,0,0,0,0,0,0,0,0,0,0,0,0,0,100,100,0,0,0,0,-3,4,1,1,89,185,50,4,2,2,14
892,tank4_scout_89,0,2,1175,0,0,0,0,0,0,21145,0,100,100,0,0,100,0,0,0,0,0,0,0,0,0,0,0,0,0,0,0,0,100,100,0,0,0,0,-3,4,1,1,89,185,50,4,2,2,14
893,tank4_scout_89,0,2,1175,0,0,0,0,0,0,21145,0,100,100,0,0,100,0,0,0,0,0,0,0,0,0,0,0,0,0,0,0,0,100,100,0,0,0,0,-3,4,1,1,89,185,50,4,2,2,14
894,tank4_scout_89,0,2,1175,0,0,0,0,0,0,21145,0,100,100,0,0,100,0,0,0,0,0,0,0,0,0,0,0,0,0,0,0,0,100,100,0,0,0,0,-3,4,1,1,89,185,50,4,2,2,14
895,tank4_scout_89,0,2,1175,0,0,0,0,0,0,21145,0,100,100,0,0,100,0,0,0,0,0,0,0,0,0,0,0,0,0,0,0,0,100,100,0,0,0,0,-3,4,1,1,89,185,50,4,2,2,14
896,tank4_scout_89,0,2,1175,0,0,0,0,0,0,21145,0,100,100,0,0,100,0,0,0,0,0,0,0,0,0,0,0,0,0,0,0,0,100,100,0,0,0,0,-3,4,1,1,89,185,50,4,2,2,14
897,tank4_scout_89,0,2,1175,0,0,0,0,0,0,21145,0,100,100,0,0,100,0,0,0,0,0,0,0,0,0,0,0,0,0,0,0,0,100,100,0,0,0,0,-3,4,1,1,89,185,50,4,2,2,14
898,tank4_scout_89,0,2,1175,0,0,0,0,0,0,21145,0,100,100,0,0,100,0,0,0,0,0,0,0,0,0,0,0,0,0,0,0,0,100,100,0,0,0,0,-3,4,1,1,89,185,50,4,2,2,14
899,tank4_scout_89,0,2,1175,0,0,0,0,0,0,21145,0,100,100,0,0,100,0,0,0,0,0,0,0,0,0,0,0,0,0,0,0,0,100,100,0,0,0,0,-3,4,1,1,89,185,50,4,2,2,14
